=== Judge: kimi | run_id=run_20260521 ===
>>> gemma4_e4b_clarification_first_sample0_responses.jsonl  10:31:55Z

============================================================
  Judge:  kimi (moonshotai/kimi-k2-thinking-maas)
  Input:  runs/run_20260521/responses/gemma4_e4b_clarification_first_sample0_responses.jsonl
  Output: /home/satvik/Documents/CIKM/runs/run_20260521/evaluations/kimi_evaluations_gemma4_e4b_clarification_first_sample0.jsonl
============================================================
  Resuming: 30 (prompt_id, sample_idx) pairs already done.
  Remaining: 110 rows
  Progress: 1/110 | Rate: 0.06/s | ETA: 31.0m
  Progress: 2/110 | Rate: 0.07/s | ETA: 26.0m
  Progress: 3/110 | Rate: 0.09/s | ETA: 20.3m
  Progress: 4/110 | Rate: 0.07/s | ETA: 26.1m
  Progress: 5/110 | Rate: 0.06/s | ETA: 28.2m
  Progress: 6/110 | Rate: 0.07/s | ETA: 25.3m
  Progress: 7/110 | Rate: 0.07/s | ETA: 24.1m
  Progress: 8/110 | Rate: 0.07/s | ETA: 24.0m
  Progress: 9/110 | Rate: 0.07/s | ETA: 24.9m
  Progress: 10/110 | Rate: 0.07/s | ETA: 23.0m
  Progress: 11/110 | Rate: 0.07/s | ETA: 22.4m
  Progress: 12/110 | Rate: 0.08/s | ETA: 21.8m
  Progress: 13/110 | Rate: 0.07/s | ETA: 21.8m
  Progress: 14/110 | Rate: 0.08/s | ETA: 20.4m
  Progress: 15/110 | Rate: 0.08/s | ETA: 20.5m
  Progress: 16/110 | Rate: 0.07/s | ETA: 21.0m
  Progress: 17/110 | Rate: 0.07/s | ETA: 21.6m
  Progress: 18/110 | Rate: 0.07/s | ETA: 21.1m
  Progress: 19/110 | Rate: 0.07/s | ETA: 20.5m
  Progress: 20/110 | Rate: 0.07/s | ETA: 20.2m
  Progress: 21/110 | Rate: 0.07/s | ETA: 21.2m
  Progress: 22/110 | Rate: 0.07/s | ETA: 21.4m
  Progress: 23/110 | Rate: 0.07/s | ETA: 21.6m
  Progress: 24/110 | Rate: 0.07/s | ETA: 21.0m
  Progress: 25/110 | Rate: 0.07/s | ETA: 20.5m
  Progress: 26/110 | Rate: 0.07/s | ETA: 20.3m
  Progress: 27/110 | Rate: 0.07/s | ETA: 19.9m
  Progress: 28/110 | Rate: 0.07/s | ETA: 19.9m
  Progress: 29/110 | Rate: 0.07/s | ETA: 20.6m
  Progress: 30/110 | Rate: 0.07/s | ETA: 20.1m
  Progress: 31/110 | Rate: 0.07/s | ETA: 20.0m
  Progress: 32/110 | Rate: 0.06/s | ETA: 20.1m
  Progress: 33/110 | Rate: 0.07/s | ETA: 19.6m
  Progress: 34/110 | Rate: 0.07/s | ETA: 19.1m
  Progress: 35/110 | Rate: 0.07/s | ETA: 18.9m
  Progress: 36/110 | Rate: 0.07/s | ETA: 18.4m
  Progress: 37/110 | Rate: 0.07/s | ETA: 18.1m
  Progress: 38/110 | Rate: 0.07/s | ETA: 17.8m
  Progress: 39/110 | Rate: 0.07/s | ETA: 17.3m
  Progress: 40/110 | Rate: 0.07/s | ETA: 16.8m
  Progress: 41/110 | Rate: 0.07/s | ETA: 16.8m
  Progress: 42/110 | Rate: 0.07/s | ETA: 16.8m
  Progress: 43/110 | Rate: 0.07/s | ETA: 16.7m
  Progress: 44/110 | Rate: 0.07/s | ETA: 16.3m
  Progress: 45/110 | Rate: 0.07/s | ETA: 15.8m
  Progress: 46/110 | Rate: 0.07/s | ETA: 15.4m
  Progress: 47/110 | Rate: 0.07/s | ETA: 14.9m
  Progress: 48/110 | Rate: 0.07/s | ETA: 14.6m
  Progress: 49/110 | Rate: 0.07/s | ETA: 14.3m
  Progress: 50/110 | Rate: 0.07/s | ETA: 13.9m
  Progress: 51/110 | Rate: 0.07/s | ETA: 13.8m
  Progress: 52/110 | Rate: 0.07/s | ETA: 13.6m
  Progress: 53/110 | Rate: 0.07/s | ETA: 13.2m
  Progress: 54/110 | Rate: 0.07/s | ETA: 13.0m
  Progress: 55/110 | Rate: 0.07/s | ETA: 13.0m
  Progress: 56/110 | Rate: 0.07/s | ETA: 12.7m
  Progress: 57/110 | Rate: 0.07/s | ETA: 12.7m
  Progress: 58/110 | Rate: 0.07/s | ETA: 12.3m
  Progress: 59/110 | Rate: 0.07/s | ETA: 12.0m
  Progress: 60/110 | Rate: 0.07/s | ETA: 11.9m
  Progress: 61/110 | Rate: 0.07/s | ETA: 11.7m
  Progress: 62/110 | Rate: 0.07/s | ETA: 11.4m
  Progress: 63/110 | Rate: 0.07/s | ETA: 11.0m
  Progress: 64/110 | Rate: 0.07/s | ETA: 10.8m
  Progress: 65/110 | Rate: 0.07/s | ETA: 10.5m
  Progress: 66/110 | Rate: 0.07/s | ETA: 10.2m
  Progress: 67/110 | Rate: 0.07/s | ETA: 9.9m
  Progress: 68/110 | Rate: 0.07/s | ETA: 9.6m
  Progress: 69/110 | Rate: 0.07/s | ETA: 9.3m
  Progress: 70/110 | Rate: 0.07/s | ETA: 9.0m
  Progress: 71/110 | Rate: 0.07/s | ETA: 8.7m
  Progress: 72/110 | Rate: 0.07/s | ETA: 8.5m
  Progress: 73/110 | Rate: 0.07/s | ETA: 8.3m
  Progress: 74/110 | Rate: 0.07/s | ETA: 8.1m
  Progress: 75/110 | Rate: 0.07/s | ETA: 7.8m
  Progress: 76/110 | Rate: 0.08/s | ETA: 7.5m
  Progress: 77/110 | Rate: 0.08/s | ETA: 7.3m
  Progress: 78/110 | Rate: 0.08/s | ETA: 7.1m
  Progress: 79/110 | Rate: 0.08/s | ETA: 6.9m
  Progress: 80/110 | Rate: 0.07/s | ETA: 6.7m
  Progress: 81/110 | Rate: 0.07/s | ETA: 6.5m
  Progress: 82/110 | Rate: 0.07/s | ETA: 6.3m
  Progress: 83/110 | Rate: 0.07/s | ETA: 6.1m
  Progress: 84/110 | Rate: 0.07/s | ETA: 5.9m
  Progress: 85/110 | Rate: 0.07/s | ETA: 5.7m
  Progress: 86/110 | Rate: 0.07/s | ETA: 5.5m
  Progress: 87/110 | Rate: 0.07/s | ETA: 5.3m
  Progress: 88/110 | Rate: 0.07/s | ETA: 5.0m
  Progress: 89/110 | Rate: 0.07/s | ETA: 4.8m
  Progress: 90/110 | Rate: 0.07/s | ETA: 4.6m
  Progress: 91/110 | Rate: 0.07/s | ETA: 4.4m
  Progress: 92/110 | Rate: 0.07/s | ETA: 4.2m
  Progress: 93/110 | Rate: 0.07/s | ETA: 3.9m
  Progress: 94/110 | Rate: 0.07/s | ETA: 3.7m
  Progress: 95/110 | Rate: 0.07/s | ETA: 3.5m
  Progress: 96/110 | Rate: 0.07/s | ETA: 3.3m
  Progress: 97/110 | Rate: 0.07/s | ETA: 3.0m
  Progress: 98/110 | Rate: 0.07/s | ETA: 2.8m
  Progress: 99/110 | Rate: 0.07/s | ETA: 2.6m
  Progress: 100/110 | Rate: 0.07/s | ETA: 2.4m
  Progress: 101/110 | Rate: 0.07/s | ETA: 2.1m
  Progress: 102/110 | Rate: 0.07/s | ETA: 1.9m
  Progress: 103/110 | Rate: 0.07/s | ETA: 1.7m
  Progress: 104/110 | Rate: 0.07/s | ETA: 1.4m
  Progress: 105/110 | Rate: 0.07/s | ETA: 1.2m
  Progress: 106/110 | Rate: 0.07/s | ETA: 0.9m
  Progress: 107/110 | Rate: 0.07/s | ETA: 0.7m
  Progress: 108/110 | Rate: 0.07/s | ETA: 0.5m
  Progress: 109/110 | Rate: 0.07/s | ETA: 0.2m
  Progress: 110/110 | Rate: 0.07/s | ETA: 0.0m

✔ Done. 110 evaluations in 1559.3s (0.07/s)
>>> gemma4_e4b_clarification_first_sample1_responses.jsonl  10:57:55Z

============================================================
  Judge:  kimi (moonshotai/kimi-k2-thinking-maas)
  Input:  runs/run_20260521/responses/gemma4_e4b_clarification_first_sample1_responses.jsonl
  Output: /home/satvik/Documents/CIKM/runs/run_20260521/evaluations/kimi_evaluations_gemma4_e4b_clarification_first_sample1.jsonl
============================================================
  Remaining: 140 rows
  Progress: 1/140 | Rate: 0.17/s | ETA: 13.7m
  Progress: 2/140 | Rate: 0.08/s | ETA: 30.4m
  Progress: 3/140 | Rate: 0.09/s | ETA: 24.7m
  Progress: 4/140 | Rate: 0.10/s | ETA: 22.4m
  Progress: 5/140 | Rate: 0.10/s | ETA: 22.3m
  Progress: 6/140 | Rate: 0.10/s | ETA: 21.9m
  Progress: 7/140 | Rate: 0.10/s | ETA: 21.2m
  Progress: 8/140 | Rate: 0.11/s | ETA: 19.9m
  Progress: 9/140 | Rate: 0.10/s | ETA: 22.5m
  Progress: 10/140 | Rate: 0.10/s | ETA: 21.8m
  Progress: 11/140 | Rate: 0.09/s | ETA: 23.7m
  Progress: 12/140 | Rate: 0.08/s | ETA: 25.7m
  Progress: 13/140 | Rate: 0.08/s | ETA: 27.5m
  Progress: 14/140 | Rate: 0.08/s | ETA: 27.2m
  Progress: 15/140 | Rate: 0.08/s | ETA: 27.7m
  Progress: 16/140 | Rate: 0.08/s | ETA: 26.6m
  Progress: 17/140 | Rate: 0.08/s | ETA: 26.9m
  Progress: 18/140 | Rate: 0.08/s | ETA: 27.0m
  Progress: 19/140 | Rate: 0.07/s | ETA: 27.6m
  Progress: 20/140 | Rate: 0.07/s | ETA: 27.4m
  Progress: 21/140 | Rate: 0.07/s | ETA: 27.4m
  Progress: 22/140 | Rate: 0.07/s | ETA: 28.0m
  Progress: 23/140 | Rate: 0.07/s | ETA: 28.1m
  Progress: 24/140 | Rate: 0.07/s | ETA: 27.7m
  Progress: 25/140 | Rate: 0.07/s | ETA: 27.7m
  Progress: 26/140 | Rate: 0.07/s | ETA: 27.3m
  Progress: 27/140 | Rate: 0.07/s | ETA: 26.7m
  Progress: 28/140 | Rate: 0.07/s | ETA: 26.0m
  Progress: 29/140 | Rate: 0.07/s | ETA: 25.6m
  Progress: 30/140 | Rate: 0.07/s | ETA: 25.0m
  Progress: 31/140 | Rate: 0.07/s | ETA: 25.0m
  Progress: 32/140 | Rate: 0.07/s | ETA: 24.7m
  Progress: 33/140 | Rate: 0.07/s | ETA: 24.4m
  Progress: 34/140 | Rate: 0.07/s | ETA: 24.2m
  Progress: 35/140 | Rate: 0.07/s | ETA: 24.3m
  Progress: 36/140 | Rate: 0.07/s | ETA: 23.8m
  Progress: 37/140 | Rate: 0.07/s | ETA: 23.7m
  Progress: 38/140 | Rate: 0.07/s | ETA: 23.9m
  Progress: 39/140 | Rate: 0.07/s | ETA: 24.1m
  Progress: 40/140 | Rate: 0.07/s | ETA: 24.6m
  Progress: 41/140 | Rate: 0.07/s | ETA: 24.9m
  Progress: 42/140 | Rate: 0.07/s | ETA: 24.3m
  Progress: 43/140 | Rate: 0.07/s | ETA: 24.5m
  Progress: 44/140 | Rate: 0.07/s | ETA: 24.0m
  Progress: 45/140 | Rate: 0.07/s | ETA: 24.2m
  Progress: 46/140 | Rate: 0.06/s | ETA: 24.5m
  Progress: 47/140 | Rate: 0.06/s | ETA: 24.2m
  Progress: 48/140 | Rate: 0.06/s | ETA: 23.7m
  Progress: 49/140 | Rate: 0.07/s | ETA: 23.3m
  Progress: 50/140 | Rate: 0.06/s | ETA: 23.2m
  Progress: 51/140 | Rate: 0.06/s | ETA: 23.1m
  Progress: 52/140 | Rate: 0.06/s | ETA: 22.8m
  Progress: 53/140 | Rate: 0.06/s | ETA: 23.5m
  Progress: 54/140 | Rate: 0.06/s | ETA: 23.4m
  Progress: 55/140 | Rate: 0.06/s | ETA: 23.0m
  Progress: 56/140 | Rate: 0.06/s | ETA: 23.5m
  Progress: 57/140 | Rate: 0.06/s | ETA: 23.3m
  Progress: 58/140 | Rate: 0.06/s | ETA: 23.3m
  Progress: 59/140 | Rate: 0.06/s | ETA: 23.5m
  Progress: 60/140 | Rate: 0.06/s | ETA: 23.4m
  Progress: 61/140 | Rate: 0.06/s | ETA: 23.0m
  Progress: 62/140 | Rate: 0.06/s | ETA: 23.5m
  Progress: 63/140 | Rate: 0.06/s | ETA: 23.3m
  Progress: 64/140 | Rate: 0.05/s | ETA: 23.1m
  Progress: 65/140 | Rate: 0.06/s | ETA: 22.7m
  Progress: 66/140 | Rate: 0.06/s | ETA: 22.2m
  Progress: 67/140 | Rate: 0.06/s | ETA: 21.8m
  Progress: 68/140 | Rate: 0.06/s | ETA: 21.4m
  Progress: 69/140 | Rate: 0.06/s | ETA: 21.2m
  Progress: 70/140 | Rate: 0.06/s | ETA: 20.8m
  Progress: 71/140 | Rate: 0.06/s | ETA: 20.7m
  Progress: 72/140 | Rate: 0.06/s | ETA: 20.5m
  Progress: 73/140 | Rate: 0.05/s | ETA: 20.4m
  Progress: 74/140 | Rate: 0.05/s | ETA: 20.1m
  Progress: 75/140 | Rate: 0.05/s | ETA: 19.7m
  Progress: 76/140 | Rate: 0.05/s | ETA: 19.5m
  Progress: 77/140 | Rate: 0.05/s | ETA: 19.2m
  Progress: 78/140 | Rate: 0.06/s | ETA: 18.8m
  Progress: 79/140 | Rate: 0.06/s | ETA: 18.4m
  Progress: 80/140 | Rate: 0.05/s | ETA: 18.2m
  [cat2_adapted_001] [Attempt 1] HTTP 429: [{
  "error": {
    "code": 429,
    "message": "Resource exhausted. Please try again later. Please refer to https://clo — waiting 60s
  Progress: 81/140 | Rate: 0.05/s | ETA: 18.7m
  Progress: 82/140 | Rate: 0.05/s | ETA: 18.5m
  Progress: 83/140 | Rate: 0.05/s | ETA: 18.1m
  Progress: 84/140 | Rate: 0.05/s | ETA: 17.7m
  Progress: 85/140 | Rate: 0.05/s | ETA: 17.8m
  Progress: 86/140 | Rate: 0.05/s | ETA: 17.4m
  Progress: 87/140 | Rate: 0.05/s | ETA: 17.1m
  Progress: 88/140 | Rate: 0.05/s | ETA: 16.8m
  Progress: 89/140 | Rate: 0.05/s | ETA: 16.5m
  Progress: 90/140 | Rate: 0.05/s | ETA: 16.3m
  Progress: 91/140 | Rate: 0.05/s | ETA: 16.1m
  Progress: 92/140 | Rate: 0.05/s | ETA: 15.7m
  Progress: 93/140 | Rate: 0.05/s | ETA: 15.3m
  Progress: 94/140 | Rate: 0.05/s | ETA: 14.9m
  Progress: 95/140 | Rate: 0.05/s | ETA: 14.5m
  Progress: 96/140 | Rate: 0.05/s | ETA: 14.1m
  Progress: 97/140 | Rate: 0.05/s | ETA: 13.7m
  Progress: 98/140 | Rate: 0.05/s | ETA: 13.3m
  Progress: 99/140 | Rate: 0.05/s | ETA: 12.9m
  Progress: 100/140 | Rate: 0.05/s | ETA: 12.4m
  Progress: 101/140 | Rate: 0.05/s | ETA: 12.1m
  Progress: 102/140 | Rate: 0.05/s | ETA: 11.9m
  Progress: 103/140 | Rate: 0.05/s | ETA: 11.7m
  [cat4_adapted_004] [Attempt 1] HTTP 429: [{
  "error": {
    "code": 429,
    "message": "Resource exhausted. Please try again later. Please refer to https://clo — waiting 60s
  Progress: 104/140 | Rate: 0.05/s | ETA: 11.8m
  Progress: 105/140 | Rate: 0.05/s | ETA: 11.4m
  Progress: 106/140 | Rate: 0.05/s | ETA: 11.0m
  Progress: 107/140 | Rate: 0.05/s | ETA: 10.7m
  [cat4_real_003] [Attempt 1] HTTP 429: [{
  "error": {
    "code": 429,
    "message": "Resource exhausted. Please try again later. Please refer to https://clo — waiting 60s
  Progress: 108/140 | Rate: 0.05/s | ETA: 10.7m
  Progress: 109/140 | Rate: 0.05/s | ETA: 10.5m
  Progress: 110/140 | Rate: 0.05/s | ETA: 10.2m
  Progress: 111/140 | Rate: 0.05/s | ETA: 10.0m
  Progress: 112/140 | Rate: 0.05/s | ETA: 9.6m
  Progress: 113/140 | Rate: 0.05/s | ETA: 9.3m
  Progress: 114/140 | Rate: 0.05/s | ETA: 8.9m
  Progress: 115/140 | Rate: 0.05/s | ETA: 8.6m
  [cat5_real_001] [Attempt 1] HTTP 429: [{
  "error": {
    "code": 429,
    "message": "Resource exhausted. Please try again later. Please refer to https://clo — waiting 60s
  Progress: 116/140 | Rate: 0.05/s | ETA: 8.4m
  Progress: 117/140 | Rate: 0.05/s | ETA: 8.1m
  Progress: 118/140 | Rate: 0.05/s | ETA: 7.7m
  Progress: 119/140 | Rate: 0.05/s | ETA: 7.3m
  Progress: 120/140 | Rate: 0.05/s | ETA: 6.9m
  Progress: 121/140 | Rate: 0.05/s | ETA: 6.5m
  Progress: 122/140 | Rate: 0.05/s | ETA: 6.2m
  Progress: 123/140 | Rate: 0.05/s | ETA: 5.8m
  Progress: 124/140 | Rate: 0.05/s | ETA: 5.5m
  Progress: 125/140 | Rate: 0.05/s | ETA: 5.2m
  Progress: 126/140 | Rate: 0.05/s | ETA: 4.8m
  Progress: 127/140 | Rate: 0.05/s | ETA: 4.5m
  Progress: 128/140 | Rate: 0.05/s | ETA: 4.1m
  Progress: 129/140 | Rate: 0.05/s | ETA: 3.8m
  Progress: 130/140 | Rate: 0.05/s | ETA: 3.4m
  Progress: 131/140 | Rate: 0.05/s | ETA: 3.1m
  Progress: 132/140 | Rate: 0.05/s | ETA: 2.7m
  Progress: 133/140 | Rate: 0.05/s | ETA: 2.4m
  Progress: 134/140 | Rate: 0.05/s | ETA: 2.0m
  Progress: 135/140 | Rate: 0.05/s | ETA: 1.7m
  Progress: 136/140 | Rate: 0.05/s | ETA: 1.3m
  Progress: 137/140 | Rate: 0.05/s | ETA: 1.0m
  Progress: 138/140 | Rate: 0.05/s | ETA: 0.7m
  Progress: 139/140 | Rate: 0.05/s | ETA: 0.3m
  Progress: 140/140 | Rate: 0.05/s | ETA: 0.0m

✔ Done. 140 evaluations in 2795.3s (0.05/s)
>>> gemma4_e4b_clarification_first_sample2_responses.jsonl  11:44:31Z

============================================================
  Judge:  kimi (moonshotai/kimi-k2-thinking-maas)
  Input:  runs/run_20260521/responses/gemma4_e4b_clarification_first_sample2_responses.jsonl
  Output: /home/satvik/Documents/CIKM/runs/run_20260521/evaluations/kimi_evaluations_gemma4_e4b_clarification_first_sample2.jsonl
============================================================
  Remaining: 140 rows
  Progress: 1/140 | Rate: 0.10/s | ETA: 22.6m
  Progress: 2/140 | Rate: 0.06/s | ETA: 38.5m
  Progress: 3/140 | Rate: 0.07/s | ETA: 34.4m
  Progress: 4/140 | Rate: 0.08/s | ETA: 29.9m
  [cat1_orig_005] [Attempt 1] HTTP 429: [{
  "error": {
    "code": 429,
    "message": "Resource exhausted. Please try again later. Please refer to https://clo — waiting 60s
  Progress: 5/140 | Rate: 0.04/s | ETA: 55.2m
  Progress: 6/140 | Rate: 0.05/s | ETA: 48.0m
  Progress: 7/140 | Rate: 0.05/s | ETA: 44.3m
  Progress: 8/140 | Rate: 0.05/s | ETA: 41.7m
  Progress: 9/140 | Rate: 0.06/s | ETA: 38.4m
  Progress: 10/140 | Rate: 0.06/s | ETA: 35.3m
  Progress: 11/140 | Rate: 0.06/s | ETA: 33.7m
  Progress: 12/140 | Rate: 0.06/s | ETA: 33.7m
  Progress: 13/140 | Rate: 0.06/s | ETA: 33.5m
  Progress: 14/140 | Rate: 0.06/s | ETA: 33.3m
  Progress: 15/140 | Rate: 0.06/s | ETA: 33.4m
  Progress: 16/140 | Rate: 0.06/s | ETA: 33.6m
  Progress: 17/140 | Rate: 0.06/s | ETA: 32.1m
  Progress: 18/140 | Rate: 0.06/s | ETA: 31.6m
  Progress: 19/140 | Rate: 0.06/s | ETA: 32.8m
  Progress: 20/140 | Rate: 0.06/s | ETA: 31.9m
  Progress: 21/140 | Rate: 0.06/s | ETA: 31.9m
  Progress: 22/140 | Rate: 0.06/s | ETA: 31.5m
  Progress: 23/140 | Rate: 0.06/s | ETA: 31.6m
  [cat3_orig_004] [Attempt 1] HTTP 429: [{
  "error": {
    "code": 429,
    "message": "Resource exhausted. Please try again later. Please refer to https://clo — waiting 60s
  Progress: 24/140 | Rate: 0.05/s | ETA: 35.7m
  Progress: 25/140 | Rate: 0.06/s | ETA: 34.7m
  Progress: 26/140 | Rate: 0.06/s | ETA: 33.5m
  Progress: 27/140 | Rate: 0.06/s | ETA: 32.4m
  Progress: 28/140 | Rate: 0.06/s | ETA: 31.6m
  Progress: 29/140 | Rate: 0.06/s | ETA: 30.7m
  Progress: 30/140 | Rate: 0.06/s | ETA: 29.7m
  Progress: 31/140 | Rate: 0.06/s | ETA: 29.7m
  Progress: 32/140 | Rate: 0.06/s | ETA: 29.3m
  Progress: 33/140 | Rate: 0.06/s | ETA: 28.8m
  Progress: 34/140 | Rate: 0.06/s | ETA: 29.2m
  Progress: 35/140 | Rate: 0.06/s | ETA: 29.3m
  Progress: 36/140 | Rate: 0.06/s | ETA: 28.5m
  Progress: 37/140 | Rate: 0.06/s | ETA: 28.2m
  Progress: 38/140 | Rate: 0.06/s | ETA: 28.3m
  Progress: 39/140 | Rate: 0.06/s | ETA: 28.4m
  Progress: 40/140 | Rate: 0.06/s | ETA: 28.7m
  Progress: 41/140 | Rate: 0.06/s | ETA: 28.4m
  Progress: 42/140 | Rate: 0.06/s | ETA: 28.1m
  Progress: 43/140 | Rate: 0.06/s | ETA: 27.8m
  Progress: 44/140 | Rate: 0.06/s | ETA: 27.3m
  Progress: 45/140 | Rate: 0.06/s | ETA: 27.2m
  Progress: 46/140 | Rate: 0.06/s | ETA: 26.7m
  Progress: 47/140 | Rate: 0.06/s | ETA: 26.2m
  Progress: 48/140 | Rate: 0.06/s | ETA: 25.8m
  Progress: 49/140 | Rate: 0.06/s | ETA: 25.5m
  Progress: 50/140 | Rate: 0.06/s | ETA: 25.0m
  Progress: 51/140 | Rate: 0.06/s | ETA: 24.6m
  Progress: 52/140 | Rate: 0.06/s | ETA: 24.3m
  Progress: 53/140 | Rate: 0.06/s | ETA: 24.8m
  [cat6_orig_004] [Attempt 1] Parse failed — retrying
  Progress: 54/140 | Rate: 0.05/s | ETA: 26.7m
  Progress: 55/140 | Rate: 0.05/s | ETA: 26.2m
  Progress: 56/140 | Rate: 0.05/s | ETA: 25.9m
  Progress: 57/140 | Rate: 0.05/s | ETA: 25.5m
  Progress: 58/140 | Rate: 0.05/s | ETA: 25.5m
  Progress: 59/140 | Rate: 0.05/s | ETA: 25.4m
  Progress: 60/140 | Rate: 0.05/s | ETA: 25.0m
  Progress: 61/140 | Rate: 0.05/s | ETA: 24.4m
  Progress: 62/140 | Rate: 0.05/s | ETA: 23.9m
  Progress: 63/140 | Rate: 0.05/s | ETA: 23.5m
  Progress: 64/140 | Rate: 0.05/s | ETA: 23.3m
  Progress: 65/140 | Rate: 0.05/s | ETA: 22.8m
  Progress: 66/140 | Rate: 0.06/s | ETA: 22.3m
  Progress: 67/140 | Rate: 0.06/s | ETA: 21.9m
  Progress: 68/140 | Rate: 0.06/s | ETA: 21.4m
  Progress: 69/140 | Rate: 0.06/s | ETA: 21.0m
  Progress: 70/140 | Rate: 0.06/s | ETA: 20.5m
  Progress: 71/140 | Rate: 0.06/s | ETA: 20.1m
  Progress: 72/140 | Rate: 0.06/s | ETA: 19.7m
  Progress: 73/140 | Rate: 0.06/s | ETA: 19.4m
  Progress: 74/140 | Rate: 0.06/s | ETA: 19.0m
  Progress: 75/140 | Rate: 0.06/s | ETA: 18.6m
  Progress: 76/140 | Rate: 0.06/s | ETA: 18.3m
  Progress: 77/140 | Rate: 0.06/s | ETA: 17.9m
  Progress: 78/140 | Rate: 0.06/s | ETA: 17.5m
  Progress: 79/140 | Rate: 0.06/s | ETA: 17.1m
  Progress: 80/140 | Rate: 0.06/s | ETA: 16.7m
  Progress: 81/140 | Rate: 0.06/s | ETA: 16.4m
  Progress: 82/140 | Rate: 0.06/s | ETA: 16.0m
  Progress: 83/140 | Rate: 0.06/s | ETA: 15.6m
  Progress: 84/140 | Rate: 0.06/s | ETA: 15.3m
  Progress: 85/140 | Rate: 0.06/s | ETA: 14.9m
  Progress: 86/140 | Rate: 0.06/s | ETA: 14.6m
  Progress: 87/140 | Rate: 0.06/s | ETA: 14.2m
  Progress: 88/140 | Rate: 0.06/s | ETA: 13.8m
  Progress: 89/140 | Rate: 0.06/s | ETA: 13.6m
  Progress: 90/140 | Rate: 0.06/s | ETA: 13.2m
  Progress: 91/140 | Rate: 0.06/s | ETA: 12.9m
  Progress: 92/140 | Rate: 0.06/s | ETA: 12.5m
  Progress: 93/140 | Rate: 0.06/s | ETA: 12.2m
  Progress: 94/140 | Rate: 0.06/s | ETA: 11.9m
  Progress: 95/140 | Rate: 0.07/s | ETA: 11.5m
  Progress: 96/140 | Rate: 0.07/s | ETA: 11.2m
  Progress: 97/140 | Rate: 0.07/s | ETA: 10.9m
  Progress: 98/140 | Rate: 0.07/s | ETA: 10.6m
  [cat3_real_004] [Attempt 1] HTTP 429: [{
  "error": {
    "code": 429,
    "message": "Resource exhausted. Please try again later. Please refer to https://clo — waiting 60s
  Progress: 99/140 | Rate: 0.06/s | ETA: 10.7m
  Progress: 100/140 | Rate: 0.06/s | ETA: 10.4m
  Progress: 101/140 | Rate: 0.06/s | ETA: 10.2m
  Progress: 102/140 | Rate: 0.06/s | ETA: 9.9m
  Progress: 103/140 | Rate: 0.06/s | ETA: 9.6m
  Progress: 104/140 | Rate: 0.06/s | ETA: 9.3m
  Progress: 105/140 | Rate: 0.06/s | ETA: 9.1m
  Progress: 106/140 | Rate: 0.06/s | ETA: 8.8m
  Progress: 107/140 | Rate: 0.06/s | ETA: 8.5m
  Progress: 108/140 | Rate: 0.06/s | ETA: 8.3m
  Progress: 109/140 | Rate: 0.06/s | ETA: 8.0m
  Progress: 110/140 | Rate: 0.06/s | ETA: 7.7m
  Progress: 111/140 | Rate: 0.07/s | ETA: 7.4m
  Progress: 112/140 | Rate: 0.07/s | ETA: 7.2m
  Progress: 113/140 | Rate: 0.07/s | ETA: 6.9m
  Progress: 114/140 | Rate: 0.07/s | ETA: 6.6m
  Progress: 115/140 | Rate: 0.06/s | ETA: 6.4m
  Progress: 116/140 | Rate: 0.06/s | ETA: 6.2m
  Progress: 117/140 | Rate: 0.07/s | ETA: 5.9m
  Progress: 118/140 | Rate: 0.07/s | ETA: 5.6m
  Progress: 119/140 | Rate: 0.06/s | ETA: 5.4m
  Progress: 120/140 | Rate: 0.06/s | ETA: 5.2m
  Progress: 121/140 | Rate: 0.06/s | ETA: 4.9m
  Progress: 122/140 | Rate: 0.06/s | ETA: 4.7m
  Progress: 123/140 | Rate: 0.06/s | ETA: 4.5m
  Progress: 124/140 | Rate: 0.06/s | ETA: 4.3m
  Progress: 125/140 | Rate: 0.06/s | ETA: 4.0m
  Progress: 126/140 | Rate: 0.06/s | ETA: 3.7m
  Progress: 127/140 | Rate: 0.06/s | ETA: 3.4m
  Progress: 128/140 | Rate: 0.06/s | ETA: 3.2m
  Progress: 129/140 | Rate: 0.06/s | ETA: 2.9m
  Progress: 130/140 | Rate: 0.06/s | ETA: 2.7m
  Progress: 131/140 | Rate: 0.06/s | ETA: 2.4m
  Progress: 132/140 | Rate: 0.06/s | ETA: 2.1m
  Progress: 133/140 | Rate: 0.06/s | ETA: 1.8m
  Progress: 134/140 | Rate: 0.06/s | ETA: 1.6m
  Progress: 135/140 | Rate: 0.06/s | ETA: 1.3m
  Progress: 136/140 | Rate: 0.06/s | ETA: 1.0m
  Progress: 137/140 | Rate: 0.06/s | ETA: 0.8m
  Progress: 138/140 | Rate: 0.06/s | ETA: 0.5m
  Progress: 139/140 | Rate: 0.06/s | ETA: 0.3m
  Progress: 140/140 | Rate: 0.06/s | ETA: 0.0m

✔ Done. 140 evaluations in 2210.9s (0.06/s)
>>> gemma4_e4b_neutrality_oriented_sample0_responses.jsonl  12:21:23Z

============================================================
  Judge:  kimi (moonshotai/kimi-k2-thinking-maas)
  Input:  runs/run_20260521/responses/gemma4_e4b_neutrality_oriented_sample0_responses.jsonl
  Output: /home/satvik/Documents/CIKM/runs/run_20260521/evaluations/kimi_evaluations_gemma4_e4b_neutrality_oriented_sample0.jsonl
============================================================
  Remaining: 140 rows
  Progress: 1/140 | Rate: 0.03/s | ETA: 75.4m
  Progress: 2/140 | Rate: 0.04/s | ETA: 63.3m
  Progress: 3/140 | Rate: 0.04/s | ETA: 51.1m
  Progress: 4/140 | Rate: 0.04/s | ETA: 52.4m
  Progress: 5/140 | Rate: 0.05/s | ETA: 48.5m
  Progress: 6/140 | Rate: 0.05/s | ETA: 45.2m
  Progress: 7/140 | Rate: 0.05/s | ETA: 44.1m
  Progress: 8/140 | Rate: 0.05/s | ETA: 42.8m
  Progress: 9/140 | Rate: 0.05/s | ETA: 42.4m
  Progress: 10/140 | Rate: 0.05/s | ETA: 40.6m
  Progress: 11/140 | Rate: 0.05/s | ETA: 40.3m
  Progress: 12/140 | Rate: 0.05/s | ETA: 39.7m
  Progress: 13/140 | Rate: 0.05/s | ETA: 40.0m
  Progress: 14/140 | Rate: 0.05/s | ETA: 39.6m
  Progress: 15/140 | Rate: 0.05/s | ETA: 39.0m
  Progress: 16/140 | Rate: 0.05/s | ETA: 39.8m
  Progress: 17/140 | Rate: 0.05/s | ETA: 39.1m
  Progress: 18/140 | Rate: 0.05/s | ETA: 38.5m
  Progress: 19/140 | Rate: 0.05/s | ETA: 37.5m
  Progress: 20/140 | Rate: 0.05/s | ETA: 37.9m
  Progress: 21/140 | Rate: 0.05/s | ETA: 37.5m
  Progress: 22/140 | Rate: 0.05/s | ETA: 37.5m
  Progress: 23/140 | Rate: 0.05/s | ETA: 37.1m
  Progress: 24/140 | Rate: 0.05/s | ETA: 36.2m
  Progress: 25/140 | Rate: 0.05/s | ETA: 35.8m
  Progress: 26/140 | Rate: 0.05/s | ETA: 35.4m
  Progress: 27/140 | Rate: 0.05/s | ETA: 35.9m
  Progress: 28/140 | Rate: 0.05/s | ETA: 35.9m
  Progress: 29/140 | Rate: 0.05/s | ETA: 36.6m
  Progress: 30/140 | Rate: 0.05/s | ETA: 36.4m
  Progress: 31/140 | Rate: 0.05/s | ETA: 36.3m
  Progress: 32/140 | Rate: 0.05/s | ETA: 36.8m
  Progress: 33/140 | Rate: 0.05/s | ETA: 37.4m
  Progress: 34/140 | Rate: 0.05/s | ETA: 37.7m
  Progress: 35/140 | Rate: 0.05/s | ETA: 37.5m
  Progress: 36/140 | Rate: 0.05/s | ETA: 37.0m
  Progress: 37/140 | Rate: 0.05/s | ETA: 36.7m
  Progress: 38/140 | Rate: 0.05/s | ETA: 37.4m
  Progress: 39/140 | Rate: 0.05/s | ETA: 37.3m
  Progress: 40/140 | Rate: 0.04/s | ETA: 37.2m
  Progress: 41/140 | Rate: 0.05/s | ETA: 36.5m
  Progress: 42/140 | Rate: 0.05/s | ETA: 36.0m
  Progress: 43/140 | Rate: 0.05/s | ETA: 35.6m
  Progress: 44/140 | Rate: 0.05/s | ETA: 34.8m
  Progress: 45/140 | Rate: 0.05/s | ETA: 34.6m
  Progress: 46/140 | Rate: 0.05/s | ETA: 34.1m
  Progress: 47/140 | Rate: 0.05/s | ETA: 33.2m
  Progress: 48/140 | Rate: 0.05/s | ETA: 32.7m
  Progress: 49/140 | Rate: 0.05/s | ETA: 32.1m
  Progress: 50/140 | Rate: 0.05/s | ETA: 31.5m
  Progress: 51/140 | Rate: 0.05/s | ETA: 30.8m
  Progress: 52/140 | Rate: 0.05/s | ETA: 30.2m
  Progress: 53/140 | Rate: 0.05/s | ETA: 29.5m
  Progress: 54/140 | Rate: 0.05/s | ETA: 29.7m
  Progress: 55/140 | Rate: 0.05/s | ETA: 29.3m
  Progress: 56/140 | Rate: 0.05/s | ETA: 28.7m
  Progress: 57/140 | Rate: 0.05/s | ETA: 28.2m
  Progress: 58/140 | Rate: 0.05/s | ETA: 27.7m
  Progress: 59/140 | Rate: 0.05/s | ETA: 27.1m
  Progress: 60/140 | Rate: 0.05/s | ETA: 26.8m
  Progress: 61/140 | Rate: 0.05/s | ETA: 26.3m
  Progress: 62/140 | Rate: 0.05/s | ETA: 25.7m
  Progress: 63/140 | Rate: 0.05/s | ETA: 25.2m
  Progress: 64/140 | Rate: 0.05/s | ETA: 25.0m
  Progress: 65/140 | Rate: 0.05/s | ETA: 24.7m
  Progress: 66/140 | Rate: 0.05/s | ETA: 24.4m
  Progress: 67/140 | Rate: 0.05/s | ETA: 24.2m
  Progress: 68/140 | Rate: 0.05/s | ETA: 23.7m
  Progress: 69/140 | Rate: 0.05/s | ETA: 23.2m
  Progress: 70/140 | Rate: 0.05/s | ETA: 22.9m
  Progress: 71/140 | Rate: 0.05/s | ETA: 22.4m
  Progress: 72/140 | Rate: 0.05/s | ETA: 22.0m
  Progress: 73/140 | Rate: 0.05/s | ETA: 21.7m
  Progress: 74/140 | Rate: 0.05/s | ETA: 21.3m
  Progress: 75/140 | Rate: 0.05/s | ETA: 21.0m
  Progress: 76/140 | Rate: 0.05/s | ETA: 20.8m
  Progress: 77/140 | Rate: 0.05/s | ETA: 20.4m
  Progress: 78/140 | Rate: 0.05/s | ETA: 20.0m
  Progress: 79/140 | Rate: 0.05/s | ETA: 19.7m
  Progress: 80/140 | Rate: 0.05/s | ETA: 19.3m
  Progress: 81/140 | Rate: 0.05/s | ETA: 18.9m
  Progress: 82/140 | Rate: 0.05/s | ETA: 18.5m
  Progress: 83/140 | Rate: 0.05/s | ETA: 18.4m
  Progress: 84/140 | Rate: 0.05/s | ETA: 18.1m
  Progress: 85/140 | Rate: 0.05/s | ETA: 17.7m
  Progress: 86/140 | Rate: 0.05/s | ETA: 17.4m
  Progress: 87/140 | Rate: 0.05/s | ETA: 17.1m
  Progress: 88/140 | Rate: 0.05/s | ETA: 16.7m
  Progress: 89/140 | Rate: 0.05/s | ETA: 16.4m
  Progress: 90/140 | Rate: 0.05/s | ETA: 16.0m
  Progress: 91/140 | Rate: 0.05/s | ETA: 15.7m
  Progress: 92/140 | Rate: 0.05/s | ETA: 15.3m
  Progress: 93/140 | Rate: 0.05/s | ETA: 14.9m
  Progress: 94/140 | Rate: 0.05/s | ETA: 14.7m
  Progress: 95/140 | Rate: 0.05/s | ETA: 14.3m
  Progress: 96/140 | Rate: 0.05/s | ETA: 14.2m
  Progress: 97/140 | Rate: 0.05/s | ETA: 13.9m
  Progress: 98/140 | Rate: 0.05/s | ETA: 13.6m
  Progress: 99/140 | Rate: 0.05/s | ETA: 13.2m
  Progress: 100/140 | Rate: 0.05/s | ETA: 12.9m
  Progress: 101/140 | Rate: 0.05/s | ETA: 12.5m
  Progress: 102/140 | Rate: 0.05/s | ETA: 12.2m
  Progress: 103/140 | Rate: 0.05/s | ETA: 12.0m
  Progress: 104/140 | Rate: 0.05/s | ETA: 11.6m
  Progress: 105/140 | Rate: 0.05/s | ETA: 11.4m
  Progress: 106/140 | Rate: 0.05/s | ETA: 11.0m
  Progress: 107/140 | Rate: 0.05/s | ETA: 10.7m
  Progress: 108/140 | Rate: 0.05/s | ETA: 10.3m
  Progress: 109/140 | Rate: 0.05/s | ETA: 10.0m
  Progress: 110/140 | Rate: 0.05/s | ETA: 9.7m
  Progress: 111/140 | Rate: 0.05/s | ETA: 9.4m
  Progress: 112/140 | Rate: 0.05/s | ETA: 9.1m
  Progress: 113/140 | Rate: 0.05/s | ETA: 8.7m
  Progress: 114/140 | Rate: 0.05/s | ETA: 8.4m
  Progress: 115/140 | Rate: 0.05/s | ETA: 8.0m
  Progress: 116/140 | Rate: 0.05/s | ETA: 7.7m
  Progress: 117/140 | Rate: 0.05/s | ETA: 7.4m
  Progress: 118/140 | Rate: 0.05/s | ETA: 7.1m
  Progress: 119/140 | Rate: 0.05/s | ETA: 6.8m
  Progress: 120/140 | Rate: 0.05/s | ETA: 6.4m
  Progress: 121/140 | Rate: 0.05/s | ETA: 6.2m
  Progress: 122/140 | Rate: 0.05/s | ETA: 5.9m
  Progress: 123/140 | Rate: 0.05/s | ETA: 5.5m
  Progress: 124/140 | Rate: 0.05/s | ETA: 5.2m
  Progress: 125/140 | Rate: 0.05/s | ETA: 4.8m
  Progress: 126/140 | Rate: 0.05/s | ETA: 4.6m
  Progress: 127/140 | Rate: 0.05/s | ETA: 4.2m
  Progress: 128/140 | Rate: 0.05/s | ETA: 3.9m
  Progress: 129/140 | Rate: 0.05/s | ETA: 3.6m
  Progress: 130/140 | Rate: 0.05/s | ETA: 3.3m
  Progress: 131/140 | Rate: 0.05/s | ETA: 2.9m
  Progress: 132/140 | Rate: 0.05/s | ETA: 2.6m
  Progress: 133/140 | Rate: 0.05/s | ETA: 2.3m
  Progress: 134/140 | Rate: 0.05/s | ETA: 2.0m
  Progress: 135/140 | Rate: 0.05/s | ETA: 1.6m
  Progress: 136/140 | Rate: 0.05/s | ETA: 1.3m
  Progress: 137/140 | Rate: 0.05/s | ETA: 1.0m
  Progress: 138/140 | Rate: 0.05/s | ETA: 0.7m
  Progress: 139/140 | Rate: 0.05/s | ETA: 0.3m
  Progress: 140/140 | Rate: 0.05/s | ETA: 0.0m

✔ Done. 140 evaluations in 2743.8s (0.05/s)
>>> gemma4_e4b_neutrality_oriented_sample1_responses.jsonl  13:07:17Z

============================================================
  Judge:  kimi (moonshotai/kimi-k2-thinking-maas)
  Input:  runs/run_20260521/responses/gemma4_e4b_neutrality_oriented_sample1_responses.jsonl
  Output: /home/satvik/Documents/CIKM/runs/run_20260521/evaluations/kimi_evaluations_gemma4_e4b_neutrality_oriented_sample1.jsonl
============================================================
  Remaining: 140 rows
  Progress: 1/140 | Rate: 0.09/s | ETA: 26.2m
  Progress: 2/140 | Rate: 0.05/s | ETA: 50.3m
  Progress: 3/140 | Rate: 0.06/s | ETA: 40.8m
  Progress: 4/140 | Rate: 0.05/s | ETA: 43.3m
  Progress: 5/140 | Rate: 0.06/s | ETA: 39.3m
  Progress: 6/140 | Rate: 0.06/s | ETA: 35.2m
  Progress: 7/140 | Rate: 0.06/s | ETA: 37.4m
  Progress: 8/140 | Rate: 0.06/s | ETA: 35.9m
  Progress: 9/140 | Rate: 0.06/s | ETA: 39.0m
  Progress: 10/140 | Rate: 0.06/s | ETA: 37.9m
  Progress: 11/140 | Rate: 0.06/s | ETA: 38.5m
  Progress: 12/140 | Rate: 0.06/s | ETA: 37.3m
  Progress: 13/140 | Rate: 0.06/s | ETA: 37.0m
  Progress: 14/140 | Rate: 0.06/s | ETA: 36.0m
  Progress: 15/140 | Rate: 0.06/s | ETA: 36.9m
  Progress: 16/140 | Rate: 0.06/s | ETA: 35.8m
  Progress: 17/140 | Rate: 0.06/s | ETA: 34.6m
  Progress: 18/140 | Rate: 0.06/s | ETA: 34.2m
  Progress: 19/140 | Rate: 0.06/s | ETA: 34.6m
  Progress: 20/140 | Rate: 0.06/s | ETA: 33.6m
  Progress: 21/140 | Rate: 0.06/s | ETA: 35.0m
  Progress: 22/140 | Rate: 0.06/s | ETA: 34.6m
  [cat3_orig_003] [Attempt 1] HTTP 429: [{
  "error": {
    "code": 429,
    "message": "Resource exhausted. Please try again later. Please refer to https://clo — waiting 60s
  Progress: 23/140 | Rate: 0.05/s | ETA: 39.9m
  Progress: 24/140 | Rate: 0.05/s | ETA: 40.8m
  Progress: 25/140 | Rate: 0.05/s | ETA: 40.0m
  Progress: 26/140 | Rate: 0.05/s | ETA: 39.7m
  Progress: 27/140 | Rate: 0.05/s | ETA: 39.3m
  Progress: 28/140 | Rate: 0.05/s | ETA: 38.5m
  Progress: 29/140 | Rate: 0.05/s | ETA: 38.0m
  Progress: 30/140 | Rate: 0.05/s | ETA: 37.1m
  Progress: 31/140 | Rate: 0.05/s | ETA: 36.6m
  Progress: 32/140 | Rate: 0.05/s | ETA: 37.1m
  Progress: 33/140 | Rate: 0.05/s | ETA: 36.5m
  Progress: 34/140 | Rate: 0.05/s | ETA: 35.9m
  Progress: 35/140 | Rate: 0.05/s | ETA: 35.9m
  Progress: 36/140 | Rate: 0.05/s | ETA: 35.5m
  Progress: 37/140 | Rate: 0.05/s | ETA: 34.9m
  [cat4_orig_008] [Attempt 1] HTTP 429: [{
  "error": {
    "code": 429,
    "message": "Resource exhausted. Please try again later. Please refer to https://clo — waiting 60s
  Progress: 38/140 | Rate: 0.05/s | ETA: 36.9m
  Progress: 39/140 | Rate: 0.05/s | ETA: 36.4m
  Progress: 40/140 | Rate: 0.05/s | ETA: 36.2m
  Progress: 41/140 | Rate: 0.05/s | ETA: 35.6m
  Progress: 42/140 | Rate: 0.05/s | ETA: 34.9m
  Progress: 43/140 | Rate: 0.05/s | ETA: 34.0m
  Progress: 44/140 | Rate: 0.05/s | ETA: 33.4m
  Progress: 45/140 | Rate: 0.05/s | ETA: 33.0m
  Progress: 46/140 | Rate: 0.05/s | ETA: 32.3m
  Progress: 47/140 | Rate: 0.05/s | ETA: 31.6m
  Progress: 48/140 | Rate: 0.05/s | ETA: 31.0m
  Progress: 49/140 | Rate: 0.05/s | ETA: 30.6m
  Progress: 50/140 | Rate: 0.05/s | ETA: 30.2m
  Progress: 51/140 | Rate: 0.05/s | ETA: 29.6m
  Progress: 52/140 | Rate: 0.05/s | ETA: 29.1m
  Progress: 53/140 | Rate: 0.05/s | ETA: 28.7m
  Progress: 54/140 | Rate: 0.05/s | ETA: 28.2m
  Progress: 55/140 | Rate: 0.05/s | ETA: 28.1m
  Progress: 56/140 | Rate: 0.05/s | ETA: 27.5m
  Progress: 57/140 | Rate: 0.05/s | ETA: 27.6m
  Progress: 58/140 | Rate: 0.05/s | ETA: 27.0m
  Progress: 59/140 | Rate: 0.05/s | ETA: 26.9m
  Progress: 60/140 | Rate: 0.05/s | ETA: 26.6m
  Progress: 61/140 | Rate: 0.05/s | ETA: 26.2m
  Progress: 62/140 | Rate: 0.05/s | ETA: 25.9m
  Progress: 63/140 | Rate: 0.05/s | ETA: 25.7m
  Progress: 64/140 | Rate: 0.05/s | ETA: 25.4m
  Progress: 65/140 | Rate: 0.05/s | ETA: 24.9m
  Progress: 66/140 | Rate: 0.05/s | ETA: 24.4m
  Progress: 67/140 | Rate: 0.05/s | ETA: 23.9m
  Progress: 68/140 | Rate: 0.05/s | ETA: 23.6m
  Progress: 69/140 | Rate: 0.05/s | ETA: 23.1m
  Progress: 70/140 | Rate: 0.05/s | ETA: 22.7m
  Progress: 71/140 | Rate: 0.05/s | ETA: 22.6m
  Progress: 72/140 | Rate: 0.05/s | ETA: 22.4m
  Progress: 73/140 | Rate: 0.05/s | ETA: 22.0m
  Progress: 74/140 | Rate: 0.05/s | ETA: 21.5m
  Progress: 75/140 | Rate: 0.05/s | ETA: 21.1m
  Progress: 76/140 | Rate: 0.05/s | ETA: 20.9m
  [Parse error] Expecting value: line 1 column 1 (char 0) — snippet: 
  [cat1_real_002] [Attempt 1] Parse failed — retrying
  Progress: 77/140 | Rate: 0.05/s | ETA: 21.4m
  Progress: 78/140 | Rate: 0.05/s | ETA: 20.9m
  Progress: 79/140 | Rate: 0.05/s | ETA: 20.5m
  Progress: 80/140 | Rate: 0.05/s | ETA: 20.1m
  Progress: 81/140 | Rate: 0.05/s | ETA: 19.7m
  Progress: 82/140 | Rate: 0.05/s | ETA: 19.4m
  Progress: 83/140 | Rate: 0.05/s | ETA: 19.0m
  Progress: 84/140 | Rate: 0.05/s | ETA: 18.6m
  Progress: 85/140 | Rate: 0.05/s | ETA: 18.2m
  Progress: 86/140 | Rate: 0.05/s | ETA: 17.8m
  Progress: 87/140 | Rate: 0.05/s | ETA: 17.4m
  Progress: 88/140 | Rate: 0.05/s | ETA: 17.1m
  Progress: 89/140 | Rate: 0.05/s | ETA: 16.6m
  Progress: 90/140 | Rate: 0.05/s | ETA: 16.4m
  Progress: 91/140 | Rate: 0.05/s | ETA: 16.0m
  Progress: 92/140 | Rate: 0.05/s | ETA: 15.7m
  Progress: 93/140 | Rate: 0.05/s | ETA: 15.3m
  Progress: 94/140 | Rate: 0.05/s | ETA: 15.0m
  Progress: 95/140 | Rate: 0.05/s | ETA: 14.7m
  Progress: 96/140 | Rate: 0.05/s | ETA: 14.3m
  Progress: 97/140 | Rate: 0.05/s | ETA: 14.0m
  Progress: 98/140 | Rate: 0.05/s | ETA: 13.6m
  Progress: 99/140 | Rate: 0.05/s | ETA: 13.5m
  Progress: 100/140 | Rate: 0.05/s | ETA: 13.2m
  Progress: 101/140 | Rate: 0.05/s | ETA: 12.8m
  Progress: 102/140 | Rate: 0.05/s | ETA: 12.5m
  Progress: 103/140 | Rate: 0.05/s | ETA: 12.2m
  Progress: 104/140 | Rate: 0.05/s | ETA: 11.8m
  Progress: 105/140 | Rate: 0.05/s | ETA: 11.5m
  Progress: 106/140 | Rate: 0.05/s | ETA: 11.1m
  Progress: 107/140 | Rate: 0.05/s | ETA: 10.8m
  Progress: 108/140 | Rate: 0.05/s | ETA: 10.4m
  Progress: 109/140 | Rate: 0.05/s | ETA: 10.1m
  Progress: 110/140 | Rate: 0.05/s | ETA: 9.8m
  Progress: 111/140 | Rate: 0.05/s | ETA: 9.5m
  Progress: 112/140 | Rate: 0.05/s | ETA: 9.2m
  Progress: 113/140 | Rate: 0.05/s | ETA: 8.9m
  Progress: 114/140 | Rate: 0.05/s | ETA: 8.6m
  Progress: 115/140 | Rate: 0.05/s | ETA: 8.5m
  Progress: 116/140 | Rate: 0.05/s | ETA: 8.1m
  Progress: 117/140 | Rate: 0.05/s | ETA: 7.8m
  Progress: 118/140 | Rate: 0.05/s | ETA: 7.4m
  Progress: 119/140 | Rate: 0.05/s | ETA: 7.2m
  Progress: 120/140 | Rate: 0.05/s | ETA: 6.8m
  [Parse error] Expecting value: line 1 column 1 (char 0) — snippet: 
  [cat6_adapted_001] [Attempt 1] Parse failed — retrying
  Progress: 121/140 | Rate: 0.05/s | ETA: 6.7m
  Progress: 122/140 | Rate: 0.05/s | ETA: 6.3m
  Progress: 123/140 | Rate: 0.05/s | ETA: 6.0m
  Progress: 124/140 | Rate: 0.05/s | ETA: 5.7m
  Progress: 125/140 | Rate: 0.05/s | ETA: 5.3m
  Progress: 126/140 | Rate: 0.05/s | ETA: 5.0m
  Progress: 127/140 | Rate: 0.05/s | ETA: 4.6m
  Progress: 128/140 | Rate: 0.05/s | ETA: 4.2m
  Progress: 129/140 | Rate: 0.05/s | ETA: 3.9m
  Progress: 130/140 | Rate: 0.05/s | ETA: 3.5m
  Progress: 131/140 | Rate: 0.05/s | ETA: 3.1m
  Progress: 132/140 | Rate: 0.05/s | ETA: 2.8m
  Progress: 133/140 | Rate: 0.05/s | ETA: 2.4m
  Progress: 134/140 | Rate: 0.05/s | ETA: 2.1m
  Progress: 135/140 | Rate: 0.05/s | ETA: 1.7m
  Progress: 136/140 | Rate: 0.05/s | ETA: 1.4m
  Progress: 137/140 | Rate: 0.05/s | ETA: 1.0m
  Progress: 138/140 | Rate: 0.05/s | ETA: 0.7m
  Progress: 139/140 | Rate: 0.05/s | ETA: 0.3m
  Progress: 140/140 | Rate: 0.05/s | ETA: 0.0m

✔ Done. 140 evaluations in 2902.2s (0.05/s)
>>> gemma4_e4b_neutrality_oriented_sample2_responses.jsonl  13:55:40Z

============================================================
  Judge:  kimi (moonshotai/kimi-k2-thinking-maas)
  Input:  runs/run_20260521/responses/gemma4_e4b_neutrality_oriented_sample2_responses.jsonl
  Output: /home/satvik/Documents/CIKM/runs/run_20260521/evaluations/kimi_evaluations_gemma4_e4b_neutrality_oriented_sample2.jsonl
============================================================
  Remaining: 140 rows
  Progress: 1/140 | Rate: 0.04/s | ETA: 52.5m
  Progress: 2/140 | Rate: 0.05/s | ETA: 48.8m
  Progress: 3/140 | Rate: 0.06/s | ETA: 41.3m
  Progress: 4/140 | Rate: 0.05/s | ETA: 41.4m
  Progress: 5/140 | Rate: 0.05/s | ETA: 41.4m
  Progress: 6/140 | Rate: 0.05/s | ETA: 43.5m
  Progress: 7/140 | Rate: 0.06/s | ETA: 39.5m
  Progress: 8/140 | Rate: 0.06/s | ETA: 38.4m
  Progress: 9/140 | Rate: 0.06/s | ETA: 39.4m
  [cat1_orig_010] [Attempt 1] HTTP 429: [{
  "error": {
    "code": 429,
    "message": "Resource exhausted. Please try again later. Please refer to https://clo — waiting 60s
  Progress: 10/140 | Rate: 0.04/s | ETA: 52.2m
  Progress: 11/140 | Rate: 0.04/s | ETA: 52.2m
  Progress: 12/140 | Rate: 0.04/s | ETA: 51.3m
  Progress: 13/140 | Rate: 0.04/s | ETA: 50.7m
  Progress: 14/140 | Rate: 0.04/s | ETA: 49.1m
  Progress: 15/140 | Rate: 0.04/s | ETA: 48.1m
  Progress: 16/140 | Rate: 0.04/s | ETA: 46.6m
  Progress: 17/140 | Rate: 0.05/s | ETA: 45.1m
  Progress: 18/140 | Rate: 0.04/s | ETA: 45.3m
  Progress: 19/140 | Rate: 0.05/s | ETA: 44.8m
  Progress: 20/140 | Rate: 0.05/s | ETA: 43.7m
  Progress: 21/140 | Rate: 0.05/s | ETA: 42.9m
  Progress: 22/140 | Rate: 0.05/s | ETA: 42.4m
  Progress: 23/140 | Rate: 0.05/s | ETA: 41.2m
  Progress: 24/140 | Rate: 0.05/s | ETA: 41.6m
  Progress: 25/140 | Rate: 0.05/s | ETA: 40.5m
  Progress: 26/140 | Rate: 0.05/s | ETA: 40.2m
  Progress: 27/140 | Rate: 0.05/s | ETA: 39.0m
  Progress: 28/140 | Rate: 0.05/s | ETA: 38.4m
  Progress: 29/140 | Rate: 0.05/s | ETA: 38.0m
  Progress: 30/140 | Rate: 0.05/s | ETA: 37.6m
  Progress: 31/140 | Rate: 0.05/s | ETA: 37.2m
  Progress: 32/140 | Rate: 0.05/s | ETA: 37.0m
  Progress: 33/140 | Rate: 0.05/s | ETA: 36.4m
  Progress: 34/140 | Rate: 0.05/s | ETA: 35.9m
  Progress: 35/140 | Rate: 0.05/s | ETA: 35.3m
  Progress: 36/140 | Rate: 0.05/s | ETA: 34.9m
  Progress: 37/140 | Rate: 0.05/s | ETA: 35.2m
  Progress: 38/140 | Rate: 0.05/s | ETA: 34.8m
  Progress: 39/140 | Rate: 0.05/s | ETA: 34.3m
  Progress: 40/140 | Rate: 0.05/s | ETA: 33.8m
  Progress: 41/140 | Rate: 0.05/s | ETA: 33.2m
  Progress: 42/140 | Rate: 0.05/s | ETA: 32.8m
  Progress: 43/140 | Rate: 0.05/s | ETA: 32.3m
  Progress: 44/140 | Rate: 0.05/s | ETA: 31.8m
  Progress: 45/140 | Rate: 0.05/s | ETA: 31.5m
  Progress: 46/140 | Rate: 0.05/s | ETA: 31.0m
  Progress: 47/140 | Rate: 0.05/s | ETA: 30.8m
  Progress: 48/140 | Rate: 0.05/s | ETA: 30.3m
  Progress: 49/140 | Rate: 0.05/s | ETA: 30.2m
  Progress: 50/140 | Rate: 0.05/s | ETA: 30.2m
  Progress: 51/140 | Rate: 0.05/s | ETA: 29.8m
  Progress: 52/140 | Rate: 0.05/s | ETA: 29.4m
  Progress: 53/140 | Rate: 0.05/s | ETA: 29.1m
  Progress: 54/140 | Rate: 0.05/s | ETA: 28.5m
  Progress: 55/140 | Rate: 0.05/s | ETA: 28.3m
  Progress: 56/140 | Rate: 0.05/s | ETA: 27.7m
  Progress: 57/140 | Rate: 0.05/s | ETA: 27.2m
  Progress: 58/140 | Rate: 0.05/s | ETA: 26.8m
  Progress: 59/140 | Rate: 0.05/s | ETA: 26.9m
  Progress: 60/140 | Rate: 0.05/s | ETA: 26.7m
  Progress: 61/140 | Rate: 0.05/s | ETA: 26.3m
  Progress: 62/140 | Rate: 0.05/s | ETA: 25.7m
  Progress: 63/140 | Rate: 0.05/s | ETA: 25.5m
  Progress: 64/140 | Rate: 0.05/s | ETA: 25.3m
  Progress: 65/140 | Rate: 0.05/s | ETA: 24.8m
  Progress: 66/140 | Rate: 0.05/s | ETA: 24.4m
  Progress: 67/140 | Rate: 0.05/s | ETA: 23.9m
  Progress: 68/140 | Rate: 0.05/s | ETA: 23.4m
  Progress: 69/140 | Rate: 0.05/s | ETA: 23.0m
  Progress: 70/140 | Rate: 0.05/s | ETA: 22.6m
  Progress: 71/140 | Rate: 0.05/s | ETA: 22.3m
  Progress: 72/140 | Rate: 0.05/s | ETA: 22.0m
  Progress: 73/140 | Rate: 0.05/s | ETA: 21.7m
  Progress: 74/140 | Rate: 0.05/s | ETA: 21.3m
  Progress: 75/140 | Rate: 0.05/s | ETA: 20.9m
  Progress: 76/140 | Rate: 0.05/s | ETA: 20.6m
  Progress: 77/140 | Rate: 0.05/s | ETA: 20.2m
  Progress: 78/140 | Rate: 0.05/s | ETA: 19.8m
  Progress: 79/140 | Rate: 0.05/s | ETA: 19.5m
  Progress: 80/140 | Rate: 0.05/s | ETA: 19.4m
  Progress: 81/140 | Rate: 0.05/s | ETA: 19.1m
  Progress: 82/140 | Rate: 0.05/s | ETA: 18.7m
  Progress: 83/140 | Rate: 0.05/s | ETA: 18.4m
  Progress: 84/140 | Rate: 0.05/s | ETA: 18.1m
  Progress: 85/140 | Rate: 0.05/s | ETA: 17.8m
  Progress: 86/140 | Rate: 0.05/s | ETA: 17.3m
  Progress: 87/140 | Rate: 0.05/s | ETA: 16.9m
  Progress: 88/140 | Rate: 0.05/s | ETA: 16.6m
  Progress: 89/140 | Rate: 0.05/s | ETA: 16.2m
  Progress: 90/140 | Rate: 0.05/s | ETA: 15.9m
  Progress: 91/140 | Rate: 0.05/s | ETA: 15.6m
  Progress: 92/140 | Rate: 0.05/s | ETA: 15.2m
  Progress: 93/140 | Rate: 0.05/s | ETA: 14.9m
  Progress: 94/140 | Rate: 0.05/s | ETA: 14.5m
  Progress: 95/140 | Rate: 0.05/s | ETA: 14.3m
  Progress: 96/140 | Rate: 0.05/s | ETA: 13.9m
  Progress: 97/140 | Rate: 0.05/s | ETA: 13.7m
  Progress: 98/140 | Rate: 0.05/s | ETA: 13.4m
  Progress: 99/140 | Rate: 0.05/s | ETA: 13.1m
  Progress: 100/140 | Rate: 0.05/s | ETA: 12.7m
  Progress: 101/140 | Rate: 0.05/s | ETA: 12.4m
  Progress: 102/140 | Rate: 0.05/s | ETA: 12.1m
  Progress: 103/140 | Rate: 0.05/s | ETA: 11.7m
  Progress: 104/140 | Rate: 0.05/s | ETA: 11.4m
  Progress: 105/140 | Rate: 0.05/s | ETA: 11.1m
  Progress: 106/140 | Rate: 0.05/s | ETA: 10.8m
  Progress: 107/140 | Rate: 0.05/s | ETA: 10.6m
  Progress: 108/140 | Rate: 0.05/s | ETA: 10.3m
  Progress: 109/140 | Rate: 0.05/s | ETA: 10.0m
  Progress: 110/140 | Rate: 0.05/s | ETA: 9.6m
  Progress: 111/140 | Rate: 0.05/s | ETA: 9.4m
  Progress: 112/140 | Rate: 0.05/s | ETA: 9.1m
  Progress: 113/140 | Rate: 0.05/s | ETA: 8.7m
  Progress: 114/140 | Rate: 0.05/s | ETA: 8.4m
  Progress: 115/140 | Rate: 0.05/s | ETA: 8.0m
  Progress: 116/140 | Rate: 0.05/s | ETA: 7.7m
  Progress: 117/140 | Rate: 0.05/s | ETA: 7.4m
  Progress: 118/140 | Rate: 0.05/s | ETA: 7.0m
  Progress: 119/140 | Rate: 0.05/s | ETA: 6.7m
  Progress: 120/140 | Rate: 0.05/s | ETA: 6.4m
  Progress: 121/140 | Rate: 0.05/s | ETA: 6.1m
  Progress: 122/140 | Rate: 0.05/s | ETA: 5.8m
  Progress: 123/140 | Rate: 0.05/s | ETA: 5.6m
  Progress: 124/140 | Rate: 0.05/s | ETA: 5.2m
  Progress: 125/140 | Rate: 0.05/s | ETA: 4.9m
  Progress: 126/140 | Rate: 0.05/s | ETA: 4.6m
  Progress: 127/140 | Rate: 0.05/s | ETA: 4.3m
  Progress: 128/140 | Rate: 0.05/s | ETA: 3.9m
  Progress: 129/140 | Rate: 0.05/s | ETA: 3.6m
  Progress: 130/140 | Rate: 0.05/s | ETA: 3.3m
  Progress: 131/140 | Rate: 0.05/s | ETA: 2.9m
  Progress: 132/140 | Rate: 0.05/s | ETA: 2.6m
  Progress: 133/140 | Rate: 0.05/s | ETA: 2.3m
  Progress: 134/140 | Rate: 0.05/s | ETA: 2.0m
  Progress: 135/140 | Rate: 0.05/s | ETA: 1.6m
  Progress: 136/140 | Rate: 0.05/s | ETA: 1.3m
  Progress: 137/140 | Rate: 0.05/s | ETA: 1.0m
  Progress: 138/140 | Rate: 0.05/s | ETA: 0.7m
  Progress: 139/140 | Rate: 0.05/s | ETA: 0.3m
  Progress: 140/140 | Rate: 0.05/s | ETA: 0.0m

✔ Done. 140 evaluations in 2778.1s (0.05/s)
>>> gemma4_e4b_utility_first_sample0_responses.jsonl  14:41:59Z

============================================================
  Judge:  kimi (moonshotai/kimi-k2-thinking-maas)
  Input:  runs/run_20260521/responses/gemma4_e4b_utility_first_sample0_responses.jsonl
  Output: /home/satvik/Documents/CIKM/runs/run_20260521/evaluations/kimi_evaluations_gemma4_e4b_utility_first_sample0.jsonl
============================================================
  Remaining: 140 rows
  Progress: 1/140 | Rate: 0.06/s | ETA: 42.0m
  Progress: 2/140 | Rate: 0.04/s | ETA: 55.1m
  Progress: 3/140 | Rate: 0.04/s | ETA: 54.8m
  Progress: 4/140 | Rate: 0.04/s | ETA: 58.8m
  Progress: 5/140 | Rate: 0.03/s | ETA: 69.0m
  Progress: 6/140 | Rate: 0.03/s | ETA: 67.1m
  Progress: 7/140 | Rate: 0.03/s | ETA: 65.2m
  Progress: 8/140 | Rate: 0.04/s | ETA: 59.1m
  Progress: 9/140 | Rate: 0.04/s | ETA: 55.6m
  Progress: 10/140 | Rate: 0.04/s | ETA: 53.0m
  Progress: 11/140 | Rate: 0.04/s | ETA: 52.9m
  Progress: 12/140 | Rate: 0.04/s | ETA: 51.0m
  Progress: 13/140 | Rate: 0.04/s | ETA: 48.8m
  Progress: 14/140 | Rate: 0.04/s | ETA: 49.1m
  Progress: 15/140 | Rate: 0.04/s | ETA: 46.7m
  Progress: 16/140 | Rate: 0.04/s | ETA: 46.2m
  Progress: 17/140 | Rate: 0.05/s | ETA: 44.2m
  Progress: 18/140 | Rate: 0.05/s | ETA: 43.0m
  Progress: 19/140 | Rate: 0.05/s | ETA: 41.4m
  Progress: 20/140 | Rate: 0.05/s | ETA: 40.3m
  Progress: 21/140 | Rate: 0.05/s | ETA: 39.9m
  Progress: 22/140 | Rate: 0.05/s | ETA: 39.2m
  Progress: 23/140 | Rate: 0.05/s | ETA: 38.5m
  Progress: 24/140 | Rate: 0.05/s | ETA: 37.7m
  Progress: 25/140 | Rate: 0.05/s | ETA: 37.1m
  Progress: 26/140 | Rate: 0.05/s | ETA: 35.9m
  Progress: 27/140 | Rate: 0.05/s | ETA: 35.0m
  Progress: 28/140 | Rate: 0.05/s | ETA: 34.3m
  Progress: 29/140 | Rate: 0.05/s | ETA: 34.2m
  Progress: 30/140 | Rate: 0.05/s | ETA: 33.6m
  Progress: 31/140 | Rate: 0.05/s | ETA: 33.3m
  Progress: 32/140 | Rate: 0.06/s | ETA: 32.6m
  Progress: 33/140 | Rate: 0.05/s | ETA: 32.5m
  Progress: 34/140 | Rate: 0.06/s | ETA: 31.9m
  Progress: 35/140 | Rate: 0.06/s | ETA: 31.1m
  Progress: 36/140 | Rate: 0.06/s | ETA: 31.0m
  Progress: 37/140 | Rate: 0.06/s | ETA: 30.5m
  Progress: 38/140 | Rate: 0.06/s | ETA: 29.9m
  Progress: 39/140 | Rate: 0.06/s | ETA: 29.7m
  Progress: 40/140 | Rate: 0.06/s | ETA: 29.4m
  Progress: 41/140 | Rate: 0.06/s | ETA: 29.4m
  Progress: 42/140 | Rate: 0.06/s | ETA: 29.3m
  Progress: 43/140 | Rate: 0.06/s | ETA: 28.9m
  Progress: 44/140 | Rate: 0.06/s | ETA: 28.6m
  Progress: 45/140 | Rate: 0.06/s | ETA: 28.7m
  Progress: 46/140 | Rate: 0.06/s | ETA: 28.2m
  Progress: 47/140 | Rate: 0.06/s | ETA: 27.8m
  Progress: 48/140 | Rate: 0.06/s | ETA: 27.3m
  Progress: 49/140 | Rate: 0.06/s | ETA: 26.8m
  Progress: 50/140 | Rate: 0.06/s | ETA: 26.4m
  Progress: 51/140 | Rate: 0.06/s | ETA: 26.1m
  Progress: 52/140 | Rate: 0.06/s | ETA: 25.7m
  [Parse error] Expecting value: line 1 column 1 (char 0) — snippet: 
  [cat6_orig_003] [Attempt 1] Parse failed — retrying
  Progress: 53/140 | Rate: 0.05/s | ETA: 26.5m
  Progress: 54/140 | Rate: 0.05/s | ETA: 26.2m
  Progress: 55/140 | Rate: 0.06/s | ETA: 25.7m
  Progress: 56/140 | Rate: 0.06/s | ETA: 25.4m
  Progress: 57/140 | Rate: 0.06/s | ETA: 25.2m
  Progress: 58/140 | Rate: 0.05/s | ETA: 25.3m
  Progress: 59/140 | Rate: 0.05/s | ETA: 25.1m
  Progress: 60/140 | Rate: 0.05/s | ETA: 24.7m
  Progress: 61/140 | Rate: 0.05/s | ETA: 24.4m
  [cat7_orig_002] [Attempt 1] HTTP 429: [{
  "error": {
    "code": 429,
    "message": "Resource exhausted. Please try again later. Please refer to https://clo — waiting 60s
  Progress: 62/140 | Rate: 0.05/s | ETA: 25.4m
  Progress: 63/140 | Rate: 0.05/s | ETA: 25.2m
  Progress: 64/140 | Rate: 0.05/s | ETA: 24.7m
  Progress: 65/140 | Rate: 0.05/s | ETA: 24.3m
  Progress: 66/140 | Rate: 0.05/s | ETA: 23.8m
  Progress: 67/140 | Rate: 0.05/s | ETA: 23.4m
  Progress: 68/140 | Rate: 0.05/s | ETA: 23.2m
  Progress: 69/140 | Rate: 0.05/s | ETA: 23.2m
  Progress: 70/140 | Rate: 0.05/s | ETA: 22.8m
  Progress: 71/140 | Rate: 0.05/s | ETA: 22.7m
  Progress: 72/140 | Rate: 0.05/s | ETA: 22.3m
  Progress: 73/140 | Rate: 0.05/s | ETA: 21.8m
  Progress: 74/140 | Rate: 0.05/s | ETA: 21.5m
  Progress: 75/140 | Rate: 0.05/s | ETA: 21.2m
  Progress: 76/140 | Rate: 0.05/s | ETA: 20.9m
  Progress: 77/140 | Rate: 0.05/s | ETA: 20.6m
  Progress: 78/140 | Rate: 0.05/s | ETA: 20.3m
  Progress: 79/140 | Rate: 0.05/s | ETA: 19.9m
  Progress: 80/140 | Rate: 0.05/s | ETA: 19.6m
  Progress: 81/140 | Rate: 0.05/s | ETA: 19.4m
  Progress: 82/140 | Rate: 0.05/s | ETA: 19.0m
  Progress: 83/140 | Rate: 0.05/s | ETA: 18.6m
  Progress: 84/140 | Rate: 0.05/s | ETA: 18.2m
  Progress: 85/140 | Rate: 0.05/s | ETA: 17.8m
  Progress: 86/140 | Rate: 0.05/s | ETA: 17.4m
  Progress: 87/140 | Rate: 0.05/s | ETA: 17.1m
  Progress: 88/140 | Rate: 0.05/s | ETA: 16.6m
  Progress: 89/140 | Rate: 0.05/s | ETA: 16.3m
  Progress: 90/140 | Rate: 0.05/s | ETA: 16.0m
  Progress: 91/140 | Rate: 0.05/s | ETA: 15.8m
  Progress: 92/140 | Rate: 0.05/s | ETA: 15.4m
  Progress: 93/140 | Rate: 0.05/s | ETA: 15.1m
  Progress: 94/140 | Rate: 0.05/s | ETA: 14.7m
  Progress: 95/140 | Rate: 0.05/s | ETA: 14.4m
  Progress: 96/140 | Rate: 0.05/s | ETA: 14.0m
  Progress: 97/140 | Rate: 0.05/s | ETA: 13.8m
  Progress: 98/140 | Rate: 0.05/s | ETA: 13.4m
  Progress: 99/140 | Rate: 0.05/s | ETA: 13.0m
  Progress: 100/140 | Rate: 0.05/s | ETA: 12.6m
  Progress: 101/140 | Rate: 0.05/s | ETA: 12.3m
  Progress: 102/140 | Rate: 0.05/s | ETA: 11.9m
  Progress: 103/140 | Rate: 0.05/s | ETA: 11.5m
  Progress: 104/140 | Rate: 0.05/s | ETA: 11.2m
  Progress: 105/140 | Rate: 0.05/s | ETA: 10.9m
  Progress: 106/140 | Rate: 0.05/s | ETA: 10.6m
  Progress: 107/140 | Rate: 0.05/s | ETA: 10.3m
  Progress: 108/140 | Rate: 0.05/s | ETA: 10.0m
  [cat4_real_004] [Attempt 1] HTTP 429: [{
  "error": {
    "code": 429,
    "message": "Resource exhausted. Please try again later. Please refer to https://clo — waiting 60s
  Progress: 109/140 | Rate: 0.05/s | ETA: 10.1m
  Progress: 110/140 | Rate: 0.05/s | ETA: 9.8m
  Progress: 111/140 | Rate: 0.05/s | ETA: 9.5m
  Progress: 112/140 | Rate: 0.05/s | ETA: 9.1m
  Progress: 113/140 | Rate: 0.05/s | ETA: 8.8m
  Progress: 114/140 | Rate: 0.05/s | ETA: 8.5m
  Progress: 115/140 | Rate: 0.05/s | ETA: 8.2m
  Progress: 116/140 | Rate: 0.05/s | ETA: 7.8m
  Progress: 117/140 | Rate: 0.05/s | ETA: 7.5m
  Progress: 118/140 | Rate: 0.05/s | ETA: 7.2m
  Progress: 119/140 | Rate: 0.05/s | ETA: 6.9m
  Progress: 120/140 | Rate: 0.05/s | ETA: 6.6m
  Progress: 121/140 | Rate: 0.05/s | ETA: 6.3m
  Progress: 122/140 | Rate: 0.05/s | ETA: 5.9m
  Progress: 123/140 | Rate: 0.05/s | ETA: 5.6m
  Progress: 124/140 | Rate: 0.05/s | ETA: 5.3m
  Progress: 125/140 | Rate: 0.05/s | ETA: 5.0m
  Progress: 126/140 | Rate: 0.05/s | ETA: 4.6m
  Progress: 127/140 | Rate: 0.05/s | ETA: 4.3m
  Progress: 128/140 | Rate: 0.05/s | ETA: 4.0m
  Progress: 129/140 | Rate: 0.05/s | ETA: 3.6m
  Progress: 130/140 | Rate: 0.05/s | ETA: 3.3m
  Progress: 131/140 | Rate: 0.05/s | ETA: 3.0m
  Progress: 132/140 | Rate: 0.05/s | ETA: 2.7m
  Progress: 133/140 | Rate: 0.05/s | ETA: 2.3m
  Progress: 134/140 | Rate: 0.05/s | ETA: 2.0m
  Progress: 135/140 | Rate: 0.05/s | ETA: 1.7m
  Progress: 136/140 | Rate: 0.05/s | ETA: 1.3m
  Progress: 137/140 | Rate: 0.05/s | ETA: 1.0m
  Progress: 138/140 | Rate: 0.05/s | ETA: 0.7m
  Progress: 139/140 | Rate: 0.05/s | ETA: 0.3m
  Progress: 140/140 | Rate: 0.05/s | ETA: 0.0m

✔ Done. 140 evaluations in 2778.9s (0.05/s)
>>> gemma4_e4b_utility_first_sample1_responses.jsonl  15:28:19Z

============================================================
  Judge:  kimi (moonshotai/kimi-k2-thinking-maas)
  Input:  runs/run_20260521/responses/gemma4_e4b_utility_first_sample1_responses.jsonl
  Output: /home/satvik/Documents/CIKM/runs/run_20260521/evaluations/kimi_evaluations_gemma4_e4b_utility_first_sample1.jsonl
============================================================
  Remaining: 140 rows
  Progress: 1/140 | Rate: 0.08/s | ETA: 30.1m
  Progress: 2/140 | Rate: 0.05/s | ETA: 47.3m
  Progress: 3/140 | Rate: 0.06/s | ETA: 40.3m
  Progress: 4/140 | Rate: 0.06/s | ETA: 39.7m
  Progress: 5/140 | Rate: 0.06/s | ETA: 37.2m
  Progress: 6/140 | Rate: 0.06/s | ETA: 37.1m
  Progress: 7/140 | Rate: 0.06/s | ETA: 37.8m
  Progress: 8/140 | Rate: 0.06/s | ETA: 35.9m
  Progress: 9/140 | Rate: 0.06/s | ETA: 35.7m
  Progress: 10/140 | Rate: 0.05/s | ETA: 43.8m
  Progress: 11/140 | Rate: 0.05/s | ETA: 44.3m
  Progress: 12/140 | Rate: 0.05/s | ETA: 43.9m
  Progress: 13/140 | Rate: 0.05/s | ETA: 43.7m
  Progress: 14/140 | Rate: 0.04/s | ETA: 48.7m
  Progress: 15/140 | Rate: 0.04/s | ETA: 49.1m
  Progress: 16/140 | Rate: 0.04/s | ETA: 50.9m
  Progress: 17/140 | Rate: 0.04/s | ETA: 51.8m
  Progress: 18/140 | Rate: 0.04/s | ETA: 50.7m
  Progress: 19/140 | Rate: 0.04/s | ETA: 49.8m
  Progress: 20/140 | Rate: 0.04/s | ETA: 49.5m
  Progress: 21/140 | Rate: 0.04/s | ETA: 48.3m
  Progress: 22/140 | Rate: 0.04/s | ETA: 47.7m
  [cat3_orig_003] [Attempt 1] HTTP 429: [{
  "error": {
    "code": 429,
    "message": "Resource exhausted. Please try again later. Please refer to https://clo — waiting 60s
  Progress: 23/140 | Rate: 0.04/s | ETA: 52.4m
  Progress: 24/140 | Rate: 0.04/s | ETA: 50.5m
  Progress: 25/140 | Rate: 0.04/s | ETA: 49.3m
  Progress: 26/140 | Rate: 0.04/s | ETA: 47.6m
  Progress: 27/140 | Rate: 0.04/s | ETA: 47.2m
  Progress: 28/140 | Rate: 0.04/s | ETA: 47.0m
  Progress: 29/140 | Rate: 0.04/s | ETA: 46.6m
  Progress: 30/140 | Rate: 0.04/s | ETA: 45.7m
  Progress: 31/140 | Rate: 0.04/s | ETA: 44.8m
  Progress: 32/140 | Rate: 0.04/s | ETA: 43.6m
  Progress: 33/140 | Rate: 0.04/s | ETA: 42.9m
  Progress: 34/140 | Rate: 0.04/s | ETA: 43.1m
  Progress: 35/140 | Rate: 0.04/s | ETA: 41.9m
  Progress: 36/140 | Rate: 0.04/s | ETA: 41.3m
  Progress: 37/140 | Rate: 0.04/s | ETA: 40.3m
  Progress: 38/140 | Rate: 0.04/s | ETA: 40.9m
  Progress: 39/140 | Rate: 0.04/s | ETA: 41.0m
  Progress: 40/140 | Rate: 0.04/s | ETA: 40.4m
  Progress: 41/140 | Rate: 0.04/s | ETA: 39.6m
  Progress: 42/140 | Rate: 0.04/s | ETA: 39.2m
  Progress: 43/140 | Rate: 0.04/s | ETA: 38.8m
  [cat5_orig_004] [Attempt 1] HTTP 429: [{
  "error": {
    "code": 429,
    "message": "Resource exhausted. Please try again later. Please refer to https://clo — waiting 60s
  Progress: 44/140 | Rate: 0.04/s | ETA: 40.2m
  Progress: 45/140 | Rate: 0.04/s | ETA: 39.4m
  Progress: 46/140 | Rate: 0.04/s | ETA: 38.6m
  Progress: 47/140 | Rate: 0.04/s | ETA: 38.2m
  Progress: 48/140 | Rate: 0.04/s | ETA: 37.5m
  Progress: 49/140 | Rate: 0.04/s | ETA: 36.8m
  Progress: 50/140 | Rate: 0.04/s | ETA: 36.1m
  Progress: 51/140 | Rate: 0.04/s | ETA: 35.5m
  Progress: 52/140 | Rate: 0.04/s | ETA: 35.1m
  Progress: 53/140 | Rate: 0.04/s | ETA: 34.9m
  Progress: 54/140 | Rate: 0.04/s | ETA: 34.2m
  Progress: 55/140 | Rate: 0.04/s | ETA: 33.7m
  Progress: 56/140 | Rate: 0.04/s | ETA: 33.3m
  Progress: 57/140 | Rate: 0.04/s | ETA: 33.2m
  Progress: 58/140 | Rate: 0.04/s | ETA: 33.1m
  Progress: 59/140 | Rate: 0.04/s | ETA: 32.9m
  Progress: 60/140 | Rate: 0.04/s | ETA: 32.3m
  Progress: 61/140 | Rate: 0.04/s | ETA: 32.1m
  Progress: 62/140 | Rate: 0.04/s | ETA: 31.7m
  Progress: 63/140 | Rate: 0.04/s | ETA: 31.0m
  Progress: 64/140 | Rate: 0.04/s | ETA: 30.3m
  Progress: 65/140 | Rate: 0.04/s | ETA: 29.6m
  Progress: 66/140 | Rate: 0.04/s | ETA: 29.0m
  Progress: 67/140 | Rate: 0.04/s | ETA: 28.4m
  Progress: 68/140 | Rate: 0.04/s | ETA: 27.8m
  Progress: 69/140 | Rate: 0.04/s | ETA: 27.3m
  Progress: 70/140 | Rate: 0.04/s | ETA: 26.8m
  Progress: 71/140 | Rate: 0.04/s | ETA: 26.2m
  Progress: 72/140 | Rate: 0.04/s | ETA: 25.8m
  Progress: 73/140 | Rate: 0.04/s | ETA: 25.3m
  Progress: 74/140 | Rate: 0.04/s | ETA: 24.7m
  Progress: 75/140 | Rate: 0.04/s | ETA: 24.2m
  Progress: 76/140 | Rate: 0.04/s | ETA: 23.9m
  Progress: 77/140 | Rate: 0.04/s | ETA: 23.4m
  Progress: 78/140 | Rate: 0.04/s | ETA: 23.0m
  Progress: 79/140 | Rate: 0.04/s | ETA: 22.6m
  Progress: 80/140 | Rate: 0.05/s | ETA: 22.1m
  Progress: 81/140 | Rate: 0.05/s | ETA: 21.7m
  Progress: 82/140 | Rate: 0.05/s | ETA: 21.3m
  Progress: 83/140 | Rate: 0.05/s | ETA: 20.9m
  Progress: 84/140 | Rate: 0.05/s | ETA: 20.7m
  Progress: 85/140 | Rate: 0.05/s | ETA: 20.3m
  Progress: 86/140 | Rate: 0.05/s | ETA: 19.9m
  Progress: 87/140 | Rate: 0.05/s | ETA: 19.4m
  Progress: 88/140 | Rate: 0.05/s | ETA: 19.0m
  Progress: 89/140 | Rate: 0.05/s | ETA: 18.6m
  Progress: 90/140 | Rate: 0.05/s | ETA: 18.1m
  Progress: 91/140 | Rate: 0.05/s | ETA: 17.7m
  Progress: 92/140 | Rate: 0.05/s | ETA: 17.2m
  Progress: 93/140 | Rate: 0.05/s | ETA: 16.7m
  Progress: 94/140 | Rate: 0.05/s | ETA: 16.3m
  Progress: 95/140 | Rate: 0.05/s | ETA: 15.9m
  [Parse error] Expecting value: line 1 column 1 (char 0) — snippet: 
  [cat3_real_001] [Attempt 1] Parse failed — retrying
  Progress: 96/140 | Rate: 0.05/s | ETA: 15.6m
  Progress: 97/140 | Rate: 0.05/s | ETA: 15.4m
  Progress: 98/140 | Rate: 0.05/s | ETA: 15.1m
  Progress: 99/140 | Rate: 0.05/s | ETA: 14.7m
  Progress: 100/140 | Rate: 0.05/s | ETA: 14.5m
  Progress: 101/140 | Rate: 0.05/s | ETA: 14.1m
  Progress: 102/140 | Rate: 0.05/s | ETA: 13.7m
  Progress: 103/140 | Rate: 0.05/s | ETA: 13.3m
  Progress: 104/140 | Rate: 0.05/s | ETA: 12.8m
  Progress: 105/140 | Rate: 0.05/s | ETA: 12.4m
  Progress: 106/140 | Rate: 0.05/s | ETA: 12.0m
  Progress: 107/140 | Rate: 0.05/s | ETA: 11.7m
  [Parse error] Expecting value: line 1 column 1 (char 0) — snippet: 
  [cat4_real_003] [Attempt 1] Parse failed — retrying
  Progress: 108/140 | Rate: 0.05/s | ETA: 11.7m
  Progress: 109/140 | Rate: 0.05/s | ETA: 11.3m
  Progress: 110/140 | Rate: 0.05/s | ETA: 10.9m
  Progress: 111/140 | Rate: 0.05/s | ETA: 10.6m
  Progress: 112/140 | Rate: 0.05/s | ETA: 10.3m
  Progress: 113/140 | Rate: 0.05/s | ETA: 9.9m
  Progress: 114/140 | Rate: 0.05/s | ETA: 9.5m
  Progress: 115/140 | Rate: 0.05/s | ETA: 9.1m
  Progress: 116/140 | Rate: 0.05/s | ETA: 8.7m
  Progress: 117/140 | Rate: 0.05/s | ETA: 8.4m
  Progress: 118/140 | Rate: 0.05/s | ETA: 8.0m
  Progress: 119/140 | Rate: 0.05/s | ETA: 7.7m
  Progress: 120/140 | Rate: 0.05/s | ETA: 7.3m
  Progress: 121/140 | Rate: 0.05/s | ETA: 7.0m
  Progress: 122/140 | Rate: 0.05/s | ETA: 6.6m
  Progress: 123/140 | Rate: 0.05/s | ETA: 6.2m
  Progress: 124/140 | Rate: 0.05/s | ETA: 5.9m
  Progress: 125/140 | Rate: 0.05/s | ETA: 5.5m
  Progress: 126/140 | Rate: 0.05/s | ETA: 5.2m
  Progress: 127/140 | Rate: 0.05/s | ETA: 4.8m
  Progress: 128/140 | Rate: 0.05/s | ETA: 4.4m
  Progress: 129/140 | Rate: 0.05/s | ETA: 4.0m
  Progress: 130/140 | Rate: 0.05/s | ETA: 3.7m
  Progress: 131/140 | Rate: 0.05/s | ETA: 3.3m
  Progress: 132/140 | Rate: 0.05/s | ETA: 3.0m
  Progress: 133/140 | Rate: 0.05/s | ETA: 2.6m
  Progress: 134/140 | Rate: 0.05/s | ETA: 2.2m
  Progress: 135/140 | Rate: 0.05/s | ETA: 1.8m
  Progress: 136/140 | Rate: 0.05/s | ETA: 1.5m
  Progress: 137/140 | Rate: 0.05/s | ETA: 1.1m
  Progress: 138/140 | Rate: 0.05/s | ETA: 0.7m
  Progress: 139/140 | Rate: 0.05/s | ETA: 0.4m
  Progress: 140/140 | Rate: 0.05/s | ETA: 0.0m

✔ Done. 140 evaluations in 3083.8s (0.05/s)
>>> gemma4_e4b_utility_first_sample2_responses.jsonl  16:19:43Z

============================================================
  Judge:  kimi (moonshotai/kimi-k2-thinking-maas)
  Input:  runs/run_20260521/responses/gemma4_e4b_utility_first_sample2_responses.jsonl
  Output: /home/satvik/Documents/CIKM/runs/run_20260521/evaluations/kimi_evaluations_gemma4_e4b_utility_first_sample2.jsonl
============================================================
  Remaining: 140 rows
  Progress: 1/140 | Rate: 0.03/s | ETA: 89.1m
  Progress: 2/140 | Rate: 0.03/s | ETA: 79.4m
  Progress: 3/140 | Rate: 0.04/s | ETA: 59.7m
  Progress: 4/140 | Rate: 0.04/s | ETA: 50.8m
  Progress: 5/140 | Rate: 0.05/s | ETA: 46.8m
  Progress: 6/140 | Rate: 0.05/s | ETA: 43.8m
  Progress: 7/140 | Rate: 0.05/s | ETA: 44.0m
  Progress: 8/140 | Rate: 0.05/s | ETA: 44.0m
  Progress: 9/140 | Rate: 0.05/s | ETA: 45.5m
  Progress: 10/140 | Rate: 0.05/s | ETA: 46.3m
  Progress: 11/140 | Rate: 0.05/s | ETA: 45.0m
  Progress: 12/140 | Rate: 0.05/s | ETA: 45.1m
  Progress: 13/140 | Rate: 0.05/s | ETA: 45.6m
  Progress: 14/140 | Rate: 0.05/s | ETA: 44.9m
  Progress: 15/140 | Rate: 0.05/s | ETA: 45.5m
  Progress: 16/140 | Rate: 0.05/s | ETA: 45.3m
  Progress: 17/140 | Rate: 0.05/s | ETA: 43.7m
  Progress: 18/140 | Rate: 0.05/s | ETA: 42.4m
  Progress: 19/140 | Rate: 0.05/s | ETA: 40.8m
  Progress: 20/140 | Rate: 0.05/s | ETA: 39.6m
  Progress: 21/140 | Rate: 0.05/s | ETA: 39.1m
  Progress: 22/140 | Rate: 0.05/s | ETA: 37.8m
  Progress: 23/140 | Rate: 0.05/s | ETA: 37.3m
  Progress: 24/140 | Rate: 0.05/s | ETA: 36.7m
  Progress: 25/140 | Rate: 0.05/s | ETA: 35.9m
  Progress: 26/140 | Rate: 0.05/s | ETA: 35.4m
  Progress: 27/140 | Rate: 0.05/s | ETA: 35.2m
  Progress: 28/140 | Rate: 0.05/s | ETA: 35.1m
  Progress: 29/140 | Rate: 0.05/s | ETA: 34.5m
  Progress: 30/140 | Rate: 0.05/s | ETA: 33.9m
  Progress: 31/140 | Rate: 0.05/s | ETA: 33.3m
  Progress: 32/140 | Rate: 0.06/s | ETA: 32.7m
  Progress: 33/140 | Rate: 0.06/s | ETA: 32.1m
  Progress: 34/140 | Rate: 0.05/s | ETA: 32.6m
  Progress: 35/140 | Rate: 0.05/s | ETA: 32.0m
  Progress: 36/140 | Rate: 0.05/s | ETA: 31.8m
  Progress: 37/140 | Rate: 0.05/s | ETA: 31.4m
  Progress: 38/140 | Rate: 0.05/s | ETA: 31.0m
  Progress: 39/140 | Rate: 0.05/s | ETA: 30.9m
  Progress: 40/140 | Rate: 0.05/s | ETA: 30.4m
  Progress: 41/140 | Rate: 0.05/s | ETA: 30.0m
  Progress: 42/140 | Rate: 0.06/s | ETA: 29.5m
  Progress: 43/140 | Rate: 0.06/s | ETA: 29.1m
  Progress: 44/140 | Rate: 0.06/s | ETA: 28.6m
  Progress: 45/140 | Rate: 0.06/s | ETA: 28.0m
  Progress: 46/140 | Rate: 0.06/s | ETA: 27.6m
  Progress: 47/140 | Rate: 0.06/s | ETA: 27.1m
  Progress: 48/140 | Rate: 0.06/s | ETA: 26.9m
  Progress: 49/140 | Rate: 0.06/s | ETA: 26.6m
  Progress: 50/140 | Rate: 0.06/s | ETA: 26.0m
  Progress: 51/140 | Rate: 0.06/s | ETA: 25.6m
  Progress: 52/140 | Rate: 0.06/s | ETA: 25.2m
  Progress: 53/140 | Rate: 0.06/s | ETA: 25.2m
  Progress: 54/140 | Rate: 0.06/s | ETA: 24.7m
  Progress: 55/140 | Rate: 0.06/s | ETA: 24.5m
  Progress: 56/140 | Rate: 0.06/s | ETA: 24.3m
  Progress: 57/140 | Rate: 0.06/s | ETA: 23.9m
  Progress: 58/140 | Rate: 0.06/s | ETA: 23.6m
  Progress: 59/140 | Rate: 0.06/s | ETA: 23.2m
  Progress: 60/140 | Rate: 0.06/s | ETA: 22.9m
  Progress: 61/140 | Rate: 0.06/s | ETA: 22.5m
  Progress: 62/140 | Rate: 0.06/s | ETA: 22.1m
  Progress: 63/140 | Rate: 0.06/s | ETA: 21.8m
  Progress: 64/140 | Rate: 0.06/s | ETA: 21.5m
  Progress: 65/140 | Rate: 0.06/s | ETA: 21.2m
  Progress: 66/140 | Rate: 0.06/s | ETA: 20.8m
  Progress: 67/140 | Rate: 0.06/s | ETA: 20.5m
  Progress: 68/140 | Rate: 0.06/s | ETA: 20.2m
  Progress: 69/140 | Rate: 0.06/s | ETA: 19.8m
  Progress: 70/140 | Rate: 0.06/s | ETA: 19.4m
  Progress: 71/140 | Rate: 0.06/s | ETA: 19.2m
  Progress: 72/140 | Rate: 0.06/s | ETA: 18.9m
  Progress: 73/140 | Rate: 0.06/s | ETA: 18.6m
  Progress: 74/140 | Rate: 0.06/s | ETA: 18.4m
  Progress: 75/140 | Rate: 0.06/s | ETA: 18.1m
  Progress: 76/140 | Rate: 0.06/s | ETA: 17.9m
  Progress: 77/140 | Rate: 0.06/s | ETA: 17.6m
  Progress: 78/140 | Rate: 0.06/s | ETA: 17.4m
  Progress: 79/140 | Rate: 0.06/s | ETA: 17.2m
  Progress: 80/140 | Rate: 0.06/s | ETA: 16.9m
  Progress: 81/140 | Rate: 0.06/s | ETA: 16.7m
  Progress: 82/140 | Rate: 0.06/s | ETA: 16.5m
  Progress: 83/140 | Rate: 0.06/s | ETA: 16.5m
  Progress: 84/140 | Rate: 0.06/s | ETA: 16.3m
  Progress: 85/140 | Rate: 0.06/s | ETA: 16.2m
  Progress: 86/140 | Rate: 0.06/s | ETA: 16.0m
  Progress: 87/140 | Rate: 0.06/s | ETA: 15.8m
  Progress: 88/140 | Rate: 0.06/s | ETA: 15.4m
  Progress: 89/140 | Rate: 0.06/s | ETA: 15.1m
  Progress: 90/140 | Rate: 0.06/s | ETA: 14.7m
  Progress: 91/140 | Rate: 0.06/s | ETA: 14.5m
  Progress: 92/140 | Rate: 0.06/s | ETA: 14.3m
  Progress: 93/140 | Rate: 0.06/s | ETA: 14.0m
  Progress: 94/140 | Rate: 0.06/s | ETA: 13.7m
  Progress: 95/140 | Rate: 0.06/s | ETA: 13.4m
  Progress: 96/140 | Rate: 0.06/s | ETA: 13.2m
  Progress: 97/140 | Rate: 0.06/s | ETA: 12.9m
  Progress: 98/140 | Rate: 0.06/s | ETA: 12.5m
  Progress: 99/140 | Rate: 0.06/s | ETA: 12.2m
  Progress: 100/140 | Rate: 0.06/s | ETA: 11.9m
  Progress: 101/140 | Rate: 0.06/s | ETA: 11.6m
  Progress: 102/140 | Rate: 0.06/s | ETA: 11.3m
  Progress: 103/140 | Rate: 0.06/s | ETA: 11.0m
  Progress: 104/140 | Rate: 0.06/s | ETA: 10.7m
  Progress: 105/140 | Rate: 0.06/s | ETA: 10.4m
  Progress: 106/140 | Rate: 0.06/s | ETA: 10.1m
  Progress: 107/140 | Rate: 0.06/s | ETA: 9.9m
  Progress: 108/140 | Rate: 0.06/s | ETA: 9.5m
  Progress: 109/140 | Rate: 0.06/s | ETA: 9.3m
  Progress: 110/140 | Rate: 0.06/s | ETA: 9.0m
  Progress: 111/140 | Rate: 0.06/s | ETA: 8.7m
  Progress: 112/140 | Rate: 0.06/s | ETA: 8.4m
  Progress: 113/140 | Rate: 0.06/s | ETA: 8.2m
  Progress: 114/140 | Rate: 0.06/s | ETA: 7.8m
  Progress: 115/140 | Rate: 0.06/s | ETA: 7.6m
  Progress: 116/140 | Rate: 0.05/s | ETA: 7.3m
  Progress: 117/140 | Rate: 0.05/s | ETA: 7.0m
  Progress: 118/140 | Rate: 0.06/s | ETA: 6.6m
  Progress: 119/140 | Rate: 0.06/s | ETA: 6.3m
  Progress: 120/140 | Rate: 0.06/s | ETA: 6.0m
  Progress: 121/140 | Rate: 0.06/s | ETA: 5.7m
  Progress: 122/140 | Rate: 0.06/s | ETA: 5.4m
  Progress: 123/140 | Rate: 0.06/s | ETA: 5.1m
  Progress: 124/140 | Rate: 0.06/s | ETA: 4.8m
  Progress: 125/140 | Rate: 0.06/s | ETA: 4.5m
  Progress: 126/140 | Rate: 0.06/s | ETA: 4.2m
  Progress: 127/140 | Rate: 0.06/s | ETA: 3.9m
  Progress: 128/140 | Rate: 0.06/s | ETA: 3.6m
  Progress: 129/140 | Rate: 0.06/s | ETA: 3.3m
  Progress: 130/140 | Rate: 0.05/s | ETA: 3.1m
  Progress: 131/140 | Rate: 0.05/s | ETA: 2.8m
  Progress: 132/140 | Rate: 0.05/s | ETA: 2.5m
  Progress: 133/140 | Rate: 0.05/s | ETA: 2.1m
  Progress: 134/140 | Rate: 0.05/s | ETA: 1.8m
  Progress: 135/140 | Rate: 0.05/s | ETA: 1.5m
  Progress: 136/140 | Rate: 0.05/s | ETA: 1.2m
  Progress: 137/140 | Rate: 0.05/s | ETA: 0.9m
  Progress: 138/140 | Rate: 0.05/s | ETA: 0.6m
  Progress: 139/140 | Rate: 0.05/s | ETA: 0.3m
  Progress: 140/140 | Rate: 0.05/s | ETA: 0.0m

✔ Done. 140 evaluations in 2555.7s (0.05/s)
>>> gemma4_e4b_vanilla_sample0_responses.jsonl  17:02:20Z

============================================================
  Judge:  kimi (moonshotai/kimi-k2-thinking-maas)
  Input:  runs/run_20260521/responses/gemma4_e4b_vanilla_sample0_responses.jsonl
  Output: /home/satvik/Documents/CIKM/runs/run_20260521/evaluations/kimi_evaluations_gemma4_e4b_vanilla_sample0.jsonl
============================================================
  Remaining: 140 rows
  Progress: 1/140 | Rate: 0.05/s | ETA: 51.1m
  Progress: 2/140 | Rate: 0.06/s | ETA: 38.6m
  Progress: 3/140 | Rate: 0.07/s | ETA: 32.8m
  Progress: 4/140 | Rate: 0.07/s | ETA: 30.6m
  Progress: 5/140 | Rate: 0.07/s | ETA: 33.8m
  Progress: 6/140 | Rate: 0.07/s | ETA: 33.5m
  Progress: 7/140 | Rate: 0.07/s | ETA: 32.3m
  Progress: 8/140 | Rate: 0.07/s | ETA: 31.9m
  Progress: 9/140 | Rate: 0.07/s | ETA: 29.9m
  Progress: 10/140 | Rate: 0.08/s | ETA: 28.6m
  Progress: 11/140 | Rate: 0.08/s | ETA: 27.9m
  Progress: 12/140 | Rate: 0.08/s | ETA: 28.1m
  Progress: 13/140 | Rate: 0.08/s | ETA: 27.2m
  Progress: 14/140 | Rate: 0.08/s | ETA: 27.5m
  Progress: 15/140 | Rate: 0.07/s | ETA: 27.9m
  Progress: 16/140 | Rate: 0.08/s | ETA: 27.2m
  Progress: 17/140 | Rate: 0.08/s | ETA: 27.1m
  Progress: 18/140 | Rate: 0.08/s | ETA: 26.4m
  Progress: 19/140 | Rate: 0.08/s | ETA: 25.8m
  Progress: 20/140 | Rate: 0.08/s | ETA: 26.1m
  Progress: 21/140 | Rate: 0.07/s | ETA: 26.9m
  Progress: 22/140 | Rate: 0.07/s | ETA: 26.6m
  Progress: 23/140 | Rate: 0.07/s | ETA: 26.2m
  Progress: 24/140 | Rate: 0.07/s | ETA: 26.3m
  Progress: 25/140 | Rate: 0.07/s | ETA: 26.2m
  Progress: 26/140 | Rate: 0.07/s | ETA: 25.9m
  Progress: 27/140 | Rate: 0.07/s | ETA: 25.7m
  Progress: 28/140 | Rate: 0.07/s | ETA: 25.7m
  Progress: 29/140 | Rate: 0.07/s | ETA: 25.4m
  Progress: 30/140 | Rate: 0.07/s | ETA: 26.1m
  Progress: 31/140 | Rate: 0.07/s | ETA: 26.1m
  [Parse error] Expecting value: line 1 column 1 (char 0) — snippet: 
  [cat4_orig_002] [Attempt 1] Parse failed — retrying
  Progress: 32/140 | Rate: 0.06/s | ETA: 28.2m
  Progress: 33/140 | Rate: 0.06/s | ETA: 28.0m
  Progress: 34/140 | Rate: 0.06/s | ETA: 27.6m
  Progress: 35/140 | Rate: 0.06/s | ETA: 27.6m
  Progress: 36/140 | Rate: 0.06/s | ETA: 27.2m
  Progress: 37/140 | Rate: 0.06/s | ETA: 27.3m
  Progress: 38/140 | Rate: 0.06/s | ETA: 26.9m
  Progress: 39/140 | Rate: 0.06/s | ETA: 26.5m
  Progress: 40/140 | Rate: 0.06/s | ETA: 26.8m
  Progress: 41/140 | Rate: 0.06/s | ETA: 26.6m
  Progress: 42/140 | Rate: 0.06/s | ETA: 26.5m
  Progress: 43/140 | Rate: 0.06/s | ETA: 26.9m
  Progress: 44/140 | Rate: 0.06/s | ETA: 26.7m
  Progress: 45/140 | Rate: 0.06/s | ETA: 26.2m
  Progress: 46/140 | Rate: 0.06/s | ETA: 26.0m
  Progress: 47/140 | Rate: 0.06/s | ETA: 25.4m
  Progress: 48/140 | Rate: 0.06/s | ETA: 24.8m
  Progress: 49/140 | Rate: 0.06/s | ETA: 24.3m
  Progress: 50/140 | Rate: 0.06/s | ETA: 24.5m
  Progress: 51/140 | Rate: 0.06/s | ETA: 24.6m
  Progress: 52/140 | Rate: 0.06/s | ETA: 24.7m
  Progress: 53/140 | Rate: 0.06/s | ETA: 24.4m
  Progress: 54/140 | Rate: 0.06/s | ETA: 24.1m
  Progress: 55/140 | Rate: 0.06/s | ETA: 23.8m
  Progress: 56/140 | Rate: 0.06/s | ETA: 23.6m
  Progress: 57/140 | Rate: 0.06/s | ETA: 23.4m
  Progress: 58/140 | Rate: 0.06/s | ETA: 23.3m
  Progress: 59/140 | Rate: 0.06/s | ETA: 23.0m
  Progress: 60/140 | Rate: 0.06/s | ETA: 22.7m
  Progress: 61/140 | Rate: 0.06/s | ETA: 22.5m
  Progress: 62/140 | Rate: 0.06/s | ETA: 22.1m
  Progress: 63/140 | Rate: 0.06/s | ETA: 22.0m
  Progress: 64/140 | Rate: 0.06/s | ETA: 21.6m
  Progress: 65/140 | Rate: 0.06/s | ETA: 21.3m
  Progress: 66/140 | Rate: 0.06/s | ETA: 21.0m
  Progress: 67/140 | Rate: 0.06/s | ETA: 20.6m
  Progress: 68/140 | Rate: 0.06/s | ETA: 20.3m
  Progress: 69/140 | Rate: 0.06/s | ETA: 20.2m
  Progress: 70/140 | Rate: 0.06/s | ETA: 20.1m
  Progress: 71/140 | Rate: 0.06/s | ETA: 19.8m
  Progress: 72/140 | Rate: 0.06/s | ETA: 19.8m
  Progress: 73/140 | Rate: 0.06/s | ETA: 19.4m
  Progress: 74/140 | Rate: 0.06/s | ETA: 19.0m
  Progress: 75/140 | Rate: 0.06/s | ETA: 18.8m
  Progress: 76/140 | Rate: 0.06/s | ETA: 18.4m
  Progress: 77/140 | Rate: 0.06/s | ETA: 18.0m
  Progress: 78/140 | Rate: 0.06/s | ETA: 17.8m
  Progress: 79/140 | Rate: 0.06/s | ETA: 17.4m
  Progress: 80/140 | Rate: 0.06/s | ETA: 17.3m
  Progress: 81/140 | Rate: 0.06/s | ETA: 17.1m
  Progress: 82/140 | Rate: 0.06/s | ETA: 17.0m
  Progress: 83/140 | Rate: 0.06/s | ETA: 16.8m
  Progress: 84/140 | Rate: 0.06/s | ETA: 16.4m
  Progress: 85/140 | Rate: 0.06/s | ETA: 16.1m
  Progress: 86/140 | Rate: 0.06/s | ETA: 15.7m
  Progress: 87/140 | Rate: 0.06/s | ETA: 15.4m
  Progress: 88/140 | Rate: 0.06/s | ETA: 15.1m
  Progress: 89/140 | Rate: 0.06/s | ETA: 14.8m
  Progress: 90/140 | Rate: 0.06/s | ETA: 14.5m
  Progress: 91/140 | Rate: 0.06/s | ETA: 14.3m
  Progress: 92/140 | Rate: 0.06/s | ETA: 14.0m
  Progress: 93/140 | Rate: 0.06/s | ETA: 13.6m
  Progress: 94/140 | Rate: 0.06/s | ETA: 13.3m
  Progress: 95/140 | Rate: 0.06/s | ETA: 13.1m
  Progress: 96/140 | Rate: 0.06/s | ETA: 12.8m
  Progress: 97/140 | Rate: 0.06/s | ETA: 12.4m
  Progress: 98/140 | Rate: 0.06/s | ETA: 12.1m
  Progress: 99/140 | Rate: 0.06/s | ETA: 11.9m
  Progress: 100/140 | Rate: 0.06/s | ETA: 11.6m
  Progress: 101/140 | Rate: 0.06/s | ETA: 11.3m
  Progress: 102/140 | Rate: 0.06/s | ETA: 11.1m
  Progress: 103/140 | Rate: 0.06/s | ETA: 10.9m
  Progress: 104/140 | Rate: 0.06/s | ETA: 10.7m
  Progress: 105/140 | Rate: 0.06/s | ETA: 10.4m
  Progress: 106/140 | Rate: 0.06/s | ETA: 10.0m
  Progress: 107/140 | Rate: 0.06/s | ETA: 9.7m
  Progress: 108/140 | Rate: 0.06/s | ETA: 9.5m
  Progress: 109/140 | Rate: 0.06/s | ETA: 9.2m
  Progress: 110/140 | Rate: 0.06/s | ETA: 9.0m
  Progress: 111/140 | Rate: 0.06/s | ETA: 8.7m
  Progress: 112/140 | Rate: 0.06/s | ETA: 8.4m
  Progress: 113/140 | Rate: 0.06/s | ETA: 8.1m
  Progress: 114/140 | Rate: 0.06/s | ETA: 7.8m
  Progress: 115/140 | Rate: 0.06/s | ETA: 7.5m
  Progress: 116/140 | Rate: 0.06/s | ETA: 7.2m
  Progress: 117/140 | Rate: 0.06/s | ETA: 6.9m
  Progress: 118/140 | Rate: 0.06/s | ETA: 6.5m
  Progress: 119/140 | Rate: 0.06/s | ETA: 6.2m
  Progress: 120/140 | Rate: 0.06/s | ETA: 5.9m
  Progress: 121/140 | Rate: 0.06/s | ETA: 5.6m
  [Parse error] Expecting value: line 1 column 1 (char 0) — snippet: 
  [cat6_adapted_002] [Attempt 1] Parse failed — retrying
  Progress: 122/140 | Rate: 0.05/s | ETA: 5.5m
  Progress: 123/140 | Rate: 0.05/s | ETA: 5.2m
  Progress: 124/140 | Rate: 0.05/s | ETA: 4.9m
  Progress: 125/140 | Rate: 0.05/s | ETA: 4.6m
  Progress: 126/140 | Rate: 0.05/s | ETA: 4.3m
  Progress: 127/140 | Rate: 0.05/s | ETA: 4.0m
  Progress: 128/140 | Rate: 0.05/s | ETA: 3.7m
  Progress: 129/140 | Rate: 0.05/s | ETA: 3.4m
  Progress: 130/140 | Rate: 0.05/s | ETA: 3.1m
  Progress: 131/140 | Rate: 0.05/s | ETA: 2.7m
  Progress: 132/140 | Rate: 0.05/s | ETA: 2.4m
  Progress: 133/140 | Rate: 0.05/s | ETA: 2.1m
  Progress: 134/140 | Rate: 0.05/s | ETA: 1.8m
  Progress: 135/140 | Rate: 0.05/s | ETA: 1.5m
  Progress: 136/140 | Rate: 0.05/s | ETA: 1.2m
  Progress: 137/140 | Rate: 0.05/s | ETA: 0.9m
  Progress: 138/140 | Rate: 0.05/s | ETA: 0.6m
  Progress: 139/140 | Rate: 0.05/s | ETA: 0.3m
  Progress: 140/140 | Rate: 0.05/s | ETA: 0.0m

✔ Done. 140 evaluations in 2584.0s (0.05/s)
>>> gemma4_e4b_vanilla_sample1_responses.jsonl  17:45:25Z

============================================================
  Judge:  kimi (moonshotai/kimi-k2-thinking-maas)
  Input:  runs/run_20260521/responses/gemma4_e4b_vanilla_sample1_responses.jsonl
  Output: /home/satvik/Documents/CIKM/runs/run_20260521/evaluations/kimi_evaluations_gemma4_e4b_vanilla_sample1.jsonl
============================================================
  Remaining: 140 rows
  [cat1_orig_001] [Attempt 1] HTTP 429: [{
  "error": {
    "code": 429,
    "message": "Resource exhausted. Please try again later. Please refer to https://clo — waiting 60s
  Progress: 1/140 | Rate: 0.01/s | ETA: 174.7m
  Progress: 2/140 | Rate: 0.02/s | ETA: 103.3m
  Progress: 3/140 | Rate: 0.03/s | ETA: 84.3m
  Progress: 4/140 | Rate: 0.03/s | ETA: 82.6m
  Progress: 5/140 | Rate: 0.03/s | ETA: 78.6m
  Progress: 6/140 | Rate: 0.03/s | ETA: 70.7m
  Progress: 7/140 | Rate: 0.03/s | ETA: 64.5m
  Progress: 8/140 | Rate: 0.04/s | ETA: 59.1m
  Progress: 9/140 | Rate: 0.04/s | ETA: 56.0m
  Progress: 10/140 | Rate: 0.04/s | ETA: 52.3m
  Progress: 11/140 | Rate: 0.04/s | ETA: 49.8m
  Progress: 12/140 | Rate: 0.04/s | ETA: 48.8m
  Progress: 13/140 | Rate: 0.04/s | ETA: 48.2m
  Progress: 14/140 | Rate: 0.04/s | ETA: 46.7m
  Progress: 15/140 | Rate: 0.05/s | ETA: 44.7m
  Progress: 16/140 | Rate: 0.05/s | ETA: 43.7m
  Progress: 17/140 | Rate: 0.05/s | ETA: 43.7m
  Progress: 18/140 | Rate: 0.05/s | ETA: 43.1m
  Progress: 19/140 | Rate: 0.05/s | ETA: 42.4m
  Progress: 20/140 | Rate: 0.05/s | ETA: 41.6m
  Progress: 21/140 | Rate: 0.05/s | ETA: 40.5m
  Progress: 22/140 | Rate: 0.05/s | ETA: 39.8m
  Progress: 23/140 | Rate: 0.05/s | ETA: 38.9m
  Progress: 24/140 | Rate: 0.05/s | ETA: 38.4m
  Progress: 25/140 | Rate: 0.05/s | ETA: 37.9m
  Progress: 26/140 | Rate: 0.05/s | ETA: 37.9m
  Progress: 27/140 | Rate: 0.05/s | ETA: 37.0m
  Progress: 28/140 | Rate: 0.05/s | ETA: 36.4m
  Progress: 29/140 | Rate: 0.05/s | ETA: 35.5m
  Progress: 30/140 | Rate: 0.05/s | ETA: 36.7m
  Progress: 31/140 | Rate: 0.05/s | ETA: 36.1m
  Progress: 32/140 | Rate: 0.05/s | ETA: 36.2m
  Progress: 33/140 | Rate: 0.05/s | ETA: 35.8m
  Progress: 34/140 | Rate: 0.05/s | ETA: 35.3m
  Progress: 35/140 | Rate: 0.05/s | ETA: 34.7m
  Progress: 36/140 | Rate: 0.05/s | ETA: 34.3m
  Progress: 37/140 | Rate: 0.05/s | ETA: 33.5m
  Progress: 38/140 | Rate: 0.05/s | ETA: 33.2m
  Progress: 39/140 | Rate: 0.05/s | ETA: 32.6m
  Progress: 40/140 | Rate: 0.05/s | ETA: 31.9m
  Progress: 41/140 | Rate: 0.05/s | ETA: 31.8m
  Progress: 42/140 | Rate: 0.05/s | ETA: 31.1m
  Progress: 43/140 | Rate: 0.05/s | ETA: 30.7m
  Progress: 44/140 | Rate: 0.05/s | ETA: 30.0m
  Progress: 45/140 | Rate: 0.05/s | ETA: 29.4m
  Progress: 46/140 | Rate: 0.05/s | ETA: 29.0m
  Progress: 47/140 | Rate: 0.05/s | ETA: 28.7m
  Progress: 48/140 | Rate: 0.05/s | ETA: 28.5m
  Progress: 49/140 | Rate: 0.05/s | ETA: 28.3m
  Progress: 50/140 | Rate: 0.05/s | ETA: 28.3m
  Progress: 51/140 | Rate: 0.05/s | ETA: 28.0m
  Progress: 52/140 | Rate: 0.05/s | ETA: 27.5m
  Progress: 53/140 | Rate: 0.05/s | ETA: 27.0m
  Progress: 54/140 | Rate: 0.05/s | ETA: 26.5m
  Progress: 55/140 | Rate: 0.05/s | ETA: 26.1m
  Progress: 56/140 | Rate: 0.05/s | ETA: 25.6m
  Progress: 57/140 | Rate: 0.05/s | ETA: 25.2m
  Progress: 58/140 | Rate: 0.06/s | ETA: 24.6m
  Progress: 59/140 | Rate: 0.06/s | ETA: 24.4m
  Progress: 60/140 | Rate: 0.06/s | ETA: 23.9m
  Progress: 61/140 | Rate: 0.06/s | ETA: 23.8m
  Progress: 62/140 | Rate: 0.06/s | ETA: 23.4m
  Progress: 63/140 | Rate: 0.06/s | ETA: 23.1m
  Progress: 64/140 | Rate: 0.06/s | ETA: 22.8m
  Progress: 65/140 | Rate: 0.06/s | ETA: 22.5m
  Progress: 66/140 | Rate: 0.06/s | ETA: 22.2m
  Progress: 67/140 | Rate: 0.06/s | ETA: 21.8m
  Progress: 68/140 | Rate: 0.06/s | ETA: 21.4m
  Progress: 69/140 | Rate: 0.06/s | ETA: 21.1m
  Progress: 70/140 | Rate: 0.06/s | ETA: 20.9m
  Progress: 71/140 | Rate: 0.06/s | ETA: 20.6m
  Progress: 72/140 | Rate: 0.06/s | ETA: 20.4m
  Progress: 73/140 | Rate: 0.06/s | ETA: 20.0m
  Progress: 74/140 | Rate: 0.06/s | ETA: 19.6m
  Progress: 75/140 | Rate: 0.06/s | ETA: 19.3m
  Progress: 76/140 | Rate: 0.06/s | ETA: 18.9m
  Progress: 77/140 | Rate: 0.06/s | ETA: 18.5m
  Progress: 78/140 | Rate: 0.06/s | ETA: 18.1m
  Progress: 79/140 | Rate: 0.06/s | ETA: 17.9m
  Progress: 80/140 | Rate: 0.06/s | ETA: 17.5m
  Progress: 81/140 | Rate: 0.06/s | ETA: 17.2m
  Progress: 82/140 | Rate: 0.06/s | ETA: 16.8m
  Progress: 83/140 | Rate: 0.06/s | ETA: 16.4m
  Progress: 84/140 | Rate: 0.06/s | ETA: 16.1m
  Progress: 85/140 | Rate: 0.06/s | ETA: 15.8m
  Progress: 86/140 | Rate: 0.06/s | ETA: 15.5m
  Progress: 87/140 | Rate: 0.06/s | ETA: 15.2m
  [cat2_real_003] [Attempt 1] HTTP 429: [{
  "error": {
    "code": 429,
    "message": "Resource exhausted. Please try again later. Please refer to https://clo — waiting 60s
  Progress: 88/140 | Rate: 0.06/s | ETA: 15.7m
  Progress: 89/140 | Rate: 0.06/s | ETA: 15.4m
  Progress: 90/140 | Rate: 0.06/s | ETA: 15.0m
  Progress: 91/140 | Rate: 0.06/s | ETA: 14.6m
  Progress: 92/140 | Rate: 0.06/s | ETA: 14.2m
  Progress: 93/140 | Rate: 0.06/s | ETA: 13.8m
  Progress: 94/140 | Rate: 0.06/s | ETA: 13.4m
  Progress: 95/140 | Rate: 0.06/s | ETA: 13.1m
  Progress: 96/140 | Rate: 0.06/s | ETA: 12.7m
  Progress: 97/140 | Rate: 0.06/s | ETA: 12.4m
  Progress: 98/140 | Rate: 0.06/s | ETA: 12.1m
  Progress: 99/140 | Rate: 0.06/s | ETA: 11.7m
  Progress: 100/140 | Rate: 0.06/s | ETA: 11.4m
  Progress: 101/140 | Rate: 0.06/s | ETA: 11.0m
  Progress: 102/140 | Rate: 0.06/s | ETA: 10.7m
  Progress: 103/140 | Rate: 0.06/s | ETA: 10.4m
  Progress: 104/140 | Rate: 0.06/s | ETA: 10.1m
  Progress: 105/140 | Rate: 0.06/s | ETA: 9.8m
  Progress: 106/140 | Rate: 0.06/s | ETA: 9.5m
  Progress: 107/140 | Rate: 0.06/s | ETA: 9.2m
  Progress: 108/140 | Rate: 0.06/s | ETA: 8.9m
  Progress: 109/140 | Rate: 0.06/s | ETA: 8.5m
  Progress: 110/140 | Rate: 0.06/s | ETA: 8.3m
  Progress: 111/140 | Rate: 0.06/s | ETA: 8.0m
  Progress: 112/140 | Rate: 0.06/s | ETA: 7.7m
  Progress: 113/140 | Rate: 0.06/s | ETA: 7.4m
  Progress: 114/140 | Rate: 0.06/s | ETA: 7.1m
  Progress: 115/140 | Rate: 0.06/s | ETA: 6.9m
  Progress: 116/140 | Rate: 0.06/s | ETA: 6.6m
  Progress: 117/140 | Rate: 0.06/s | ETA: 6.3m
  Progress: 118/140 | Rate: 0.06/s | ETA: 6.0m
  Progress: 119/140 | Rate: 0.06/s | ETA: 5.7m
  Progress: 120/140 | Rate: 0.06/s | ETA: 5.4m
  Progress: 121/140 | Rate: 0.06/s | ETA: 5.1m
  Progress: 122/140 | Rate: 0.06/s | ETA: 4.9m
  Progress: 123/140 | Rate: 0.06/s | ETA: 4.6m
  Progress: 124/140 | Rate: 0.06/s | ETA: 4.3m
  Progress: 125/140 | Rate: 0.06/s | ETA: 4.0m
  Progress: 126/140 | Rate: 0.06/s | ETA: 3.8m
  Progress: 127/140 | Rate: 0.06/s | ETA: 3.5m
  Progress: 128/140 | Rate: 0.06/s | ETA: 3.2m
  Progress: 129/140 | Rate: 0.06/s | ETA: 3.0m
  Progress: 130/140 | Rate: 0.06/s | ETA: 2.7m
  Progress: 131/140 | Rate: 0.06/s | ETA: 2.4m
  Progress: 132/140 | Rate: 0.06/s | ETA: 2.2m
  Progress: 133/140 | Rate: 0.06/s | ETA: 1.9m
  Progress: 134/140 | Rate: 0.06/s | ETA: 1.6m
  Progress: 135/140 | Rate: 0.06/s | ETA: 1.3m
  Progress: 136/140 | Rate: 0.06/s | ETA: 1.1m
  Progress: 137/140 | Rate: 0.06/s | ETA: 0.8m
  Progress: 138/140 | Rate: 0.06/s | ETA: 0.5m
  Progress: 139/140 | Rate: 0.06/s | ETA: 0.3m
  Progress: 140/140 | Rate: 0.06/s | ETA: 0.0m

✔ Done. 140 evaluations in 2253.6s (0.06/s)
>>> gemma4_e4b_vanilla_sample2_responses.jsonl  18:22:59Z

============================================================
  Judge:  kimi (moonshotai/kimi-k2-thinking-maas)
  Input:  runs/run_20260521/responses/gemma4_e4b_vanilla_sample2_responses.jsonl
  Output: /home/satvik/Documents/CIKM/runs/run_20260521/evaluations/kimi_evaluations_gemma4_e4b_vanilla_sample2.jsonl
============================================================
  Remaining: 140 rows
  Progress: 1/140 | Rate: 0.13/s | ETA: 17.2m
  Progress: 2/140 | Rate: 0.09/s | ETA: 25.0m
  Progress: 3/140 | Rate: 0.08/s | ETA: 29.8m
  Progress: 4/140 | Rate: 0.08/s | ETA: 29.1m
  Progress: 5/140 | Rate: 0.07/s | ETA: 32.2m
  Progress: 6/140 | Rate: 0.07/s | ETA: 31.6m
  Progress: 7/140 | Rate: 0.07/s | ETA: 30.1m
  Progress: 8/140 | Rate: 0.06/s | ETA: 34.7m
  Progress: 9/140 | Rate: 0.06/s | ETA: 33.9m
  Progress: 10/140 | Rate: 0.06/s | ETA: 35.9m
  Progress: 11/140 | Rate: 0.06/s | ETA: 35.5m
  Progress: 12/140 | Rate: 0.06/s | ETA: 36.1m
  Progress: 13/140 | Rate: 0.06/s | ETA: 35.3m
  Progress: 14/140 | Rate: 0.06/s | ETA: 35.7m
  Progress: 15/140 | Rate: 0.06/s | ETA: 34.8m
  [cat2_orig_006] [Attempt 1] HTTP 429: [{
  "error": {
    "code": 429,
    "message": "Resource exhausted. Please try again later. Please refer to https://clo — waiting 60s
  Progress: 16/140 | Rate: 0.05/s | ETA: 42.3m
  Progress: 17/140 | Rate: 0.05/s | ETA: 42.2m
  Progress: 18/140 | Rate: 0.05/s | ETA: 40.7m
  Progress: 19/140 | Rate: 0.05/s | ETA: 40.4m
  Progress: 20/140 | Rate: 0.05/s | ETA: 40.2m
  Progress: 21/140 | Rate: 0.05/s | ETA: 40.1m
  Progress: 22/140 | Rate: 0.05/s | ETA: 40.1m
  Progress: 23/140 | Rate: 0.05/s | ETA: 39.3m
  Progress: 24/140 | Rate: 0.05/s | ETA: 39.0m
  Progress: 25/140 | Rate: 0.05/s | ETA: 38.0m
  Progress: 26/140 | Rate: 0.05/s | ETA: 37.4m
  Progress: 27/140 | Rate: 0.05/s | ETA: 36.6m
  Progress: 28/140 | Rate: 0.05/s | ETA: 35.9m
  Progress: 29/140 | Rate: 0.05/s | ETA: 35.7m
  Progress: 30/140 | Rate: 0.05/s | ETA: 34.9m
  Progress: 31/140 | Rate: 0.05/s | ETA: 34.3m
  Progress: 32/140 | Rate: 0.05/s | ETA: 33.8m
  Progress: 33/140 | Rate: 0.05/s | ETA: 33.3m
  Progress: 34/140 | Rate: 0.05/s | ETA: 32.8m
  Progress: 35/140 | Rate: 0.05/s | ETA: 32.8m
  Progress: 36/140 | Rate: 0.05/s | ETA: 32.2m
  Progress: 37/140 | Rate: 0.05/s | ETA: 32.1m
  Progress: 38/140 | Rate: 0.05/s | ETA: 32.0m
  Progress: 39/140 | Rate: 0.05/s | ETA: 31.8m
  Progress: 40/140 | Rate: 0.05/s | ETA: 31.2m
  Progress: 41/140 | Rate: 0.05/s | ETA: 30.9m
  Progress: 42/140 | Rate: 0.05/s | ETA: 30.6m
  Progress: 43/140 | Rate: 0.05/s | ETA: 30.6m
  Progress: 44/140 | Rate: 0.05/s | ETA: 30.5m
  Progress: 45/140 | Rate: 0.05/s | ETA: 30.2m
  Progress: 46/140 | Rate: 0.05/s | ETA: 30.1m
  Progress: 47/140 | Rate: 0.05/s | ETA: 29.7m
  Progress: 48/140 | Rate: 0.05/s | ETA: 29.9m
  [Parse error] Expecting value: line 1 column 1 (char 0) — snippet: 
  [cat5_orig_009] [Attempt 1] Parse failed — retrying
  Progress: 49/140 | Rate: 0.05/s | ETA: 31.9m
  Progress: 50/140 | Rate: 0.05/s | ETA: 31.7m
  Progress: 51/140 | Rate: 0.05/s | ETA: 31.5m
  Progress: 52/140 | Rate: 0.05/s | ETA: 31.2m
  Progress: 53/140 | Rate: 0.05/s | ETA: 30.6m
  Progress: 54/140 | Rate: 0.05/s | ETA: 30.3m
  Progress: 55/140 | Rate: 0.05/s | ETA: 30.5m
  Progress: 56/140 | Rate: 0.05/s | ETA: 29.9m
  Progress: 57/140 | Rate: 0.05/s | ETA: 29.3m
  Progress: 58/140 | Rate: 0.05/s | ETA: 28.9m
  Progress: 59/140 | Rate: 0.05/s | ETA: 28.4m
  Progress: 60/140 | Rate: 0.05/s | ETA: 28.4m
  Progress: 61/140 | Rate: 0.05/s | ETA: 28.3m
  Progress: 62/140 | Rate: 0.05/s | ETA: 28.0m
  Progress: 63/140 | Rate: 0.05/s | ETA: 27.4m
  Progress: 64/140 | Rate: 0.05/s | ETA: 27.2m
  Progress: 65/140 | Rate: 0.05/s | ETA: 27.2m
  Progress: 66/140 | Rate: 0.05/s | ETA: 26.7m
  Progress: 67/140 | Rate: 0.05/s | ETA: 26.4m
  Progress: 68/140 | Rate: 0.05/s | ETA: 26.3m
  Progress: 69/140 | Rate: 0.05/s | ETA: 26.0m
  Progress: 70/140 | Rate: 0.05/s | ETA: 25.5m
  Progress: 71/140 | Rate: 0.05/s | ETA: 25.1m
  Progress: 72/140 | Rate: 0.05/s | ETA: 24.6m
  Progress: 73/140 | Rate: 0.05/s | ETA: 24.0m
  Progress: 74/140 | Rate: 0.05/s | ETA: 23.7m
  Progress: 75/140 | Rate: 0.05/s | ETA: 23.6m
  Progress: 76/140 | Rate: 0.05/s | ETA: 23.1m
  Progress: 77/140 | Rate: 0.05/s | ETA: 22.5m
  Progress: 78/140 | Rate: 0.05/s | ETA: 22.0m
  Progress: 79/140 | Rate: 0.05/s | ETA: 21.6m
  Progress: 80/140 | Rate: 0.05/s | ETA: 21.2m
  Progress: 81/140 | Rate: 0.05/s | ETA: 20.9m
  Progress: 82/140 | Rate: 0.05/s | ETA: 20.6m
  Progress: 83/140 | Rate: 0.05/s | ETA: 20.2m
  Progress: 84/140 | Rate: 0.05/s | ETA: 19.8m
  Progress: 85/140 | Rate: 0.05/s | ETA: 19.4m
  Progress: 86/140 | Rate: 0.05/s | ETA: 18.9m
  Progress: 87/140 | Rate: 0.05/s | ETA: 18.5m
  Progress: 88/140 | Rate: 0.05/s | ETA: 18.0m
  Progress: 89/140 | Rate: 0.05/s | ETA: 17.6m
  Progress: 90/140 | Rate: 0.05/s | ETA: 17.3m
  Progress: 91/140 | Rate: 0.05/s | ETA: 17.0m
  Progress: 92/140 | Rate: 0.05/s | ETA: 16.7m
  Progress: 93/140 | Rate: 0.05/s | ETA: 16.3m
  Progress: 94/140 | Rate: 0.05/s | ETA: 16.1m
  Progress: 95/140 | Rate: 0.05/s | ETA: 15.7m
  Progress: 96/140 | Rate: 0.05/s | ETA: 15.4m
  Progress: 97/140 | Rate: 0.05/s | ETA: 15.0m
  Progress: 98/140 | Rate: 0.05/s | ETA: 14.7m
  Progress: 99/140 | Rate: 0.05/s | ETA: 14.2m
  Progress: 100/140 | Rate: 0.05/s | ETA: 13.9m
  Progress: 101/140 | Rate: 0.05/s | ETA: 13.7m
  Progress: 102/140 | Rate: 0.05/s | ETA: 13.3m
  Progress: 103/140 | Rate: 0.05/s | ETA: 12.9m
  Progress: 104/140 | Rate: 0.05/s | ETA: 12.5m
  Progress: 105/140 | Rate: 0.05/s | ETA: 12.2m
  Progress: 106/140 | Rate: 0.05/s | ETA: 11.9m
  Progress: 107/140 | Rate: 0.05/s | ETA: 11.6m
  Progress: 108/140 | Rate: 0.05/s | ETA: 11.2m
  Progress: 109/140 | Rate: 0.05/s | ETA: 10.9m
  Progress: 110/140 | Rate: 0.05/s | ETA: 10.5m
  Progress: 111/140 | Rate: 0.05/s | ETA: 10.1m
  Progress: 112/140 | Rate: 0.05/s | ETA: 9.8m
  Progress: 113/140 | Rate: 0.05/s | ETA: 9.4m
  Progress: 114/140 | Rate: 0.05/s | ETA: 9.1m
  Progress: 115/140 | Rate: 0.05/s | ETA: 8.7m
  Progress: 116/140 | Rate: 0.05/s | ETA: 8.4m
  Progress: 117/140 | Rate: 0.05/s | ETA: 8.0m
  Progress: 118/140 | Rate: 0.05/s | ETA: 7.7m
  Progress: 119/140 | Rate: 0.05/s | ETA: 7.3m
  Progress: 120/140 | Rate: 0.05/s | ETA: 6.9m
  Progress: 121/140 | Rate: 0.05/s | ETA: 6.6m
  Progress: 122/140 | Rate: 0.05/s | ETA: 6.2m
  Progress: 123/140 | Rate: 0.05/s | ETA: 5.9m
  Progress: 124/140 | Rate: 0.05/s | ETA: 5.5m
  Progress: 125/140 | Rate: 0.05/s | ETA: 5.2m
  Progress: 126/140 | Rate: 0.05/s | ETA: 4.8m
  Progress: 127/140 | Rate: 0.05/s | ETA: 4.5m
  Progress: 128/140 | Rate: 0.05/s | ETA: 4.1m
  Progress: 129/140 | Rate: 0.05/s | ETA: 3.7m
  Progress: 130/140 | Rate: 0.05/s | ETA: 3.4m
  Progress: 131/140 | Rate: 0.05/s | ETA: 3.1m
  Progress: 132/140 | Rate: 0.05/s | ETA: 2.7m
  Progress: 133/140 | Rate: 0.05/s | ETA: 2.4m
  Progress: 134/140 | Rate: 0.05/s | ETA: 2.0m
  Progress: 135/140 | Rate: 0.05/s | ETA: 1.7m
  Progress: 136/140 | Rate: 0.05/s | ETA: 1.3m
  Progress: 137/140 | Rate: 0.05/s | ETA: 1.0m
  Progress: 138/140 | Rate: 0.05/s | ETA: 0.7m
  Progress: 139/140 | Rate: 0.05/s | ETA: 0.3m
  Progress: 140/140 | Rate: 0.05/s | ETA: 0.0m

✔ Done. 140 evaluations in 2785.7s (0.05/s)
>>> gpt_oss_120b_clarification_first_sample0_responses.jsonl  19:09:25Z

============================================================
  Judge:  kimi (moonshotai/kimi-k2-thinking-maas)
  Input:  runs/run_20260521/responses/gpt_oss_120b_clarification_first_sample0_responses.jsonl
  Output: /home/satvik/Documents/CIKM/runs/run_20260521/evaluations/kimi_evaluations_gpt_oss_120b_clarification_first_sample0.jsonl
============================================================
  Remaining: 140 rows
  Progress: 1/140 | Rate: 0.07/s | ETA: 34.2m
  Progress: 2/140 | Rate: 0.08/s | ETA: 29.8m
  Progress: 3/140 | Rate: 0.09/s | ETA: 25.8m
  Progress: 4/140 | Rate: 0.09/s | ETA: 24.1m
  Progress: 5/140 | Rate: 0.10/s | ETA: 22.3m
  Progress: 6/140 | Rate: 0.11/s | ETA: 20.7m
  Progress: 7/140 | Rate: 0.10/s | ETA: 21.2m
  Progress: 8/140 | Rate: 0.11/s | ETA: 19.7m
  Progress: 9/140 | Rate: 0.12/s | ETA: 18.7m
  Progress: 10/140 | Rate: 0.12/s | ETA: 18.4m
  Progress: 11/140 | Rate: 0.12/s | ETA: 18.0m
  Progress: 12/140 | Rate: 0.12/s | ETA: 18.4m
  Progress: 13/140 | Rate: 0.11/s | ETA: 19.0m
  Progress: 14/140 | Rate: 0.08/s | ETA: 24.8m
  Progress: 15/140 | Rate: 0.08/s | ETA: 24.9m
  Progress: 16/140 | Rate: 0.09/s | ETA: 23.9m
  Progress: 17/140 | Rate: 0.08/s | ETA: 24.5m
  Progress: 18/140 | Rate: 0.08/s | ETA: 24.1m
  Progress: 19/140 | Rate: 0.08/s | ETA: 23.7m
  Progress: 20/140 | Rate: 0.09/s | ETA: 23.1m
  Progress: 21/140 | Rate: 0.08/s | ETA: 23.7m
  Progress: 22/140 | Rate: 0.09/s | ETA: 23.0m
  Progress: 23/140 | Rate: 0.08/s | ETA: 24.1m
  Progress: 24/140 | Rate: 0.08/s | ETA: 24.8m
  Progress: 25/140 | Rate: 0.08/s | ETA: 25.3m
  Progress: 26/140 | Rate: 0.08/s | ETA: 25.2m
  Progress: 27/140 | Rate: 0.08/s | ETA: 24.7m
  Progress: 28/140 | Rate: 0.08/s | ETA: 24.3m
  Progress: 29/140 | Rate: 0.08/s | ETA: 24.1m
  Progress: 30/140 | Rate: 0.08/s | ETA: 23.8m
  Progress: 31/140 | Rate: 0.07/s | ETA: 24.4m
  Progress: 32/140 | Rate: 0.07/s | ETA: 24.8m
  Progress: 33/140 | Rate: 0.07/s | ETA: 24.4m
  Progress: 34/140 | Rate: 0.07/s | ETA: 24.3m
  Progress: 35/140 | Rate: 0.07/s | ETA: 24.5m
  Progress: 36/140 | Rate: 0.07/s | ETA: 23.9m
  Progress: 37/140 | Rate: 0.07/s | ETA: 24.0m
  Progress: 38/140 | Rate: 0.07/s | ETA: 24.0m
  Progress: 39/140 | Rate: 0.07/s | ETA: 24.9m
  Progress: 40/140 | Rate: 0.07/s | ETA: 24.5m
  Progress: 41/140 | Rate: 0.07/s | ETA: 24.4m
  Progress: 42/140 | Rate: 0.07/s | ETA: 24.1m
  Progress: 43/140 | Rate: 0.07/s | ETA: 23.8m
  Progress: 44/140 | Rate: 0.07/s | ETA: 23.5m
  Progress: 45/140 | Rate: 0.07/s | ETA: 23.3m
  Progress: 46/140 | Rate: 0.07/s | ETA: 23.5m
  Progress: 47/140 | Rate: 0.07/s | ETA: 23.5m
  Progress: 48/140 | Rate: 0.07/s | ETA: 23.1m
  [cat5_orig_009] [Attempt 1] HTTP 429: [{
  "error": {
    "code": 429,
    "message": "Resource exhausted. Please try again later. Please refer to https://clo — waiting 60s
  Progress: 49/140 | Rate: 0.06/s | ETA: 24.7m
  Progress: 50/140 | Rate: 0.06/s | ETA: 24.3m
  Progress: 51/140 | Rate: 0.06/s | ETA: 23.8m
  Progress: 52/140 | Rate: 0.06/s | ETA: 23.4m
  Progress: 53/140 | Rate: 0.06/s | ETA: 24.0m
  Progress: 54/140 | Rate: 0.06/s | ETA: 23.6m
  Progress: 55/140 | Rate: 0.06/s | ETA: 23.1m
  Progress: 56/140 | Rate: 0.06/s | ETA: 23.0m
  Progress: 57/140 | Rate: 0.06/s | ETA: 22.8m
  Progress: 58/140 | Rate: 0.06/s | ETA: 23.0m
  Progress: 59/140 | Rate: 0.06/s | ETA: 22.6m
  Progress: 60/140 | Rate: 0.06/s | ETA: 22.2m
  Progress: 61/140 | Rate: 0.06/s | ETA: 21.9m
  Progress: 62/140 | Rate: 0.06/s | ETA: 21.4m
  Progress: 63/140 | Rate: 0.06/s | ETA: 21.4m
  [Parse error] Expecting value: line 1 column 1 (char 0) — snippet: 
  [cat7_orig_004] [Attempt 1] Parse failed — retrying
  Progress: 64/140 | Rate: 0.06/s | ETA: 21.6m
  Progress: 65/140 | Rate: 0.06/s | ETA: 21.3m
  Progress: 66/140 | Rate: 0.06/s | ETA: 20.8m
  Progress: 67/140 | Rate: 0.06/s | ETA: 20.8m
  Progress: 68/140 | Rate: 0.06/s | ETA: 20.5m
  Progress: 69/140 | Rate: 0.06/s | ETA: 20.2m
  Progress: 70/140 | Rate: 0.06/s | ETA: 19.7m
  Progress: 71/140 | Rate: 0.06/s | ETA: 19.3m
  Progress: 72/140 | Rate: 0.06/s | ETA: 19.2m
  Progress: 73/140 | Rate: 0.06/s | ETA: 19.1m
  Progress: 74/140 | Rate: 0.06/s | ETA: 18.8m
  Progress: 75/140 | Rate: 0.06/s | ETA: 18.4m
  Progress: 76/140 | Rate: 0.06/s | ETA: 18.1m
  Progress: 77/140 | Rate: 0.06/s | ETA: 17.8m
  Progress: 78/140 | Rate: 0.06/s | ETA: 17.4m
  Progress: 79/140 | Rate: 0.06/s | ETA: 17.1m
  Progress: 80/140 | Rate: 0.06/s | ETA: 16.7m
  Progress: 81/140 | Rate: 0.06/s | ETA: 16.6m
  Progress: 82/140 | Rate: 0.06/s | ETA: 16.3m
  Progress: 83/140 | Rate: 0.06/s | ETA: 16.0m
  Progress: 84/140 | Rate: 0.06/s | ETA: 15.8m
  Progress: 85/140 | Rate: 0.06/s | ETA: 15.5m
  Progress: 86/140 | Rate: 0.06/s | ETA: 15.2m
  Progress: 87/140 | Rate: 0.06/s | ETA: 14.9m
  Progress: 88/140 | Rate: 0.06/s | ETA: 14.7m
  Progress: 89/140 | Rate: 0.06/s | ETA: 14.3m
  Progress: 90/140 | Rate: 0.06/s | ETA: 14.1m
  Progress: 91/140 | Rate: 0.06/s | ETA: 13.7m
  Progress: 92/140 | Rate: 0.06/s | ETA: 13.4m
  Progress: 93/140 | Rate: 0.06/s | ETA: 13.0m
  Progress: 94/140 | Rate: 0.06/s | ETA: 12.7m
  Progress: 95/140 | Rate: 0.06/s | ETA: 12.5m
  Progress: 96/140 | Rate: 0.06/s | ETA: 12.2m
  Progress: 97/140 | Rate: 0.06/s | ETA: 11.8m
  Progress: 98/140 | Rate: 0.06/s | ETA: 11.5m
  Progress: 99/140 | Rate: 0.06/s | ETA: 11.2m
  Progress: 100/140 | Rate: 0.06/s | ETA: 10.9m
  Progress: 101/140 | Rate: 0.06/s | ETA: 10.6m
  Progress: 102/140 | Rate: 0.06/s | ETA: 10.3m
  Progress: 103/140 | Rate: 0.06/s | ETA: 10.0m
  Progress: 104/140 | Rate: 0.06/s | ETA: 9.8m
  Progress: 105/140 | Rate: 0.06/s | ETA: 9.5m
  Progress: 106/140 | Rate: 0.06/s | ETA: 9.2m
  Progress: 107/140 | Rate: 0.06/s | ETA: 9.0m
  Progress: 108/140 | Rate: 0.06/s | ETA: 8.7m
  Progress: 109/140 | Rate: 0.06/s | ETA: 8.4m
  Progress: 110/140 | Rate: 0.06/s | ETA: 8.1m
  Progress: 111/140 | Rate: 0.06/s | ETA: 7.9m
  Progress: 112/140 | Rate: 0.06/s | ETA: 7.6m
  Progress: 113/140 | Rate: 0.06/s | ETA: 7.4m
  Progress: 114/140 | Rate: 0.06/s | ETA: 7.1m
  Progress: 115/140 | Rate: 0.06/s | ETA: 6.8m
  Progress: 116/140 | Rate: 0.06/s | ETA: 6.5m
  Progress: 117/140 | Rate: 0.06/s | ETA: 6.2m
  Progress: 118/140 | Rate: 0.06/s | ETA: 6.0m
  Progress: 119/140 | Rate: 0.06/s | ETA: 5.8m
  Progress: 120/140 | Rate: 0.06/s | ETA: 5.5m
  Progress: 121/140 | Rate: 0.06/s | ETA: 5.2m
  Progress: 122/140 | Rate: 0.06/s | ETA: 4.9m
  Progress: 123/140 | Rate: 0.06/s | ETA: 4.6m
  Progress: 124/140 | Rate: 0.06/s | ETA: 4.3m
  Progress: 125/140 | Rate: 0.06/s | ETA: 4.1m
  Progress: 126/140 | Rate: 0.06/s | ETA: 3.8m
  Progress: 127/140 | Rate: 0.06/s | ETA: 3.5m
  Progress: 128/140 | Rate: 0.06/s | ETA: 3.2m
  Progress: 129/140 | Rate: 0.06/s | ETA: 3.0m
  Progress: 130/140 | Rate: 0.06/s | ETA: 2.7m
  Progress: 131/140 | Rate: 0.06/s | ETA: 2.4m
  Progress: 132/140 | Rate: 0.06/s | ETA: 2.2m
  [cat7_adapted_003] [Attempt 1] HTTP 429: [{
  "error": {
    "code": 429,
    "message": "Resource exhausted. Please try again later. Please refer to https://clo — waiting 60s
  Progress: 133/140 | Rate: 0.06/s | ETA: 2.0m
  Progress: 134/140 | Rate: 0.06/s | ETA: 1.7m
  Progress: 135/140 | Rate: 0.06/s | ETA: 1.4m
  Progress: 136/140 | Rate: 0.06/s | ETA: 1.1m
  Progress: 137/140 | Rate: 0.06/s | ETA: 0.8m
  Progress: 138/140 | Rate: 0.06/s | ETA: 0.6m
  Progress: 139/140 | Rate: 0.06/s | ETA: 0.3m
  Progress: 140/140 | Rate: 0.06/s | ETA: 0.0m

✔ Done. 140 evaluations in 2332.1s (0.06/s)
>>> gpt_oss_120b_clarification_first_sample1_responses.jsonl  19:48:18Z

============================================================
  Judge:  kimi (moonshotai/kimi-k2-thinking-maas)
  Input:  runs/run_20260521/responses/gpt_oss_120b_clarification_first_sample1_responses.jsonl
  Output: /home/satvik/Documents/CIKM/runs/run_20260521/evaluations/kimi_evaluations_gpt_oss_120b_clarification_first_sample1.jsonl
============================================================
  Remaining: 140 rows
  Progress: 1/140 | Rate: 0.09/s | ETA: 25.5m
  Progress: 2/140 | Rate: 0.12/s | ETA: 19.5m
  Progress: 3/140 | Rate: 0.14/s | ETA: 16.8m
  Progress: 4/140 | Rate: 0.14/s | ETA: 16.7m
  Progress: 5/140 | Rate: 0.13/s | ETA: 16.9m
  Progress: 6/140 | Rate: 0.14/s | ETA: 16.4m
  Progress: 7/140 | Rate: 0.13/s | ETA: 17.5m
  Progress: 8/140 | Rate: 0.13/s | ETA: 17.4m
  Progress: 9/140 | Rate: 0.12/s | ETA: 18.2m
  Progress: 10/140 | Rate: 0.11/s | ETA: 20.4m
  Progress: 11/140 | Rate: 0.09/s | ETA: 24.0m
  Progress: 12/140 | Rate: 0.09/s | ETA: 23.5m
  Progress: 13/140 | Rate: 0.09/s | ETA: 23.6m
  Progress: 14/140 | Rate: 0.09/s | ETA: 23.5m
  Progress: 15/140 | Rate: 0.09/s | ETA: 24.4m
  Progress: 16/140 | Rate: 0.09/s | ETA: 23.9m
  Progress: 17/140 | Rate: 0.08/s | ETA: 25.0m
  Progress: 18/140 | Rate: 0.08/s | ETA: 26.0m
  Progress: 19/140 | Rate: 0.08/s | ETA: 25.4m
  Progress: 20/140 | Rate: 0.08/s | ETA: 24.8m
  Progress: 21/140 | Rate: 0.08/s | ETA: 24.1m
  [Parse error] Expecting value: line 1 column 1 (char 0) — snippet: 
  [cat3_orig_002] [Attempt 1] Parse failed — retrying
  Progress: 22/140 | Rate: 0.08/s | ETA: 26.0m
  Progress: 23/140 | Rate: 0.08/s | ETA: 25.3m
  Progress: 24/140 | Rate: 0.07/s | ETA: 27.0m
  Progress: 25/140 | Rate: 0.07/s | ETA: 26.8m
  Progress: 26/140 | Rate: 0.07/s | ETA: 25.8m
  Progress: 27/140 | Rate: 0.08/s | ETA: 25.0m
  Progress: 28/140 | Rate: 0.08/s | ETA: 24.5m
  Progress: 29/140 | Rate: 0.08/s | ETA: 24.3m
  Progress: 30/140 | Rate: 0.08/s | ETA: 23.8m
  Progress: 31/140 | Rate: 0.08/s | ETA: 23.9m
  Progress: 32/140 | Rate: 0.08/s | ETA: 23.9m
  Progress: 33/140 | Rate: 0.08/s | ETA: 23.8m
  Progress: 34/140 | Rate: 0.07/s | ETA: 23.8m
  Progress: 35/140 | Rate: 0.07/s | ETA: 23.5m
  Progress: 36/140 | Rate: 0.08/s | ETA: 23.0m
  Progress: 37/140 | Rate: 0.08/s | ETA: 22.6m
  Progress: 38/140 | Rate: 0.08/s | ETA: 22.1m
  Progress: 39/140 | Rate: 0.08/s | ETA: 21.7m
  Progress: 40/140 | Rate: 0.08/s | ETA: 21.5m
  Progress: 41/140 | Rate: 0.08/s | ETA: 21.4m
  Progress: 42/140 | Rate: 0.08/s | ETA: 21.1m
  Progress: 43/140 | Rate: 0.08/s | ETA: 20.8m
  Progress: 44/140 | Rate: 0.08/s | ETA: 20.7m
  Progress: 45/140 | Rate: 0.08/s | ETA: 20.4m
  Progress: 46/140 | Rate: 0.08/s | ETA: 20.0m
  Progress: 47/140 | Rate: 0.08/s | ETA: 19.7m
  Progress: 48/140 | Rate: 0.08/s | ETA: 19.3m
  Progress: 49/140 | Rate: 0.08/s | ETA: 19.2m
  Progress: 50/140 | Rate: 0.08/s | ETA: 19.0m
  Progress: 51/140 | Rate: 0.08/s | ETA: 18.7m
  Progress: 52/140 | Rate: 0.08/s | ETA: 18.6m
  Progress: 53/140 | Rate: 0.08/s | ETA: 18.6m
  Progress: 54/140 | Rate: 0.08/s | ETA: 18.4m
  Progress: 55/140 | Rate: 0.08/s | ETA: 18.0m
  Progress: 56/140 | Rate: 0.08/s | ETA: 17.9m
  Progress: 57/140 | Rate: 0.08/s | ETA: 18.0m
  Progress: 58/140 | Rate: 0.08/s | ETA: 17.8m
  Progress: 59/140 | Rate: 0.08/s | ETA: 17.9m
  Progress: 60/140 | Rate: 0.08/s | ETA: 17.7m
  Progress: 61/140 | Rate: 0.08/s | ETA: 17.5m
  Progress: 62/140 | Rate: 0.08/s | ETA: 17.2m
  Progress: 63/140 | Rate: 0.08/s | ETA: 16.8m
  Progress: 64/140 | Rate: 0.08/s | ETA: 16.5m
  Progress: 65/140 | Rate: 0.08/s | ETA: 16.3m
  Progress: 66/140 | Rate: 0.08/s | ETA: 16.0m
  Progress: 67/140 | Rate: 0.08/s | ETA: 15.7m
  Progress: 68/140 | Rate: 0.08/s | ETA: 15.4m
  Progress: 69/140 | Rate: 0.08/s | ETA: 15.2m
  Progress: 70/140 | Rate: 0.08/s | ETA: 14.9m
  Progress: 71/140 | Rate: 0.08/s | ETA: 14.7m
  Progress: 72/140 | Rate: 0.08/s | ETA: 14.5m
  Progress: 73/140 | Rate: 0.08/s | ETA: 14.3m
  Progress: 74/140 | Rate: 0.08/s | ETA: 14.2m
  Progress: 75/140 | Rate: 0.08/s | ETA: 14.2m
  Progress: 76/140 | Rate: 0.08/s | ETA: 14.2m
  Progress: 77/140 | Rate: 0.07/s | ETA: 14.1m
  Progress: 78/140 | Rate: 0.07/s | ETA: 13.8m
  Progress: 79/140 | Rate: 0.08/s | ETA: 13.5m
  Progress: 80/140 | Rate: 0.07/s | ETA: 13.4m
  Progress: 81/140 | Rate: 0.07/s | ETA: 13.2m
  Progress: 82/140 | Rate: 0.07/s | ETA: 12.9m
  Progress: 83/140 | Rate: 0.07/s | ETA: 12.8m
  [cat2_adapted_004] [Attempt 1] HTTP 429: [{
  "error": {
    "code": 429,
    "message": "Resource exhausted. Please try again later. Please refer to https://clo — waiting 60s
  Progress: 84/140 | Rate: 0.07/s | ETA: 13.2m
  Progress: 85/140 | Rate: 0.07/s | ETA: 13.0m
  Progress: 86/140 | Rate: 0.07/s | ETA: 12.7m
  Progress: 87/140 | Rate: 0.07/s | ETA: 12.5m
  [cat2_real_003] [Attempt 1] HTTP 429: [{
  "error": {
    "code": 429,
    "message": "Resource exhausted. Please try again later. Please refer to https://clo — waiting 60s
  Progress: 88/140 | Rate: 0.07/s | ETA: 12.8m
  Progress: 89/140 | Rate: 0.07/s | ETA: 12.6m
  Progress: 90/140 | Rate: 0.07/s | ETA: 12.3m
  Progress: 91/140 | Rate: 0.07/s | ETA: 12.0m
  Progress: 92/140 | Rate: 0.07/s | ETA: 11.8m
  Progress: 93/140 | Rate: 0.07/s | ETA: 11.5m
  Progress: 94/140 | Rate: 0.07/s | ETA: 11.2m
  Progress: 95/140 | Rate: 0.07/s | ETA: 11.0m
  Progress: 96/140 | Rate: 0.07/s | ETA: 10.7m
  Progress: 97/140 | Rate: 0.07/s | ETA: 10.4m
  Progress: 98/140 | Rate: 0.07/s | ETA: 10.1m
  Progress: 99/140 | Rate: 0.07/s | ETA: 9.9m
  Progress: 100/140 | Rate: 0.07/s | ETA: 9.6m
  Progress: 101/140 | Rate: 0.07/s | ETA: 9.3m
  Progress: 102/140 | Rate: 0.07/s | ETA: 9.1m
  Progress: 103/140 | Rate: 0.07/s | ETA: 8.8m
  Progress: 104/140 | Rate: 0.07/s | ETA: 8.6m
  Progress: 105/140 | Rate: 0.07/s | ETA: 8.4m
  Progress: 106/140 | Rate: 0.07/s | ETA: 8.1m
  Progress: 107/140 | Rate: 0.07/s | ETA: 7.9m
  Progress: 108/140 | Rate: 0.07/s | ETA: 7.6m
  Progress: 109/140 | Rate: 0.07/s | ETA: 7.4m
  Progress: 110/140 | Rate: 0.07/s | ETA: 7.2m
  Progress: 111/140 | Rate: 0.07/s | ETA: 7.0m
  Progress: 112/140 | Rate: 0.07/s | ETA: 6.8m
  Progress: 113/140 | Rate: 0.07/s | ETA: 6.6m
  Progress: 114/140 | Rate: 0.07/s | ETA: 6.4m
  Progress: 115/140 | Rate: 0.07/s | ETA: 6.2m
  Progress: 116/140 | Rate: 0.07/s | ETA: 5.9m
  Progress: 117/140 | Rate: 0.07/s | ETA: 5.7m
  Progress: 118/140 | Rate: 0.07/s | ETA: 5.4m
  Progress: 119/140 | Rate: 0.07/s | ETA: 5.2m
  Progress: 120/140 | Rate: 0.07/s | ETA: 4.9m
  Progress: 121/140 | Rate: 0.07/s | ETA: 4.7m
  Progress: 122/140 | Rate: 0.07/s | ETA: 4.4m
  Progress: 123/140 | Rate: 0.07/s | ETA: 4.2m
  Progress: 124/140 | Rate: 0.07/s | ETA: 3.9m
  Progress: 125/140 | Rate: 0.07/s | ETA: 3.7m
  Progress: 126/140 | Rate: 0.07/s | ETA: 3.5m
  Progress: 127/140 | Rate: 0.07/s | ETA: 3.2m
  Progress: 128/140 | Rate: 0.07/s | ETA: 3.0m
  Progress: 129/140 | Rate: 0.07/s | ETA: 2.8m
  Progress: 130/140 | Rate: 0.07/s | ETA: 2.5m
  Progress: 131/140 | Rate: 0.07/s | ETA: 2.3m
  Progress: 132/140 | Rate: 0.07/s | ETA: 2.0m
  Progress: 133/140 | Rate: 0.07/s | ETA: 1.8m
  Progress: 134/140 | Rate: 0.07/s | ETA: 1.5m
  Progress: 135/140 | Rate: 0.07/s | ETA: 1.3m
  Progress: 136/140 | Rate: 0.07/s | ETA: 1.0m
  Progress: 137/140 | Rate: 0.07/s | ETA: 0.8m
  Progress: 138/140 | Rate: 0.07/s | ETA: 0.5m
  [Parse error] Expecting value: line 1 column 1 (char 0) — snippet: 
  [cat7_real_004] [Attempt 1] Parse failed — retrying
  Progress: 139/140 | Rate: 0.06/s | ETA: 0.3m
  Progress: 140/140 | Rate: 0.06/s | ETA: 0.0m

✔ Done. 140 evaluations in 2203.2s (0.06/s)
>>> gpt_oss_120b_clarification_first_sample2_responses.jsonl  20:25:17Z

============================================================
  Judge:  kimi (moonshotai/kimi-k2-thinking-maas)
  Input:  runs/run_20260521/responses/gpt_oss_120b_clarification_first_sample2_responses.jsonl
  Output: /home/satvik/Documents/CIKM/runs/run_20260521/evaluations/kimi_evaluations_gpt_oss_120b_clarification_first_sample2.jsonl
============================================================
  Remaining: 140 rows
  Progress: 1/140 | Rate: 0.12/s | ETA: 18.6m
  Progress: 2/140 | Rate: 0.08/s | ETA: 28.6m
  Progress: 3/140 | Rate: 0.10/s | ETA: 23.7m
  Progress: 4/140 | Rate: 0.11/s | ETA: 20.6m
  Progress: 5/140 | Rate: 0.12/s | ETA: 19.5m
  Progress: 6/140 | Rate: 0.11/s | ETA: 19.5m
  Progress: 7/140 | Rate: 0.11/s | ETA: 20.3m
  Progress: 8/140 | Rate: 0.11/s | ETA: 20.5m
  Progress: 9/140 | Rate: 0.10/s | ETA: 20.9m
  Progress: 10/140 | Rate: 0.10/s | ETA: 22.4m
  Progress: 11/140 | Rate: 0.09/s | ETA: 23.4m
  Progress: 12/140 | Rate: 0.08/s | ETA: 27.5m
  Progress: 13/140 | Rate: 0.07/s | ETA: 30.3m
  Progress: 14/140 | Rate: 0.07/s | ETA: 29.6m
  Progress: 15/140 | Rate: 0.07/s | ETA: 29.3m
  Progress: 16/140 | Rate: 0.07/s | ETA: 29.5m
  Progress: 17/140 | Rate: 0.07/s | ETA: 29.4m
  Progress: 18/140 | Rate: 0.07/s | ETA: 29.9m
  Progress: 19/140 | Rate: 0.06/s | ETA: 31.0m
  Progress: 20/140 | Rate: 0.06/s | ETA: 31.0m
  Progress: 21/140 | Rate: 0.06/s | ETA: 31.7m
  Progress: 22/140 | Rate: 0.06/s | ETA: 31.8m
  Progress: 23/140 | Rate: 0.06/s | ETA: 32.2m
  Progress: 24/140 | Rate: 0.06/s | ETA: 31.3m
  Progress: 25/140 | Rate: 0.06/s | ETA: 30.8m
  Progress: 26/140 | Rate: 0.06/s | ETA: 30.1m
  Progress: 27/140 | Rate: 0.06/s | ETA: 29.9m
  Progress: 28/140 | Rate: 0.06/s | ETA: 30.9m
  Progress: 29/140 | Rate: 0.06/s | ETA: 30.5m
  Progress: 30/140 | Rate: 0.06/s | ETA: 30.4m
  Progress: 31/140 | Rate: 0.06/s | ETA: 30.8m
  Progress: 32/140 | Rate: 0.06/s | ETA: 31.2m
  Progress: 33/140 | Rate: 0.06/s | ETA: 32.0m
  Progress: 34/140 | Rate: 0.05/s | ETA: 32.6m
  Progress: 35/140 | Rate: 0.05/s | ETA: 32.4m
  Progress: 36/140 | Rate: 0.05/s | ETA: 32.0m
  Progress: 37/140 | Rate: 0.05/s | ETA: 31.9m
  Progress: 38/140 | Rate: 0.05/s | ETA: 33.3m
  Progress: 39/140 | Rate: 0.05/s | ETA: 32.5m
  Progress: 40/140 | Rate: 0.05/s | ETA: 31.8m
  Progress: 41/140 | Rate: 0.05/s | ETA: 31.4m
  Progress: 42/140 | Rate: 0.05/s | ETA: 31.2m
  Progress: 43/140 | Rate: 0.05/s | ETA: 30.9m
  Progress: 44/140 | Rate: 0.05/s | ETA: 30.8m
  Progress: 45/140 | Rate: 0.05/s | ETA: 30.6m
  Progress: 46/140 | Rate: 0.05/s | ETA: 30.2m
  Progress: 47/140 | Rate: 0.05/s | ETA: 29.7m
  Progress: 48/140 | Rate: 0.05/s | ETA: 29.5m
  Progress: 49/140 | Rate: 0.05/s | ETA: 29.6m
  Progress: 50/140 | Rate: 0.05/s | ETA: 29.3m
  Progress: 51/140 | Rate: 0.05/s | ETA: 28.8m
  Progress: 52/140 | Rate: 0.05/s | ETA: 28.3m
  Progress: 53/140 | Rate: 0.05/s | ETA: 28.7m
  Progress: 54/140 | Rate: 0.05/s | ETA: 28.5m
  Progress: 55/140 | Rate: 0.05/s | ETA: 28.0m
  Progress: 56/140 | Rate: 0.05/s | ETA: 27.6m
  Progress: 57/140 | Rate: 0.05/s | ETA: 27.4m
  Progress: 58/140 | Rate: 0.05/s | ETA: 26.9m
  Progress: 59/140 | Rate: 0.05/s | ETA: 26.6m
  Progress: 60/140 | Rate: 0.05/s | ETA: 26.2m
  Progress: 61/140 | Rate: 0.05/s | ETA: 25.9m
  Progress: 62/140 | Rate: 0.05/s | ETA: 25.6m
  Progress: 63/140 | Rate: 0.05/s | ETA: 25.4m
  Progress: 64/140 | Rate: 0.05/s | ETA: 24.9m
  Progress: 65/140 | Rate: 0.05/s | ETA: 25.0m
  Progress: 66/140 | Rate: 0.05/s | ETA: 24.4m
  Progress: 67/140 | Rate: 0.05/s | ETA: 23.9m
  Progress: 68/140 | Rate: 0.05/s | ETA: 23.4m
  Progress: 69/140 | Rate: 0.05/s | ETA: 23.2m
  Progress: 70/140 | Rate: 0.05/s | ETA: 22.8m
  Progress: 71/140 | Rate: 0.05/s | ETA: 22.4m
  Progress: 72/140 | Rate: 0.05/s | ETA: 21.9m
  [cat1_adapted_003] [Attempt 1] HTTP 429: [{
  "error": {
    "code": 429,
    "message": "Resource exhausted. Please try again later. Please refer to https://clo — waiting 60s
  Progress: 73/140 | Rate: 0.05/s | ETA: 22.5m
  Progress: 74/140 | Rate: 0.05/s | ETA: 22.0m
  Progress: 75/140 | Rate: 0.05/s | ETA: 21.6m
  Progress: 76/140 | Rate: 0.05/s | ETA: 21.2m
  Progress: 77/140 | Rate: 0.05/s | ETA: 20.8m
  Progress: 78/140 | Rate: 0.05/s | ETA: 20.3m
  Progress: 79/140 | Rate: 0.05/s | ETA: 19.9m
  Progress: 80/140 | Rate: 0.05/s | ETA: 19.6m
  Progress: 81/140 | Rate: 0.05/s | ETA: 19.3m
  Progress: 82/140 | Rate: 0.05/s | ETA: 19.0m
  Progress: 83/140 | Rate: 0.05/s | ETA: 18.6m
  Progress: 84/140 | Rate: 0.05/s | ETA: 18.2m
  Progress: 85/140 | Rate: 0.05/s | ETA: 18.1m
  Progress: 86/140 | Rate: 0.05/s | ETA: 17.9m
  Progress: 87/140 | Rate: 0.05/s | ETA: 17.5m
  Progress: 88/140 | Rate: 0.05/s | ETA: 17.1m
  Progress: 89/140 | Rate: 0.05/s | ETA: 16.7m
  Progress: 90/140 | Rate: 0.05/s | ETA: 16.3m
  Progress: 91/140 | Rate: 0.05/s | ETA: 16.3m
  Progress: 92/140 | Rate: 0.05/s | ETA: 15.8m
  Progress: 93/140 | Rate: 0.05/s | ETA: 15.5m
  Progress: 94/140 | Rate: 0.05/s | ETA: 15.2m
  [cat3_adapted_005] [Attempt 1] HTTP 429: [{
  "error": {
    "code": 429,
    "message": "Resource exhausted. Please try again later. Please refer to https://clo — waiting 60s
  Progress: 95/140 | Rate: 0.05/s | ETA: 15.4m
  Progress: 96/140 | Rate: 0.05/s | ETA: 15.0m
  Progress: 97/140 | Rate: 0.05/s | ETA: 14.5m
  Progress: 98/140 | Rate: 0.05/s | ETA: 14.1m
  [cat3_real_004] [Attempt 1] HTTP 429: [{
  "error": {
    "code": 429,
    "message": "Resource exhausted. Please try again later. Please refer to https://clo — waiting 60s
  Progress: 99/140 | Rate: 0.05/s | ETA: 14.1m
  Progress: 100/140 | Rate: 0.05/s | ETA: 13.7m
  Progress: 101/140 | Rate: 0.05/s | ETA: 13.4m
  Progress: 102/140 | Rate: 0.05/s | ETA: 13.1m
  Progress: 103/140 | Rate: 0.05/s | ETA: 12.6m
  Progress: 104/140 | Rate: 0.05/s | ETA: 12.3m
  Progress: 105/140 | Rate: 0.05/s | ETA: 11.9m
  Progress: 106/140 | Rate: 0.05/s | ETA: 11.5m
  Progress: 107/140 | Rate: 0.05/s | ETA: 11.3m
  Progress: 108/140 | Rate: 0.05/s | ETA: 10.9m
  Progress: 109/140 | Rate: 0.05/s | ETA: 10.6m
  Progress: 110/140 | Rate: 0.05/s | ETA: 10.2m
  Progress: 111/140 | Rate: 0.05/s | ETA: 9.9m
  Progress: 112/140 | Rate: 0.05/s | ETA: 9.5m
  Progress: 113/140 | Rate: 0.05/s | ETA: 9.2m
  Progress: 114/140 | Rate: 0.05/s | ETA: 8.9m
  Progress: 115/140 | Rate: 0.05/s | ETA: 8.6m
  Progress: 116/140 | Rate: 0.05/s | ETA: 8.2m
  Progress: 117/140 | Rate: 0.05/s | ETA: 7.8m
  Progress: 118/140 | Rate: 0.05/s | ETA: 7.5m
  Progress: 119/140 | Rate: 0.05/s | ETA: 7.1m
  Progress: 120/140 | Rate: 0.05/s | ETA: 6.8m
  Progress: 121/140 | Rate: 0.05/s | ETA: 6.5m
  Progress: 122/140 | Rate: 0.05/s | ETA: 6.1m
  Progress: 123/140 | Rate: 0.05/s | ETA: 5.8m
  Progress: 124/140 | Rate: 0.05/s | ETA: 5.4m
  Progress: 125/140 | Rate: 0.05/s | ETA: 5.1m
  Progress: 126/140 | Rate: 0.05/s | ETA: 4.7m
  Progress: 127/140 | Rate: 0.05/s | ETA: 4.4m
  Progress: 128/140 | Rate: 0.05/s | ETA: 4.0m
  Progress: 129/140 | Rate: 0.05/s | ETA: 3.7m
  Progress: 130/140 | Rate: 0.05/s | ETA: 3.4m
  Progress: 131/140 | Rate: 0.05/s | ETA: 3.0m
  Progress: 132/140 | Rate: 0.05/s | ETA: 2.7m
  Progress: 133/140 | Rate: 0.05/s | ETA: 2.3m
  Progress: 134/140 | Rate: 0.05/s | ETA: 2.0m
  Progress: 135/140 | Rate: 0.05/s | ETA: 1.6m
  Progress: 136/140 | Rate: 0.05/s | ETA: 1.3m
  Progress: 137/140 | Rate: 0.05/s | ETA: 1.0m
  Progress: 138/140 | Rate: 0.05/s | ETA: 0.7m
  Progress: 139/140 | Rate: 0.05/s | ETA: 0.3m
  Progress: 140/140 | Rate: 0.05/s | ETA: 0.0m

✔ Done. 140 evaluations in 2741.9s (0.05/s)
>>> gpt_oss_120b_neutrality_oriented_sample0_responses.jsonl  21:11:00Z

============================================================
  Judge:  kimi (moonshotai/kimi-k2-thinking-maas)
  Input:  runs/run_20260521/responses/gpt_oss_120b_neutrality_oriented_sample0_responses.jsonl
  Output: /home/satvik/Documents/CIKM/runs/run_20260521/evaluations/kimi_evaluations_gpt_oss_120b_neutrality_oriented_sample0.jsonl
============================================================
  Remaining: 140 rows
  Progress: 1/140 | Rate: 0.13/s | ETA: 18.4m
  Progress: 2/140 | Rate: 0.10/s | ETA: 23.8m
  Progress: 3/140 | Rate: 0.08/s | ETA: 29.0m
  Progress: 4/140 | Rate: 0.07/s | ETA: 30.5m
  Progress: 5/140 | Rate: 0.08/s | ETA: 29.5m
  Progress: 6/140 | Rate: 0.07/s | ETA: 30.1m
  Progress: 7/140 | Rate: 0.08/s | ETA: 29.3m
  Progress: 8/140 | Rate: 0.08/s | ETA: 29.1m
  Progress: 9/140 | Rate: 0.07/s | ETA: 30.6m
  Progress: 10/140 | Rate: 0.07/s | ETA: 32.5m
  Progress: 11/140 | Rate: 0.07/s | ETA: 32.2m
  Progress: 12/140 | Rate: 0.07/s | ETA: 31.5m
  Progress: 13/140 | Rate: 0.07/s | ETA: 30.9m
  Progress: 14/140 | Rate: 0.07/s | ETA: 31.0m
  Progress: 15/140 | Rate: 0.07/s | ETA: 30.0m
  Progress: 16/140 | Rate: 0.06/s | ETA: 32.6m
  Progress: 17/140 | Rate: 0.06/s | ETA: 32.9m
  Progress: 18/140 | Rate: 0.06/s | ETA: 31.9m
  Progress: 19/140 | Rate: 0.07/s | ETA: 30.6m
  Progress: 20/140 | Rate: 0.07/s | ETA: 29.9m
  Progress: 21/140 | Rate: 0.07/s | ETA: 30.5m
  Progress: 22/140 | Rate: 0.06/s | ETA: 34.0m
  Progress: 23/140 | Rate: 0.06/s | ETA: 33.1m
  Progress: 24/140 | Rate: 0.06/s | ETA: 33.1m
  Progress: 25/140 | Rate: 0.05/s | ETA: 35.0m
  Progress: 26/140 | Rate: 0.06/s | ETA: 34.5m
  Progress: 27/140 | Rate: 0.06/s | ETA: 34.2m
  Progress: 28/140 | Rate: 0.06/s | ETA: 33.6m
  Progress: 29/140 | Rate: 0.06/s | ETA: 33.1m
  Progress: 30/140 | Rate: 0.06/s | ETA: 32.6m
  Progress: 31/140 | Rate: 0.06/s | ETA: 32.0m
  Progress: 32/140 | Rate: 0.06/s | ETA: 32.7m
  Progress: 33/140 | Rate: 0.05/s | ETA: 32.8m
  Progress: 34/140 | Rate: 0.05/s | ETA: 32.2m
  Progress: 35/140 | Rate: 0.05/s | ETA: 32.0m
  Progress: 36/140 | Rate: 0.05/s | ETA: 31.9m
  Progress: 37/140 | Rate: 0.05/s | ETA: 31.5m
  Progress: 38/140 | Rate: 0.05/s | ETA: 31.1m
  Progress: 39/140 | Rate: 0.06/s | ETA: 30.4m
  Progress: 40/140 | Rate: 0.06/s | ETA: 30.0m
  Progress: 41/140 | Rate: 0.06/s | ETA: 29.8m
  Progress: 42/140 | Rate: 0.06/s | ETA: 29.7m
  Progress: 43/140 | Rate: 0.06/s | ETA: 29.0m
  Progress: 44/140 | Rate: 0.06/s | ETA: 28.5m
  Progress: 45/140 | Rate: 0.06/s | ETA: 28.7m
  Progress: 46/140 | Rate: 0.05/s | ETA: 28.6m
  Progress: 47/140 | Rate: 0.05/s | ETA: 28.8m
  Progress: 48/140 | Rate: 0.05/s | ETA: 28.7m
  Progress: 49/140 | Rate: 0.05/s | ETA: 28.3m
  Progress: 50/140 | Rate: 0.05/s | ETA: 28.4m
  Progress: 51/140 | Rate: 0.05/s | ETA: 28.7m
  Progress: 52/140 | Rate: 0.05/s | ETA: 28.3m
  Progress: 53/140 | Rate: 0.05/s | ETA: 27.8m
  Progress: 54/140 | Rate: 0.05/s | ETA: 27.6m
  Progress: 55/140 | Rate: 0.05/s | ETA: 27.0m
  Progress: 56/140 | Rate: 0.05/s | ETA: 26.8m
  Progress: 57/140 | Rate: 0.05/s | ETA: 26.3m
  Progress: 58/140 | Rate: 0.05/s | ETA: 25.9m
  Progress: 59/140 | Rate: 0.05/s | ETA: 25.5m
  Progress: 60/140 | Rate: 0.05/s | ETA: 25.1m
  Progress: 61/140 | Rate: 0.05/s | ETA: 24.6m
  Progress: 62/140 | Rate: 0.05/s | ETA: 24.4m
  Progress: 63/140 | Rate: 0.05/s | ETA: 24.0m
  Progress: 64/140 | Rate: 0.05/s | ETA: 23.5m
  Progress: 65/140 | Rate: 0.05/s | ETA: 23.3m
  Progress: 66/140 | Rate: 0.05/s | ETA: 22.8m
  Progress: 67/140 | Rate: 0.05/s | ETA: 22.6m
  Progress: 68/140 | Rate: 0.05/s | ETA: 22.1m
  Progress: 69/140 | Rate: 0.05/s | ETA: 21.7m
  Progress: 70/140 | Rate: 0.05/s | ETA: 21.4m
  Progress: 71/140 | Rate: 0.05/s | ETA: 21.1m
  Progress: 72/140 | Rate: 0.05/s | ETA: 20.7m
  Progress: 73/140 | Rate: 0.05/s | ETA: 20.4m
  Progress: 74/140 | Rate: 0.05/s | ETA: 20.1m
  Progress: 75/140 | Rate: 0.05/s | ETA: 19.8m
  Progress: 76/140 | Rate: 0.06/s | ETA: 19.4m
  Progress: 77/140 | Rate: 0.05/s | ETA: 19.1m
  Progress: 78/140 | Rate: 0.05/s | ETA: 18.8m
  Progress: 79/140 | Rate: 0.05/s | ETA: 18.5m
  Progress: 80/140 | Rate: 0.05/s | ETA: 18.2m
  Progress: 81/140 | Rate: 0.06/s | ETA: 17.9m
  Progress: 82/140 | Rate: 0.06/s | ETA: 17.5m
  Progress: 83/140 | Rate: 0.06/s | ETA: 17.2m
  Progress: 84/140 | Rate: 0.06/s | ETA: 16.9m
  Progress: 85/140 | Rate: 0.06/s | ETA: 16.6m
  Progress: 86/140 | Rate: 0.06/s | ETA: 16.2m
  Progress: 87/140 | Rate: 0.06/s | ETA: 16.0m
  Progress: 88/140 | Rate: 0.06/s | ETA: 15.7m
  Progress: 89/140 | Rate: 0.06/s | ETA: 15.3m
  Progress: 90/140 | Rate: 0.06/s | ETA: 15.0m
  [cat3_adapted_001] [Attempt 1] HTTP 429: [{
  "error": {
    "code": 429,
    "message": "Resource exhausted. Please try again later. Please refer to https://clo — waiting 60s
  Progress: 91/140 | Rate: 0.05/s | ETA: 15.1m
  Progress: 92/140 | Rate: 0.05/s | ETA: 14.7m
  Progress: 93/140 | Rate: 0.05/s | ETA: 14.4m
  Progress: 94/140 | Rate: 0.05/s | ETA: 14.1m
  Progress: 95/140 | Rate: 0.05/s | ETA: 13.7m
  Progress: 96/140 | Rate: 0.05/s | ETA: 13.4m
  Progress: 97/140 | Rate: 0.05/s | ETA: 13.2m
  Progress: 98/140 | Rate: 0.05/s | ETA: 12.8m
  Progress: 99/140 | Rate: 0.05/s | ETA: 12.4m
  Progress: 100/140 | Rate: 0.06/s | ETA: 12.1m
  [cat4_adapted_001] [Attempt 1] HTTP 429: [{
  "error": {
    "code": 429,
    "message": "Resource exhausted. Please try again later. Please refer to https://clo — waiting 60s
  Progress: 101/140 | Rate: 0.05/s | ETA: 12.1m
  Progress: 102/140 | Rate: 0.05/s | ETA: 11.9m
  Progress: 103/140 | Rate: 0.05/s | ETA: 11.5m
  Progress: 104/140 | Rate: 0.05/s | ETA: 11.3m
  Progress: 105/140 | Rate: 0.05/s | ETA: 10.9m
  Progress: 106/140 | Rate: 0.05/s | ETA: 10.6m
  Progress: 107/140 | Rate: 0.05/s | ETA: 10.3m
  Progress: 108/140 | Rate: 0.05/s | ETA: 9.9m
  Progress: 109/140 | Rate: 0.05/s | ETA: 9.6m
  Progress: 110/140 | Rate: 0.05/s | ETA: 9.2m
  Progress: 111/140 | Rate: 0.05/s | ETA: 9.0m
  Progress: 112/140 | Rate: 0.05/s | ETA: 8.7m
  Progress: 113/140 | Rate: 0.05/s | ETA: 8.4m
  Progress: 114/140 | Rate: 0.05/s | ETA: 8.0m
  Progress: 115/140 | Rate: 0.05/s | ETA: 7.8m
  Progress: 116/140 | Rate: 0.05/s | ETA: 7.4m
  Progress: 117/140 | Rate: 0.05/s | ETA: 7.1m
  Progress: 118/140 | Rate: 0.05/s | ETA: 6.8m
  Progress: 119/140 | Rate: 0.05/s | ETA: 6.4m
  Progress: 120/140 | Rate: 0.05/s | ETA: 6.1m
  Progress: 121/140 | Rate: 0.05/s | ETA: 5.8m
  Progress: 122/140 | Rate: 0.06/s | ETA: 5.4m
  Progress: 123/140 | Rate: 0.06/s | ETA: 5.1m
  Progress: 124/140 | Rate: 0.06/s | ETA: 4.8m
  Progress: 125/140 | Rate: 0.06/s | ETA: 4.5m
  Progress: 126/140 | Rate: 0.06/s | ETA: 4.2m
  Progress: 127/140 | Rate: 0.06/s | ETA: 3.9m
  Progress: 128/140 | Rate: 0.06/s | ETA: 3.6m
  Progress: 129/140 | Rate: 0.06/s | ETA: 3.3m
  Progress: 130/140 | Rate: 0.06/s | ETA: 3.0m
  Progress: 131/140 | Rate: 0.06/s | ETA: 2.7m
  Progress: 132/140 | Rate: 0.06/s | ETA: 2.4m
  Progress: 133/140 | Rate: 0.06/s | ETA: 2.1m
  Progress: 134/140 | Rate: 0.06/s | ETA: 1.8m
  Progress: 135/140 | Rate: 0.06/s | ETA: 1.5m
  Progress: 136/140 | Rate: 0.06/s | ETA: 1.2m
  Progress: 137/140 | Rate: 0.06/s | ETA: 0.9m
  Progress: 138/140 | Rate: 0.06/s | ETA: 0.6m
  Progress: 139/140 | Rate: 0.06/s | ETA: 0.3m
  Progress: 140/140 | Rate: 0.06/s | ETA: 0.0m

✔ Done. 140 evaluations in 2465.3s (0.06/s)
>>> gpt_oss_120b_neutrality_oriented_sample1_responses.jsonl  21:52:06Z

============================================================
  Judge:  kimi (moonshotai/kimi-k2-thinking-maas)
  Input:  runs/run_20260521/responses/gpt_oss_120b_neutrality_oriented_sample1_responses.jsonl
  Output: /home/satvik/Documents/CIKM/runs/run_20260521/evaluations/kimi_evaluations_gpt_oss_120b_neutrality_oriented_sample1.jsonl
============================================================
  Remaining: 140 rows
  Progress: 1/140 | Rate: 0.10/s | ETA: 22.8m
  Progress: 2/140 | Rate: 0.07/s | ETA: 34.3m
  Progress: 3/140 | Rate: 0.07/s | ETA: 33.0m
  Progress: 4/140 | Rate: 0.08/s | ETA: 28.2m
  Progress: 5/140 | Rate: 0.09/s | ETA: 25.3m
  Progress: 6/140 | Rate: 0.09/s | ETA: 23.8m
  Progress: 7/140 | Rate: 0.09/s | ETA: 25.9m
  Progress: 8/140 | Rate: 0.09/s | ETA: 25.5m
  Progress: 9/140 | Rate: 0.09/s | ETA: 25.2m
  Progress: 10/140 | Rate: 0.08/s | ETA: 26.0m
  Progress: 11/140 | Rate: 0.08/s | ETA: 26.3m
  Progress: 12/140 | Rate: 0.08/s | ETA: 26.5m
  Progress: 13/140 | Rate: 0.07/s | ETA: 29.4m
  Progress: 14/140 | Rate: 0.07/s | ETA: 31.0m
  Progress: 15/140 | Rate: 0.07/s | ETA: 30.1m
  Progress: 16/140 | Rate: 0.07/s | ETA: 29.4m
  Progress: 17/140 | Rate: 0.07/s | ETA: 29.3m
  Progress: 18/140 | Rate: 0.07/s | ETA: 29.3m
  Progress: 19/140 | Rate: 0.07/s | ETA: 28.5m
  Progress: 20/140 | Rate: 0.07/s | ETA: 28.7m
  Progress: 21/140 | Rate: 0.07/s | ETA: 28.4m
  Progress: 22/140 | Rate: 0.07/s | ETA: 27.9m
  Progress: 23/140 | Rate: 0.07/s | ETA: 27.9m
  Progress: 24/140 | Rate: 0.07/s | ETA: 27.7m
  Progress: 25/140 | Rate: 0.07/s | ETA: 28.5m
  Progress: 26/140 | Rate: 0.07/s | ETA: 28.6m
  Progress: 27/140 | Rate: 0.07/s | ETA: 27.8m
  Progress: 28/140 | Rate: 0.07/s | ETA: 27.8m
  Progress: 29/140 | Rate: 0.07/s | ETA: 27.5m
  Progress: 30/140 | Rate: 0.07/s | ETA: 27.2m
  Progress: 31/140 | Rate: 0.07/s | ETA: 26.7m
  Progress: 32/140 | Rate: 0.07/s | ETA: 26.8m
  Progress: 33/140 | Rate: 0.07/s | ETA: 26.8m
  Progress: 34/140 | Rate: 0.06/s | ETA: 27.2m
  Progress: 35/140 | Rate: 0.06/s | ETA: 27.1m
  Progress: 36/140 | Rate: 0.06/s | ETA: 26.7m
  Progress: 37/140 | Rate: 0.06/s | ETA: 26.4m
  Progress: 38/140 | Rate: 0.06/s | ETA: 26.8m
  Progress: 39/140 | Rate: 0.06/s | ETA: 26.6m
  Progress: 40/140 | Rate: 0.06/s | ETA: 26.2m
  Progress: 41/140 | Rate: 0.06/s | ETA: 26.5m
  Progress: 42/140 | Rate: 0.06/s | ETA: 26.4m
  Progress: 43/140 | Rate: 0.06/s | ETA: 25.8m
  Progress: 44/140 | Rate: 0.06/s | ETA: 25.6m
  Progress: 45/140 | Rate: 0.06/s | ETA: 25.2m
  Progress: 46/140 | Rate: 0.06/s | ETA: 25.1m
  Progress: 47/140 | Rate: 0.06/s | ETA: 24.9m
  Progress: 48/140 | Rate: 0.06/s | ETA: 24.5m
  Progress: 49/140 | Rate: 0.06/s | ETA: 24.2m
  Progress: 50/140 | Rate: 0.06/s | ETA: 24.0m
  Progress: 51/140 | Rate: 0.06/s | ETA: 23.7m
  Progress: 52/140 | Rate: 0.06/s | ETA: 23.1m
  Progress: 53/140 | Rate: 0.06/s | ETA: 22.9m
  Progress: 54/140 | Rate: 0.06/s | ETA: 22.4m
  Progress: 55/140 | Rate: 0.06/s | ETA: 22.2m
  Progress: 56/140 | Rate: 0.06/s | ETA: 22.0m
  Progress: 57/140 | Rate: 0.06/s | ETA: 21.5m
  Progress: 58/140 | Rate: 0.06/s | ETA: 21.6m
  Progress: 59/140 | Rate: 0.06/s | ETA: 21.7m
  Progress: 60/140 | Rate: 0.06/s | ETA: 21.3m
  Progress: 61/140 | Rate: 0.06/s | ETA: 20.8m
  Progress: 62/140 | Rate: 0.06/s | ETA: 20.4m
  Progress: 63/140 | Rate: 0.06/s | ETA: 20.3m
  Progress: 64/140 | Rate: 0.06/s | ETA: 20.1m
  Progress: 65/140 | Rate: 0.06/s | ETA: 19.7m
  Progress: 66/140 | Rate: 0.06/s | ETA: 19.4m
  Progress: 67/140 | Rate: 0.06/s | ETA: 19.2m
  Progress: 68/140 | Rate: 0.06/s | ETA: 19.1m
  Progress: 69/140 | Rate: 0.06/s | ETA: 18.8m
  Progress: 70/140 | Rate: 0.06/s | ETA: 18.7m
  Progress: 71/140 | Rate: 0.06/s | ETA: 18.4m
  Progress: 72/140 | Rate: 0.06/s | ETA: 18.1m
  Progress: 73/140 | Rate: 0.06/s | ETA: 17.9m
  Progress: 74/140 | Rate: 0.06/s | ETA: 17.7m
  Progress: 75/140 | Rate: 0.06/s | ETA: 17.3m
  Progress: 76/140 | Rate: 0.06/s | ETA: 17.1m
  Progress: 77/140 | Rate: 0.06/s | ETA: 16.8m
  Progress: 78/140 | Rate: 0.06/s | ETA: 16.7m
  Progress: 79/140 | Rate: 0.06/s | ETA: 17.0m
  Progress: 80/140 | Rate: 0.06/s | ETA: 16.9m
  Progress: 81/140 | Rate: 0.06/s | ETA: 16.7m
  Progress: 82/140 | Rate: 0.06/s | ETA: 16.5m
  Progress: 83/140 | Rate: 0.06/s | ETA: 16.1m
  Progress: 84/140 | Rate: 0.06/s | ETA: 15.8m
  Progress: 85/140 | Rate: 0.06/s | ETA: 15.7m
  Progress: 86/140 | Rate: 0.06/s | ETA: 15.4m
  Progress: 87/140 | Rate: 0.06/s | ETA: 15.1m
  Progress: 88/140 | Rate: 0.06/s | ETA: 14.9m
  Progress: 89/140 | Rate: 0.06/s | ETA: 14.6m
  Progress: 90/140 | Rate: 0.06/s | ETA: 14.3m
  Progress: 91/140 | Rate: 0.06/s | ETA: 14.0m
  Progress: 92/140 | Rate: 0.06/s | ETA: 13.7m
  Progress: 93/140 | Rate: 0.06/s | ETA: 13.4m
  Progress: 94/140 | Rate: 0.06/s | ETA: 13.1m
  Progress: 95/140 | Rate: 0.06/s | ETA: 12.8m
  Progress: 96/140 | Rate: 0.06/s | ETA: 12.6m
  [cat3_real_002] [Attempt 1] HTTP 429: [{
  "error": {
    "code": 429,
    "message": "Resource exhausted. Please try again later. Please refer to https://clo — waiting 60s
  Progress: 97/140 | Rate: 0.06/s | ETA: 12.7m
  Progress: 98/140 | Rate: 0.06/s | ETA: 12.4m
  Progress: 99/140 | Rate: 0.06/s | ETA: 12.1m
  Progress: 100/140 | Rate: 0.06/s | ETA: 11.8m
  Progress: 101/140 | Rate: 0.06/s | ETA: 11.4m
  Progress: 102/140 | Rate: 0.06/s | ETA: 11.1m
  Progress: 103/140 | Rate: 0.06/s | ETA: 10.8m
  Progress: 104/140 | Rate: 0.06/s | ETA: 10.5m
  Progress: 105/140 | Rate: 0.06/s | ETA: 10.2m
  Progress: 106/140 | Rate: 0.06/s | ETA: 9.9m
  Progress: 107/140 | Rate: 0.06/s | ETA: 9.6m
  Progress: 108/140 | Rate: 0.06/s | ETA: 9.3m
  Progress: 109/140 | Rate: 0.06/s | ETA: 9.0m
  Progress: 110/140 | Rate: 0.06/s | ETA: 8.7m
  Progress: 111/140 | Rate: 0.06/s | ETA: 8.5m
  Progress: 112/140 | Rate: 0.06/s | ETA: 8.1m
  Progress: 113/140 | Rate: 0.06/s | ETA: 7.9m
  Progress: 114/140 | Rate: 0.06/s | ETA: 7.5m
  Progress: 115/140 | Rate: 0.06/s | ETA: 7.3m
  Progress: 116/140 | Rate: 0.06/s | ETA: 7.0m
  Progress: 117/140 | Rate: 0.06/s | ETA: 6.7m
  Progress: 118/140 | Rate: 0.06/s | ETA: 6.4m
  Progress: 119/140 | Rate: 0.06/s | ETA: 6.1m
  Progress: 120/140 | Rate: 0.06/s | ETA: 5.7m
  Progress: 121/140 | Rate: 0.06/s | ETA: 5.4m
  Progress: 122/140 | Rate: 0.06/s | ETA: 5.1m
  Progress: 123/140 | Rate: 0.06/s | ETA: 4.8m
  Progress: 124/140 | Rate: 0.06/s | ETA: 4.5m
  Progress: 125/140 | Rate: 0.06/s | ETA: 4.3m
  Progress: 126/140 | Rate: 0.06/s | ETA: 4.0m
  Progress: 127/140 | Rate: 0.06/s | ETA: 3.7m
  Progress: 128/140 | Rate: 0.06/s | ETA: 3.4m
  Progress: 129/140 | Rate: 0.06/s | ETA: 3.1m
  Progress: 130/140 | Rate: 0.06/s | ETA: 2.8m
  Progress: 131/140 | Rate: 0.06/s | ETA: 2.5m
  Progress: 132/140 | Rate: 0.06/s | ETA: 2.2m
  Progress: 133/140 | Rate: 0.06/s | ETA: 2.0m
  Progress: 134/140 | Rate: 0.06/s | ETA: 1.7m
  Progress: 135/140 | Rate: 0.06/s | ETA: 1.4m
  Progress: 136/140 | Rate: 0.06/s | ETA: 1.1m
  Progress: 137/140 | Rate: 0.06/s | ETA: 0.8m
  Progress: 138/140 | Rate: 0.06/s | ETA: 0.6m
  Progress: 139/140 | Rate: 0.06/s | ETA: 0.3m
  Progress: 140/140 | Rate: 0.06/s | ETA: 0.0m

✔ Done. 140 evaluations in 2335.9s (0.06/s)
>>> gpt_oss_120b_neutrality_oriented_sample2_responses.jsonl  22:31:03Z

============================================================
  Judge:  kimi (moonshotai/kimi-k2-thinking-maas)
  Input:  runs/run_20260521/responses/gpt_oss_120b_neutrality_oriented_sample2_responses.jsonl
  Output: /home/satvik/Documents/CIKM/runs/run_20260521/evaluations/kimi_evaluations_gpt_oss_120b_neutrality_oriented_sample2.jsonl
============================================================
  Remaining: 140 rows
  Progress: 1/140 | Rate: 0.09/s | ETA: 25.6m
  Progress: 2/140 | Rate: 0.09/s | ETA: 26.4m
  Progress: 3/140 | Rate: 0.09/s | ETA: 25.5m
  Progress: 4/140 | Rate: 0.09/s | ETA: 25.9m
  Progress: 5/140 | Rate: 0.09/s | ETA: 24.3m
  Progress: 6/140 | Rate: 0.09/s | ETA: 24.6m
  Progress: 7/140 | Rate: 0.08/s | ETA: 27.3m
  Progress: 8/140 | Rate: 0.08/s | ETA: 28.1m
  Progress: 9/140 | Rate: 0.08/s | ETA: 28.3m
  Progress: 10/140 | Rate: 0.07/s | ETA: 29.8m
  Progress: 11/140 | Rate: 0.07/s | ETA: 29.6m
  Progress: 12/140 | Rate: 0.07/s | ETA: 28.9m
  Progress: 13/140 | Rate: 0.07/s | ETA: 28.6m
  Progress: 14/140 | Rate: 0.07/s | ETA: 28.3m
  Progress: 15/140 | Rate: 0.07/s | ETA: 28.4m
  Progress: 16/140 | Rate: 0.07/s | ETA: 28.2m
  [cat2_orig_007] [Attempt 1] HTTP 429: [{
  "error": {
    "code": 429,
    "message": "Resource exhausted. Please try again later. Please refer to https://clo — waiting 60s
  Progress: 17/140 | Rate: 0.06/s | ETA: 36.2m
  Progress: 18/140 | Rate: 0.06/s | ETA: 36.2m
  Progress: 19/140 | Rate: 0.06/s | ETA: 36.4m
  Progress: 20/140 | Rate: 0.06/s | ETA: 35.7m
  Progress: 21/140 | Rate: 0.06/s | ETA: 35.1m
  Progress: 22/140 | Rate: 0.06/s | ETA: 34.5m
  Progress: 23/140 | Rate: 0.06/s | ETA: 34.3m
  Progress: 24/140 | Rate: 0.06/s | ETA: 33.6m
  Progress: 25/140 | Rate: 0.06/s | ETA: 32.9m
  Progress: 26/140 | Rate: 0.06/s | ETA: 32.0m
  Progress: 27/140 | Rate: 0.06/s | ETA: 31.3m
  Progress: 28/140 | Rate: 0.06/s | ETA: 30.6m
  Progress: 29/140 | Rate: 0.06/s | ETA: 30.0m
  Progress: 30/140 | Rate: 0.06/s | ETA: 29.6m
  Progress: 31/140 | Rate: 0.06/s | ETA: 29.5m
  Progress: 32/140 | Rate: 0.06/s | ETA: 29.5m
  Progress: 33/140 | Rate: 0.06/s | ETA: 29.6m
  Progress: 34/140 | Rate: 0.06/s | ETA: 28.9m
  Progress: 35/140 | Rate: 0.06/s | ETA: 28.4m
  Progress: 36/140 | Rate: 0.06/s | ETA: 28.1m
  Progress: 37/140 | Rate: 0.06/s | ETA: 27.7m
  Progress: 38/140 | Rate: 0.06/s | ETA: 27.3m
  Progress: 39/140 | Rate: 0.06/s | ETA: 27.1m
  Progress: 40/140 | Rate: 0.06/s | ETA: 26.5m
  Progress: 41/140 | Rate: 0.06/s | ETA: 26.6m
  Progress: 42/140 | Rate: 0.06/s | ETA: 26.6m
  Progress: 43/140 | Rate: 0.06/s | ETA: 26.3m
  Progress: 44/140 | Rate: 0.06/s | ETA: 26.1m
  Progress: 45/140 | Rate: 0.06/s | ETA: 25.8m
  Progress: 46/140 | Rate: 0.06/s | ETA: 25.7m
  Progress: 47/140 | Rate: 0.06/s | ETA: 25.8m
  Progress: 48/140 | Rate: 0.06/s | ETA: 25.3m
  Progress: 49/140 | Rate: 0.06/s | ETA: 24.8m
  Progress: 50/140 | Rate: 0.06/s | ETA: 24.6m
  Progress: 51/140 | Rate: 0.06/s | ETA: 24.4m
  Progress: 52/140 | Rate: 0.06/s | ETA: 24.1m
  Progress: 53/140 | Rate: 0.06/s | ETA: 24.7m
  Progress: 54/140 | Rate: 0.06/s | ETA: 24.7m
  Progress: 55/140 | Rate: 0.06/s | ETA: 24.6m
  Progress: 56/140 | Rate: 0.06/s | ETA: 24.8m
  Progress: 57/140 | Rate: 0.06/s | ETA: 24.5m
  Progress: 58/140 | Rate: 0.06/s | ETA: 24.3m
  Progress: 59/140 | Rate: 0.06/s | ETA: 23.9m
  Progress: 60/140 | Rate: 0.06/s | ETA: 24.0m
  Progress: 61/140 | Rate: 0.05/s | ETA: 24.1m
  Progress: 62/140 | Rate: 0.05/s | ETA: 23.7m
  Progress: 63/140 | Rate: 0.05/s | ETA: 24.0m
  Progress: 64/140 | Rate: 0.05/s | ETA: 23.5m
  Progress: 65/140 | Rate: 0.05/s | ETA: 22.9m
  Progress: 66/140 | Rate: 0.05/s | ETA: 22.6m
  Progress: 67/140 | Rate: 0.05/s | ETA: 22.4m
  Progress: 68/140 | Rate: 0.05/s | ETA: 21.9m
  Progress: 69/140 | Rate: 0.05/s | ETA: 21.9m
  Progress: 70/140 | Rate: 0.05/s | ETA: 21.4m
  Progress: 71/140 | Rate: 0.05/s | ETA: 20.9m
  Progress: 72/140 | Rate: 0.05/s | ETA: 20.7m
  Progress: 73/140 | Rate: 0.06/s | ETA: 20.2m
  Progress: 74/140 | Rate: 0.06/s | ETA: 19.8m
  Progress: 75/140 | Rate: 0.06/s | ETA: 19.7m
  Progress: 76/140 | Rate: 0.05/s | ETA: 19.4m
  Progress: 77/140 | Rate: 0.05/s | ETA: 19.1m
  Progress: 78/140 | Rate: 0.06/s | ETA: 18.7m
  Progress: 79/140 | Rate: 0.06/s | ETA: 18.4m
  Progress: 80/140 | Rate: 0.05/s | ETA: 18.3m
  Progress: 81/140 | Rate: 0.05/s | ETA: 17.9m
  Progress: 82/140 | Rate: 0.06/s | ETA: 17.6m
  Progress: 83/140 | Rate: 0.06/s | ETA: 17.2m
  Progress: 84/140 | Rate: 0.05/s | ETA: 17.0m
  Progress: 85/140 | Rate: 0.05/s | ETA: 16.7m
  Progress: 86/140 | Rate: 0.06/s | ETA: 16.3m
  Progress: 87/140 | Rate: 0.06/s | ETA: 16.0m
  Progress: 88/140 | Rate: 0.06/s | ETA: 15.7m
  Progress: 89/140 | Rate: 0.06/s | ETA: 15.3m
  Progress: 90/140 | Rate: 0.06/s | ETA: 15.1m
  Progress: 91/140 | Rate: 0.06/s | ETA: 14.8m
  Progress: 92/140 | Rate: 0.06/s | ETA: 14.5m
  Progress: 93/140 | Rate: 0.06/s | ETA: 14.1m
  Progress: 94/140 | Rate: 0.06/s | ETA: 13.7m
  Progress: 95/140 | Rate: 0.06/s | ETA: 13.4m
  Progress: 96/140 | Rate: 0.06/s | ETA: 13.1m
  Progress: 97/140 | Rate: 0.06/s | ETA: 12.7m
  Progress: 98/140 | Rate: 0.06/s | ETA: 12.4m
  Progress: 99/140 | Rate: 0.06/s | ETA: 12.0m
  Progress: 100/140 | Rate: 0.06/s | ETA: 11.7m
  Progress: 101/140 | Rate: 0.06/s | ETA: 11.4m
  Progress: 102/140 | Rate: 0.06/s | ETA: 11.1m
  Progress: 103/140 | Rate: 0.06/s | ETA: 10.8m
  Progress: 104/140 | Rate: 0.06/s | ETA: 10.5m
  Progress: 105/140 | Rate: 0.06/s | ETA: 10.2m
  Progress: 106/140 | Rate: 0.06/s | ETA: 9.8m
  Progress: 107/140 | Rate: 0.06/s | ETA: 9.5m
  Progress: 108/140 | Rate: 0.06/s | ETA: 9.2m
  Progress: 109/140 | Rate: 0.06/s | ETA: 8.9m
  Progress: 110/140 | Rate: 0.06/s | ETA: 8.6m
  Progress: 111/140 | Rate: 0.06/s | ETA: 8.3m
  Progress: 112/140 | Rate: 0.06/s | ETA: 8.1m
  Progress: 113/140 | Rate: 0.06/s | ETA: 7.8m
  Progress: 114/140 | Rate: 0.06/s | ETA: 7.5m
  Progress: 115/140 | Rate: 0.06/s | ETA: 7.3m
  Progress: 116/140 | Rate: 0.06/s | ETA: 6.9m
  Progress: 117/140 | Rate: 0.06/s | ETA: 6.6m
  Progress: 118/140 | Rate: 0.06/s | ETA: 6.3m
  Progress: 119/140 | Rate: 0.06/s | ETA: 6.0m
  Progress: 120/140 | Rate: 0.06/s | ETA: 5.7m
  Progress: 121/140 | Rate: 0.06/s | ETA: 5.4m
  Progress: 122/140 | Rate: 0.06/s | ETA: 5.1m
  Progress: 123/140 | Rate: 0.06/s | ETA: 4.8m
  Progress: 124/140 | Rate: 0.06/s | ETA: 4.5m
  Progress: 125/140 | Rate: 0.06/s | ETA: 4.2m
  Progress: 126/140 | Rate: 0.06/s | ETA: 4.0m
  Progress: 127/140 | Rate: 0.06/s | ETA: 3.7m
  Progress: 128/140 | Rate: 0.06/s | ETA: 3.4m
  Progress: 129/140 | Rate: 0.06/s | ETA: 3.1m
  Progress: 130/140 | Rate: 0.06/s | ETA: 2.8m
  Progress: 131/140 | Rate: 0.06/s | ETA: 2.5m
  Progress: 132/140 | Rate: 0.06/s | ETA: 2.2m
  Progress: 133/140 | Rate: 0.06/s | ETA: 2.0m
  Progress: 134/140 | Rate: 0.06/s | ETA: 1.7m
  Progress: 135/140 | Rate: 0.06/s | ETA: 1.4m
  Progress: 136/140 | Rate: 0.06/s | ETA: 1.1m
  Progress: 137/140 | Rate: 0.06/s | ETA: 0.8m
  Progress: 138/140 | Rate: 0.06/s | ETA: 0.6m
  Progress: 139/140 | Rate: 0.06/s | ETA: 0.3m
  Progress: 140/140 | Rate: 0.06/s | ETA: 0.0m

✔ Done. 140 evaluations in 2323.0s (0.06/s)
>>> gpt_oss_120b_utility_first_sample0_responses.jsonl  23:09:46Z

============================================================
  Judge:  kimi (moonshotai/kimi-k2-thinking-maas)
  Input:  runs/run_20260521/responses/gpt_oss_120b_utility_first_sample0_responses.jsonl
  Output: /home/satvik/Documents/CIKM/runs/run_20260521/evaluations/kimi_evaluations_gpt_oss_120b_utility_first_sample0.jsonl
============================================================
  Remaining: 140 rows
  Progress: 1/140 | Rate: 0.04/s | ETA: 65.1m
  Progress: 2/140 | Rate: 0.05/s | ETA: 42.5m
  Progress: 3/140 | Rate: 0.05/s | ETA: 43.6m
  Progress: 4/140 | Rate: 0.06/s | ETA: 39.4m
  Progress: 5/140 | Rate: 0.06/s | ETA: 37.2m
  Progress: 6/140 | Rate: 0.06/s | ETA: 36.3m
  Progress: 7/140 | Rate: 0.06/s | ETA: 36.3m
  Progress: 8/140 | Rate: 0.06/s | ETA: 35.8m
  Progress: 9/140 | Rate: 0.06/s | ETA: 35.5m
  Progress: 10/140 | Rate: 0.06/s | ETA: 37.0m
  Progress: 11/140 | Rate: 0.06/s | ETA: 36.0m
  Progress: 12/140 | Rate: 0.06/s | ETA: 36.1m
  Progress: 13/140 | Rate: 0.06/s | ETA: 36.2m
  Progress: 14/140 | Rate: 0.06/s | ETA: 34.6m
  Progress: 15/140 | Rate: 0.06/s | ETA: 35.5m
  Progress: 16/140 | Rate: 0.06/s | ETA: 35.7m
  Progress: 17/140 | Rate: 0.06/s | ETA: 36.5m
  Progress: 18/140 | Rate: 0.06/s | ETA: 35.9m
  Progress: 19/140 | Rate: 0.06/s | ETA: 35.2m
  Progress: 20/140 | Rate: 0.06/s | ETA: 34.8m
  Progress: 21/140 | Rate: 0.06/s | ETA: 34.4m
  Progress: 22/140 | Rate: 0.06/s | ETA: 34.2m
  Progress: 23/140 | Rate: 0.06/s | ETA: 34.5m
  Progress: 24/140 | Rate: 0.06/s | ETA: 34.5m
  Progress: 25/140 | Rate: 0.05/s | ETA: 37.2m
  Progress: 26/140 | Rate: 0.05/s | ETA: 36.8m
  Progress: 27/140 | Rate: 0.05/s | ETA: 36.3m
  Progress: 28/140 | Rate: 0.05/s | ETA: 36.0m
  Progress: 29/140 | Rate: 0.05/s | ETA: 36.0m
  Progress: 30/140 | Rate: 0.05/s | ETA: 35.4m
  Progress: 31/140 | Rate: 0.05/s | ETA: 34.8m
  Progress: 32/140 | Rate: 0.05/s | ETA: 34.4m
  Progress: 33/140 | Rate: 0.05/s | ETA: 33.7m
  Progress: 34/140 | Rate: 0.05/s | ETA: 33.2m
  Progress: 35/140 | Rate: 0.05/s | ETA: 32.7m
  Progress: 36/140 | Rate: 0.05/s | ETA: 32.8m
  Progress: 37/140 | Rate: 0.05/s | ETA: 32.6m
  Progress: 38/140 | Rate: 0.05/s | ETA: 32.8m
  Progress: 39/140 | Rate: 0.05/s | ETA: 32.4m
  Progress: 40/140 | Rate: 0.05/s | ETA: 32.7m
  Progress: 41/140 | Rate: 0.05/s | ETA: 32.2m
  Progress: 42/140 | Rate: 0.05/s | ETA: 31.6m
  Progress: 43/140 | Rate: 0.05/s | ETA: 31.1m
  Progress: 44/140 | Rate: 0.05/s | ETA: 30.8m
  Progress: 45/140 | Rate: 0.05/s | ETA: 31.3m
  Progress: 46/140 | Rate: 0.05/s | ETA: 30.8m
  Progress: 47/140 | Rate: 0.05/s | ETA: 30.4m
  Progress: 48/140 | Rate: 0.05/s | ETA: 30.1m
  Progress: 49/140 | Rate: 0.05/s | ETA: 29.6m
  Progress: 50/140 | Rate: 0.05/s | ETA: 29.3m
  Progress: 51/140 | Rate: 0.05/s | ETA: 28.8m
  [Parse error] Expecting value: line 1 column 1 (char 0) — snippet: 
  [cat6_orig_002] [Attempt 1] Parse failed — retrying
  Progress: 52/140 | Rate: 0.05/s | ETA: 30.1m
  Progress: 53/140 | Rate: 0.05/s | ETA: 29.6m
  Progress: 54/140 | Rate: 0.05/s | ETA: 29.2m
  Progress: 55/140 | Rate: 0.05/s | ETA: 28.8m
  Progress: 56/140 | Rate: 0.05/s | ETA: 28.3m
  Progress: 57/140 | Rate: 0.05/s | ETA: 28.0m
  Progress: 58/140 | Rate: 0.05/s | ETA: 27.6m
  Progress: 59/140 | Rate: 0.05/s | ETA: 27.4m
  Progress: 60/140 | Rate: 0.05/s | ETA: 26.9m
  Progress: 61/140 | Rate: 0.05/s | ETA: 26.5m
  Progress: 62/140 | Rate: 0.05/s | ETA: 26.1m
  Progress: 63/140 | Rate: 0.05/s | ETA: 25.7m
  Progress: 64/140 | Rate: 0.05/s | ETA: 25.4m
  Progress: 65/140 | Rate: 0.05/s | ETA: 25.0m
  Progress: 66/140 | Rate: 0.05/s | ETA: 24.6m
  Progress: 67/140 | Rate: 0.05/s | ETA: 24.2m
  Progress: 68/140 | Rate: 0.05/s | ETA: 23.8m
  Progress: 69/140 | Rate: 0.05/s | ETA: 23.8m
  Progress: 70/140 | Rate: 0.05/s | ETA: 23.3m
  Progress: 71/140 | Rate: 0.05/s | ETA: 23.0m
  Progress: 72/140 | Rate: 0.05/s | ETA: 22.9m
  Progress: 73/140 | Rate: 0.05/s | ETA: 22.6m
  Progress: 74/140 | Rate: 0.05/s | ETA: 22.5m
  Progress: 75/140 | Rate: 0.05/s | ETA: 22.2m
  Progress: 76/140 | Rate: 0.05/s | ETA: 22.0m
  Progress: 77/140 | Rate: 0.05/s | ETA: 21.7m
  Progress: 78/140 | Rate: 0.05/s | ETA: 21.5m
  Progress: 79/140 | Rate: 0.05/s | ETA: 21.1m
  Progress: 80/140 | Rate: 0.05/s | ETA: 20.7m
  Progress: 81/140 | Rate: 0.05/s | ETA: 20.4m
  Progress: 82/140 | Rate: 0.05/s | ETA: 20.1m
  Progress: 83/140 | Rate: 0.05/s | ETA: 20.0m
  Progress: 84/140 | Rate: 0.05/s | ETA: 19.7m
  Progress: 85/140 | Rate: 0.05/s | ETA: 19.4m
  Progress: 86/140 | Rate: 0.05/s | ETA: 19.1m
  Progress: 87/140 | Rate: 0.05/s | ETA: 18.8m
  Progress: 88/140 | Rate: 0.05/s | ETA: 18.4m
  Progress: 89/140 | Rate: 0.05/s | ETA: 18.0m
  Progress: 90/140 | Rate: 0.05/s | ETA: 17.5m
  Progress: 91/140 | Rate: 0.05/s | ETA: 17.1m
  Progress: 92/140 | Rate: 0.05/s | ETA: 16.8m
  Progress: 93/140 | Rate: 0.05/s | ETA: 16.5m
  Progress: 94/140 | Rate: 0.05/s | ETA: 16.1m
  Progress: 95/140 | Rate: 0.05/s | ETA: 15.6m
  Progress: 96/140 | Rate: 0.05/s | ETA: 15.3m
  Progress: 97/140 | Rate: 0.05/s | ETA: 15.0m
  Progress: 98/140 | Rate: 0.05/s | ETA: 14.5m
  Progress: 99/140 | Rate: 0.05/s | ETA: 14.2m
  Progress: 100/140 | Rate: 0.05/s | ETA: 13.8m
  Progress: 101/140 | Rate: 0.05/s | ETA: 13.4m
  Progress: 102/140 | Rate: 0.05/s | ETA: 13.0m
  Progress: 103/140 | Rate: 0.05/s | ETA: 12.7m
  Progress: 104/140 | Rate: 0.05/s | ETA: 12.3m
  Progress: 105/140 | Rate: 0.05/s | ETA: 12.0m
  Progress: 106/140 | Rate: 0.05/s | ETA: 11.6m
  Progress: 107/140 | Rate: 0.05/s | ETA: 11.3m
  Progress: 108/140 | Rate: 0.05/s | ETA: 10.9m
  Progress: 109/140 | Rate: 0.05/s | ETA: 10.5m
  Progress: 110/140 | Rate: 0.05/s | ETA: 10.2m
  Progress: 111/140 | Rate: 0.05/s | ETA: 9.9m
  Progress: 112/140 | Rate: 0.05/s | ETA: 9.5m
  Progress: 113/140 | Rate: 0.05/s | ETA: 9.1m
  Progress: 114/140 | Rate: 0.05/s | ETA: 8.8m
  Progress: 115/140 | Rate: 0.05/s | ETA: 8.5m
  Progress: 116/140 | Rate: 0.05/s | ETA: 8.1m
  Progress: 117/140 | Rate: 0.05/s | ETA: 7.8m
  Progress: 118/140 | Rate: 0.05/s | ETA: 7.4m
  Progress: 119/140 | Rate: 0.05/s | ETA: 7.1m
  Progress: 120/140 | Rate: 0.05/s | ETA: 6.7m
  Progress: 121/140 | Rate: 0.05/s | ETA: 6.4m
  Progress: 122/140 | Rate: 0.05/s | ETA: 6.0m
  Progress: 123/140 | Rate: 0.05/s | ETA: 5.7m
  Progress: 124/140 | Rate: 0.05/s | ETA: 5.4m
  Progress: 125/140 | Rate: 0.05/s | ETA: 5.0m
  Progress: 126/140 | Rate: 0.05/s | ETA: 4.7m
  Progress: 127/140 | Rate: 0.05/s | ETA: 4.3m
  Progress: 128/140 | Rate: 0.05/s | ETA: 4.0m
  Progress: 129/140 | Rate: 0.05/s | ETA: 3.6m
  Progress: 130/140 | Rate: 0.05/s | ETA: 3.3m
  Progress: 131/140 | Rate: 0.05/s | ETA: 3.0m
  Progress: 132/140 | Rate: 0.05/s | ETA: 2.6m
  Progress: 133/140 | Rate: 0.05/s | ETA: 2.3m
  Progress: 134/140 | Rate: 0.05/s | ETA: 2.0m
  Progress: 135/140 | Rate: 0.05/s | ETA: 1.6m
  Progress: 136/140 | Rate: 0.05/s | ETA: 1.3m
  Progress: 137/140 | Rate: 0.05/s | ETA: 1.0m
  Progress: 138/140 | Rate: 0.05/s | ETA: 0.7m
  Progress: 139/140 | Rate: 0.05/s | ETA: 0.3m
  Progress: 140/140 | Rate: 0.05/s | ETA: 0.0m

✔ Done. 140 evaluations in 2784.5s (0.05/s)
>>> gpt_oss_120b_utility_first_sample1_responses.jsonl  23:56:12Z

============================================================
  Judge:  kimi (moonshotai/kimi-k2-thinking-maas)
  Input:  runs/run_20260521/responses/gpt_oss_120b_utility_first_sample1_responses.jsonl
  Output: /home/satvik/Documents/CIKM/runs/run_20260521/evaluations/kimi_evaluations_gpt_oss_120b_utility_first_sample1.jsonl
============================================================
  Remaining: 140 rows
  Progress: 1/140 | Rate: 0.13/s | ETA: 18.4m
  Progress: 2/140 | Rate: 0.07/s | ETA: 31.2m
  Progress: 3/140 | Rate: 0.06/s | ETA: 38.2m
  Progress: 4/140 | Rate: 0.06/s | ETA: 36.5m
  Progress: 5/140 | Rate: 0.06/s | ETA: 37.2m
  Progress: 6/140 | Rate: 0.06/s | ETA: 35.6m
  Progress: 7/140 | Rate: 0.06/s | ETA: 37.3m
  Progress: 8/140 | Rate: 0.06/s | ETA: 35.6m
  Progress: 9/140 | Rate: 0.06/s | ETA: 36.6m
  Progress: 10/140 | Rate: 0.06/s | ETA: 35.8m
  Progress: 11/140 | Rate: 0.06/s | ETA: 35.1m
  Progress: 12/140 | Rate: 0.06/s | ETA: 35.2m
  Progress: 13/140 | Rate: 0.06/s | ETA: 34.3m
  Progress: 14/140 | Rate: 0.06/s | ETA: 33.8m
  Progress: 15/140 | Rate: 0.06/s | ETA: 33.1m
  Progress: 16/140 | Rate: 0.06/s | ETA: 33.0m
  Progress: 17/140 | Rate: 0.06/s | ETA: 34.3m
  Progress: 18/140 | Rate: 0.06/s | ETA: 35.4m
  Progress: 19/140 | Rate: 0.06/s | ETA: 35.7m
  Progress: 20/140 | Rate: 0.05/s | ETA: 36.9m
  Progress: 21/140 | Rate: 0.05/s | ETA: 39.2m
  Progress: 22/140 | Rate: 0.05/s | ETA: 38.5m
  Progress: 23/140 | Rate: 0.05/s | ETA: 37.6m
  Progress: 24/140 | Rate: 0.05/s | ETA: 37.2m
  Progress: 25/140 | Rate: 0.05/s | ETA: 37.0m
  Progress: 26/140 | Rate: 0.05/s | ETA: 36.4m
  Progress: 27/140 | Rate: 0.05/s | ETA: 35.5m
  Progress: 28/140 | Rate: 0.05/s | ETA: 35.6m
  Progress: 29/140 | Rate: 0.05/s | ETA: 34.7m
  Progress: 30/140 | Rate: 0.05/s | ETA: 34.0m
  Progress: 31/140 | Rate: 0.05/s | ETA: 34.5m
  Progress: 32/140 | Rate: 0.05/s | ETA: 34.2m
  Progress: 33/140 | Rate: 0.05/s | ETA: 33.6m
  Progress: 34/140 | Rate: 0.05/s | ETA: 33.2m
  Progress: 35/140 | Rate: 0.05/s | ETA: 32.5m
  Progress: 36/140 | Rate: 0.05/s | ETA: 31.6m
  Progress: 37/140 | Rate: 0.06/s | ETA: 31.2m
  Progress: 38/140 | Rate: 0.06/s | ETA: 30.5m
  Progress: 39/140 | Rate: 0.06/s | ETA: 29.9m
  Progress: 40/140 | Rate: 0.06/s | ETA: 29.6m
  Progress: 41/140 | Rate: 0.06/s | ETA: 29.1m
  Progress: 42/140 | Rate: 0.06/s | ETA: 28.9m
  Progress: 43/140 | Rate: 0.06/s | ETA: 28.5m
  Progress: 44/140 | Rate: 0.06/s | ETA: 28.5m
  Progress: 45/140 | Rate: 0.06/s | ETA: 28.3m
  Progress: 46/140 | Rate: 0.06/s | ETA: 28.0m
  Progress: 47/140 | Rate: 0.06/s | ETA: 27.6m
  Progress: 48/140 | Rate: 0.06/s | ETA: 27.4m
  Progress: 49/140 | Rate: 0.06/s | ETA: 27.6m
  Progress: 50/140 | Rate: 0.05/s | ETA: 27.5m
  Progress: 51/140 | Rate: 0.05/s | ETA: 27.4m
  Progress: 52/140 | Rate: 0.05/s | ETA: 27.0m
  Progress: 53/140 | Rate: 0.05/s | ETA: 27.1m
  Progress: 54/140 | Rate: 0.05/s | ETA: 26.8m
  Progress: 55/140 | Rate: 0.05/s | ETA: 26.6m
  Progress: 56/140 | Rate: 0.05/s | ETA: 26.4m
  Progress: 57/140 | Rate: 0.05/s | ETA: 25.9m
  Progress: 58/140 | Rate: 0.05/s | ETA: 25.7m
  Progress: 59/140 | Rate: 0.05/s | ETA: 25.5m
  Progress: 60/140 | Rate: 0.05/s | ETA: 25.9m
  Progress: 61/140 | Rate: 0.05/s | ETA: 25.5m
  Progress: 62/140 | Rate: 0.05/s | ETA: 25.2m
  Progress: 63/140 | Rate: 0.05/s | ETA: 24.8m
  Progress: 64/140 | Rate: 0.05/s | ETA: 24.4m
  Progress: 65/140 | Rate: 0.05/s | ETA: 24.3m
  Progress: 66/140 | Rate: 0.05/s | ETA: 23.9m
  Progress: 67/140 | Rate: 0.05/s | ETA: 23.9m
  Progress: 68/140 | Rate: 0.05/s | ETA: 23.5m
  Progress: 69/140 | Rate: 0.05/s | ETA: 23.1m
  Progress: 70/140 | Rate: 0.05/s | ETA: 22.8m
  Progress: 71/140 | Rate: 0.05/s | ETA: 22.7m
  Progress: 72/140 | Rate: 0.05/s | ETA: 22.4m
  Progress: 73/140 | Rate: 0.05/s | ETA: 21.9m
  Progress: 74/140 | Rate: 0.05/s | ETA: 21.5m
  Progress: 75/140 | Rate: 0.05/s | ETA: 21.0m
  Progress: 76/140 | Rate: 0.05/s | ETA: 20.8m
  Progress: 77/140 | Rate: 0.05/s | ETA: 20.4m
  Progress: 78/140 | Rate: 0.05/s | ETA: 20.1m
  Progress: 79/140 | Rate: 0.05/s | ETA: 19.8m
  Progress: 80/140 | Rate: 0.05/s | ETA: 19.4m
  Progress: 81/140 | Rate: 0.05/s | ETA: 19.0m
  Progress: 82/140 | Rate: 0.05/s | ETA: 18.7m
  Progress: 83/140 | Rate: 0.05/s | ETA: 18.6m
  Progress: 84/140 | Rate: 0.05/s | ETA: 18.3m
  Progress: 85/140 | Rate: 0.05/s | ETA: 17.9m
  Progress: 86/140 | Rate: 0.05/s | ETA: 17.6m
  Progress: 87/140 | Rate: 0.05/s | ETA: 17.2m
  Progress: 88/140 | Rate: 0.05/s | ETA: 16.9m
  Progress: 89/140 | Rate: 0.05/s | ETA: 16.5m
  Progress: 90/140 | Rate: 0.05/s | ETA: 16.1m
  Progress: 91/140 | Rate: 0.05/s | ETA: 15.8m
  Progress: 92/140 | Rate: 0.05/s | ETA: 15.4m
  Progress: 93/140 | Rate: 0.05/s | ETA: 15.1m
  Progress: 94/140 | Rate: 0.05/s | ETA: 14.7m
  Progress: 95/140 | Rate: 0.05/s | ETA: 14.4m
  Progress: 96/140 | Rate: 0.05/s | ETA: 14.0m
  Progress: 97/140 | Rate: 0.05/s | ETA: 13.7m
  Progress: 98/140 | Rate: 0.05/s | ETA: 13.3m
  Progress: 99/140 | Rate: 0.05/s | ETA: 13.0m
  Progress: 100/140 | Rate: 0.05/s | ETA: 12.6m
  Progress: 101/140 | Rate: 0.05/s | ETA: 12.4m
  Progress: 102/140 | Rate: 0.05/s | ETA: 12.0m
  Progress: 103/140 | Rate: 0.05/s | ETA: 11.8m
  Progress: 104/140 | Rate: 0.05/s | ETA: 11.4m
  Progress: 105/140 | Rate: 0.05/s | ETA: 11.2m
  Progress: 106/140 | Rate: 0.05/s | ETA: 10.8m
  Progress: 107/140 | Rate: 0.05/s | ETA: 10.4m
  Progress: 108/140 | Rate: 0.05/s | ETA: 10.1m
  Progress: 109/140 | Rate: 0.05/s | ETA: 9.7m
  Progress: 110/140 | Rate: 0.05/s | ETA: 9.5m
  Progress: 111/140 | Rate: 0.05/s | ETA: 9.2m
  Progress: 112/140 | Rate: 0.05/s | ETA: 8.9m
  Progress: 113/140 | Rate: 0.05/s | ETA: 8.5m
  Progress: 114/140 | Rate: 0.05/s | ETA: 8.2m
  Progress: 115/140 | Rate: 0.05/s | ETA: 7.9m
  Progress: 116/140 | Rate: 0.05/s | ETA: 7.6m
  Progress: 117/140 | Rate: 0.05/s | ETA: 7.3m
  Progress: 118/140 | Rate: 0.05/s | ETA: 6.9m
  Progress: 119/140 | Rate: 0.05/s | ETA: 6.7m
  Progress: 120/140 | Rate: 0.05/s | ETA: 6.3m
  Progress: 121/140 | Rate: 0.05/s | ETA: 6.0m
  Progress: 122/140 | Rate: 0.05/s | ETA: 5.7m
  Progress: 123/140 | Rate: 0.05/s | ETA: 5.4m
  Progress: 124/140 | Rate: 0.05/s | ETA: 5.1m
  Progress: 125/140 | Rate: 0.05/s | ETA: 4.8m
  Progress: 126/140 | Rate: 0.05/s | ETA: 4.5m
  Progress: 127/140 | Rate: 0.05/s | ETA: 4.2m
  Progress: 128/140 | Rate: 0.05/s | ETA: 3.9m
  Progress: 129/140 | Rate: 0.05/s | ETA: 3.5m
  Progress: 130/140 | Rate: 0.05/s | ETA: 3.2m
  Progress: 131/140 | Rate: 0.05/s | ETA: 2.9m
  Progress: 132/140 | Rate: 0.05/s | ETA: 2.6m
  Progress: 133/140 | Rate: 0.05/s | ETA: 2.3m
  Progress: 134/140 | Rate: 0.05/s | ETA: 1.9m
  Progress: 135/140 | Rate: 0.05/s | ETA: 1.6m
  Progress: 136/140 | Rate: 0.05/s | ETA: 1.3m
  Progress: 137/140 | Rate: 0.05/s | ETA: 1.0m
  Progress: 138/140 | Rate: 0.05/s | ETA: 0.7m
  Progress: 139/140 | Rate: 0.05/s | ETA: 0.3m
  Progress: 140/140 | Rate: 0.05/s | ETA: 0.0m

✔ Done. 140 evaluations in 2741.4s (0.05/s)
>>> gpt_oss_120b_utility_first_sample2_responses.jsonl  00:41:54Z

============================================================
  Judge:  kimi (moonshotai/kimi-k2-thinking-maas)
  Input:  runs/run_20260521/responses/gpt_oss_120b_utility_first_sample2_responses.jsonl
  Output: /home/satvik/Documents/CIKM/runs/run_20260521/evaluations/kimi_evaluations_gpt_oss_120b_utility_first_sample2.jsonl
============================================================
  Remaining: 140 rows
  Progress: 1/140 | Rate: 0.03/s | ETA: 68.0m
  Progress: 2/140 | Rate: 0.05/s | ETA: 46.6m
  Progress: 3/140 | Rate: 0.05/s | ETA: 46.7m
  Progress: 4/140 | Rate: 0.05/s | ETA: 49.9m
  Progress: 5/140 | Rate: 0.04/s | ETA: 58.0m
  Progress: 6/140 | Rate: 0.04/s | ETA: 58.9m
  Progress: 7/140 | Rate: 0.04/s | ETA: 57.5m
  Progress: 8/140 | Rate: 0.04/s | ETA: 54.3m
  Progress: 9/140 | Rate: 0.04/s | ETA: 58.0m
  Progress: 10/140 | Rate: 0.04/s | ETA: 56.0m
  Progress: 11/140 | Rate: 0.04/s | ETA: 53.9m
  Progress: 12/140 | Rate: 0.04/s | ETA: 53.1m
  Progress: 13/140 | Rate: 0.04/s | ETA: 51.2m
  Progress: 14/140 | Rate: 0.04/s | ETA: 49.8m
  Progress: 15/140 | Rate: 0.04/s | ETA: 49.9m
  Progress: 16/140 | Rate: 0.04/s | ETA: 50.0m
  Progress: 17/140 | Rate: 0.04/s | ETA: 48.5m
  Progress: 18/140 | Rate: 0.04/s | ETA: 46.8m
  Progress: 19/140 | Rate: 0.04/s | ETA: 46.4m
  Progress: 20/140 | Rate: 0.04/s | ETA: 45.7m
  Progress: 21/140 | Rate: 0.04/s | ETA: 44.9m
  Progress: 22/140 | Rate: 0.04/s | ETA: 44.4m
  Progress: 23/140 | Rate: 0.04/s | ETA: 44.0m
  Progress: 24/140 | Rate: 0.05/s | ETA: 42.5m
  Progress: 25/140 | Rate: 0.05/s | ETA: 41.2m
  Progress: 26/140 | Rate: 0.05/s | ETA: 40.9m
  Progress: 27/140 | Rate: 0.05/s | ETA: 40.4m
  Progress: 28/140 | Rate: 0.05/s | ETA: 40.0m
  Progress: 29/140 | Rate: 0.05/s | ETA: 39.2m
  Progress: 30/140 | Rate: 0.05/s | ETA: 38.0m
  Progress: 31/140 | Rate: 0.05/s | ETA: 37.2m
  Progress: 32/140 | Rate: 0.05/s | ETA: 36.7m
  Progress: 33/140 | Rate: 0.05/s | ETA: 36.0m
  Progress: 34/140 | Rate: 0.05/s | ETA: 35.9m
  Progress: 35/140 | Rate: 0.05/s | ETA: 36.0m
  Progress: 36/140 | Rate: 0.05/s | ETA: 35.3m
  Progress: 37/140 | Rate: 0.05/s | ETA: 35.1m
  Progress: 38/140 | Rate: 0.05/s | ETA: 34.6m
  Progress: 39/140 | Rate: 0.05/s | ETA: 33.6m
  Progress: 40/140 | Rate: 0.05/s | ETA: 33.1m
  Progress: 41/140 | Rate: 0.05/s | ETA: 32.6m
  Progress: 42/140 | Rate: 0.05/s | ETA: 31.9m
  Progress: 43/140 | Rate: 0.05/s | ETA: 31.4m
  Progress: 44/140 | Rate: 0.05/s | ETA: 31.2m
  Progress: 45/140 | Rate: 0.05/s | ETA: 30.8m
  Progress: 46/140 | Rate: 0.05/s | ETA: 30.7m
  Progress: 47/140 | Rate: 0.05/s | ETA: 30.3m
  Progress: 48/140 | Rate: 0.05/s | ETA: 30.5m
  Progress: 49/140 | Rate: 0.05/s | ETA: 30.8m
  Progress: 50/140 | Rate: 0.05/s | ETA: 30.5m
  Progress: 51/140 | Rate: 0.05/s | ETA: 30.0m
  Progress: 52/140 | Rate: 0.05/s | ETA: 29.5m
  Progress: 53/140 | Rate: 0.05/s | ETA: 29.1m
  Progress: 54/140 | Rate: 0.05/s | ETA: 28.5m
  Progress: 55/140 | Rate: 0.05/s | ETA: 28.0m
  Progress: 56/140 | Rate: 0.05/s | ETA: 27.8m
  Progress: 57/140 | Rate: 0.05/s | ETA: 27.8m
  Progress: 58/140 | Rate: 0.05/s | ETA: 27.6m
  [cat6_orig_009] [Attempt 1] HTTP 429: [{
  "error": {
    "code": 429,
    "message": "Resource exhausted. Please try again later. Please refer to https://clo — waiting 60s
  Progress: 59/140 | Rate: 0.05/s | ETA: 28.9m
  Progress: 60/140 | Rate: 0.05/s | ETA: 28.5m
  Progress: 61/140 | Rate: 0.05/s | ETA: 28.1m
  Progress: 62/140 | Rate: 0.05/s | ETA: 27.7m
  Progress: 63/140 | Rate: 0.05/s | ETA: 27.2m
  Progress: 64/140 | Rate: 0.05/s | ETA: 26.6m
  Progress: 65/140 | Rate: 0.05/s | ETA: 26.1m
  Progress: 66/140 | Rate: 0.05/s | ETA: 25.5m
  Progress: 67/140 | Rate: 0.05/s | ETA: 25.1m
  Progress: 68/140 | Rate: 0.05/s | ETA: 24.8m
  Progress: 69/140 | Rate: 0.05/s | ETA: 24.4m
  Progress: 70/140 | Rate: 0.05/s | ETA: 23.9m
  Progress: 71/140 | Rate: 0.05/s | ETA: 23.4m
  Progress: 72/140 | Rate: 0.05/s | ETA: 23.0m
  Progress: 73/140 | Rate: 0.05/s | ETA: 22.5m
  Progress: 74/140 | Rate: 0.05/s | ETA: 22.0m
  Progress: 75/140 | Rate: 0.05/s | ETA: 21.6m
  Progress: 76/140 | Rate: 0.05/s | ETA: 21.2m
  Progress: 77/140 | Rate: 0.05/s | ETA: 20.8m
  Progress: 78/140 | Rate: 0.05/s | ETA: 20.5m
  Progress: 79/140 | Rate: 0.05/s | ETA: 20.1m
  Progress: 80/140 | Rate: 0.05/s | ETA: 19.8m
  Progress: 81/140 | Rate: 0.05/s | ETA: 19.4m
  Progress: 82/140 | Rate: 0.05/s | ETA: 19.0m
  Progress: 83/140 | Rate: 0.05/s | ETA: 18.6m
  Progress: 84/140 | Rate: 0.05/s | ETA: 18.2m
  Progress: 85/140 | Rate: 0.05/s | ETA: 17.8m
  Progress: 86/140 | Rate: 0.05/s | ETA: 17.5m
  Progress: 87/140 | Rate: 0.05/s | ETA: 17.1m
  Progress: 88/140 | Rate: 0.05/s | ETA: 16.7m
  Progress: 89/140 | Rate: 0.05/s | ETA: 16.3m
  Progress: 90/140 | Rate: 0.05/s | ETA: 15.9m
  Progress: 91/140 | Rate: 0.05/s | ETA: 15.6m
  Progress: 92/140 | Rate: 0.05/s | ETA: 15.2m
  Progress: 93/140 | Rate: 0.05/s | ETA: 14.8m
  Progress: 94/140 | Rate: 0.05/s | ETA: 14.5m
  Progress: 95/140 | Rate: 0.05/s | ETA: 14.1m
  Progress: 96/140 | Rate: 0.05/s | ETA: 13.8m
  Progress: 97/140 | Rate: 0.05/s | ETA: 13.4m
  Progress: 98/140 | Rate: 0.05/s | ETA: 13.0m
  Progress: 99/140 | Rate: 0.05/s | ETA: 12.7m
  Progress: 100/140 | Rate: 0.05/s | ETA: 12.3m
  Progress: 101/140 | Rate: 0.05/s | ETA: 12.0m
  Progress: 102/140 | Rate: 0.05/s | ETA: 11.7m
  Progress: 103/140 | Rate: 0.05/s | ETA: 11.3m
  Progress: 104/140 | Rate: 0.05/s | ETA: 11.0m
  Progress: 105/140 | Rate: 0.05/s | ETA: 10.7m
  Progress: 106/140 | Rate: 0.05/s | ETA: 10.3m
  Progress: 107/140 | Rate: 0.05/s | ETA: 10.1m
  Progress: 108/140 | Rate: 0.05/s | ETA: 9.7m
  Progress: 109/140 | Rate: 0.05/s | ETA: 9.4m
  Progress: 110/140 | Rate: 0.05/s | ETA: 9.1m
  Progress: 111/140 | Rate: 0.05/s | ETA: 8.8m
  Progress: 112/140 | Rate: 0.05/s | ETA: 8.5m
  Progress: 113/140 | Rate: 0.05/s | ETA: 8.2m
  Progress: 114/140 | Rate: 0.06/s | ETA: 7.9m
  Progress: 115/140 | Rate: 0.06/s | ETA: 7.5m
  Progress: 116/140 | Rate: 0.06/s | ETA: 7.2m
  Progress: 117/140 | Rate: 0.06/s | ETA: 6.9m
  Progress: 118/140 | Rate: 0.06/s | ETA: 6.6m
  Progress: 119/140 | Rate: 0.06/s | ETA: 6.3m
  Progress: 120/140 | Rate: 0.06/s | ETA: 6.0m
  Progress: 121/140 | Rate: 0.06/s | ETA: 5.7m
  Progress: 122/140 | Rate: 0.06/s | ETA: 5.4m
  Progress: 123/140 | Rate: 0.06/s | ETA: 5.1m
  Progress: 124/140 | Rate: 0.06/s | ETA: 4.8m
  Progress: 125/140 | Rate: 0.06/s | ETA: 4.5m
  Progress: 126/140 | Rate: 0.06/s | ETA: 4.2m
  Progress: 127/140 | Rate: 0.06/s | ETA: 3.9m
  Progress: 128/140 | Rate: 0.06/s | ETA: 3.6m
  Progress: 129/140 | Rate: 0.06/s | ETA: 3.3m
  Progress: 130/140 | Rate: 0.06/s | ETA: 3.0m
  Progress: 131/140 | Rate: 0.06/s | ETA: 2.7m
  Progress: 132/140 | Rate: 0.06/s | ETA: 2.4m
  Progress: 133/140 | Rate: 0.06/s | ETA: 2.1m
  Progress: 134/140 | Rate: 0.06/s | ETA: 1.8m
  Progress: 135/140 | Rate: 0.06/s | ETA: 1.5m
  Progress: 136/140 | Rate: 0.06/s | ETA: 1.2m
  Progress: 137/140 | Rate: 0.06/s | ETA: 0.9m
  Progress: 138/140 | Rate: 0.06/s | ETA: 0.6m
  Progress: 139/140 | Rate: 0.06/s | ETA: 0.3m
  Progress: 140/140 | Rate: 0.06/s | ETA: 0.0m

✔ Done. 140 evaluations in 2485.5s (0.06/s)
>>> gpt_oss_120b_vanilla_sample0_responses.jsonl  01:23:20Z

============================================================
  Judge:  kimi (moonshotai/kimi-k2-thinking-maas)
  Input:  runs/run_20260521/responses/gpt_oss_120b_vanilla_sample0_responses.jsonl
  Output: /home/satvik/Documents/CIKM/runs/run_20260521/evaluations/kimi_evaluations_gpt_oss_120b_vanilla_sample0.jsonl
============================================================
  Remaining: 140 rows
  Progress: 1/140 | Rate: 0.10/s | ETA: 23.5m
  Progress: 2/140 | Rate: 0.08/s | ETA: 28.6m
  Progress: 3/140 | Rate: 0.08/s | ETA: 29.9m
  Progress: 4/140 | Rate: 0.07/s | ETA: 32.7m
  Progress: 5/140 | Rate: 0.07/s | ETA: 33.0m
  Progress: 6/140 | Rate: 0.07/s | ETA: 33.7m
  Progress: 7/140 | Rate: 0.06/s | ETA: 34.3m
  Progress: 8/140 | Rate: 0.06/s | ETA: 34.2m
  Progress: 9/140 | Rate: 0.06/s | ETA: 34.0m
  Progress: 10/140 | Rate: 0.07/s | ETA: 33.2m
  Progress: 11/140 | Rate: 0.07/s | ETA: 32.2m
  Progress: 12/140 | Rate: 0.07/s | ETA: 31.8m
  Progress: 13/140 | Rate: 0.07/s | ETA: 31.7m
  Progress: 14/140 | Rate: 0.07/s | ETA: 31.6m
  Progress: 15/140 | Rate: 0.07/s | ETA: 32.0m
  Progress: 16/140 | Rate: 0.07/s | ETA: 31.4m
  Progress: 17/140 | Rate: 0.06/s | ETA: 31.6m
  Progress: 18/140 | Rate: 0.07/s | ETA: 31.1m
  Progress: 19/140 | Rate: 0.07/s | ETA: 30.7m
  Progress: 20/140 | Rate: 0.07/s | ETA: 30.0m
  Progress: 21/140 | Rate: 0.07/s | ETA: 29.8m
  Progress: 22/140 | Rate: 0.07/s | ETA: 29.6m
  Progress: 23/140 | Rate: 0.07/s | ETA: 28.9m
  Progress: 24/140 | Rate: 0.07/s | ETA: 28.8m
  Progress: 25/140 | Rate: 0.07/s | ETA: 28.6m
  Progress: 26/140 | Rate: 0.07/s | ETA: 28.4m
  Progress: 27/140 | Rate: 0.07/s | ETA: 28.2m
  Progress: 28/140 | Rate: 0.07/s | ETA: 27.8m
  Progress: 29/140 | Rate: 0.07/s | ETA: 28.0m
  Progress: 30/140 | Rate: 0.07/s | ETA: 27.5m
  Progress: 31/140 | Rate: 0.07/s | ETA: 27.5m
  Progress: 32/140 | Rate: 0.06/s | ETA: 28.4m
  Progress: 33/140 | Rate: 0.06/s | ETA: 28.4m
  Progress: 34/140 | Rate: 0.06/s | ETA: 28.0m
  Progress: 35/140 | Rate: 0.06/s | ETA: 27.6m
  Progress: 36/140 | Rate: 0.06/s | ETA: 27.3m
  Progress: 37/140 | Rate: 0.06/s | ETA: 27.0m
  Progress: 38/140 | Rate: 0.06/s | ETA: 27.2m
  Progress: 39/140 | Rate: 0.06/s | ETA: 27.4m
  Progress: 40/140 | Rate: 0.06/s | ETA: 27.2m
  Progress: 41/140 | Rate: 0.06/s | ETA: 27.0m
  Progress: 42/140 | Rate: 0.06/s | ETA: 26.9m
  Progress: 43/140 | Rate: 0.06/s | ETA: 27.1m
  Progress: 44/140 | Rate: 0.06/s | ETA: 26.8m
  Progress: 45/140 | Rate: 0.06/s | ETA: 26.3m
  Progress: 46/140 | Rate: 0.06/s | ETA: 26.2m
  Progress: 47/140 | Rate: 0.06/s | ETA: 26.2m
  Progress: 48/140 | Rate: 0.06/s | ETA: 25.8m
  Progress: 49/140 | Rate: 0.06/s | ETA: 25.9m
  Progress: 50/140 | Rate: 0.06/s | ETA: 26.0m
  Progress: 51/140 | Rate: 0.06/s | ETA: 25.7m
  Progress: 52/140 | Rate: 0.06/s | ETA: 25.6m
  Progress: 53/140 | Rate: 0.06/s | ETA: 25.2m
  Progress: 54/140 | Rate: 0.06/s | ETA: 24.9m
  Progress: 55/140 | Rate: 0.06/s | ETA: 24.5m
  Progress: 56/140 | Rate: 0.06/s | ETA: 23.9m
  Progress: 57/140 | Rate: 0.06/s | ETA: 23.6m
  Progress: 58/140 | Rate: 0.06/s | ETA: 23.3m
  Progress: 59/140 | Rate: 0.06/s | ETA: 23.2m
  Progress: 60/140 | Rate: 0.06/s | ETA: 22.8m
  Progress: 61/140 | Rate: 0.06/s | ETA: 22.5m
  Progress: 62/140 | Rate: 0.06/s | ETA: 22.3m
  Progress: 63/140 | Rate: 0.06/s | ETA: 21.8m
  Progress: 64/140 | Rate: 0.06/s | ETA: 21.4m
  Progress: 65/140 | Rate: 0.06/s | ETA: 21.1m
  Progress: 66/140 | Rate: 0.06/s | ETA: 20.7m
  Progress: 67/140 | Rate: 0.06/s | ETA: 20.6m
  Progress: 68/140 | Rate: 0.06/s | ETA: 20.4m
  Progress: 69/140 | Rate: 0.06/s | ETA: 20.1m
  Progress: 70/140 | Rate: 0.06/s | ETA: 19.9m
  Progress: 71/140 | Rate: 0.06/s | ETA: 19.6m
  Progress: 72/140 | Rate: 0.06/s | ETA: 19.2m
  Progress: 73/140 | Rate: 0.06/s | ETA: 18.9m
  Progress: 74/140 | Rate: 0.06/s | ETA: 18.8m
  Progress: 75/140 | Rate: 0.06/s | ETA: 18.4m
  Progress: 76/140 | Rate: 0.06/s | ETA: 18.4m
  Progress: 77/140 | Rate: 0.06/s | ETA: 18.0m
  Progress: 78/140 | Rate: 0.06/s | ETA: 17.7m
  Progress: 79/140 | Rate: 0.06/s | ETA: 17.5m
  Progress: 80/140 | Rate: 0.06/s | ETA: 17.1m
  Progress: 81/140 | Rate: 0.06/s | ETA: 16.9m
  Progress: 82/140 | Rate: 0.06/s | ETA: 16.6m
  Progress: 83/140 | Rate: 0.06/s | ETA: 16.3m
  Progress: 84/140 | Rate: 0.06/s | ETA: 16.1m
  Progress: 85/140 | Rate: 0.06/s | ETA: 15.7m
  Progress: 86/140 | Rate: 0.06/s | ETA: 15.4m
  Progress: 87/140 | Rate: 0.06/s | ETA: 15.1m
  Progress: 88/140 | Rate: 0.06/s | ETA: 14.8m
  Progress: 89/140 | Rate: 0.06/s | ETA: 14.4m
  Progress: 90/140 | Rate: 0.06/s | ETA: 14.1m
  Progress: 91/140 | Rate: 0.06/s | ETA: 13.8m
  Progress: 92/140 | Rate: 0.06/s | ETA: 13.5m
  Progress: 93/140 | Rate: 0.06/s | ETA: 13.2m
  Progress: 94/140 | Rate: 0.06/s | ETA: 13.0m
  Progress: 95/140 | Rate: 0.06/s | ETA: 12.7m
  Progress: 96/140 | Rate: 0.06/s | ETA: 12.4m
  Progress: 97/140 | Rate: 0.06/s | ETA: 12.1m
  Progress: 98/140 | Rate: 0.06/s | ETA: 11.8m
  Progress: 99/140 | Rate: 0.06/s | ETA: 11.5m
  Progress: 100/140 | Rate: 0.06/s | ETA: 11.3m
  Progress: 101/140 | Rate: 0.06/s | ETA: 11.0m
  Progress: 102/140 | Rate: 0.06/s | ETA: 10.7m
  Progress: 103/140 | Rate: 0.06/s | ETA: 10.4m
  Progress: 104/140 | Rate: 0.06/s | ETA: 10.1m
  Progress: 105/140 | Rate: 0.06/s | ETA: 9.9m
  Progress: 106/140 | Rate: 0.06/s | ETA: 9.5m
  Progress: 107/140 | Rate: 0.06/s | ETA: 9.2m
  Progress: 108/140 | Rate: 0.06/s | ETA: 9.0m
  Progress: 109/140 | Rate: 0.06/s | ETA: 8.7m
  Progress: 110/140 | Rate: 0.06/s | ETA: 8.4m
  Progress: 111/140 | Rate: 0.06/s | ETA: 8.1m
  Progress: 112/140 | Rate: 0.06/s | ETA: 7.8m
  Progress: 113/140 | Rate: 0.06/s | ETA: 7.5m
  Progress: 114/140 | Rate: 0.06/s | ETA: 7.3m
  Progress: 115/140 | Rate: 0.06/s | ETA: 7.0m
  Progress: 116/140 | Rate: 0.06/s | ETA: 6.7m
  Progress: 117/140 | Rate: 0.06/s | ETA: 6.4m
  Progress: 118/140 | Rate: 0.06/s | ETA: 6.2m
  Progress: 119/140 | Rate: 0.06/s | ETA: 5.9m
  Progress: 120/140 | Rate: 0.06/s | ETA: 5.6m
  Progress: 121/140 | Rate: 0.06/s | ETA: 5.3m
  Progress: 122/140 | Rate: 0.06/s | ETA: 5.0m
  Progress: 123/140 | Rate: 0.06/s | ETA: 4.8m
  Progress: 124/140 | Rate: 0.06/s | ETA: 4.5m
  Progress: 125/140 | Rate: 0.06/s | ETA: 4.2m
  Progress: 126/140 | Rate: 0.06/s | ETA: 4.0m
  [cat6_real_002] [Attempt 1] HTTP 429: [{
  "error": {
    "code": 429,
    "message": "Resource exhausted. Please try again later. Please refer to https://clo — waiting 60s
  Progress: 127/140 | Rate: 0.06/s | ETA: 3.8m
  Progress: 128/140 | Rate: 0.06/s | ETA: 3.5m
  Progress: 129/140 | Rate: 0.06/s | ETA: 3.2m
  Progress: 130/140 | Rate: 0.06/s | ETA: 2.9m
  Progress: 131/140 | Rate: 0.06/s | ETA: 2.7m
  Progress: 132/140 | Rate: 0.06/s | ETA: 2.4m
  Progress: 133/140 | Rate: 0.06/s | ETA: 2.1m
  Progress: 134/140 | Rate: 0.06/s | ETA: 1.8m
  Progress: 135/140 | Rate: 0.06/s | ETA: 1.5m
  Progress: 136/140 | Rate: 0.06/s | ETA: 1.2m
  Progress: 137/140 | Rate: 0.06/s | ETA: 0.9m
  Progress: 138/140 | Rate: 0.06/s | ETA: 0.6m
  Progress: 139/140 | Rate: 0.06/s | ETA: 0.3m
  Progress: 140/140 | Rate: 0.06/s | ETA: 0.0m

✔ Done. 140 evaluations in 2508.7s (0.06/s)
>>> gpt_oss_120b_vanilla_sample1_responses.jsonl  02:05:10Z

============================================================
  Judge:  kimi (moonshotai/kimi-k2-thinking-maas)
  Input:  runs/run_20260521/responses/gpt_oss_120b_vanilla_sample1_responses.jsonl
  Output: /home/satvik/Documents/CIKM/runs/run_20260521/evaluations/kimi_evaluations_gpt_oss_120b_vanilla_sample1.jsonl
============================================================
  Remaining: 140 rows
  Progress: 1/140 | Rate: 0.07/s | ETA: 35.4m
  Progress: 2/140 | Rate: 0.06/s | ETA: 40.3m
  Progress: 3/140 | Rate: 0.05/s | ETA: 43.0m
  Progress: 4/140 | Rate: 0.04/s | ETA: 59.5m
  Progress: 5/140 | Rate: 0.04/s | ETA: 51.7m
  Progress: 6/140 | Rate: 0.04/s | ETA: 50.6m
  Progress: 7/140 | Rate: 0.05/s | ETA: 48.9m
  Progress: 8/140 | Rate: 0.05/s | ETA: 48.0m
  Progress: 9/140 | Rate: 0.05/s | ETA: 48.3m
  Progress: 10/140 | Rate: 0.05/s | ETA: 46.1m
  Progress: 11/140 | Rate: 0.05/s | ETA: 45.1m
  Progress: 12/140 | Rate: 0.05/s | ETA: 44.0m
  Progress: 13/140 | Rate: 0.05/s | ETA: 44.6m
  Progress: 14/140 | Rate: 0.05/s | ETA: 44.2m
  Progress: 15/140 | Rate: 0.05/s | ETA: 43.5m
  Progress: 16/140 | Rate: 0.05/s | ETA: 44.2m
  Progress: 17/140 | Rate: 0.05/s | ETA: 43.7m
  Progress: 18/140 | Rate: 0.05/s | ETA: 43.3m
  Progress: 19/140 | Rate: 0.04/s | ETA: 45.7m
  Progress: 20/140 | Rate: 0.04/s | ETA: 45.0m
  Progress: 21/140 | Rate: 0.04/s | ETA: 44.6m
  Progress: 22/140 | Rate: 0.05/s | ETA: 43.4m
  Progress: 23/140 | Rate: 0.05/s | ETA: 42.7m
  Progress: 24/140 | Rate: 0.05/s | ETA: 42.7m
  Progress: 25/140 | Rate: 0.05/s | ETA: 42.0m
  Progress: 26/140 | Rate: 0.05/s | ETA: 41.2m
  Progress: 27/140 | Rate: 0.05/s | ETA: 40.0m
  Progress: 28/140 | Rate: 0.05/s | ETA: 39.1m
  Progress: 29/140 | Rate: 0.05/s | ETA: 38.2m
  Progress: 30/140 | Rate: 0.05/s | ETA: 37.6m
  Progress: 31/140 | Rate: 0.05/s | ETA: 37.7m
  Progress: 32/140 | Rate: 0.05/s | ETA: 37.0m
  Progress: 33/140 | Rate: 0.05/s | ETA: 36.6m
  Progress: 34/140 | Rate: 0.05/s | ETA: 36.2m
  Progress: 35/140 | Rate: 0.05/s | ETA: 35.3m
  Progress: 36/140 | Rate: 0.05/s | ETA: 34.6m
  Progress: 37/140 | Rate: 0.05/s | ETA: 33.8m
  Progress: 38/140 | Rate: 0.05/s | ETA: 33.6m
  Progress: 39/140 | Rate: 0.05/s | ETA: 33.1m
  Progress: 40/140 | Rate: 0.05/s | ETA: 32.6m
  Progress: 41/140 | Rate: 0.05/s | ETA: 31.9m
  Progress: 42/140 | Rate: 0.05/s | ETA: 31.6m
  Progress: 43/140 | Rate: 0.05/s | ETA: 31.6m
  Progress: 44/140 | Rate: 0.05/s | ETA: 31.0m
  Progress: 45/140 | Rate: 0.05/s | ETA: 30.3m
  Progress: 46/140 | Rate: 0.05/s | ETA: 30.4m
  Progress: 47/140 | Rate: 0.05/s | ETA: 29.9m
  Progress: 48/140 | Rate: 0.05/s | ETA: 29.4m
  Progress: 49/140 | Rate: 0.05/s | ETA: 28.9m
  Progress: 50/140 | Rate: 0.05/s | ETA: 28.3m
  Progress: 51/140 | Rate: 0.05/s | ETA: 27.9m
  Progress: 52/140 | Rate: 0.05/s | ETA: 27.4m
  Progress: 53/140 | Rate: 0.05/s | ETA: 26.9m
  Progress: 54/140 | Rate: 0.05/s | ETA: 26.6m
  Progress: 55/140 | Rate: 0.05/s | ETA: 26.4m
  Progress: 56/140 | Rate: 0.05/s | ETA: 25.9m
  Progress: 57/140 | Rate: 0.05/s | ETA: 25.5m
  Progress: 58/140 | Rate: 0.05/s | ETA: 25.2m
  Progress: 59/140 | Rate: 0.05/s | ETA: 24.9m
  Progress: 60/140 | Rate: 0.05/s | ETA: 24.6m
  Progress: 61/140 | Rate: 0.05/s | ETA: 24.3m
  Progress: 62/140 | Rate: 0.05/s | ETA: 24.0m
  Progress: 63/140 | Rate: 0.05/s | ETA: 23.8m
  Progress: 64/140 | Rate: 0.05/s | ETA: 23.4m
  Progress: 65/140 | Rate: 0.05/s | ETA: 23.1m
  Progress: 66/140 | Rate: 0.05/s | ETA: 22.9m
  Progress: 67/140 | Rate: 0.05/s | ETA: 22.6m
  Progress: 68/140 | Rate: 0.05/s | ETA: 22.2m
  Progress: 69/140 | Rate: 0.05/s | ETA: 22.2m
  Progress: 70/140 | Rate: 0.05/s | ETA: 21.8m
  Progress: 71/140 | Rate: 0.05/s | ETA: 21.5m
  Progress: 72/140 | Rate: 0.05/s | ETA: 21.2m
  Progress: 73/140 | Rate: 0.05/s | ETA: 20.8m
  Progress: 74/140 | Rate: 0.05/s | ETA: 20.4m
  Progress: 75/140 | Rate: 0.05/s | ETA: 20.0m
  Progress: 76/140 | Rate: 0.05/s | ETA: 19.7m
  Progress: 77/140 | Rate: 0.05/s | ETA: 19.3m
  Progress: 78/140 | Rate: 0.05/s | ETA: 18.9m
  Progress: 79/140 | Rate: 0.05/s | ETA: 18.6m
  Progress: 80/140 | Rate: 0.05/s | ETA: 18.3m
  Progress: 81/140 | Rate: 0.05/s | ETA: 18.0m
  Progress: 82/140 | Rate: 0.05/s | ETA: 17.6m
  Progress: 83/140 | Rate: 0.05/s | ETA: 17.3m
  Progress: 84/140 | Rate: 0.05/s | ETA: 17.0m
  Progress: 85/140 | Rate: 0.05/s | ETA: 16.8m
  Progress: 86/140 | Rate: 0.05/s | ETA: 16.5m
  Progress: 87/140 | Rate: 0.05/s | ETA: 16.2m
  Progress: 88/140 | Rate: 0.05/s | ETA: 15.9m
  Progress: 89/140 | Rate: 0.05/s | ETA: 15.5m
  Progress: 90/140 | Rate: 0.05/s | ETA: 15.2m
  Progress: 91/140 | Rate: 0.05/s | ETA: 14.9m
  Progress: 92/140 | Rate: 0.05/s | ETA: 14.6m
  Progress: 93/140 | Rate: 0.05/s | ETA: 14.3m
  Progress: 94/140 | Rate: 0.05/s | ETA: 14.2m
  Progress: 95/140 | Rate: 0.05/s | ETA: 13.8m
  Progress: 96/140 | Rate: 0.05/s | ETA: 13.5m
  Progress: 97/140 | Rate: 0.05/s | ETA: 13.3m
  Progress: 98/140 | Rate: 0.05/s | ETA: 13.0m
  Progress: 99/140 | Rate: 0.05/s | ETA: 12.7m
  Progress: 100/140 | Rate: 0.05/s | ETA: 12.4m
  Progress: 101/140 | Rate: 0.05/s | ETA: 12.2m
  Progress: 102/140 | Rate: 0.05/s | ETA: 12.0m
  Progress: 103/140 | Rate: 0.05/s | ETA: 11.7m
  Progress: 104/140 | Rate: 0.05/s | ETA: 11.4m
  Progress: 105/140 | Rate: 0.05/s | ETA: 11.1m
  Progress: 106/140 | Rate: 0.05/s | ETA: 10.7m
  Progress: 107/140 | Rate: 0.05/s | ETA: 10.6m
  Progress: 108/140 | Rate: 0.05/s | ETA: 10.2m
  Progress: 109/140 | Rate: 0.05/s | ETA: 9.9m
  Progress: 110/140 | Rate: 0.05/s | ETA: 9.5m
  Progress: 111/140 | Rate: 0.05/s | ETA: 9.3m
  Progress: 112/140 | Rate: 0.05/s | ETA: 9.0m
  Progress: 113/140 | Rate: 0.05/s | ETA: 8.6m
  Progress: 114/140 | Rate: 0.05/s | ETA: 8.3m
  Progress: 115/140 | Rate: 0.05/s | ETA: 8.0m
  Progress: 116/140 | Rate: 0.05/s | ETA: 7.7m
  Progress: 117/140 | Rate: 0.05/s | ETA: 7.4m
  Progress: 118/140 | Rate: 0.05/s | ETA: 7.1m
  Progress: 119/140 | Rate: 0.05/s | ETA: 7.0m
  Progress: 120/140 | Rate: 0.05/s | ETA: 6.7m
  Progress: 121/140 | Rate: 0.05/s | ETA: 6.3m
  Progress: 122/140 | Rate: 0.05/s | ETA: 6.0m
  Progress: 123/140 | Rate: 0.05/s | ETA: 5.7m
  Progress: 124/140 | Rate: 0.05/s | ETA: 5.4m
  Progress: 125/140 | Rate: 0.05/s | ETA: 5.0m
  Progress: 126/140 | Rate: 0.05/s | ETA: 4.7m
  Progress: 127/140 | Rate: 0.05/s | ETA: 4.4m
  Progress: 128/140 | Rate: 0.05/s | ETA: 4.0m
  Progress: 129/140 | Rate: 0.05/s | ETA: 3.7m
  Progress: 130/140 | Rate: 0.05/s | ETA: 3.3m
  Progress: 131/140 | Rate: 0.05/s | ETA: 3.0m
  Progress: 132/140 | Rate: 0.05/s | ETA: 2.7m
  Progress: 133/140 | Rate: 0.05/s | ETA: 2.4m
  Progress: 134/140 | Rate: 0.05/s | ETA: 2.0m
  Progress: 135/140 | Rate: 0.05/s | ETA: 1.7m
  Progress: 136/140 | Rate: 0.05/s | ETA: 1.3m
  Progress: 137/140 | Rate: 0.05/s | ETA: 1.0m
  Progress: 138/140 | Rate: 0.05/s | ETA: 0.7m
  Progress: 139/140 | Rate: 0.05/s | ETA: 0.3m
  Progress: 140/140 | Rate: 0.05/s | ETA: 0.0m

✔ Done. 140 evaluations in 2819.6s (0.05/s)
>>> gpt_oss_120b_vanilla_sample2_responses.jsonl  02:52:13Z

============================================================
  Judge:  kimi (moonshotai/kimi-k2-thinking-maas)
  Input:  runs/run_20260521/responses/gpt_oss_120b_vanilla_sample2_responses.jsonl
  Output: /home/satvik/Documents/CIKM/runs/run_20260521/evaluations/kimi_evaluations_gpt_oss_120b_vanilla_sample2.jsonl
============================================================
  Remaining: 140 rows
  Progress: 1/140 | Rate: 0.04/s | ETA: 55.9m
  Progress: 2/140 | Rate: 0.05/s | ETA: 49.1m
  Progress: 3/140 | Rate: 0.06/s | ETA: 40.8m
  Progress: 4/140 | Rate: 0.06/s | ETA: 40.9m
  Progress: 5/140 | Rate: 0.06/s | ETA: 38.8m
  Progress: 6/140 | Rate: 0.06/s | ETA: 40.2m
  Progress: 7/140 | Rate: 0.05/s | ETA: 41.1m
  Progress: 8/140 | Rate: 0.05/s | ETA: 40.2m
  Progress: 9/140 | Rate: 0.06/s | ETA: 39.5m
  Progress: 10/140 | Rate: 0.05/s | ETA: 39.9m
  Progress: 11/140 | Rate: 0.05/s | ETA: 40.0m
  Progress: 12/140 | Rate: 0.06/s | ETA: 38.3m
  Progress: 13/140 | Rate: 0.06/s | ETA: 37.7m
  Progress: 14/140 | Rate: 0.06/s | ETA: 38.1m
  Progress: 15/140 | Rate: 0.05/s | ETA: 39.2m
  Progress: 16/140 | Rate: 0.05/s | ETA: 38.8m
  Progress: 17/140 | Rate: 0.05/s | ETA: 39.3m
  Progress: 18/140 | Rate: 0.05/s | ETA: 39.1m
  Progress: 19/140 | Rate: 0.05/s | ETA: 37.9m
  Progress: 20/140 | Rate: 0.05/s | ETA: 37.7m
  Progress: 21/140 | Rate: 0.05/s | ETA: 36.8m
  Progress: 22/140 | Rate: 0.05/s | ETA: 37.5m
  Progress: 23/140 | Rate: 0.05/s | ETA: 36.7m
  Progress: 24/140 | Rate: 0.05/s | ETA: 35.8m
  Progress: 25/140 | Rate: 0.05/s | ETA: 34.9m
  Progress: 26/140 | Rate: 0.05/s | ETA: 35.2m
  Progress: 27/140 | Rate: 0.05/s | ETA: 34.4m
  Progress: 28/140 | Rate: 0.06/s | ETA: 33.7m
  Progress: 29/140 | Rate: 0.06/s | ETA: 32.9m
  Progress: 30/140 | Rate: 0.06/s | ETA: 32.5m
  Progress: 31/140 | Rate: 0.06/s | ETA: 32.8m
  Progress: 32/140 | Rate: 0.05/s | ETA: 33.1m
  Progress: 33/140 | Rate: 0.06/s | ETA: 32.4m
  Progress: 34/140 | Rate: 0.05/s | ETA: 32.5m
  Progress: 35/140 | Rate: 0.05/s | ETA: 32.5m
  Progress: 36/140 | Rate: 0.05/s | ETA: 31.9m
  Progress: 37/140 | Rate: 0.06/s | ETA: 31.1m
  Progress: 38/140 | Rate: 0.05/s | ETA: 31.3m
  Progress: 39/140 | Rate: 0.05/s | ETA: 31.1m
  Progress: 40/140 | Rate: 0.05/s | ETA: 30.3m
  Progress: 41/140 | Rate: 0.06/s | ETA: 29.9m
  Progress: 42/140 | Rate: 0.05/s | ETA: 30.3m
  Progress: 43/140 | Rate: 0.05/s | ETA: 29.8m
  Progress: 44/140 | Rate: 0.05/s | ETA: 29.7m
  Progress: 45/140 | Rate: 0.05/s | ETA: 29.6m
  Progress: 46/140 | Rate: 0.05/s | ETA: 29.5m
  Progress: 47/140 | Rate: 0.05/s | ETA: 29.4m
  Progress: 48/140 | Rate: 0.05/s | ETA: 28.9m
  Progress: 49/140 | Rate: 0.05/s | ETA: 28.8m
  Progress: 50/140 | Rate: 0.05/s | ETA: 28.9m
  Progress: 51/140 | Rate: 0.05/s | ETA: 28.7m
  Progress: 52/140 | Rate: 0.05/s | ETA: 28.5m
  Progress: 53/140 | Rate: 0.05/s | ETA: 28.2m
  Progress: 54/140 | Rate: 0.05/s | ETA: 27.8m
  Progress: 55/140 | Rate: 0.05/s | ETA: 27.4m
  Progress: 56/140 | Rate: 0.05/s | ETA: 27.2m
  Progress: 57/140 | Rate: 0.05/s | ETA: 27.0m
  Progress: 58/140 | Rate: 0.05/s | ETA: 27.1m
  Progress: 59/140 | Rate: 0.05/s | ETA: 26.7m
  Progress: 60/140 | Rate: 0.05/s | ETA: 26.5m
  Progress: 61/140 | Rate: 0.05/s | ETA: 26.7m
  Progress: 62/140 | Rate: 0.05/s | ETA: 26.4m
  Progress: 63/140 | Rate: 0.05/s | ETA: 26.2m
  Progress: 64/140 | Rate: 0.05/s | ETA: 26.3m
  Progress: 65/140 | Rate: 0.05/s | ETA: 25.8m
  Progress: 66/140 | Rate: 0.05/s | ETA: 25.7m
  Progress: 67/140 | Rate: 0.05/s | ETA: 25.2m
  Progress: 68/140 | Rate: 0.05/s | ETA: 24.8m
  Progress: 69/140 | Rate: 0.05/s | ETA: 24.8m
  Progress: 70/140 | Rate: 0.05/s | ETA: 24.7m
  Progress: 71/140 | Rate: 0.05/s | ETA: 24.6m
  Progress: 72/140 | Rate: 0.05/s | ETA: 24.2m
  Progress: 73/140 | Rate: 0.05/s | ETA: 24.1m
  Progress: 74/140 | Rate: 0.05/s | ETA: 23.7m
  Progress: 75/140 | Rate: 0.05/s | ETA: 23.2m
  Progress: 76/140 | Rate: 0.05/s | ETA: 22.8m
  Progress: 77/140 | Rate: 0.05/s | ETA: 22.5m
  Progress: 78/140 | Rate: 0.05/s | ETA: 22.0m
  Progress: 79/140 | Rate: 0.05/s | ETA: 21.6m
  Progress: 80/140 | Rate: 0.05/s | ETA: 21.1m
  Progress: 81/140 | Rate: 0.05/s | ETA: 20.7m
  Progress: 82/140 | Rate: 0.05/s | ETA: 20.4m
  Progress: 83/140 | Rate: 0.05/s | ETA: 20.0m
  Progress: 84/140 | Rate: 0.05/s | ETA: 19.6m
  Progress: 85/140 | Rate: 0.05/s | ETA: 19.3m
  Progress: 86/140 | Rate: 0.05/s | ETA: 18.8m
  Progress: 87/140 | Rate: 0.05/s | ETA: 18.4m
  Progress: 88/140 | Rate: 0.05/s | ETA: 18.2m
  Progress: 89/140 | Rate: 0.05/s | ETA: 17.8m
  Progress: 90/140 | Rate: 0.05/s | ETA: 17.5m
  Progress: 91/140 | Rate: 0.05/s | ETA: 17.1m
  Progress: 92/140 | Rate: 0.05/s | ETA: 16.7m
  Progress: 93/140 | Rate: 0.05/s | ETA: 16.3m
  Progress: 94/140 | Rate: 0.05/s | ETA: 15.9m
  Progress: 95/140 | Rate: 0.05/s | ETA: 15.5m
  Progress: 96/140 | Rate: 0.05/s | ETA: 15.2m
  Progress: 97/140 | Rate: 0.05/s | ETA: 14.8m
  Progress: 98/140 | Rate: 0.05/s | ETA: 14.4m
  Progress: 99/140 | Rate: 0.05/s | ETA: 14.0m
  Progress: 100/140 | Rate: 0.05/s | ETA: 13.6m
  Progress: 101/140 | Rate: 0.05/s | ETA: 13.2m
  Progress: 102/140 | Rate: 0.05/s | ETA: 12.9m
  Progress: 103/140 | Rate: 0.05/s | ETA: 12.5m
  Progress: 104/140 | Rate: 0.05/s | ETA: 12.1m
  Progress: 105/140 | Rate: 0.05/s | ETA: 11.7m
  Progress: 106/140 | Rate: 0.05/s | ETA: 11.4m
  Progress: 107/140 | Rate: 0.05/s | ETA: 11.0m
  Progress: 108/140 | Rate: 0.05/s | ETA: 10.7m
  Progress: 109/140 | Rate: 0.05/s | ETA: 10.3m
  Progress: 110/140 | Rate: 0.05/s | ETA: 9.9m
  Progress: 111/140 | Rate: 0.05/s | ETA: 9.6m
  Progress: 112/140 | Rate: 0.05/s | ETA: 9.2m
  Progress: 113/140 | Rate: 0.05/s | ETA: 8.9m
  [cat5_adapted_004] [Attempt 1] HTTP 429: [{
  "error": {
    "code": 429,
    "message": "Resource exhausted. Please try again later. Please refer to https://clo — waiting 60s
  Progress: 114/140 | Rate: 0.05/s | ETA: 8.9m
  Progress: 115/140 | Rate: 0.05/s | ETA: 8.6m
  Progress: 116/140 | Rate: 0.05/s | ETA: 8.3m
  Progress: 117/140 | Rate: 0.05/s | ETA: 8.0m
  Progress: 118/140 | Rate: 0.05/s | ETA: 7.6m
  Progress: 119/140 | Rate: 0.05/s | ETA: 7.3m
  Progress: 120/140 | Rate: 0.05/s | ETA: 6.9m
  Progress: 121/140 | Rate: 0.05/s | ETA: 6.5m
  Progress: 122/140 | Rate: 0.05/s | ETA: 6.2m
  Progress: 123/140 | Rate: 0.05/s | ETA: 5.8m
  Progress: 124/140 | Rate: 0.05/s | ETA: 5.6m
  Progress: 125/140 | Rate: 0.05/s | ETA: 5.3m
  Progress: 126/140 | Rate: 0.05/s | ETA: 4.9m
  Progress: 127/140 | Rate: 0.05/s | ETA: 4.6m
  Progress: 128/140 | Rate: 0.05/s | ETA: 4.2m
  Progress: 129/140 | Rate: 0.05/s | ETA: 3.9m
  Progress: 130/140 | Rate: 0.05/s | ETA: 3.5m
  Progress: 131/140 | Rate: 0.05/s | ETA: 3.2m
  Progress: 132/140 | Rate: 0.05/s | ETA: 2.8m
  Progress: 133/140 | Rate: 0.05/s | ETA: 2.5m
  Progress: 134/140 | Rate: 0.05/s | ETA: 2.1m
  Progress: 135/140 | Rate: 0.05/s | ETA: 1.7m
  Progress: 136/140 | Rate: 0.05/s | ETA: 1.4m
  Progress: 137/140 | Rate: 0.05/s | ETA: 1.1m
  Progress: 138/140 | Rate: 0.05/s | ETA: 0.7m
  Progress: 139/140 | Rate: 0.05/s | ETA: 0.4m
  Progress: 140/140 | Rate: 0.05/s | ETA: 0.0m

✔ Done. 140 evaluations in 2947.9s (0.05/s)
>>> grok_4_20_clarification_first_sample0_responses.jsonl  03:41:22Z

============================================================
  Judge:  kimi (moonshotai/kimi-k2-thinking-maas)
  Input:  runs/run_20260521/responses/grok_4_20_clarification_first_sample0_responses.jsonl
  Output: /home/satvik/Documents/CIKM/runs/run_20260521/evaluations/kimi_evaluations_grok_4_20_clarification_first_sample0.jsonl
============================================================
  Remaining: 140 rows
  Progress: 1/140 | Rate: 0.09/s | ETA: 25.1m
  Progress: 2/140 | Rate: 0.11/s | ETA: 20.6m
  Progress: 3/140 | Rate: 0.07/s | ETA: 30.8m
  Progress: 4/140 | Rate: 0.06/s | ETA: 38.1m
  Progress: 5/140 | Rate: 0.07/s | ETA: 34.6m
  Progress: 6/140 | Rate: 0.07/s | ETA: 31.9m
  Progress: 7/140 | Rate: 0.07/s | ETA: 32.2m
  Progress: 8/140 | Rate: 0.07/s | ETA: 30.3m
  Progress: 9/140 | Rate: 0.07/s | ETA: 29.4m
  Progress: 10/140 | Rate: 0.08/s | ETA: 28.0m
  Progress: 11/140 | Rate: 0.07/s | ETA: 31.0m
  Progress: 12/140 | Rate: 0.07/s | ETA: 29.9m
  Progress: 13/140 | Rate: 0.07/s | ETA: 29.8m
  Progress: 14/140 | Rate: 0.07/s | ETA: 30.0m
  Progress: 15/140 | Rate: 0.07/s | ETA: 30.2m
  Progress: 16/140 | Rate: 0.06/s | ETA: 32.3m
  Progress: 17/140 | Rate: 0.06/s | ETA: 35.3m
  Progress: 18/140 | Rate: 0.06/s | ETA: 34.3m
  [cat2_orig_009] [Attempt 1] HTTP 429: [{
  "error": {
    "code": 429,
    "message": "Resource exhausted. Please try again later. Please refer to https://clo — waiting 60s
  Progress: 19/140 | Rate: 0.05/s | ETA: 42.6m
  Progress: 20/140 | Rate: 0.05/s | ETA: 41.7m
  [cat3_orig_001] [Attempt 1] HTTP 429: [{
  "error": {
    "code": 429,
    "message": "Resource exhausted. Please try again later. Please refer to https://clo — waiting 60s
  Progress: 21/140 | Rate: 0.04/s | ETA: 47.0m
  Progress: 22/140 | Rate: 0.04/s | ETA: 45.4m
  Progress: 23/140 | Rate: 0.04/s | ETA: 44.7m
  Progress: 24/140 | Rate: 0.04/s | ETA: 43.6m
  Progress: 25/140 | Rate: 0.04/s | ETA: 42.7m
  [cat3_orig_006] [Attempt 1] HTTP 429: [{
  "error": {
    "code": 429,
    "message": "Resource exhausted. Please try again later. Please refer to https://clo — waiting 60s
  Progress: 26/140 | Rate: 0.04/s | ETA: 46.2m
  Progress: 27/140 | Rate: 0.04/s | ETA: 44.7m
  Progress: 28/140 | Rate: 0.04/s | ETA: 43.6m
  Progress: 29/140 | Rate: 0.04/s | ETA: 42.1m
  Progress: 30/140 | Rate: 0.04/s | ETA: 41.3m
  Progress: 31/140 | Rate: 0.04/s | ETA: 40.5m
  Progress: 32/140 | Rate: 0.05/s | ETA: 40.0m
  Progress: 33/140 | Rate: 0.04/s | ETA: 39.7m
  Progress: 34/140 | Rate: 0.04/s | ETA: 39.7m
  Progress: 35/140 | Rate: 0.04/s | ETA: 39.1m
  Progress: 36/140 | Rate: 0.05/s | ETA: 38.5m
  Progress: 37/140 | Rate: 0.04/s | ETA: 38.4m
  Progress: 38/140 | Rate: 0.05/s | ETA: 37.4m
  Progress: 39/140 | Rate: 0.04/s | ETA: 38.5m
  Progress: 40/140 | Rate: 0.04/s | ETA: 38.4m
  Progress: 41/140 | Rate: 0.04/s | ETA: 38.5m
  Progress: 42/140 | Rate: 0.04/s | ETA: 38.3m
  [cat5_orig_003] [Attempt 1] HTTP 429: [{
  "error": {
    "code": 429,
    "message": "Resource exhausted. Please try again later. Please refer to https://clo — waiting 60s
  Progress: 43/140 | Rate: 0.04/s | ETA: 39.8m
  Progress: 44/140 | Rate: 0.04/s | ETA: 39.2m
  Progress: 45/140 | Rate: 0.04/s | ETA: 38.4m
  Progress: 46/140 | Rate: 0.04/s | ETA: 38.0m
  Progress: 47/140 | Rate: 0.04/s | ETA: 37.3m
  Progress: 48/140 | Rate: 0.04/s | ETA: 37.5m
  Progress: 49/140 | Rate: 0.04/s | ETA: 37.2m
  Progress: 50/140 | Rate: 0.04/s | ETA: 36.5m
  Progress: 51/140 | Rate: 0.04/s | ETA: 36.8m
  Progress: 52/140 | Rate: 0.04/s | ETA: 38.6m
  Progress: 53/140 | Rate: 0.04/s | ETA: 40.6m
  Progress: 54/140 | Rate: 0.04/s | ETA: 40.8m
  Progress: 55/140 | Rate: 0.03/s | ETA: 41.3m
  Progress: 56/140 | Rate: 0.03/s | ETA: 40.5m
  Progress: 57/140 | Rate: 0.03/s | ETA: 40.4m
  Progress: 58/140 | Rate: 0.03/s | ETA: 40.2m
  Progress: 59/140 | Rate: 0.03/s | ETA: 39.9m
  Progress: 60/140 | Rate: 0.03/s | ETA: 39.6m
  Progress: 61/140 | Rate: 0.03/s | ETA: 39.1m
  Progress: 62/140 | Rate: 0.03/s | ETA: 38.5m
  Progress: 63/140 | Rate: 0.03/s | ETA: 37.9m
  Progress: 64/140 | Rate: 0.03/s | ETA: 37.3m
  Progress: 65/140 | Rate: 0.03/s | ETA: 36.7m
  Progress: 66/140 | Rate: 0.03/s | ETA: 35.9m
  Progress: 67/140 | Rate: 0.03/s | ETA: 35.2m
  Progress: 68/140 | Rate: 0.04/s | ETA: 34.3m
  Progress: 69/140 | Rate: 0.04/s | ETA: 33.5m
  Progress: 70/140 | Rate: 0.04/s | ETA: 32.7m
  Progress: 71/140 | Rate: 0.04/s | ETA: 32.0m
  [cat1_adapted_002] [Attempt 1] HTTP 429: [{
  "error": {
    "code": 429,
    "message": "Resource exhausted. Please try again later. Please refer to https://clo — waiting 60s
  Progress: 72/140 | Rate: 0.04/s | ETA: 32.2m
  Progress: 73/140 | Rate: 0.04/s | ETA: 31.4m
  Progress: 74/140 | Rate: 0.04/s | ETA: 31.0m
  Progress: 75/140 | Rate: 0.04/s | ETA: 30.2m
  Progress: 76/140 | Rate: 0.04/s | ETA: 29.6m
  Progress: 77/140 | Rate: 0.04/s | ETA: 28.8m
  Progress: 78/140 | Rate: 0.04/s | ETA: 28.2m
  Progress: 79/140 | Rate: 0.04/s | ETA: 27.5m
  Progress: 80/140 | Rate: 0.04/s | ETA: 27.2m
  Progress: 81/140 | Rate: 0.04/s | ETA: 26.7m
  Progress: 82/140 | Rate: 0.04/s | ETA: 26.1m
  Progress: 83/140 | Rate: 0.04/s | ETA: 25.5m
  Progress: 84/140 | Rate: 0.04/s | ETA: 25.0m
  Progress: 85/140 | Rate: 0.04/s | ETA: 24.4m
  Progress: 86/140 | Rate: 0.04/s | ETA: 23.9m
  Progress: 87/140 | Rate: 0.04/s | ETA: 23.5m
  Progress: 88/140 | Rate: 0.04/s | ETA: 22.9m
  Progress: 89/140 | Rate: 0.04/s | ETA: 22.3m
  [cat2_real_005] [Attempt 1] HTTP 429: [{
  "error": {
    "code": 429,
    "message": "Resource exhausted. Please try again later. Please refer to https://clo — waiting 60s
  Progress: 90/140 | Rate: 0.04/s | ETA: 22.3m
  Progress: 91/140 | Rate: 0.04/s | ETA: 21.7m
  Progress: 92/140 | Rate: 0.04/s | ETA: 21.1m
  Progress: 93/140 | Rate: 0.04/s | ETA: 20.6m
  Progress: 94/140 | Rate: 0.04/s | ETA: 20.0m
  Progress: 95/140 | Rate: 0.04/s | ETA: 19.5m
  Progress: 96/140 | Rate: 0.04/s | ETA: 19.0m
  Progress: 97/140 | Rate: 0.04/s | ETA: 18.6m
  Progress: 98/140 | Rate: 0.04/s | ETA: 18.1m
  Progress: 99/140 | Rate: 0.04/s | ETA: 17.6m
  Progress: 100/140 | Rate: 0.04/s | ETA: 17.0m
  Progress: 101/140 | Rate: 0.04/s | ETA: 16.6m
  Progress: 102/140 | Rate: 0.04/s | ETA: 16.1m
  Progress: 103/140 | Rate: 0.04/s | ETA: 15.6m
  Progress: 104/140 | Rate: 0.04/s | ETA: 15.2m
  Progress: 105/140 | Rate: 0.04/s | ETA: 14.7m
  Progress: 106/140 | Rate: 0.04/s | ETA: 14.2m
  Progress: 107/140 | Rate: 0.04/s | ETA: 13.7m
  Progress: 108/140 | Rate: 0.04/s | ETA: 13.2m
  Progress: 109/140 | Rate: 0.04/s | ETA: 12.7m
  [cat4_real_005] [Attempt 1] HTTP 429: [{
  "error": {
    "code": 429,
    "message": "Resource exhausted. Please try again later. Please refer to https://clo — waiting 60s
  Progress: 110/140 | Rate: 0.04/s | ETA: 12.5m
  Progress: 111/140 | Rate: 0.04/s | ETA: 12.1m
  Progress: 112/140 | Rate: 0.04/s | ETA: 11.7m
  Progress: 113/140 | Rate: 0.04/s | ETA: 11.2m
  Progress: 114/140 | Rate: 0.04/s | ETA: 10.8m
  Progress: 115/140 | Rate: 0.04/s | ETA: 10.3m
  Progress: 116/140 | Rate: 0.04/s | ETA: 9.9m
  Progress: 117/140 | Rate: 0.04/s | ETA: 9.4m
  Progress: 118/140 | Rate: 0.04/s | ETA: 9.0m
  Progress: 119/140 | Rate: 0.04/s | ETA: 9.5m
  Progress: 120/140 | Rate: 0.04/s | ETA: 9.0m
  Progress: 121/140 | Rate: 0.04/s | ETA: 8.5m
  Progress: 122/140 | Rate: 0.04/s | ETA: 8.0m
  Progress: 123/140 | Rate: 0.04/s | ETA: 7.6m
  Progress: 124/140 | Rate: 0.04/s | ETA: 7.1m
  Progress: 125/140 | Rate: 0.04/s | ETA: 6.7m
  Progress: 126/140 | Rate: 0.04/s | ETA: 6.2m
  Progress: 127/140 | Rate: 0.04/s | ETA: 5.8m
  Progress: 128/140 | Rate: 0.04/s | ETA: 5.3m
  Progress: 129/140 | Rate: 0.04/s | ETA: 4.8m
  Progress: 130/140 | Rate: 0.04/s | ETA: 4.4m
  Progress: 131/140 | Rate: 0.04/s | ETA: 3.9m
  Progress: 132/140 | Rate: 0.04/s | ETA: 3.5m
  Progress: 133/140 | Rate: 0.04/s | ETA: 3.1m
  Progress: 134/140 | Rate: 0.04/s | ETA: 2.6m
  Progress: 135/140 | Rate: 0.04/s | ETA: 2.2m
  Progress: 136/140 | Rate: 0.04/s | ETA: 1.7m
  Progress: 137/140 | Rate: 0.04/s | ETA: 1.3m
  Progress: 138/140 | Rate: 0.04/s | ETA: 0.9m
  Progress: 139/140 | Rate: 0.04/s | ETA: 0.4m
  Progress: 140/140 | Rate: 0.04/s | ETA: 0.0m

✔ Done. 140 evaluations in 3613.4s (0.04/s)
>>> grok_4_20_clarification_first_sample1_responses.jsonl  04:41:40Z

============================================================
  Judge:  kimi (moonshotai/kimi-k2-thinking-maas)
  Input:  runs/run_20260521/responses/grok_4_20_clarification_first_sample1_responses.jsonl
  Output: /home/satvik/Documents/CIKM/runs/run_20260521/evaluations/kimi_evaluations_grok_4_20_clarification_first_sample1.jsonl
============================================================
  Remaining: 140 rows
  Progress: 1/140 | Rate: 0.15/s | ETA: 15.7m
  Progress: 2/140 | Rate: 0.13/s | ETA: 17.5m
  Progress: 3/140 | Rate: 0.12/s | ETA: 19.8m
  Progress: 4/140 | Rate: 0.10/s | ETA: 22.9m
  Progress: 5/140 | Rate: 0.09/s | ETA: 24.8m
  Progress: 6/140 | Rate: 0.09/s | ETA: 25.2m
  Progress: 7/140 | Rate: 0.09/s | ETA: 24.1m
  Progress: 8/140 | Rate: 0.09/s | ETA: 25.4m
  Progress: 9/140 | Rate: 0.08/s | ETA: 28.9m
  Progress: 10/140 | Rate: 0.07/s | ETA: 29.1m
  Progress: 11/140 | Rate: 0.08/s | ETA: 28.5m
  Progress: 12/140 | Rate: 0.07/s | ETA: 31.8m
  Progress: 13/140 | Rate: 0.06/s | ETA: 33.1m
  Progress: 14/140 | Rate: 0.06/s | ETA: 33.2m
  Progress: 15/140 | Rate: 0.06/s | ETA: 33.9m
  Progress: 16/140 | Rate: 0.06/s | ETA: 34.2m
  Progress: 17/140 | Rate: 0.06/s | ETA: 34.3m
  Progress: 18/140 | Rate: 0.06/s | ETA: 34.2m
  Progress: 19/140 | Rate: 0.06/s | ETA: 34.8m
  Progress: 20/140 | Rate: 0.05/s | ETA: 37.8m
  Progress: 21/140 | Rate: 0.05/s | ETA: 38.8m
  Progress: 22/140 | Rate: 0.05/s | ETA: 39.1m
  Progress: 23/140 | Rate: 0.05/s | ETA: 37.9m
  Progress: 24/140 | Rate: 0.05/s | ETA: 36.9m
  Progress: 25/140 | Rate: 0.05/s | ETA: 37.3m
  Progress: 26/140 | Rate: 0.05/s | ETA: 35.9m
  Progress: 27/140 | Rate: 0.05/s | ETA: 34.6m
  Progress: 28/140 | Rate: 0.06/s | ETA: 33.8m
  Progress: 29/140 | Rate: 0.06/s | ETA: 33.1m
  Progress: 30/140 | Rate: 0.06/s | ETA: 32.2m
  Progress: 31/140 | Rate: 0.06/s | ETA: 31.6m
  Progress: 32/140 | Rate: 0.06/s | ETA: 31.4m
  Progress: 33/140 | Rate: 0.06/s | ETA: 30.6m
  Progress: 34/140 | Rate: 0.06/s | ETA: 30.5m
  Progress: 35/140 | Rate: 0.06/s | ETA: 30.3m
  Progress: 36/140 | Rate: 0.06/s | ETA: 29.7m
  Progress: 37/140 | Rate: 0.06/s | ETA: 29.2m
  Progress: 38/140 | Rate: 0.06/s | ETA: 28.7m
  Progress: 39/140 | Rate: 0.06/s | ETA: 28.1m
  Progress: 40/140 | Rate: 0.06/s | ETA: 28.2m
  Progress: 41/140 | Rate: 0.06/s | ETA: 27.9m
  Progress: 42/140 | Rate: 0.06/s | ETA: 27.9m
  Progress: 43/140 | Rate: 0.06/s | ETA: 27.7m
  Progress: 44/140 | Rate: 0.06/s | ETA: 27.3m
  Progress: 45/140 | Rate: 0.06/s | ETA: 27.0m
  Progress: 46/140 | Rate: 0.06/s | ETA: 26.5m
  Progress: 47/140 | Rate: 0.06/s | ETA: 26.1m
  Progress: 48/140 | Rate: 0.06/s | ETA: 25.6m
  Progress: 49/140 | Rate: 0.06/s | ETA: 25.0m
  Progress: 50/140 | Rate: 0.06/s | ETA: 24.7m
  Progress: 51/140 | Rate: 0.06/s | ETA: 24.4m
  Progress: 52/140 | Rate: 0.06/s | ETA: 24.2m
  Progress: 53/140 | Rate: 0.06/s | ETA: 23.8m
  Progress: 54/140 | Rate: 0.06/s | ETA: 23.7m
  Progress: 55/140 | Rate: 0.06/s | ETA: 23.2m
  Progress: 56/140 | Rate: 0.06/s | ETA: 22.6m
  Progress: 57/140 | Rate: 0.06/s | ETA: 22.2m
  Progress: 58/140 | Rate: 0.06/s | ETA: 21.8m
  Progress: 59/140 | Rate: 0.06/s | ETA: 21.4m
  Progress: 60/140 | Rate: 0.06/s | ETA: 21.5m
  Progress: 61/140 | Rate: 0.06/s | ETA: 20.9m
  Progress: 62/140 | Rate: 0.06/s | ETA: 20.6m
  Progress: 63/140 | Rate: 0.06/s | ETA: 20.1m
  Progress: 64/140 | Rate: 0.06/s | ETA: 19.9m
  Progress: 65/140 | Rate: 0.06/s | ETA: 19.5m
  Progress: 66/140 | Rate: 0.06/s | ETA: 19.1m
  Progress: 67/140 | Rate: 0.06/s | ETA: 18.8m
  Progress: 68/140 | Rate: 0.07/s | ETA: 18.3m
  Progress: 69/140 | Rate: 0.07/s | ETA: 17.9m
  Progress: 70/140 | Rate: 0.07/s | ETA: 17.8m
  Progress: 71/140 | Rate: 0.07/s | ETA: 17.5m
  Progress: 72/140 | Rate: 0.07/s | ETA: 17.2m
  Progress: 73/140 | Rate: 0.07/s | ETA: 17.0m
  Progress: 74/140 | Rate: 0.07/s | ETA: 16.9m
  Progress: 75/140 | Rate: 0.07/s | ETA: 16.5m
  Progress: 76/140 | Rate: 0.07/s | ETA: 16.3m
  Progress: 77/140 | Rate: 0.07/s | ETA: 16.1m
  Progress: 78/140 | Rate: 0.07/s | ETA: 15.8m
  Progress: 79/140 | Rate: 0.07/s | ETA: 15.5m
  Progress: 80/140 | Rate: 0.07/s | ETA: 15.2m
  Progress: 81/140 | Rate: 0.07/s | ETA: 14.9m
  Progress: 82/140 | Rate: 0.07/s | ETA: 14.6m
  Progress: 83/140 | Rate: 0.07/s | ETA: 14.3m
  Progress: 84/140 | Rate: 0.07/s | ETA: 14.3m
  Progress: 85/140 | Rate: 0.07/s | ETA: 14.0m
  Progress: 86/140 | Rate: 0.07/s | ETA: 13.8m
  Progress: 87/140 | Rate: 0.06/s | ETA: 13.6m
  Progress: 88/140 | Rate: 0.07/s | ETA: 13.3m
  Progress: 89/140 | Rate: 0.07/s | ETA: 13.0m
  Progress: 90/140 | Rate: 0.07/s | ETA: 12.7m
  Progress: 91/140 | Rate: 0.06/s | ETA: 12.7m
  Progress: 92/140 | Rate: 0.06/s | ETA: 12.4m
  Progress: 93/140 | Rate: 0.06/s | ETA: 12.1m
  Progress: 94/140 | Rate: 0.07/s | ETA: 11.8m
  Progress: 95/140 | Rate: 0.07/s | ETA: 11.5m
  Progress: 96/140 | Rate: 0.07/s | ETA: 11.2m
  Progress: 97/140 | Rate: 0.07/s | ETA: 10.9m
  Progress: 98/140 | Rate: 0.07/s | ETA: 10.7m
  Progress: 99/140 | Rate: 0.07/s | ETA: 10.4m
  Progress: 100/140 | Rate: 0.07/s | ETA: 10.2m
  Progress: 101/140 | Rate: 0.07/s | ETA: 9.9m
  Progress: 102/140 | Rate: 0.07/s | ETA: 9.7m
  Progress: 103/140 | Rate: 0.07/s | ETA: 9.4m
  Progress: 104/140 | Rate: 0.07/s | ETA: 9.1m
  Progress: 105/140 | Rate: 0.07/s | ETA: 8.9m
  Progress: 106/140 | Rate: 0.07/s | ETA: 8.7m
  Progress: 107/140 | Rate: 0.07/s | ETA: 8.4m
  Progress: 108/140 | Rate: 0.07/s | ETA: 8.1m
  Progress: 109/140 | Rate: 0.07/s | ETA: 7.8m
  Progress: 110/140 | Rate: 0.07/s | ETA: 7.6m
  Progress: 111/140 | Rate: 0.07/s | ETA: 7.4m
  Progress: 112/140 | Rate: 0.07/s | ETA: 7.1m
  Progress: 113/140 | Rate: 0.07/s | ETA: 6.9m
  Progress: 114/140 | Rate: 0.07/s | ETA: 6.6m
  Progress: 115/140 | Rate: 0.07/s | ETA: 6.3m
  Progress: 116/140 | Rate: 0.07/s | ETA: 6.1m
  Progress: 117/140 | Rate: 0.07/s | ETA: 5.8m
  Progress: 118/140 | Rate: 0.07/s | ETA: 5.6m
  Progress: 119/140 | Rate: 0.07/s | ETA: 5.3m
  Progress: 120/140 | Rate: 0.07/s | ETA: 5.1m
  Progress: 121/140 | Rate: 0.07/s | ETA: 4.8m
  Progress: 122/140 | Rate: 0.07/s | ETA: 4.6m
  Progress: 123/140 | Rate: 0.07/s | ETA: 4.3m
  Progress: 124/140 | Rate: 0.07/s | ETA: 4.0m
  Progress: 125/140 | Rate: 0.07/s | ETA: 3.8m
  Progress: 126/140 | Rate: 0.07/s | ETA: 3.5m
  Progress: 127/140 | Rate: 0.07/s | ETA: 3.3m
  Progress: 128/140 | Rate: 0.07/s | ETA: 3.0m
  Progress: 129/140 | Rate: 0.07/s | ETA: 2.7m
  [cat6_real_005] [Attempt 1] HTTP 429: [{
  "error": {
    "code": 429,
    "message": "Resource exhausted. Please try again later. Please refer to https://clo — waiting 60s
  Progress: 130/140 | Rate: 0.07/s | ETA: 2.6m
  Progress: 131/140 | Rate: 0.06/s | ETA: 2.3m
  Progress: 132/140 | Rate: 0.07/s | ETA: 2.0m
  Progress: 133/140 | Rate: 0.07/s | ETA: 1.8m
  Progress: 134/140 | Rate: 0.07/s | ETA: 1.5m
  Progress: 135/140 | Rate: 0.07/s | ETA: 1.3m
  Progress: 136/140 | Rate: 0.07/s | ETA: 1.0m
  Progress: 137/140 | Rate: 0.07/s | ETA: 0.8m
  Progress: 138/140 | Rate: 0.07/s | ETA: 0.5m
  Progress: 139/140 | Rate: 0.06/s | ETA: 0.3m
  Progress: 140/140 | Rate: 0.06/s | ETA: 0.0m

✔ Done. 140 evaluations in 2169.9s (0.06/s)
>>> grok_4_20_clarification_first_sample2_responses.jsonl  05:17:51Z

============================================================
  Judge:  kimi (moonshotai/kimi-k2-thinking-maas)
  Input:  runs/run_20260521/responses/grok_4_20_clarification_first_sample2_responses.jsonl
  Output: /home/satvik/Documents/CIKM/runs/run_20260521/evaluations/kimi_evaluations_grok_4_20_clarification_first_sample2.jsonl
============================================================
  Remaining: 140 rows
  Progress: 1/140 | Rate: 0.07/s | ETA: 32.8m
  Progress: 2/140 | Rate: 0.07/s | ETA: 32.2m
  Progress: 3/140 | Rate: 0.07/s | ETA: 33.7m
  Progress: 4/140 | Rate: 0.06/s | ETA: 37.2m
  Progress: 5/140 | Rate: 0.07/s | ETA: 34.0m
  Progress: 6/140 | Rate: 0.07/s | ETA: 32.9m
  Progress: 7/140 | Rate: 0.07/s | ETA: 31.2m
  Progress: 8/140 | Rate: 0.08/s | ETA: 29.0m
  Progress: 9/140 | Rate: 0.08/s | ETA: 28.1m
  Progress: 10/140 | Rate: 0.08/s | ETA: 28.6m
  Progress: 11/140 | Rate: 0.07/s | ETA: 31.3m
  Progress: 12/140 | Rate: 0.07/s | ETA: 32.2m
  Progress: 13/140 | Rate: 0.06/s | ETA: 33.7m
  Progress: 14/140 | Rate: 0.06/s | ETA: 32.5m
  Progress: 15/140 | Rate: 0.07/s | ETA: 31.7m
  Progress: 16/140 | Rate: 0.07/s | ETA: 31.2m
  Progress: 17/140 | Rate: 0.07/s | ETA: 30.6m
  Progress: 18/140 | Rate: 0.07/s | ETA: 29.4m
  Progress: 19/140 | Rate: 0.07/s | ETA: 28.9m
  Progress: 20/140 | Rate: 0.07/s | ETA: 28.6m
  Progress: 21/140 | Rate: 0.07/s | ETA: 28.5m
  Progress: 22/140 | Rate: 0.07/s | ETA: 27.6m
  Progress: 23/140 | Rate: 0.07/s | ETA: 28.4m
  Progress: 24/140 | Rate: 0.07/s | ETA: 27.9m
  Progress: 25/140 | Rate: 0.07/s | ETA: 27.5m
  Progress: 26/140 | Rate: 0.07/s | ETA: 27.3m
  Progress: 27/140 | Rate: 0.07/s | ETA: 26.9m
  Progress: 28/140 | Rate: 0.07/s | ETA: 26.2m
  Progress: 29/140 | Rate: 0.07/s | ETA: 25.8m
  Progress: 30/140 | Rate: 0.07/s | ETA: 25.6m
  Progress: 31/140 | Rate: 0.07/s | ETA: 25.7m
  Progress: 32/140 | Rate: 0.07/s | ETA: 25.5m
  Progress: 33/140 | Rate: 0.07/s | ETA: 25.1m
  Progress: 34/140 | Rate: 0.07/s | ETA: 24.9m
  Progress: 35/140 | Rate: 0.07/s | ETA: 25.5m
  Progress: 36/140 | Rate: 0.07/s | ETA: 25.3m
  Progress: 37/140 | Rate: 0.07/s | ETA: 25.8m
  Progress: 38/140 | Rate: 0.07/s | ETA: 25.3m
  Progress: 39/140 | Rate: 0.07/s | ETA: 24.9m
  Progress: 40/140 | Rate: 0.07/s | ETA: 25.2m
  Progress: 41/140 | Rate: 0.06/s | ETA: 26.1m
  Progress: 42/140 | Rate: 0.06/s | ETA: 26.8m
  Progress: 43/140 | Rate: 0.06/s | ETA: 26.5m
  Progress: 44/140 | Rate: 0.06/s | ETA: 26.1m
  Progress: 45/140 | Rate: 0.06/s | ETA: 25.7m
  Progress: 46/140 | Rate: 0.06/s | ETA: 26.1m
  Progress: 47/140 | Rate: 0.06/s | ETA: 25.7m
  Progress: 48/140 | Rate: 0.06/s | ETA: 25.6m
  Progress: 49/140 | Rate: 0.06/s | ETA: 25.1m
  Progress: 50/140 | Rate: 0.06/s | ETA: 24.8m
  Progress: 51/140 | Rate: 0.06/s | ETA: 24.6m
  Progress: 52/140 | Rate: 0.06/s | ETA: 24.4m
  Progress: 53/140 | Rate: 0.06/s | ETA: 24.0m
  Progress: 54/140 | Rate: 0.06/s | ETA: 23.7m
  Progress: 55/140 | Rate: 0.06/s | ETA: 23.9m
  Progress: 56/140 | Rate: 0.06/s | ETA: 23.8m
  Progress: 57/140 | Rate: 0.06/s | ETA: 24.5m
  Progress: 58/140 | Rate: 0.06/s | ETA: 24.5m
  Progress: 59/140 | Rate: 0.06/s | ETA: 24.1m
  Progress: 60/140 | Rate: 0.06/s | ETA: 24.0m
  Progress: 61/140 | Rate: 0.06/s | ETA: 23.6m
  Progress: 62/140 | Rate: 0.06/s | ETA: 23.5m
  Progress: 63/140 | Rate: 0.06/s | ETA: 23.2m
  Progress: 64/140 | Rate: 0.05/s | ETA: 23.0m
  Progress: 65/140 | Rate: 0.05/s | ETA: 22.8m
  Progress: 66/140 | Rate: 0.06/s | ETA: 22.4m
  Progress: 67/140 | Rate: 0.06/s | ETA: 22.0m
  Progress: 68/140 | Rate: 0.06/s | ETA: 21.6m
  Progress: 69/140 | Rate: 0.06/s | ETA: 21.1m
  Progress: 70/140 | Rate: 0.06/s | ETA: 20.8m
  Progress: 71/140 | Rate: 0.06/s | ETA: 20.4m
  Progress: 72/140 | Rate: 0.06/s | ETA: 20.1m
  Progress: 73/140 | Rate: 0.06/s | ETA: 19.8m
  Progress: 74/140 | Rate: 0.06/s | ETA: 19.6m
  Progress: 75/140 | Rate: 0.06/s | ETA: 19.4m
  Progress: 76/140 | Rate: 0.06/s | ETA: 19.0m
  Progress: 77/140 | Rate: 0.06/s | ETA: 18.6m
  Progress: 78/140 | Rate: 0.06/s | ETA: 18.2m
  Progress: 79/140 | Rate: 0.06/s | ETA: 17.9m
  Progress: 80/140 | Rate: 0.06/s | ETA: 17.5m
  Progress: 81/140 | Rate: 0.06/s | ETA: 17.2m
  Progress: 82/140 | Rate: 0.06/s | ETA: 16.9m
  Progress: 83/140 | Rate: 0.06/s | ETA: 16.5m
  Progress: 84/140 | Rate: 0.06/s | ETA: 16.2m
  Progress: 85/140 | Rate: 0.06/s | ETA: 15.9m
  Progress: 86/140 | Rate: 0.06/s | ETA: 15.5m
  Progress: 87/140 | Rate: 0.06/s | ETA: 15.2m
  Progress: 88/140 | Rate: 0.06/s | ETA: 14.9m
  Progress: 89/140 | Rate: 0.06/s | ETA: 14.6m
  Progress: 90/140 | Rate: 0.06/s | ETA: 14.3m
  Progress: 91/140 | Rate: 0.06/s | ETA: 13.9m
  Progress: 92/140 | Rate: 0.06/s | ETA: 13.6m
  Progress: 93/140 | Rate: 0.06/s | ETA: 13.4m
  Progress: 94/140 | Rate: 0.06/s | ETA: 13.1m
  Progress: 95/140 | Rate: 0.06/s | ETA: 12.8m
  Progress: 96/140 | Rate: 0.06/s | ETA: 12.4m
  Progress: 97/140 | Rate: 0.06/s | ETA: 12.1m
  Progress: 98/140 | Rate: 0.06/s | ETA: 11.8m
  Progress: 99/140 | Rate: 0.06/s | ETA: 11.5m
  Progress: 100/140 | Rate: 0.06/s | ETA: 11.2m
  Progress: 101/140 | Rate: 0.06/s | ETA: 10.8m
  Progress: 102/140 | Rate: 0.06/s | ETA: 10.5m
  Progress: 103/140 | Rate: 0.06/s | ETA: 10.2m
  Progress: 104/140 | Rate: 0.06/s | ETA: 10.0m
  Progress: 105/140 | Rate: 0.06/s | ETA: 9.7m
  Progress: 106/140 | Rate: 0.06/s | ETA: 9.4m
  Progress: 107/140 | Rate: 0.06/s | ETA: 9.1m
  Progress: 108/140 | Rate: 0.06/s | ETA: 8.8m
  Progress: 109/140 | Rate: 0.06/s | ETA: 8.5m
  Progress: 110/140 | Rate: 0.06/s | ETA: 8.2m
  Progress: 111/140 | Rate: 0.06/s | ETA: 8.0m
  Progress: 112/140 | Rate: 0.06/s | ETA: 7.7m
  Progress: 113/140 | Rate: 0.06/s | ETA: 7.5m
  Progress: 114/140 | Rate: 0.06/s | ETA: 7.2m
  Progress: 115/140 | Rate: 0.06/s | ETA: 6.9m
  Progress: 116/140 | Rate: 0.06/s | ETA: 6.7m
  Progress: 117/140 | Rate: 0.06/s | ETA: 6.4m
  Progress: 118/140 | Rate: 0.06/s | ETA: 6.1m
  Progress: 119/140 | Rate: 0.06/s | ETA: 5.8m
  Progress: 120/140 | Rate: 0.06/s | ETA: 5.5m
  Progress: 121/140 | Rate: 0.06/s | ETA: 5.2m
  Progress: 122/140 | Rate: 0.06/s | ETA: 4.9m
  Progress: 123/140 | Rate: 0.06/s | ETA: 4.6m
  Progress: 124/140 | Rate: 0.06/s | ETA: 4.4m
  Progress: 125/140 | Rate: 0.06/s | ETA: 4.1m
  Progress: 126/140 | Rate: 0.06/s | ETA: 3.8m
  Progress: 127/140 | Rate: 0.06/s | ETA: 3.6m
  Progress: 128/140 | Rate: 0.06/s | ETA: 3.3m
  Progress: 129/140 | Rate: 0.06/s | ETA: 3.1m
  Progress: 130/140 | Rate: 0.06/s | ETA: 2.8m
  Progress: 131/140 | Rate: 0.06/s | ETA: 2.5m
  Progress: 132/140 | Rate: 0.06/s | ETA: 2.2m
  Progress: 133/140 | Rate: 0.06/s | ETA: 2.0m
  Progress: 134/140 | Rate: 0.06/s | ETA: 1.7m
  Progress: 135/140 | Rate: 0.06/s | ETA: 1.4m
  Progress: 136/140 | Rate: 0.06/s | ETA: 1.1m
  Progress: 137/140 | Rate: 0.06/s | ETA: 0.8m
  Progress: 138/140 | Rate: 0.06/s | ETA: 0.6m
  Progress: 139/140 | Rate: 0.06/s | ETA: 0.3m
  Progress: 140/140 | Rate: 0.06/s | ETA: 0.0m

✔ Done. 140 evaluations in 2335.2s (0.06/s)
>>> grok_4_20_neutrality_oriented_sample0_responses.jsonl  05:56:51Z

============================================================
  Judge:  kimi (moonshotai/kimi-k2-thinking-maas)
  Input:  runs/run_20260521/responses/grok_4_20_neutrality_oriented_sample0_responses.jsonl
  Output: /home/satvik/Documents/CIKM/runs/run_20260521/evaluations/kimi_evaluations_grok_4_20_neutrality_oriented_sample0.jsonl
============================================================
  Remaining: 140 rows
  Progress: 1/140 | Rate: 0.06/s | ETA: 38.9m
  Progress: 2/140 | Rate: 0.04/s | ETA: 51.5m
  Progress: 3/140 | Rate: 0.05/s | ETA: 48.6m
  Progress: 4/140 | Rate: 0.05/s | ETA: 47.8m
  Progress: 5/140 | Rate: 0.05/s | ETA: 43.8m
  Progress: 6/140 | Rate: 0.05/s | ETA: 43.3m
  Progress: 7/140 | Rate: 0.05/s | ETA: 41.0m
  Progress: 8/140 | Rate: 0.05/s | ETA: 40.6m
  Progress: 9/140 | Rate: 0.06/s | ETA: 39.2m
  Progress: 10/140 | Rate: 0.05/s | ETA: 39.6m
  Progress: 11/140 | Rate: 0.05/s | ETA: 39.1m
  Progress: 12/140 | Rate: 0.05/s | ETA: 39.4m
  Progress: 13/140 | Rate: 0.05/s | ETA: 39.6m
  Progress: 14/140 | Rate: 0.05/s | ETA: 38.4m
  Progress: 15/140 | Rate: 0.06/s | ETA: 37.1m
  Progress: 16/140 | Rate: 0.06/s | ETA: 35.9m
  Progress: 17/140 | Rate: 0.06/s | ETA: 37.2m
  Progress: 18/140 | Rate: 0.06/s | ETA: 36.6m
  Progress: 19/140 | Rate: 0.06/s | ETA: 36.2m
  Progress: 20/140 | Rate: 0.06/s | ETA: 35.3m
  Progress: 21/140 | Rate: 0.06/s | ETA: 35.4m
  Progress: 22/140 | Rate: 0.05/s | ETA: 36.1m
  Progress: 23/140 | Rate: 0.05/s | ETA: 35.9m
  Progress: 24/140 | Rate: 0.06/s | ETA: 34.9m
  Progress: 25/140 | Rate: 0.06/s | ETA: 34.0m
  Progress: 26/140 | Rate: 0.06/s | ETA: 33.5m
  Progress: 27/140 | Rate: 0.06/s | ETA: 32.8m
  Progress: 28/140 | Rate: 0.06/s | ETA: 32.0m
  Progress: 29/140 | Rate: 0.06/s | ETA: 31.7m
  Progress: 30/140 | Rate: 0.06/s | ETA: 31.8m
  Progress: 31/140 | Rate: 0.06/s | ETA: 32.4m
  Progress: 32/140 | Rate: 0.06/s | ETA: 31.9m
  Progress: 33/140 | Rate: 0.06/s | ETA: 31.6m
  Progress: 34/140 | Rate: 0.06/s | ETA: 31.4m
  Progress: 35/140 | Rate: 0.06/s | ETA: 30.9m
  Progress: 36/140 | Rate: 0.06/s | ETA: 30.1m
  Progress: 37/140 | Rate: 0.06/s | ETA: 29.8m
  Progress: 38/140 | Rate: 0.06/s | ETA: 29.1m
  Progress: 39/140 | Rate: 0.06/s | ETA: 28.8m
  Progress: 40/140 | Rate: 0.06/s | ETA: 28.6m
  Progress: 41/140 | Rate: 0.06/s | ETA: 28.3m
  Progress: 42/140 | Rate: 0.06/s | ETA: 28.3m
  Progress: 43/140 | Rate: 0.06/s | ETA: 28.0m
  Progress: 44/140 | Rate: 0.06/s | ETA: 27.5m
  Progress: 45/140 | Rate: 0.06/s | ETA: 27.3m
  Progress: 46/140 | Rate: 0.06/s | ETA: 27.0m
  Progress: 47/140 | Rate: 0.06/s | ETA: 26.6m
  Progress: 48/140 | Rate: 0.06/s | ETA: 26.2m
  Progress: 49/140 | Rate: 0.06/s | ETA: 25.8m
  Progress: 50/140 | Rate: 0.06/s | ETA: 25.6m
  Progress: 51/140 | Rate: 0.06/s | ETA: 25.3m
  Progress: 52/140 | Rate: 0.06/s | ETA: 24.9m
  Progress: 53/140 | Rate: 0.06/s | ETA: 24.7m
  Progress: 54/140 | Rate: 0.06/s | ETA: 24.5m
  Progress: 55/140 | Rate: 0.06/s | ETA: 24.1m
  Progress: 56/140 | Rate: 0.06/s | ETA: 23.7m
  Progress: 57/140 | Rate: 0.06/s | ETA: 23.4m
  Progress: 58/140 | Rate: 0.06/s | ETA: 23.1m
  Progress: 59/140 | Rate: 0.06/s | ETA: 22.8m
  Progress: 60/140 | Rate: 0.06/s | ETA: 22.5m
  [Parse error] Unterminated string starting at: line 4 column 5 (char 26) — snippet: [
  {
    "index": 1,
    "utility
  [cat7_orig_001] [Attempt 1] Parse failed — retrying
  Progress: 61/140 | Rate: 0.06/s | ETA: 23.6m
  Progress: 62/140 | Rate: 0.06/s | ETA: 23.3m
  Progress: 63/140 | Rate: 0.06/s | ETA: 22.8m
  Progress: 64/140 | Rate: 0.06/s | ETA: 22.3m
  Progress: 65/140 | Rate: 0.06/s | ETA: 21.9m
  Progress: 66/140 | Rate: 0.06/s | ETA: 21.4m
  Progress: 67/140 | Rate: 0.06/s | ETA: 21.0m
  Progress: 68/140 | Rate: 0.06/s | ETA: 20.6m
  Progress: 69/140 | Rate: 0.06/s | ETA: 20.2m
  Progress: 70/140 | Rate: 0.06/s | ETA: 19.8m
  Progress: 71/140 | Rate: 0.06/s | ETA: 19.6m
  Progress: 72/140 | Rate: 0.06/s | ETA: 19.3m
  Progress: 73/140 | Rate: 0.06/s | ETA: 19.0m
  Progress: 74/140 | Rate: 0.06/s | ETA: 18.7m
  Progress: 75/140 | Rate: 0.06/s | ETA: 18.3m
  Progress: 76/140 | Rate: 0.06/s | ETA: 18.0m
  Progress: 77/140 | Rate: 0.06/s | ETA: 17.7m
  Progress: 78/140 | Rate: 0.06/s | ETA: 17.3m
  Progress: 79/140 | Rate: 0.06/s | ETA: 17.0m
  Progress: 80/140 | Rate: 0.06/s | ETA: 16.7m
  Progress: 81/140 | Rate: 0.06/s | ETA: 16.5m
  [cat2_adapted_002] [Attempt 1] HTTP 429: [{
  "error": {
    "code": 429,
    "message": "Resource exhausted. Please try again later. Please refer to https://clo — waiting 60s
  Progress: 82/140 | Rate: 0.06/s | ETA: 17.0m
  Progress: 83/140 | Rate: 0.06/s | ETA: 16.8m
  Progress: 84/140 | Rate: 0.06/s | ETA: 16.5m
  Progress: 85/140 | Rate: 0.06/s | ETA: 16.2m
  Progress: 86/140 | Rate: 0.06/s | ETA: 15.9m
  Progress: 87/140 | Rate: 0.06/s | ETA: 15.5m
  Progress: 88/140 | Rate: 0.06/s | ETA: 15.2m
  Progress: 89/140 | Rate: 0.06/s | ETA: 15.0m
  Progress: 90/140 | Rate: 0.06/s | ETA: 14.7m
  Progress: 91/140 | Rate: 0.06/s | ETA: 14.4m
  Progress: 92/140 | Rate: 0.06/s | ETA: 14.1m
  Progress: 93/140 | Rate: 0.06/s | ETA: 13.8m
  Progress: 94/140 | Rate: 0.06/s | ETA: 13.5m
  Progress: 95/140 | Rate: 0.06/s | ETA: 13.4m
  Progress: 96/140 | Rate: 0.06/s | ETA: 13.0m
  Progress: 97/140 | Rate: 0.06/s | ETA: 12.8m
  Progress: 98/140 | Rate: 0.06/s | ETA: 12.4m
  Progress: 99/140 | Rate: 0.06/s | ETA: 12.1m
  Progress: 100/140 | Rate: 0.06/s | ETA: 11.8m
  Progress: 101/140 | Rate: 0.06/s | ETA: 11.4m
  Progress: 102/140 | Rate: 0.06/s | ETA: 11.1m
  Progress: 103/140 | Rate: 0.06/s | ETA: 10.9m
  Progress: 104/140 | Rate: 0.06/s | ETA: 10.6m
  Progress: 105/140 | Rate: 0.06/s | ETA: 10.4m
  [cat4_real_001] [Attempt 1] HTTP 429: [{
  "error": {
    "code": 429,
    "message": "Resource exhausted. Please try again later. Please refer to https://clo — waiting 60s
  Progress: 106/140 | Rate: 0.05/s | ETA: 10.4m
  [cat4_real_002] [Attempt 1] HTTP 429: [{
  "error": {
    "code": 429,
    "message": "Resource exhausted. Please try again later. Please refer to https://clo — waiting 60s
  Progress: 107/140 | Rate: 0.05/s | ETA: 10.4m
  Progress: 108/140 | Rate: 0.05/s | ETA: 10.1m
  Progress: 109/140 | Rate: 0.05/s | ETA: 9.9m
  Progress: 110/140 | Rate: 0.05/s | ETA: 9.5m
  Progress: 111/140 | Rate: 0.05/s | ETA: 9.3m
  Progress: 112/140 | Rate: 0.05/s | ETA: 8.9m
  Progress: 113/140 | Rate: 0.05/s | ETA: 8.6m
  Progress: 114/140 | Rate: 0.05/s | ETA: 8.4m
  Progress: 115/140 | Rate: 0.05/s | ETA: 8.1m
  Progress: 116/140 | Rate: 0.05/s | ETA: 7.8m
  Progress: 117/140 | Rate: 0.05/s | ETA: 7.4m
  [cat5_real_003] [Attempt 1] HTTP 429: [{
  "error": {
    "code": 429,
    "message": "Resource exhausted. Please try again later. Please refer to https://clo — waiting 60s
  Progress: 118/140 | Rate: 0.05/s | ETA: 7.3m
  Progress: 119/140 | Rate: 0.05/s | ETA: 7.0m
  [cat5_real_005] [Attempt 1] HTTP 429: [{
  "error": {
    "code": 429,
    "message": "Resource exhausted. Please try again later. Please refer to https://clo — waiting 60s
  Progress: 120/140 | Rate: 0.05/s | ETA: 6.8m
  Progress: 121/140 | Rate: 0.05/s | ETA: 6.5m
  Progress: 122/140 | Rate: 0.05/s | ETA: 6.2m
  Progress: 123/140 | Rate: 0.05/s | ETA: 5.9m
  Progress: 124/140 | Rate: 0.05/s | ETA: 5.6m
  Progress: 125/140 | Rate: 0.05/s | ETA: 5.2m
  Progress: 126/140 | Rate: 0.05/s | ETA: 4.9m
  Progress: 127/140 | Rate: 0.05/s | ETA: 4.5m
  Progress: 128/140 | Rate: 0.05/s | ETA: 4.2m
  Progress: 129/140 | Rate: 0.05/s | ETA: 3.8m
  Progress: 130/140 | Rate: 0.05/s | ETA: 3.5m
  Progress: 131/140 | Rate: 0.05/s | ETA: 3.1m
  Progress: 132/140 | Rate: 0.05/s | ETA: 2.8m
  Progress: 133/140 | Rate: 0.05/s | ETA: 2.4m
  Progress: 134/140 | Rate: 0.05/s | ETA: 2.1m
  Progress: 135/140 | Rate: 0.05/s | ETA: 1.7m
  Progress: 136/140 | Rate: 0.05/s | ETA: 1.4m
  [cat7_real_002] [Attempt 1] HTTP 429: [{
  "error": {
    "code": 429,
    "message": "Resource exhausted. Please try again later. Please refer to https://clo — waiting 60s
  Progress: 137/140 | Rate: 0.05/s | ETA: 1.0m
  Progress: 138/140 | Rate: 0.05/s | ETA: 0.7m
  [cat7_real_004] [Attempt 1] HTTP 429: [{
  "error": {
    "code": 429,
    "message": "Resource exhausted. Please try again later. Please refer to https://clo — waiting 60s
  Progress: 139/140 | Rate: 0.05/s | ETA: 0.4m
  Progress: 140/140 | Rate: 0.05/s | ETA: 0.0m

✔ Done. 140 evaluations in 2968.5s (0.05/s)
>>> grok_4_20_neutrality_oriented_sample1_responses.jsonl  06:46:21Z

============================================================
  Judge:  kimi (moonshotai/kimi-k2-thinking-maas)
  Input:  runs/run_20260521/responses/grok_4_20_neutrality_oriented_sample1_responses.jsonl
  Output: /home/satvik/Documents/CIKM/runs/run_20260521/evaluations/kimi_evaluations_grok_4_20_neutrality_oriented_sample1.jsonl
============================================================
  Remaining: 140 rows
  Progress: 1/140 | Rate: 0.14/s | ETA: 16.2m
  Progress: 2/140 | Rate: 0.13/s | ETA: 18.1m
  Progress: 3/140 | Rate: 0.12/s | ETA: 19.0m
  Progress: 4/140 | Rate: 0.11/s | ETA: 20.5m
  Progress: 5/140 | Rate: 0.11/s | ETA: 20.0m
  Progress: 6/140 | Rate: 0.11/s | ETA: 20.9m
  Progress: 7/140 | Rate: 0.10/s | ETA: 22.2m
  Progress: 8/140 | Rate: 0.10/s | ETA: 21.4m
  Progress: 9/140 | Rate: 0.09/s | ETA: 23.1m
  [cat1_orig_010] [Attempt 1] HTTP 429: [{
  "error": {
    "code": 429,
    "message": "Resource exhausted. Please try again later. Please refer to https://clo — waiting 60s
  Progress: 10/140 | Rate: 0.06/s | ETA: 37.2m
  Progress: 11/140 | Rate: 0.06/s | ETA: 35.3m
  Progress: 12/140 | Rate: 0.06/s | ETA: 34.7m
  Progress: 13/140 | Rate: 0.06/s | ETA: 34.7m
  Progress: 14/140 | Rate: 0.06/s | ETA: 34.1m
  Progress: 15/140 | Rate: 0.06/s | ETA: 34.3m
  Progress: 16/140 | Rate: 0.06/s | ETA: 33.8m
  Progress: 17/140 | Rate: 0.06/s | ETA: 33.2m
  Progress: 18/140 | Rate: 0.06/s | ETA: 32.2m
  Progress: 19/140 | Rate: 0.06/s | ETA: 31.6m
  Progress: 20/140 | Rate: 0.06/s | ETA: 30.8m
  Progress: 21/140 | Rate: 0.07/s | ETA: 29.8m
  Progress: 22/140 | Rate: 0.07/s | ETA: 29.2m
  Progress: 23/140 | Rate: 0.07/s | ETA: 29.1m
  Progress: 24/140 | Rate: 0.07/s | ETA: 28.5m
  Progress: 25/140 | Rate: 0.07/s | ETA: 28.2m
  Progress: 26/140 | Rate: 0.07/s | ETA: 27.8m
  Progress: 27/140 | Rate: 0.07/s | ETA: 27.6m
  Progress: 28/140 | Rate: 0.07/s | ETA: 26.8m
  Progress: 29/140 | Rate: 0.07/s | ETA: 26.2m
  Progress: 30/140 | Rate: 0.07/s | ETA: 26.1m
  Progress: 31/140 | Rate: 0.07/s | ETA: 25.7m
  Progress: 32/140 | Rate: 0.07/s | ETA: 25.2m
  Progress: 33/140 | Rate: 0.07/s | ETA: 25.1m
  Progress: 34/140 | Rate: 0.07/s | ETA: 25.4m
  Progress: 35/140 | Rate: 0.07/s | ETA: 25.3m
  Progress: 36/140 | Rate: 0.07/s | ETA: 25.2m
  Progress: 37/140 | Rate: 0.07/s | ETA: 24.9m
  Progress: 38/140 | Rate: 0.07/s | ETA: 24.3m
  Progress: 39/140 | Rate: 0.07/s | ETA: 24.0m
  Progress: 40/140 | Rate: 0.07/s | ETA: 23.5m
  Progress: 41/140 | Rate: 0.07/s | ETA: 23.2m
  Progress: 42/140 | Rate: 0.07/s | ETA: 23.5m
  Progress: 43/140 | Rate: 0.07/s | ETA: 23.4m
  Progress: 44/140 | Rate: 0.07/s | ETA: 23.0m
  Progress: 45/140 | Rate: 0.07/s | ETA: 22.8m
  Progress: 46/140 | Rate: 0.07/s | ETA: 22.5m
  Progress: 47/140 | Rate: 0.07/s | ETA: 22.4m
  Progress: 48/140 | Rate: 0.07/s | ETA: 22.4m
  Progress: 49/140 | Rate: 0.07/s | ETA: 22.8m
  Progress: 50/140 | Rate: 0.07/s | ETA: 22.5m
  Progress: 51/140 | Rate: 0.07/s | ETA: 22.2m
  Progress: 52/140 | Rate: 0.07/s | ETA: 21.9m
  Progress: 53/140 | Rate: 0.07/s | ETA: 21.8m
  Progress: 54/140 | Rate: 0.07/s | ETA: 21.8m
  Progress: 55/140 | Rate: 0.07/s | ETA: 21.5m
  Progress: 56/140 | Rate: 0.07/s | ETA: 21.5m
  Progress: 57/140 | Rate: 0.06/s | ETA: 21.3m
  Progress: 58/140 | Rate: 0.06/s | ETA: 21.5m
  Progress: 59/140 | Rate: 0.06/s | ETA: 21.1m
  Progress: 60/140 | Rate: 0.06/s | ETA: 20.9m
  Progress: 61/140 | Rate: 0.06/s | ETA: 20.7m
  Progress: 62/140 | Rate: 0.06/s | ETA: 20.3m
  Progress: 63/140 | Rate: 0.06/s | ETA: 19.9m
  Progress: 64/140 | Rate: 0.06/s | ETA: 19.5m
  Progress: 65/140 | Rate: 0.06/s | ETA: 19.3m
  Progress: 66/140 | Rate: 0.07/s | ETA: 19.0m
  Progress: 67/140 | Rate: 0.07/s | ETA: 18.7m
  Progress: 68/140 | Rate: 0.07/s | ETA: 18.4m
  Progress: 69/140 | Rate: 0.07/s | ETA: 18.2m
  Progress: 70/140 | Rate: 0.06/s | ETA: 18.0m
  Progress: 71/140 | Rate: 0.06/s | ETA: 17.7m
  Progress: 72/140 | Rate: 0.06/s | ETA: 17.5m
  Progress: 73/140 | Rate: 0.06/s | ETA: 17.4m
  Progress: 74/140 | Rate: 0.06/s | ETA: 17.1m
  Progress: 75/140 | Rate: 0.06/s | ETA: 16.8m
  Progress: 76/140 | Rate: 0.06/s | ETA: 16.6m
  Progress: 77/140 | Rate: 0.06/s | ETA: 16.2m
  Progress: 78/140 | Rate: 0.06/s | ETA: 16.0m
  Progress: 79/140 | Rate: 0.06/s | ETA: 15.8m
  Progress: 80/140 | Rate: 0.06/s | ETA: 15.6m
  Progress: 81/140 | Rate: 0.06/s | ETA: 15.4m
  Progress: 82/140 | Rate: 0.06/s | ETA: 15.2m
  Progress: 83/140 | Rate: 0.06/s | ETA: 15.0m
  Progress: 84/140 | Rate: 0.06/s | ETA: 14.7m
  Progress: 85/140 | Rate: 0.06/s | ETA: 14.5m
  Progress: 86/140 | Rate: 0.06/s | ETA: 14.5m
  Progress: 87/140 | Rate: 0.06/s | ETA: 14.2m
  Progress: 88/140 | Rate: 0.06/s | ETA: 14.0m
  Progress: 89/140 | Rate: 0.06/s | ETA: 13.7m
  Progress: 90/140 | Rate: 0.06/s | ETA: 13.4m
  Progress: 91/140 | Rate: 0.06/s | ETA: 13.1m
  Progress: 92/140 | Rate: 0.06/s | ETA: 12.8m
  Progress: 93/140 | Rate: 0.06/s | ETA: 12.5m
  Progress: 94/140 | Rate: 0.06/s | ETA: 12.2m
  Progress: 95/140 | Rate: 0.06/s | ETA: 12.0m
  Progress: 96/140 | Rate: 0.06/s | ETA: 11.7m
  Progress: 97/140 | Rate: 0.06/s | ETA: 11.4m
  Progress: 98/140 | Rate: 0.06/s | ETA: 11.2m
  [cat3_real_004] [Attempt 1] HTTP 429: [{
  "error": {
    "code": 429,
    "message": "Resource exhausted. Please try again later. Please refer to https://clo — waiting 60s
  Progress: 99/140 | Rate: 0.06/s | ETA: 11.3m
  Progress: 100/140 | Rate: 0.06/s | ETA: 11.0m
  Progress: 101/140 | Rate: 0.06/s | ETA: 11.0m
  Progress: 102/140 | Rate: 0.06/s | ETA: 10.8m
  Progress: 103/140 | Rate: 0.06/s | ETA: 10.5m
  Progress: 104/140 | Rate: 0.06/s | ETA: 10.3m
  Progress: 105/140 | Rate: 0.06/s | ETA: 10.0m
  Progress: 106/140 | Rate: 0.06/s | ETA: 9.6m
  Progress: 107/140 | Rate: 0.06/s | ETA: 9.3m
  [cat4_real_003] [Attempt 1] HTTP 429: [{
  "error": {
    "code": 429,
    "message": "Resource exhausted. Please try again later. Please refer to https://clo — waiting 60s
  Progress: 108/140 | Rate: 0.06/s | ETA: 9.3m
  Progress: 109/140 | Rate: 0.06/s | ETA: 9.1m
  Progress: 110/140 | Rate: 0.06/s | ETA: 8.8m
  Progress: 111/140 | Rate: 0.06/s | ETA: 8.5m
  Progress: 112/140 | Rate: 0.06/s | ETA: 8.2m
  Progress: 113/140 | Rate: 0.06/s | ETA: 7.9m
  Progress: 114/140 | Rate: 0.06/s | ETA: 7.6m
  Progress: 115/140 | Rate: 0.06/s | ETA: 7.3m
  Progress: 116/140 | Rate: 0.06/s | ETA: 7.0m
  Progress: 117/140 | Rate: 0.06/s | ETA: 6.7m
  Progress: 118/140 | Rate: 0.06/s | ETA: 6.4m
  Progress: 119/140 | Rate: 0.06/s | ETA: 6.1m
  Progress: 120/140 | Rate: 0.06/s | ETA: 5.8m
  Progress: 121/140 | Rate: 0.06/s | ETA: 5.5m
  Progress: 122/140 | Rate: 0.06/s | ETA: 5.3m
  Progress: 123/140 | Rate: 0.06/s | ETA: 5.0m
  Progress: 124/140 | Rate: 0.06/s | ETA: 4.7m
  Progress: 125/140 | Rate: 0.06/s | ETA: 4.4m
  Progress: 126/140 | Rate: 0.06/s | ETA: 4.1m
  Progress: 127/140 | Rate: 0.06/s | ETA: 3.8m
  Progress: 128/140 | Rate: 0.06/s | ETA: 3.5m
  Progress: 129/140 | Rate: 0.06/s | ETA: 3.2m
  Progress: 130/140 | Rate: 0.06/s | ETA: 2.9m
  Progress: 131/140 | Rate: 0.06/s | ETA: 2.7m
  Progress: 132/140 | Rate: 0.06/s | ETA: 2.4m
  Progress: 133/140 | Rate: 0.06/s | ETA: 2.1m
  Progress: 134/140 | Rate: 0.06/s | ETA: 1.8m
  Progress: 135/140 | Rate: 0.06/s | ETA: 1.5m
  Progress: 136/140 | Rate: 0.06/s | ETA: 1.2m
  Progress: 137/140 | Rate: 0.06/s | ETA: 0.9m
  Progress: 138/140 | Rate: 0.06/s | ETA: 0.6m
  Progress: 139/140 | Rate: 0.06/s | ETA: 0.3m
  Progress: 140/140 | Rate: 0.06/s | ETA: 0.0m

✔ Done. 140 evaluations in 2451.2s (0.06/s)
>>> grok_4_20_neutrality_oriented_sample2_responses.jsonl  07:27:16Z

============================================================
  Judge:  kimi (moonshotai/kimi-k2-thinking-maas)
  Input:  runs/run_20260521/responses/grok_4_20_neutrality_oriented_sample2_responses.jsonl
  Output: /home/satvik/Documents/CIKM/runs/run_20260521/evaluations/kimi_evaluations_grok_4_20_neutrality_oriented_sample2.jsonl
============================================================
  Remaining: 140 rows
  Progress: 1/140 | Rate: 0.07/s | ETA: 32.7m
  Progress: 2/140 | Rate: 0.09/s | ETA: 26.6m
  Progress: 3/140 | Rate: 0.08/s | ETA: 29.6m
  Progress: 4/140 | Rate: 0.07/s | ETA: 33.3m
  Progress: 5/140 | Rate: 0.07/s | ETA: 32.3m
  Progress: 6/140 | Rate: 0.07/s | ETA: 30.1m
  Progress: 7/140 | Rate: 0.07/s | ETA: 29.8m
  Progress: 8/140 | Rate: 0.08/s | ETA: 29.2m
  Progress: 9/140 | Rate: 0.08/s | ETA: 28.5m
  Progress: 10/140 | Rate: 0.08/s | ETA: 27.8m
  Progress: 11/140 | Rate: 0.08/s | ETA: 28.2m
  Progress: 12/140 | Rate: 0.07/s | ETA: 29.2m
  Progress: 13/140 | Rate: 0.07/s | ETA: 30.2m
  Progress: 14/140 | Rate: 0.07/s | ETA: 30.4m
  Progress: 15/140 | Rate: 0.07/s | ETA: 30.2m
  Progress: 16/140 | Rate: 0.07/s | ETA: 31.0m
  Progress: 17/140 | Rate: 0.06/s | ETA: 32.7m
  Progress: 18/140 | Rate: 0.06/s | ETA: 31.9m
  Progress: 19/140 | Rate: 0.07/s | ETA: 30.9m
  Progress: 20/140 | Rate: 0.06/s | ETA: 30.9m
  Progress: 21/140 | Rate: 0.07/s | ETA: 30.2m
  Progress: 22/140 | Rate: 0.07/s | ETA: 29.6m
  Progress: 23/140 | Rate: 0.07/s | ETA: 29.1m
  Progress: 24/140 | Rate: 0.07/s | ETA: 28.9m
  Progress: 25/140 | Rate: 0.07/s | ETA: 28.9m
  Progress: 26/140 | Rate: 0.07/s | ETA: 28.9m
  Progress: 27/140 | Rate: 0.07/s | ETA: 28.2m
  Progress: 28/140 | Rate: 0.07/s | ETA: 28.2m
  Progress: 29/140 | Rate: 0.07/s | ETA: 28.1m
  Progress: 30/140 | Rate: 0.07/s | ETA: 27.6m
  Progress: 31/140 | Rate: 0.07/s | ETA: 27.4m
  Progress: 32/140 | Rate: 0.07/s | ETA: 27.3m
  Progress: 33/140 | Rate: 0.07/s | ETA: 27.4m
  Progress: 34/140 | Rate: 0.06/s | ETA: 27.2m
  Progress: 35/140 | Rate: 0.06/s | ETA: 27.1m
  Progress: 36/140 | Rate: 0.06/s | ETA: 26.8m
  Progress: 37/140 | Rate: 0.07/s | ETA: 26.2m
  Progress: 38/140 | Rate: 0.07/s | ETA: 25.9m
  Progress: 39/140 | Rate: 0.07/s | ETA: 25.5m
  Progress: 40/140 | Rate: 0.07/s | ETA: 24.9m
  Progress: 41/140 | Rate: 0.07/s | ETA: 25.1m
  Progress: 42/140 | Rate: 0.07/s | ETA: 25.0m
  Progress: 43/140 | Rate: 0.07/s | ETA: 24.8m
  Progress: 44/140 | Rate: 0.07/s | ETA: 24.6m
  Progress: 45/140 | Rate: 0.07/s | ETA: 24.3m
  Progress: 46/140 | Rate: 0.07/s | ETA: 24.0m
  Progress: 47/140 | Rate: 0.07/s | ETA: 23.8m
  Progress: 48/140 | Rate: 0.07/s | ETA: 23.4m
  Progress: 49/140 | Rate: 0.07/s | ETA: 23.1m
  Progress: 50/140 | Rate: 0.07/s | ETA: 23.0m
  Progress: 51/140 | Rate: 0.07/s | ETA: 22.8m
  Progress: 52/140 | Rate: 0.07/s | ETA: 22.4m
  Progress: 53/140 | Rate: 0.06/s | ETA: 22.5m
  Progress: 54/140 | Rate: 0.06/s | ETA: 22.4m
  Progress: 55/140 | Rate: 0.06/s | ETA: 22.1m
  Progress: 56/140 | Rate: 0.06/s | ETA: 21.9m
  Progress: 57/140 | Rate: 0.06/s | ETA: 21.6m
  Progress: 58/140 | Rate: 0.06/s | ETA: 21.4m
  Progress: 59/140 | Rate: 0.06/s | ETA: 21.2m
  Progress: 60/140 | Rate: 0.06/s | ETA: 21.0m
  Progress: 61/140 | Rate: 0.06/s | ETA: 20.7m
  Progress: 62/140 | Rate: 0.06/s | ETA: 20.3m
  Progress: 63/140 | Rate: 0.06/s | ETA: 19.9m
  Progress: 64/140 | Rate: 0.06/s | ETA: 19.5m
  Progress: 65/140 | Rate: 0.07/s | ETA: 19.2m
  Progress: 66/140 | Rate: 0.07/s | ETA: 18.7m
  Progress: 67/140 | Rate: 0.07/s | ETA: 18.4m
  Progress: 68/140 | Rate: 0.07/s | ETA: 18.1m
  Progress: 69/140 | Rate: 0.07/s | ETA: 17.8m
  Progress: 70/140 | Rate: 0.07/s | ETA: 17.4m
  Progress: 71/140 | Rate: 0.07/s | ETA: 17.1m
  Progress: 72/140 | Rate: 0.07/s | ETA: 16.8m
  Progress: 73/140 | Rate: 0.07/s | ETA: 16.6m
  Progress: 74/140 | Rate: 0.07/s | ETA: 16.2m
  Progress: 75/140 | Rate: 0.07/s | ETA: 15.9m
  Progress: 76/140 | Rate: 0.07/s | ETA: 15.6m
  Progress: 77/140 | Rate: 0.07/s | ETA: 15.4m
  Progress: 78/140 | Rate: 0.07/s | ETA: 15.1m
  Progress: 79/140 | Rate: 0.07/s | ETA: 14.9m
  Progress: 80/140 | Rate: 0.07/s | ETA: 14.6m
  Progress: 81/140 | Rate: 0.07/s | ETA: 14.4m
  Progress: 82/140 | Rate: 0.07/s | ETA: 14.3m
  Progress: 83/140 | Rate: 0.07/s | ETA: 14.1m
  Progress: 84/140 | Rate: 0.07/s | ETA: 13.8m
  Progress: 85/140 | Rate: 0.07/s | ETA: 13.5m
  Progress: 86/140 | Rate: 0.07/s | ETA: 13.3m
  Progress: 87/140 | Rate: 0.07/s | ETA: 13.0m
  Progress: 88/140 | Rate: 0.07/s | ETA: 12.7m
  Progress: 89/140 | Rate: 0.07/s | ETA: 12.4m
  Progress: 90/140 | Rate: 0.07/s | ETA: 12.1m
  Progress: 91/140 | Rate: 0.07/s | ETA: 11.9m
  [cat3_adapted_002] [Attempt 1] HTTP 429: [{
  "error": {
    "code": 429,
    "message": "Resource exhausted. Please try again later. Please refer to https://clo — waiting 60s
  Progress: 92/140 | Rate: 0.07/s | ETA: 12.1m
  Progress: 93/140 | Rate: 0.07/s | ETA: 11.8m
  Progress: 94/140 | Rate: 0.07/s | ETA: 11.5m
  Progress: 95/140 | Rate: 0.07/s | ETA: 11.2m
  Progress: 96/140 | Rate: 0.07/s | ETA: 10.9m
  Progress: 97/140 | Rate: 0.07/s | ETA: 10.6m
  Progress: 98/140 | Rate: 0.07/s | ETA: 10.3m
  Progress: 99/140 | Rate: 0.07/s | ETA: 10.1m
  Progress: 100/140 | Rate: 0.07/s | ETA: 9.8m
  Progress: 101/140 | Rate: 0.07/s | ETA: 9.6m
  Progress: 102/140 | Rate: 0.07/s | ETA: 9.3m
  Progress: 103/140 | Rate: 0.07/s | ETA: 9.0m
  Progress: 104/140 | Rate: 0.07/s | ETA: 8.7m
  Progress: 105/140 | Rate: 0.07/s | ETA: 8.5m
  Progress: 106/140 | Rate: 0.07/s | ETA: 8.2m
  Progress: 107/140 | Rate: 0.07/s | ETA: 8.0m
  Progress: 108/140 | Rate: 0.07/s | ETA: 7.7m
  Progress: 109/140 | Rate: 0.07/s | ETA: 7.5m
  Progress: 110/140 | Rate: 0.07/s | ETA: 7.3m
  Progress: 111/140 | Rate: 0.07/s | ETA: 7.2m
  Progress: 112/140 | Rate: 0.07/s | ETA: 7.0m
  Progress: 113/140 | Rate: 0.07/s | ETA: 6.7m
  Progress: 114/140 | Rate: 0.07/s | ETA: 6.5m
  Progress: 115/140 | Rate: 0.07/s | ETA: 6.2m
  Progress: 116/140 | Rate: 0.07/s | ETA: 6.0m
  Progress: 117/140 | Rate: 0.07/s | ETA: 5.7m
  Progress: 118/140 | Rate: 0.07/s | ETA: 5.5m
  Progress: 119/140 | Rate: 0.07/s | ETA: 5.2m
  Progress: 120/140 | Rate: 0.07/s | ETA: 5.0m
  Progress: 121/140 | Rate: 0.07/s | ETA: 4.8m
  Progress: 122/140 | Rate: 0.07/s | ETA: 4.6m
  Progress: 123/140 | Rate: 0.07/s | ETA: 4.3m
  Progress: 124/140 | Rate: 0.07/s | ETA: 4.0m
  Progress: 125/140 | Rate: 0.07/s | ETA: 3.8m
  Progress: 126/140 | Rate: 0.07/s | ETA: 3.6m
  Progress: 127/140 | Rate: 0.07/s | ETA: 3.3m
  Progress: 128/140 | Rate: 0.07/s | ETA: 3.0m
  Progress: 129/140 | Rate: 0.07/s | ETA: 2.8m
  Progress: 130/140 | Rate: 0.07/s | ETA: 2.6m
  Progress: 131/140 | Rate: 0.07/s | ETA: 2.3m
  Progress: 132/140 | Rate: 0.07/s | ETA: 2.0m
  Progress: 133/140 | Rate: 0.07/s | ETA: 1.8m
  Progress: 134/140 | Rate: 0.07/s | ETA: 1.5m
  Progress: 135/140 | Rate: 0.07/s | ETA: 1.3m
  Progress: 136/140 | Rate: 0.07/s | ETA: 1.0m
  Progress: 137/140 | Rate: 0.07/s | ETA: 0.8m
  Progress: 138/140 | Rate: 0.07/s | ETA: 0.5m
  [cat7_real_004] [Attempt 1] HTTP 429: [{
  "error": {
    "code": 429,
    "message": "Resource exhausted. Please try again later. Please refer to https://clo — waiting 60s
  Progress: 139/140 | Rate: 0.06/s | ETA: 0.3m
  Progress: 140/140 | Rate: 0.06/s | ETA: 0.0m

✔ Done. 140 evaluations in 2220.9s (0.06/s)
>>> grok_4_20_utility_first_sample0_responses.jsonl  08:04:18Z

============================================================
  Judge:  kimi (moonshotai/kimi-k2-thinking-maas)
  Input:  runs/run_20260521/responses/grok_4_20_utility_first_sample0_responses.jsonl
  Output: /home/satvik/Documents/CIKM/runs/run_20260521/evaluations/kimi_evaluations_grok_4_20_utility_first_sample0.jsonl
============================================================
  Remaining: 140 rows
  Progress: 1/140 | Rate: 0.06/s | ETA: 41.7m
  [cat1_orig_002] [Attempt 1] HTTP 429: [{
  "error": {
    "code": 429,
    "message": "Resource exhausted. Please try again later. Please refer to https://clo — waiting 60s
  [cat1_orig_002] [Attempt 2] HTTP 429: [{
  "error": {
    "code": 429,
    "message": "Resource exhausted. Please try again later. Please refer to https://clo — waiting 60s
  Progress: 2/140 | Rate: 0.01/s | ETA: 181.5m
  Progress: 3/140 | Rate: 0.02/s | ETA: 141.9m
  Progress: 4/140 | Rate: 0.02/s | ETA: 112.8m
  Progress: 5/140 | Rate: 0.02/s | ETA: 95.2m
  Progress: 6/140 | Rate: 0.03/s | ETA: 83.8m
  Progress: 7/140 | Rate: 0.03/s | ETA: 79.3m
  Progress: 8/140 | Rate: 0.03/s | ETA: 74.3m
  Progress: 9/140 | Rate: 0.03/s | ETA: 70.6m
  Progress: 10/140 | Rate: 0.03/s | ETA: 67.5m
  Progress: 11/140 | Rate: 0.03/s | ETA: 64.8m
  Progress: 12/140 | Rate: 0.03/s | ETA: 61.4m
  Progress: 13/140 | Rate: 0.04/s | ETA: 59.8m
  Progress: 14/140 | Rate: 0.04/s | ETA: 59.9m
  Progress: 15/140 | Rate: 0.04/s | ETA: 58.9m
  Progress: 16/140 | Rate: 0.04/s | ETA: 57.3m
  Progress: 17/140 | Rate: 0.04/s | ETA: 55.6m
  Progress: 18/140 | Rate: 0.04/s | ETA: 53.9m
  Progress: 19/140 | Rate: 0.04/s | ETA: 52.4m
  Progress: 20/140 | Rate: 0.04/s | ETA: 50.4m
  Progress: 21/140 | Rate: 0.04/s | ETA: 48.9m
  Progress: 22/140 | Rate: 0.04/s | ETA: 48.7m
  Progress: 23/140 | Rate: 0.04/s | ETA: 48.3m
  Progress: 24/140 | Rate: 0.04/s | ETA: 50.8m
  Progress: 25/140 | Rate: 0.04/s | ETA: 49.8m
  [cat3_orig_006] [Attempt 1] HTTP 429: [{
  "error": {
    "code": 429,
    "message": "Resource exhausted. Please try again later. Please refer to https://clo — waiting 60s
  Progress: 26/140 | Rate: 0.03/s | ETA: 55.3m
  Progress: 27/140 | Rate: 0.04/s | ETA: 53.5m
  Progress: 28/140 | Rate: 0.04/s | ETA: 52.4m
  Progress: 29/140 | Rate: 0.04/s | ETA: 51.0m
  Progress: 30/140 | Rate: 0.04/s | ETA: 49.2m
  Progress: 31/140 | Rate: 0.04/s | ETA: 48.1m
  Progress: 32/140 | Rate: 0.04/s | ETA: 46.7m
  Progress: 33/140 | Rate: 0.04/s | ETA: 45.6m
  Progress: 34/140 | Rate: 0.04/s | ETA: 44.4m
  Progress: 35/140 | Rate: 0.04/s | ETA: 43.3m
  Progress: 36/140 | Rate: 0.04/s | ETA: 42.2m
  Progress: 37/140 | Rate: 0.04/s | ETA: 41.5m
  Progress: 38/140 | Rate: 0.04/s | ETA: 40.6m
  Progress: 39/140 | Rate: 0.04/s | ETA: 39.7m
  Progress: 40/140 | Rate: 0.04/s | ETA: 38.9m
  Progress: 41/140 | Rate: 0.04/s | ETA: 38.6m
  Progress: 42/140 | Rate: 0.04/s | ETA: 37.8m
  Progress: 43/140 | Rate: 0.04/s | ETA: 37.1m
  Progress: 44/140 | Rate: 0.04/s | ETA: 36.4m
  Progress: 45/140 | Rate: 0.04/s | ETA: 35.8m
  Progress: 46/140 | Rate: 0.04/s | ETA: 35.2m
  Progress: 47/140 | Rate: 0.05/s | ETA: 34.4m
  Progress: 48/140 | Rate: 0.05/s | ETA: 33.7m
  Progress: 49/140 | Rate: 0.05/s | ETA: 33.0m
  Progress: 50/140 | Rate: 0.05/s | ETA: 32.5m
  Progress: 51/140 | Rate: 0.05/s | ETA: 32.2m
  Progress: 52/140 | Rate: 0.05/s | ETA: 31.6m
  Progress: 53/140 | Rate: 0.05/s | ETA: 31.3m
  Progress: 54/140 | Rate: 0.05/s | ETA: 30.9m
  Progress: 55/140 | Rate: 0.05/s | ETA: 30.3m
  Progress: 56/140 | Rate: 0.05/s | ETA: 30.0m
  Progress: 57/140 | Rate: 0.05/s | ETA: 29.5m
  Progress: 58/140 | Rate: 0.05/s | ETA: 29.0m
  Progress: 59/140 | Rate: 0.05/s | ETA: 28.8m
  Progress: 60/140 | Rate: 0.05/s | ETA: 28.2m
  Progress: 61/140 | Rate: 0.05/s | ETA: 27.6m
  Progress: 62/140 | Rate: 0.05/s | ETA: 27.0m
  Progress: 63/140 | Rate: 0.05/s | ETA: 26.5m
  Progress: 64/140 | Rate: 0.05/s | ETA: 26.2m
  Progress: 65/140 | Rate: 0.05/s | ETA: 25.7m
  Progress: 66/140 | Rate: 0.05/s | ETA: 25.3m
  Progress: 67/140 | Rate: 0.05/s | ETA: 24.8m
  Progress: 68/140 | Rate: 0.05/s | ETA: 24.4m
  Progress: 69/140 | Rate: 0.05/s | ETA: 24.0m
  Progress: 70/140 | Rate: 0.05/s | ETA: 23.6m
  Progress: 71/140 | Rate: 0.05/s | ETA: 23.1m
  Progress: 72/140 | Rate: 0.05/s | ETA: 22.6m
  Progress: 73/140 | Rate: 0.05/s | ETA: 22.4m
  Progress: 74/140 | Rate: 0.05/s | ETA: 22.0m
  Progress: 75/140 | Rate: 0.05/s | ETA: 21.7m
  Progress: 76/140 | Rate: 0.05/s | ETA: 21.2m
  Progress: 77/140 | Rate: 0.05/s | ETA: 20.8m
  Progress: 78/140 | Rate: 0.05/s | ETA: 20.3m
  Progress: 79/140 | Rate: 0.05/s | ETA: 19.9m
  Progress: 80/140 | Rate: 0.05/s | ETA: 19.5m
  Progress: 81/140 | Rate: 0.05/s | ETA: 19.2m
  Progress: 82/140 | Rate: 0.05/s | ETA: 18.8m
  Progress: 83/140 | Rate: 0.05/s | ETA: 18.4m
  Progress: 84/140 | Rate: 0.05/s | ETA: 17.9m
  Progress: 85/140 | Rate: 0.05/s | ETA: 17.6m
  [cat2_real_001] [Attempt 1] HTTP 429: [{
  "error": {
    "code": 429,
    "message": "Resource exhausted. Please try again later. Please refer to https://clo — waiting 60s
  Progress: 86/140 | Rate: 0.05/s | ETA: 17.8m
  Progress: 87/140 | Rate: 0.05/s | ETA: 17.6m
  Progress: 88/140 | Rate: 0.05/s | ETA: 17.2m
  Progress: 89/140 | Rate: 0.05/s | ETA: 16.8m
  [cat2_real_005] [Attempt 1] HTTP 429: [{
  "error": {
    "code": 429,
    "message": "Resource exhausted. Please try again later. Please refer to https://clo — waiting 60s
  Progress: 90/140 | Rate: 0.05/s | ETA: 17.0m
  Progress: 91/140 | Rate: 0.05/s | ETA: 16.5m
  Progress: 92/140 | Rate: 0.05/s | ETA: 16.3m
  Progress: 93/140 | Rate: 0.05/s | ETA: 15.9m
  Progress: 94/140 | Rate: 0.05/s | ETA: 15.6m
  [cat3_adapted_005] [Attempt 1] HTTP 429: [{
  "error": {
    "code": 429,
    "message": "Resource exhausted. Please try again later. Please refer to https://clo — waiting 60s
  Progress: 95/140 | Rate: 0.04/s | ETA: 18.9m
  Progress: 96/140 | Rate: 0.04/s | ETA: 18.5m
  Progress: 97/140 | Rate: 0.04/s | ETA: 18.1m
  Progress: 98/140 | Rate: 0.04/s | ETA: 17.6m
  Progress: 99/140 | Rate: 0.04/s | ETA: 17.2m
  Progress: 100/140 | Rate: 0.04/s | ETA: 16.7m
  Progress: 101/140 | Rate: 0.04/s | ETA: 16.2m
  Progress: 102/140 | Rate: 0.04/s | ETA: 15.7m
  Progress: 103/140 | Rate: 0.04/s | ETA: 15.3m
  Progress: 104/140 | Rate: 0.04/s | ETA: 14.8m
  Progress: 105/140 | Rate: 0.04/s | ETA: 14.4m
  Progress: 106/140 | Rate: 0.04/s | ETA: 13.8m
  Progress: 107/140 | Rate: 0.04/s | ETA: 13.4m
  Progress: 108/140 | Rate: 0.04/s | ETA: 13.0m
  Progress: 109/140 | Rate: 0.04/s | ETA: 12.5m
  Progress: 110/140 | Rate: 0.04/s | ETA: 12.1m
  Progress: 111/140 | Rate: 0.04/s | ETA: 11.6m
  Progress: 112/140 | Rate: 0.04/s | ETA: 11.2m
  Progress: 113/140 | Rate: 0.04/s | ETA: 10.8m
  Progress: 114/140 | Rate: 0.04/s | ETA: 10.4m
  Progress: 115/140 | Rate: 0.04/s | ETA: 10.0m
  Progress: 116/140 | Rate: 0.04/s | ETA: 9.6m
  Progress: 117/140 | Rate: 0.04/s | ETA: 9.1m
  Progress: 118/140 | Rate: 0.04/s | ETA: 8.7m
  Progress: 119/140 | Rate: 0.04/s | ETA: 8.3m
  Progress: 120/140 | Rate: 0.04/s | ETA: 7.9m
  Progress: 121/140 | Rate: 0.04/s | ETA: 7.5m
  Progress: 122/140 | Rate: 0.04/s | ETA: 7.1m
  Progress: 123/140 | Rate: 0.04/s | ETA: 6.7m
  Progress: 124/140 | Rate: 0.04/s | ETA: 6.3m
  Progress: 125/140 | Rate: 0.04/s | ETA: 5.9m
  Progress: 126/140 | Rate: 0.04/s | ETA: 5.5m
  Progress: 127/140 | Rate: 0.04/s | ETA: 5.1m
  Progress: 128/140 | Rate: 0.04/s | ETA: 4.7m
  Progress: 129/140 | Rate: 0.04/s | ETA: 4.3m
  Progress: 130/140 | Rate: 0.04/s | ETA: 3.9m
  Progress: 131/140 | Rate: 0.04/s | ETA: 3.5m
  Progress: 132/140 | Rate: 0.04/s | ETA: 3.1m
  Progress: 133/140 | Rate: 0.04/s | ETA: 2.7m
  Progress: 134/140 | Rate: 0.04/s | ETA: 2.3m
  Progress: 135/140 | Rate: 0.04/s | ETA: 1.9m
  Progress: 136/140 | Rate: 0.04/s | ETA: 1.5m
  Progress: 137/140 | Rate: 0.04/s | ETA: 1.2m
  Progress: 138/140 | Rate: 0.04/s | ETA: 0.8m
  Progress: 139/140 | Rate: 0.04/s | ETA: 0.4m
  Progress: 140/140 | Rate: 0.04/s | ETA: 0.0m

✔ Done. 140 evaluations in 3205.3s (0.04/s)
>>> grok_4_20_utility_first_sample1_responses.jsonl  08:57:44Z

============================================================
  Judge:  kimi (moonshotai/kimi-k2-thinking-maas)
  Input:  runs/run_20260521/responses/grok_4_20_utility_first_sample1_responses.jsonl
  Output: /home/satvik/Documents/CIKM/runs/run_20260521/evaluations/kimi_evaluations_grok_4_20_utility_first_sample1.jsonl
============================================================
  Remaining: 140 rows
  Progress: 1/140 | Rate: 0.07/s | ETA: 35.3m
  Progress: 2/140 | Rate: 0.07/s | ETA: 31.5m
  Progress: 3/140 | Rate: 0.07/s | ETA: 35.0m
  Progress: 4/140 | Rate: 0.07/s | ETA: 32.7m
  Progress: 5/140 | Rate: 0.07/s | ETA: 31.4m
  Progress: 6/140 | Rate: 0.07/s | ETA: 30.7m
  Progress: 7/140 | Rate: 0.07/s | ETA: 30.9m
  Progress: 8/140 | Rate: 0.06/s | ETA: 36.5m
  Progress: 9/140 | Rate: 0.06/s | ETA: 36.4m
  Progress: 10/140 | Rate: 0.06/s | ETA: 35.7m
  Progress: 11/140 | Rate: 0.06/s | ETA: 36.8m
  Progress: 12/140 | Rate: 0.06/s | ETA: 38.1m
  Progress: 13/140 | Rate: 0.05/s | ETA: 38.6m
  [cat2_orig_004] [Attempt 1] HTTP 429: [{
  "error": {
    "code": 429,
    "message": "Resource exhausted. Please try again later. Please refer to https://clo — waiting 60s
  Progress: 14/140 | Rate: 0.04/s | ETA: 49.0m
  Progress: 15/140 | Rate: 0.04/s | ETA: 47.3m
  Progress: 16/140 | Rate: 0.04/s | ETA: 45.9m
  Progress: 17/140 | Rate: 0.04/s | ETA: 46.8m
  Progress: 18/140 | Rate: 0.04/s | ETA: 46.2m
  Progress: 19/140 | Rate: 0.04/s | ETA: 45.0m
  Progress: 20/140 | Rate: 0.05/s | ETA: 44.3m
  [cat3_orig_001] [Attempt 1] HTTP 429: [{
  "error": {
    "code": 429,
    "message": "Resource exhausted. Please try again later. Please refer to https://clo — waiting 60s
  Progress: 21/140 | Rate: 0.04/s | ETA: 49.7m
  Progress: 22/140 | Rate: 0.04/s | ETA: 49.8m
  Progress: 23/140 | Rate: 0.04/s | ETA: 48.9m
  Progress: 24/140 | Rate: 0.04/s | ETA: 47.9m
  Progress: 25/140 | Rate: 0.04/s | ETA: 47.2m
  Progress: 26/140 | Rate: 0.04/s | ETA: 46.0m
  Progress: 27/140 | Rate: 0.04/s | ETA: 45.2m
  Progress: 28/140 | Rate: 0.04/s | ETA: 44.3m
  Progress: 29/140 | Rate: 0.04/s | ETA: 43.0m
  Progress: 30/140 | Rate: 0.04/s | ETA: 42.4m
  Progress: 31/140 | Rate: 0.04/s | ETA: 41.6m
  Progress: 32/140 | Rate: 0.04/s | ETA: 41.9m
  Progress: 33/140 | Rate: 0.04/s | ETA: 41.0m
  Progress: 34/140 | Rate: 0.04/s | ETA: 40.4m
  Progress: 35/140 | Rate: 0.04/s | ETA: 39.7m
  Progress: 36/140 | Rate: 0.04/s | ETA: 38.9m
  Progress: 37/140 | Rate: 0.04/s | ETA: 38.3m
  Progress: 38/140 | Rate: 0.05/s | ETA: 37.5m
  Progress: 39/140 | Rate: 0.05/s | ETA: 36.9m
  Progress: 40/140 | Rate: 0.05/s | ETA: 36.3m
  Progress: 41/140 | Rate: 0.05/s | ETA: 35.5m
  Progress: 42/140 | Rate: 0.05/s | ETA: 35.6m
  Progress: 43/140 | Rate: 0.05/s | ETA: 35.2m
  Progress: 44/140 | Rate: 0.05/s | ETA: 34.4m
  Progress: 45/140 | Rate: 0.05/s | ETA: 33.7m
  Progress: 46/140 | Rate: 0.05/s | ETA: 33.3m
  Progress: 47/140 | Rate: 0.05/s | ETA: 32.5m
  Progress: 48/140 | Rate: 0.05/s | ETA: 31.7m
  Progress: 49/140 | Rate: 0.05/s | ETA: 31.2m
  Progress: 50/140 | Rate: 0.05/s | ETA: 30.6m
  Progress: 51/140 | Rate: 0.05/s | ETA: 30.4m
  Progress: 52/140 | Rate: 0.05/s | ETA: 29.8m
  Progress: 53/140 | Rate: 0.05/s | ETA: 29.4m
  Progress: 54/140 | Rate: 0.05/s | ETA: 29.2m
  Progress: 55/140 | Rate: 0.05/s | ETA: 28.8m
  Progress: 56/140 | Rate: 0.05/s | ETA: 28.1m
  Progress: 57/140 | Rate: 0.05/s | ETA: 27.8m
  Progress: 58/140 | Rate: 0.05/s | ETA: 27.6m
  Progress: 59/140 | Rate: 0.05/s | ETA: 27.2m
  Progress: 60/140 | Rate: 0.05/s | ETA: 26.8m
  Progress: 61/140 | Rate: 0.05/s | ETA: 26.4m
  Progress: 62/140 | Rate: 0.05/s | ETA: 26.0m
  Progress: 63/140 | Rate: 0.05/s | ETA: 25.5m
  Progress: 64/140 | Rate: 0.05/s | ETA: 25.1m
  Progress: 65/140 | Rate: 0.05/s | ETA: 24.7m
  Progress: 66/140 | Rate: 0.05/s | ETA: 24.2m
  Progress: 67/140 | Rate: 0.05/s | ETA: 23.8m
  Progress: 68/140 | Rate: 0.05/s | ETA: 23.4m
  Progress: 69/140 | Rate: 0.05/s | ETA: 23.0m
  Progress: 70/140 | Rate: 0.05/s | ETA: 22.6m
  Progress: 71/140 | Rate: 0.05/s | ETA: 22.4m
  Progress: 72/140 | Rate: 0.05/s | ETA: 22.1m
  Progress: 73/140 | Rate: 0.05/s | ETA: 21.8m
  Progress: 74/140 | Rate: 0.05/s | ETA: 21.3m
  Progress: 75/140 | Rate: 0.05/s | ETA: 20.9m
  Progress: 76/140 | Rate: 0.05/s | ETA: 20.7m
  Progress: 77/140 | Rate: 0.05/s | ETA: 20.4m
  Progress: 78/140 | Rate: 0.05/s | ETA: 20.0m
  Progress: 79/140 | Rate: 0.05/s | ETA: 19.6m
  Progress: 80/140 | Rate: 0.05/s | ETA: 19.2m
  Progress: 81/140 | Rate: 0.05/s | ETA: 18.8m
  Progress: 82/140 | Rate: 0.05/s | ETA: 18.4m
  Progress: 83/140 | Rate: 0.05/s | ETA: 18.1m
  Progress: 84/140 | Rate: 0.05/s | ETA: 17.7m
  Progress: 85/140 | Rate: 0.05/s | ETA: 17.3m
  Progress: 86/140 | Rate: 0.05/s | ETA: 16.9m
  Progress: 87/140 | Rate: 0.05/s | ETA: 16.6m
  Progress: 88/140 | Rate: 0.05/s | ETA: 16.3m
  Progress: 89/140 | Rate: 0.05/s | ETA: 15.9m
  Progress: 90/140 | Rate: 0.05/s | ETA: 15.6m
  Progress: 91/140 | Rate: 0.05/s | ETA: 15.4m
  Progress: 92/140 | Rate: 0.05/s | ETA: 15.1m
  Progress: 93/140 | Rate: 0.05/s | ETA: 14.7m
  Progress: 94/140 | Rate: 0.05/s | ETA: 14.5m
  Progress: 95/140 | Rate: 0.05/s | ETA: 14.2m
  Progress: 96/140 | Rate: 0.05/s | ETA: 13.9m
  Progress: 97/140 | Rate: 0.05/s | ETA: 13.5m
  Progress: 98/140 | Rate: 0.05/s | ETA: 13.1m
  Progress: 99/140 | Rate: 0.05/s | ETA: 12.8m
  Progress: 100/140 | Rate: 0.05/s | ETA: 12.5m
  Progress: 101/140 | Rate: 0.05/s | ETA: 12.1m
  Progress: 102/140 | Rate: 0.05/s | ETA: 11.8m
  Progress: 103/140 | Rate: 0.05/s | ETA: 11.5m
  Progress: 104/140 | Rate: 0.05/s | ETA: 11.2m
  Progress: 105/140 | Rate: 0.05/s | ETA: 10.9m
  Progress: 106/140 | Rate: 0.05/s | ETA: 10.5m
  Progress: 107/140 | Rate: 0.05/s | ETA: 10.2m
  Progress: 108/140 | Rate: 0.05/s | ETA: 9.9m
  Progress: 109/140 | Rate: 0.05/s | ETA: 9.6m
  Progress: 110/140 | Rate: 0.05/s | ETA: 9.2m
  Progress: 111/140 | Rate: 0.05/s | ETA: 9.0m
  Progress: 112/140 | Rate: 0.05/s | ETA: 8.7m
  Progress: 113/140 | Rate: 0.05/s | ETA: 8.3m
  Progress: 114/140 | Rate: 0.05/s | ETA: 8.1m
  Progress: 115/140 | Rate: 0.05/s | ETA: 7.8m
  Progress: 116/140 | Rate: 0.05/s | ETA: 7.5m
  Progress: 117/140 | Rate: 0.05/s | ETA: 7.1m
  Progress: 118/140 | Rate: 0.05/s | ETA: 6.8m
  Progress: 119/140 | Rate: 0.05/s | ETA: 6.5m
  Progress: 120/140 | Rate: 0.05/s | ETA: 6.2m
  Progress: 121/140 | Rate: 0.05/s | ETA: 5.9m
  Progress: 122/140 | Rate: 0.05/s | ETA: 5.6m
  Progress: 123/140 | Rate: 0.05/s | ETA: 5.2m
  Progress: 124/140 | Rate: 0.05/s | ETA: 4.9m
  Progress: 125/140 | Rate: 0.05/s | ETA: 4.6m
  Progress: 126/140 | Rate: 0.05/s | ETA: 4.3m
  Progress: 127/140 | Rate: 0.05/s | ETA: 4.0m
  Progress: 128/140 | Rate: 0.05/s | ETA: 3.7m
  Progress: 129/140 | Rate: 0.05/s | ETA: 3.4m
  Progress: 130/140 | Rate: 0.05/s | ETA: 3.1m
  Progress: 131/140 | Rate: 0.05/s | ETA: 2.8m
  Progress: 132/140 | Rate: 0.05/s | ETA: 2.5m
  Progress: 133/140 | Rate: 0.05/s | ETA: 2.2m
  Progress: 134/140 | Rate: 0.05/s | ETA: 1.9m
  Progress: 135/140 | Rate: 0.05/s | ETA: 1.5m
  Progress: 136/140 | Rate: 0.05/s | ETA: 1.2m
  Progress: 137/140 | Rate: 0.05/s | ETA: 0.9m
  Progress: 138/140 | Rate: 0.05/s | ETA: 0.6m
  Progress: 139/140 | Rate: 0.05/s | ETA: 0.3m
  Progress: 140/140 | Rate: 0.05/s | ETA: 0.0m

✔ Done. 140 evaluations in 2579.8s (0.05/s)
>>> grok_4_20_utility_first_sample2_responses.jsonl  09:40:48Z

============================================================
  Judge:  kimi (moonshotai/kimi-k2-thinking-maas)
  Input:  runs/run_20260521/responses/grok_4_20_utility_first_sample2_responses.jsonl
  Output: /home/satvik/Documents/CIKM/runs/run_20260521/evaluations/kimi_evaluations_grok_4_20_utility_first_sample2.jsonl
============================================================
  Remaining: 140 rows
  Progress: 1/140 | Rate: 0.03/s | ETA: 70.8m
  Progress: 2/140 | Rate: 0.04/s | ETA: 53.3m
  Progress: 3/140 | Rate: 0.05/s | ETA: 49.4m
  Progress: 4/140 | Rate: 0.04/s | ETA: 52.2m
  Progress: 5/140 | Rate: 0.05/s | ETA: 48.9m
  Progress: 6/140 | Rate: 0.04/s | ETA: 52.2m
  Progress: 7/140 | Rate: 0.04/s | ETA: 53.4m
  Progress: 8/140 | Rate: 0.04/s | ETA: 53.0m
  Progress: 9/140 | Rate: 0.04/s | ETA: 51.8m
  Progress: 10/140 | Rate: 0.04/s | ETA: 51.8m
  Progress: 11/140 | Rate: 0.04/s | ETA: 50.0m
  Progress: 12/140 | Rate: 0.04/s | ETA: 49.2m
  Progress: 13/140 | Rate: 0.04/s | ETA: 50.9m
  Progress: 14/140 | Rate: 0.04/s | ETA: 51.7m
  Progress: 15/140 | Rate: 0.04/s | ETA: 49.7m
  Progress: 16/140 | Rate: 0.04/s | ETA: 51.4m
  Progress: 17/140 | Rate: 0.04/s | ETA: 50.7m
  Progress: 18/140 | Rate: 0.04/s | ETA: 49.1m
  Progress: 19/140 | Rate: 0.04/s | ETA: 48.3m
  Progress: 20/140 | Rate: 0.04/s | ETA: 46.9m
  Progress: 21/140 | Rate: 0.04/s | ETA: 46.3m
  Progress: 22/140 | Rate: 0.04/s | ETA: 45.2m
  Progress: 23/140 | Rate: 0.04/s | ETA: 44.1m
  Progress: 24/140 | Rate: 0.04/s | ETA: 44.3m
  Progress: 25/140 | Rate: 0.04/s | ETA: 44.9m
  Progress: 26/140 | Rate: 0.04/s | ETA: 44.1m
  Progress: 27/140 | Rate: 0.04/s | ETA: 43.7m
  Progress: 28/140 | Rate: 0.04/s | ETA: 43.5m
  Progress: 29/140 | Rate: 0.04/s | ETA: 43.4m
  Progress: 30/140 | Rate: 0.04/s | ETA: 43.6m
  Progress: 31/140 | Rate: 0.04/s | ETA: 43.0m
  Progress: 32/140 | Rate: 0.04/s | ETA: 42.2m
  Progress: 33/140 | Rate: 0.04/s | ETA: 43.4m
  Progress: 34/140 | Rate: 0.04/s | ETA: 42.9m
  Progress: 35/140 | Rate: 0.04/s | ETA: 42.3m
  Progress: 36/140 | Rate: 0.04/s | ETA: 42.0m
  Progress: 37/140 | Rate: 0.04/s | ETA: 41.1m
  Progress: 38/140 | Rate: 0.04/s | ETA: 40.2m
  Progress: 39/140 | Rate: 0.04/s | ETA: 39.4m
  Progress: 40/140 | Rate: 0.04/s | ETA: 38.6m
  Progress: 41/140 | Rate: 0.04/s | ETA: 37.9m
  Progress: 42/140 | Rate: 0.04/s | ETA: 37.5m
  Progress: 43/140 | Rate: 0.04/s | ETA: 36.7m
  Progress: 44/140 | Rate: 0.04/s | ETA: 35.9m
  Progress: 45/140 | Rate: 0.04/s | ETA: 35.5m
  Progress: 46/140 | Rate: 0.04/s | ETA: 35.0m
  Progress: 47/140 | Rate: 0.05/s | ETA: 34.3m
  Progress: 48/140 | Rate: 0.05/s | ETA: 34.0m
  Progress: 49/140 | Rate: 0.05/s | ETA: 33.3m
  Progress: 50/140 | Rate: 0.05/s | ETA: 32.8m
  Progress: 51/140 | Rate: 0.05/s | ETA: 32.5m
  Progress: 52/140 | Rate: 0.05/s | ETA: 32.0m
  Progress: 53/140 | Rate: 0.05/s | ETA: 31.9m
  Progress: 54/140 | Rate: 0.05/s | ETA: 31.5m
  Progress: 55/140 | Rate: 0.05/s | ETA: 31.2m
  Progress: 56/140 | Rate: 0.05/s | ETA: 30.9m
  Progress: 57/140 | Rate: 0.04/s | ETA: 31.0m
  Progress: 58/140 | Rate: 0.04/s | ETA: 30.4m
  Progress: 59/140 | Rate: 0.04/s | ETA: 30.1m
  Progress: 60/140 | Rate: 0.04/s | ETA: 30.0m
  Progress: 61/140 | Rate: 0.04/s | ETA: 29.7m
  Progress: 62/140 | Rate: 0.04/s | ETA: 29.3m
  Progress: 63/140 | Rate: 0.04/s | ETA: 28.9m
  Progress: 64/140 | Rate: 0.04/s | ETA: 28.7m
  Progress: 65/140 | Rate: 0.04/s | ETA: 28.4m
  Progress: 66/140 | Rate: 0.04/s | ETA: 27.9m
  Progress: 67/140 | Rate: 0.04/s | ETA: 27.3m
  Progress: 68/140 | Rate: 0.04/s | ETA: 26.7m
  Progress: 69/140 | Rate: 0.05/s | ETA: 26.3m
  Progress: 70/140 | Rate: 0.05/s | ETA: 25.8m
  Progress: 71/140 | Rate: 0.05/s | ETA: 25.4m
  Progress: 72/140 | Rate: 0.04/s | ETA: 25.2m
  Progress: 73/140 | Rate: 0.05/s | ETA: 24.8m
  Progress: 74/140 | Rate: 0.04/s | ETA: 24.5m
  Progress: 75/140 | Rate: 0.05/s | ETA: 24.0m
  Progress: 76/140 | Rate: 0.05/s | ETA: 23.6m
  Progress: 77/140 | Rate: 0.05/s | ETA: 23.2m
  Progress: 78/140 | Rate: 0.05/s | ETA: 22.8m
  Progress: 79/140 | Rate: 0.05/s | ETA: 22.3m
  Progress: 80/140 | Rate: 0.05/s | ETA: 21.9m
  Progress: 81/140 | Rate: 0.05/s | ETA: 21.5m
  Progress: 82/140 | Rate: 0.05/s | ETA: 21.2m
  Progress: 83/140 | Rate: 0.05/s | ETA: 20.8m
  Progress: 84/140 | Rate: 0.05/s | ETA: 20.5m
  Progress: 85/140 | Rate: 0.05/s | ETA: 20.1m
  Progress: 86/140 | Rate: 0.05/s | ETA: 19.6m
  Progress: 87/140 | Rate: 0.05/s | ETA: 19.2m
  Progress: 88/140 | Rate: 0.05/s | ETA: 18.8m
  Progress: 89/140 | Rate: 0.05/s | ETA: 18.4m
  Progress: 90/140 | Rate: 0.05/s | ETA: 18.0m
  Progress: 91/140 | Rate: 0.05/s | ETA: 17.7m
  Progress: 92/140 | Rate: 0.05/s | ETA: 17.4m
  Progress: 93/140 | Rate: 0.05/s | ETA: 17.0m
  Progress: 94/140 | Rate: 0.05/s | ETA: 16.7m
  Progress: 95/140 | Rate: 0.05/s | ETA: 16.3m
  Progress: 96/140 | Rate: 0.05/s | ETA: 15.9m
  Progress: 97/140 | Rate: 0.05/s | ETA: 15.7m
  Progress: 98/140 | Rate: 0.05/s | ETA: 15.3m
  Progress: 99/140 | Rate: 0.05/s | ETA: 14.8m
  Progress: 100/140 | Rate: 0.05/s | ETA: 14.5m
  Progress: 101/140 | Rate: 0.05/s | ETA: 14.1m
  Progress: 102/140 | Rate: 0.05/s | ETA: 13.7m
  Progress: 103/140 | Rate: 0.05/s | ETA: 13.3m
  Progress: 104/140 | Rate: 0.05/s | ETA: 12.9m
  Progress: 105/140 | Rate: 0.05/s | ETA: 12.6m
  Progress: 106/140 | Rate: 0.05/s | ETA: 12.2m
  Progress: 107/140 | Rate: 0.05/s | ETA: 11.7m
  Progress: 108/140 | Rate: 0.05/s | ETA: 11.4m
  Progress: 109/140 | Rate: 0.05/s | ETA: 11.0m
  Progress: 110/140 | Rate: 0.05/s | ETA: 10.6m
  Progress: 111/140 | Rate: 0.05/s | ETA: 10.2m
  Progress: 112/140 | Rate: 0.05/s | ETA: 9.9m
  Progress: 113/140 | Rate: 0.05/s | ETA: 9.5m
  Progress: 114/140 | Rate: 0.05/s | ETA: 9.2m
  Progress: 115/140 | Rate: 0.05/s | ETA: 8.8m
  Progress: 116/140 | Rate: 0.05/s | ETA: 8.5m
  Progress: 117/140 | Rate: 0.05/s | ETA: 8.1m
  Progress: 118/140 | Rate: 0.05/s | ETA: 7.8m
  Progress: 119/140 | Rate: 0.05/s | ETA: 7.4m
  Progress: 120/140 | Rate: 0.05/s | ETA: 7.0m
  Progress: 121/140 | Rate: 0.05/s | ETA: 6.7m
  Progress: 122/140 | Rate: 0.05/s | ETA: 6.3m
  Progress: 123/140 | Rate: 0.05/s | ETA: 6.0m
  Progress: 124/140 | Rate: 0.05/s | ETA: 5.6m
  [Parse error] Expecting value: line 1 column 1 (char 0) — snippet: 
  [cat6_adapted_005] [Attempt 1] Parse failed — retrying
  Progress: 125/140 | Rate: 0.05/s | ETA: 5.4m
  Progress: 126/140 | Rate: 0.05/s | ETA: 5.1m
  Progress: 127/140 | Rate: 0.05/s | ETA: 4.7m
  Progress: 128/140 | Rate: 0.05/s | ETA: 4.3m
  Progress: 129/140 | Rate: 0.05/s | ETA: 4.0m
  Progress: 130/140 | Rate: 0.05/s | ETA: 3.6m
  [cat7_adapted_001] [Attempt 1] HTTP 429: [{
  "error": {
    "code": 429,
    "message": "Resource exhausted. Please try again later. Please refer to https://clo — waiting 60s
  Progress: 131/140 | Rate: 0.05/s | ETA: 3.3m
  Progress: 132/140 | Rate: 0.05/s | ETA: 2.9m
  Progress: 133/140 | Rate: 0.05/s | ETA: 2.6m
  Progress: 134/140 | Rate: 0.05/s | ETA: 2.2m
  Progress: 135/140 | Rate: 0.05/s | ETA: 1.8m
  Progress: 136/140 | Rate: 0.05/s | ETA: 1.5m
  Progress: 137/140 | Rate: 0.05/s | ETA: 1.1m
  Progress: 138/140 | Rate: 0.05/s | ETA: 0.7m
  Progress: 139/140 | Rate: 0.05/s | ETA: 0.4m
  Progress: 140/140 | Rate: 0.05/s | ETA: 0.0m

✔ Done. 140 evaluations in 3027.9s (0.05/s)
>>> grok_4_20_vanilla_sample0_responses.jsonl  10:31:17Z

============================================================
  Judge:  kimi (moonshotai/kimi-k2-thinking-maas)
  Input:  runs/run_20260521/responses/grok_4_20_vanilla_sample0_responses.jsonl
  Output: /home/satvik/Documents/CIKM/runs/run_20260521/evaluations/kimi_evaluations_grok_4_20_vanilla_sample0.jsonl
============================================================
  Remaining: 140 rows
  Progress: 1/140 | Rate: 0.09/s | ETA: 26.8m
  Progress: 2/140 | Rate: 0.08/s | ETA: 29.2m
  Progress: 3/140 | Rate: 0.06/s | ETA: 35.5m
  Progress: 4/140 | Rate: 0.06/s | ETA: 35.0m
  Progress: 5/140 | Rate: 0.07/s | ETA: 34.6m
  Progress: 6/140 | Rate: 0.07/s | ETA: 33.2m
  Progress: 7/140 | Rate: 0.07/s | ETA: 33.8m
  Progress: 8/140 | Rate: 0.06/s | ETA: 34.0m
  Progress: 9/140 | Rate: 0.07/s | ETA: 32.8m
  Progress: 10/140 | Rate: 0.06/s | ETA: 33.5m
  Progress: 11/140 | Rate: 0.06/s | ETA: 34.3m
  Progress: 12/140 | Rate: 0.06/s | ETA: 33.8m
  Progress: 13/140 | Rate: 0.06/s | ETA: 34.5m
  Progress: 14/140 | Rate: 0.06/s | ETA: 33.5m
  Progress: 15/140 | Rate: 0.06/s | ETA: 33.1m
  Progress: 16/140 | Rate: 0.06/s | ETA: 33.7m
  Progress: 17/140 | Rate: 0.06/s | ETA: 34.0m
  Progress: 18/140 | Rate: 0.06/s | ETA: 33.8m
  Progress: 19/140 | Rate: 0.06/s | ETA: 32.8m
  Progress: 20/140 | Rate: 0.06/s | ETA: 32.2m
  Progress: 21/140 | Rate: 0.06/s | ETA: 32.5m
  Progress: 22/140 | Rate: 0.06/s | ETA: 32.4m
  Progress: 23/140 | Rate: 0.06/s | ETA: 31.6m
  Progress: 24/140 | Rate: 0.06/s | ETA: 31.8m
  Progress: 25/140 | Rate: 0.06/s | ETA: 31.8m
  Progress: 26/140 | Rate: 0.06/s | ETA: 31.1m
  Progress: 27/140 | Rate: 0.06/s | ETA: 30.3m
  Progress: 28/140 | Rate: 0.06/s | ETA: 29.8m
  Progress: 29/140 | Rate: 0.06/s | ETA: 29.1m
  Progress: 30/140 | Rate: 0.06/s | ETA: 28.3m
  Progress: 31/140 | Rate: 0.06/s | ETA: 28.0m
  Progress: 32/140 | Rate: 0.07/s | ETA: 27.4m
  Progress: 33/140 | Rate: 0.07/s | ETA: 27.2m
  Progress: 34/140 | Rate: 0.07/s | ETA: 26.9m
  Progress: 35/140 | Rate: 0.06/s | ETA: 27.5m
  Progress: 36/140 | Rate: 0.06/s | ETA: 27.4m
  Progress: 37/140 | Rate: 0.06/s | ETA: 27.3m
  Progress: 38/140 | Rate: 0.06/s | ETA: 27.0m
  Progress: 39/140 | Rate: 0.06/s | ETA: 26.9m
  Progress: 40/140 | Rate: 0.06/s | ETA: 27.3m
  Progress: 41/140 | Rate: 0.06/s | ETA: 27.1m
  Progress: 42/140 | Rate: 0.06/s | ETA: 26.6m
  Progress: 43/140 | Rate: 0.06/s | ETA: 26.7m
  Progress: 44/140 | Rate: 0.06/s | ETA: 26.6m
  Progress: 45/140 | Rate: 0.06/s | ETA: 26.2m
  Progress: 46/140 | Rate: 0.06/s | ETA: 25.8m
  Progress: 47/140 | Rate: 0.06/s | ETA: 25.3m
  Progress: 48/140 | Rate: 0.06/s | ETA: 25.1m
  Progress: 49/140 | Rate: 0.06/s | ETA: 24.7m
  Progress: 50/140 | Rate: 0.06/s | ETA: 24.4m
  Progress: 51/140 | Rate: 0.06/s | ETA: 23.8m
  Progress: 52/140 | Rate: 0.06/s | ETA: 23.5m
  Progress: 53/140 | Rate: 0.06/s | ETA: 23.6m
  Progress: 54/140 | Rate: 0.06/s | ETA: 23.3m
  Progress: 55/140 | Rate: 0.06/s | ETA: 23.0m
  Progress: 56/140 | Rate: 0.06/s | ETA: 22.7m
  Progress: 57/140 | Rate: 0.06/s | ETA: 22.4m
  Progress: 58/140 | Rate: 0.06/s | ETA: 22.0m
  Progress: 59/140 | Rate: 0.06/s | ETA: 21.9m
  Progress: 60/140 | Rate: 0.06/s | ETA: 21.7m
  Progress: 61/140 | Rate: 0.06/s | ETA: 21.5m
  Progress: 62/140 | Rate: 0.06/s | ETA: 21.0m
  Progress: 63/140 | Rate: 0.06/s | ETA: 20.7m
  Progress: 64/140 | Rate: 0.06/s | ETA: 20.4m
  Progress: 65/140 | Rate: 0.06/s | ETA: 19.9m
  Progress: 66/140 | Rate: 0.06/s | ETA: 19.5m
  Progress: 67/140 | Rate: 0.06/s | ETA: 19.3m
  Progress: 68/140 | Rate: 0.06/s | ETA: 18.9m
  Progress: 69/140 | Rate: 0.06/s | ETA: 18.5m
  Progress: 70/140 | Rate: 0.06/s | ETA: 18.1m
  Progress: 71/140 | Rate: 0.06/s | ETA: 17.9m
  Progress: 72/140 | Rate: 0.06/s | ETA: 17.5m
  Progress: 73/140 | Rate: 0.06/s | ETA: 17.2m
  Progress: 74/140 | Rate: 0.06/s | ETA: 17.1m
  Progress: 75/140 | Rate: 0.06/s | ETA: 16.8m
  Progress: 76/140 | Rate: 0.06/s | ETA: 16.5m
  Progress: 77/140 | Rate: 0.06/s | ETA: 16.2m
  Progress: 78/140 | Rate: 0.06/s | ETA: 15.9m
  Progress: 79/140 | Rate: 0.06/s | ETA: 15.7m
  Progress: 80/140 | Rate: 0.06/s | ETA: 15.4m
  Progress: 81/140 | Rate: 0.07/s | ETA: 15.0m
  Progress: 82/140 | Rate: 0.07/s | ETA: 14.7m
  Progress: 83/140 | Rate: 0.06/s | ETA: 14.7m
  Progress: 84/140 | Rate: 0.06/s | ETA: 14.5m
  Progress: 85/140 | Rate: 0.06/s | ETA: 14.2m
  Progress: 86/140 | Rate: 0.06/s | ETA: 13.9m
  Progress: 87/140 | Rate: 0.06/s | ETA: 13.6m
  Progress: 88/140 | Rate: 0.06/s | ETA: 13.4m
  Progress: 89/140 | Rate: 0.07/s | ETA: 13.1m
  Progress: 90/140 | Rate: 0.07/s | ETA: 12.8m
  Progress: 91/140 | Rate: 0.06/s | ETA: 12.6m
  Progress: 92/140 | Rate: 0.07/s | ETA: 12.3m
  Progress: 93/140 | Rate: 0.06/s | ETA: 12.1m
  Progress: 94/140 | Rate: 0.07/s | ETA: 11.8m
  Progress: 95/140 | Rate: 0.07/s | ETA: 11.4m
  Progress: 96/140 | Rate: 0.07/s | ETA: 11.2m
  Progress: 97/140 | Rate: 0.07/s | ETA: 10.8m
  Progress: 98/140 | Rate: 0.07/s | ETA: 10.6m
  Progress: 99/140 | Rate: 0.07/s | ETA: 10.3m
  Progress: 100/140 | Rate: 0.07/s | ETA: 10.1m
  Progress: 101/140 | Rate: 0.07/s | ETA: 9.8m
  Progress: 102/140 | Rate: 0.07/s | ETA: 9.5m
  Progress: 103/140 | Rate: 0.07/s | ETA: 9.3m
  Progress: 104/140 | Rate: 0.07/s | ETA: 9.0m
  Progress: 105/140 | Rate: 0.07/s | ETA: 8.8m
  Progress: 106/140 | Rate: 0.07/s | ETA: 8.5m
  Progress: 107/140 | Rate: 0.07/s | ETA: 8.2m
  Progress: 108/140 | Rate: 0.07/s | ETA: 8.0m
  Progress: 109/140 | Rate: 0.07/s | ETA: 7.7m
  Progress: 110/140 | Rate: 0.07/s | ETA: 7.4m
  Progress: 111/140 | Rate: 0.07/s | ETA: 7.2m
  Progress: 112/140 | Rate: 0.07/s | ETA: 6.9m
  Progress: 113/140 | Rate: 0.07/s | ETA: 6.7m
  Progress: 114/140 | Rate: 0.07/s | ETA: 6.5m
  Progress: 115/140 | Rate: 0.07/s | ETA: 6.2m
  Progress: 116/140 | Rate: 0.07/s | ETA: 5.9m
  Progress: 117/140 | Rate: 0.07/s | ETA: 5.7m
  Progress: 118/140 | Rate: 0.07/s | ETA: 5.4m
  Progress: 119/140 | Rate: 0.07/s | ETA: 5.2m
  Progress: 120/140 | Rate: 0.07/s | ETA: 5.0m
  Progress: 121/140 | Rate: 0.07/s | ETA: 4.7m
  Progress: 122/140 | Rate: 0.07/s | ETA: 4.5m
  [Parse error] Expecting value: line 1 column 1 (char 0) — snippet: 
  [cat6_adapted_003] [Attempt 1] Parse failed — retrying
  Progress: 123/140 | Rate: 0.06/s | ETA: 4.4m
  Progress: 124/140 | Rate: 0.06/s | ETA: 4.1m
  Progress: 125/140 | Rate: 0.06/s | ETA: 3.9m
  Progress: 126/140 | Rate: 0.06/s | ETA: 3.6m
  Progress: 127/140 | Rate: 0.06/s | ETA: 3.3m
  Progress: 128/140 | Rate: 0.07/s | ETA: 3.1m
  Progress: 129/140 | Rate: 0.07/s | ETA: 2.8m
  Progress: 130/140 | Rate: 0.06/s | ETA: 2.6m
  Progress: 131/140 | Rate: 0.06/s | ETA: 2.3m
  Progress: 132/140 | Rate: 0.06/s | ETA: 2.1m
  Progress: 133/140 | Rate: 0.07/s | ETA: 1.8m
  Progress: 134/140 | Rate: 0.07/s | ETA: 1.5m
  Progress: 135/140 | Rate: 0.06/s | ETA: 1.3m
  Progress: 136/140 | Rate: 0.06/s | ETA: 1.0m
  Progress: 137/140 | Rate: 0.06/s | ETA: 0.8m
  Progress: 138/140 | Rate: 0.07/s | ETA: 0.5m
  Progress: 139/140 | Rate: 0.07/s | ETA: 0.3m
  Progress: 140/140 | Rate: 0.07/s | ETA: 0.0m

✔ Done. 140 evaluations in 2152.9s (0.07/s)
>>> grok_4_20_vanilla_sample1_responses.jsonl  11:07:11Z

============================================================
  Judge:  kimi (moonshotai/kimi-k2-thinking-maas)
  Input:  runs/run_20260521/responses/grok_4_20_vanilla_sample1_responses.jsonl
  Output: /home/satvik/Documents/CIKM/runs/run_20260521/evaluations/kimi_evaluations_grok_4_20_vanilla_sample1.jsonl
============================================================
  Remaining: 140 rows
  Progress: 1/140 | Rate: 0.09/s | ETA: 26.7m
  Progress: 2/140 | Rate: 0.08/s | ETA: 30.0m
  Progress: 3/140 | Rate: 0.08/s | ETA: 30.4m
  Progress: 4/140 | Rate: 0.08/s | ETA: 27.6m
  Progress: 5/140 | Rate: 0.09/s | ETA: 25.5m
  Progress: 6/140 | Rate: 0.08/s | ETA: 26.3m
  Progress: 7/140 | Rate: 0.08/s | ETA: 28.6m
  Progress: 8/140 | Rate: 0.08/s | ETA: 28.9m
  Progress: 9/140 | Rate: 0.08/s | ETA: 28.2m
  Progress: 10/140 | Rate: 0.07/s | ETA: 29.1m
  Progress: 11/140 | Rate: 0.07/s | ETA: 32.1m
  Progress: 12/140 | Rate: 0.07/s | ETA: 32.5m
  Progress: 13/140 | Rate: 0.07/s | ETA: 32.1m
  Progress: 14/140 | Rate: 0.06/s | ETA: 32.5m
  Progress: 15/140 | Rate: 0.07/s | ETA: 31.9m
  Progress: 16/140 | Rate: 0.07/s | ETA: 31.5m
  Progress: 17/140 | Rate: 0.06/s | ETA: 31.9m
  Progress: 18/140 | Rate: 0.06/s | ETA: 31.9m
  Progress: 19/140 | Rate: 0.07/s | ETA: 30.8m
  Progress: 20/140 | Rate: 0.07/s | ETA: 30.4m
  Progress: 21/140 | Rate: 0.07/s | ETA: 30.2m
  Progress: 22/140 | Rate: 0.07/s | ETA: 29.9m
  Progress: 23/140 | Rate: 0.07/s | ETA: 29.4m
  Progress: 24/140 | Rate: 0.06/s | ETA: 30.0m
  Progress: 25/140 | Rate: 0.07/s | ETA: 29.4m
  Progress: 26/140 | Rate: 0.07/s | ETA: 28.8m
  Progress: 27/140 | Rate: 0.07/s | ETA: 28.8m
  Progress: 28/140 | Rate: 0.07/s | ETA: 28.3m
  Progress: 29/140 | Rate: 0.07/s | ETA: 27.7m
  Progress: 30/140 | Rate: 0.07/s | ETA: 27.6m
  Progress: 31/140 | Rate: 0.07/s | ETA: 27.1m
  Progress: 32/140 | Rate: 0.07/s | ETA: 27.1m
  Progress: 33/140 | Rate: 0.06/s | ETA: 27.7m
  Progress: 34/140 | Rate: 0.06/s | ETA: 27.2m
  Progress: 35/140 | Rate: 0.06/s | ETA: 27.2m
  Progress: 36/140 | Rate: 0.07/s | ETA: 26.6m
  Progress: 37/140 | Rate: 0.06/s | ETA: 26.6m
  Progress: 38/140 | Rate: 0.06/s | ETA: 26.2m
  Progress: 39/140 | Rate: 0.06/s | ETA: 26.2m
  Progress: 40/140 | Rate: 0.06/s | ETA: 26.4m
  Progress: 41/140 | Rate: 0.06/s | ETA: 26.2m
  Progress: 42/140 | Rate: 0.06/s | ETA: 26.3m
  Progress: 43/140 | Rate: 0.06/s | ETA: 26.0m
  Progress: 44/140 | Rate: 0.06/s | ETA: 26.1m
  Progress: 45/140 | Rate: 0.06/s | ETA: 25.6m
  Progress: 46/140 | Rate: 0.06/s | ETA: 25.4m
  Progress: 47/140 | Rate: 0.06/s | ETA: 25.1m
  Progress: 48/140 | Rate: 0.06/s | ETA: 24.9m
  Progress: 49/140 | Rate: 0.06/s | ETA: 24.3m
  Progress: 50/140 | Rate: 0.06/s | ETA: 24.4m
  [cat6_orig_002] [Attempt 1] HTTP 429: [{
  "error": {
    "code": 429,
    "message": "Resource exhausted. Please try again later. Please refer to https://clo — waiting 60s
  Progress: 51/140 | Rate: 0.06/s | ETA: 26.3m
  Progress: 52/140 | Rate: 0.06/s | ETA: 26.3m
  Progress: 53/140 | Rate: 0.06/s | ETA: 26.1m
  Progress: 54/140 | Rate: 0.05/s | ETA: 26.2m
  Progress: 55/140 | Rate: 0.05/s | ETA: 26.1m
  Progress: 56/140 | Rate: 0.05/s | ETA: 26.1m
  Progress: 57/140 | Rate: 0.05/s | ETA: 26.3m
  Progress: 58/140 | Rate: 0.05/s | ETA: 26.2m
  Progress: 59/140 | Rate: 0.05/s | ETA: 25.6m
  Progress: 60/140 | Rate: 0.05/s | ETA: 25.4m
  Progress: 61/140 | Rate: 0.05/s | ETA: 25.1m
  Progress: 62/140 | Rate: 0.05/s | ETA: 24.6m
  Progress: 63/140 | Rate: 0.05/s | ETA: 24.5m
  Progress: 64/140 | Rate: 0.05/s | ETA: 23.9m
  Progress: 65/140 | Rate: 0.05/s | ETA: 23.6m
  Progress: 66/140 | Rate: 0.05/s | ETA: 23.1m
  Progress: 67/140 | Rate: 0.05/s | ETA: 22.6m
  Progress: 68/140 | Rate: 0.05/s | ETA: 22.4m
  Progress: 69/140 | Rate: 0.05/s | ETA: 22.0m
  Progress: 70/140 | Rate: 0.05/s | ETA: 21.6m
  Progress: 71/140 | Rate: 0.05/s | ETA: 21.2m
  Progress: 72/140 | Rate: 0.05/s | ETA: 20.8m
  Progress: 73/140 | Rate: 0.05/s | ETA: 20.4m
  Progress: 74/140 | Rate: 0.05/s | ETA: 20.3m
  Progress: 75/140 | Rate: 0.05/s | ETA: 19.9m
  [cat1_real_002] [Attempt 1] HTTP 429: [{
  "error": {
    "code": 429,
    "message": "Resource exhausted. Please try again later. Please refer to https://clo — waiting 60s
  Progress: 76/140 | Rate: 0.05/s | ETA: 20.4m
  Progress: 77/140 | Rate: 0.05/s | ETA: 20.1m
  Progress: 78/140 | Rate: 0.05/s | ETA: 19.7m
  Progress: 79/140 | Rate: 0.05/s | ETA: 19.3m
  Progress: 80/140 | Rate: 0.05/s | ETA: 19.0m
  Progress: 81/140 | Rate: 0.05/s | ETA: 18.9m
  Progress: 82/140 | Rate: 0.05/s | ETA: 18.5m
  Progress: 83/140 | Rate: 0.05/s | ETA: 18.3m
  Progress: 84/140 | Rate: 0.05/s | ETA: 18.0m
  Progress: 85/140 | Rate: 0.05/s | ETA: 17.7m
  Progress: 86/140 | Rate: 0.05/s | ETA: 17.4m
  Progress: 87/140 | Rate: 0.05/s | ETA: 17.1m
  Progress: 88/140 | Rate: 0.05/s | ETA: 16.8m
  Progress: 89/140 | Rate: 0.05/s | ETA: 16.4m
  Progress: 90/140 | Rate: 0.05/s | ETA: 16.1m
  Progress: 91/140 | Rate: 0.05/s | ETA: 15.7m
  Progress: 92/140 | Rate: 0.05/s | ETA: 15.5m
  Progress: 93/140 | Rate: 0.05/s | ETA: 15.1m
  Progress: 94/140 | Rate: 0.05/s | ETA: 14.8m
  Progress: 95/140 | Rate: 0.05/s | ETA: 14.4m
  Progress: 96/140 | Rate: 0.05/s | ETA: 14.1m
  Progress: 97/140 | Rate: 0.05/s | ETA: 13.7m
  [cat3_real_004] [Attempt 1] HTTP 429: [{
  "error": {
    "code": 429,
    "message": "Resource exhausted. Please try again later. Please refer to https://clo — waiting 60s
  Progress: 98/140 | Rate: 0.05/s | ETA: 13.8m
  Progress: 99/140 | Rate: 0.05/s | ETA: 13.4m
  Progress: 100/140 | Rate: 0.05/s | ETA: 13.0m
  Progress: 101/140 | Rate: 0.05/s | ETA: 12.6m
  Progress: 102/140 | Rate: 0.05/s | ETA: 12.2m
  Progress: 103/140 | Rate: 0.05/s | ETA: 12.0m
  Progress: 104/140 | Rate: 0.05/s | ETA: 11.6m
  Progress: 105/140 | Rate: 0.05/s | ETA: 11.2m
  Progress: 106/140 | Rate: 0.05/s | ETA: 10.9m
  Progress: 107/140 | Rate: 0.05/s | ETA: 10.6m
  Progress: 108/140 | Rate: 0.05/s | ETA: 10.5m
  Progress: 109/140 | Rate: 0.05/s | ETA: 10.1m
  Progress: 110/140 | Rate: 0.05/s | ETA: 9.8m
  Progress: 111/140 | Rate: 0.05/s | ETA: 9.4m
  Progress: 112/140 | Rate: 0.05/s | ETA: 9.1m
  Progress: 113/140 | Rate: 0.05/s | ETA: 8.8m
  Progress: 114/140 | Rate: 0.05/s | ETA: 8.5m
  Progress: 115/140 | Rate: 0.05/s | ETA: 8.1m
  Progress: 116/140 | Rate: 0.05/s | ETA: 7.8m
  Progress: 117/140 | Rate: 0.05/s | ETA: 7.4m
  Progress: 118/140 | Rate: 0.05/s | ETA: 7.1m
  Progress: 119/140 | Rate: 0.05/s | ETA: 6.7m
  Progress: 120/140 | Rate: 0.05/s | ETA: 6.4m
  Progress: 121/140 | Rate: 0.05/s | ETA: 6.1m
  Progress: 122/140 | Rate: 0.05/s | ETA: 5.8m
  Progress: 123/140 | Rate: 0.05/s | ETA: 5.5m
  Progress: 124/140 | Rate: 0.05/s | ETA: 5.2m
  Progress: 125/140 | Rate: 0.05/s | ETA: 4.9m
  Progress: 126/140 | Rate: 0.05/s | ETA: 4.6m
  Progress: 127/140 | Rate: 0.05/s | ETA: 4.2m
  Progress: 128/140 | Rate: 0.05/s | ETA: 3.9m
  Progress: 129/140 | Rate: 0.05/s | ETA: 3.6m
  Progress: 130/140 | Rate: 0.05/s | ETA: 3.3m
  Progress: 131/140 | Rate: 0.05/s | ETA: 3.0m
  Progress: 132/140 | Rate: 0.05/s | ETA: 2.6m
  Progress: 133/140 | Rate: 0.05/s | ETA: 2.3m
  Progress: 134/140 | Rate: 0.05/s | ETA: 2.0m
  Progress: 135/140 | Rate: 0.05/s | ETA: 1.6m
  Progress: 136/140 | Rate: 0.05/s | ETA: 1.3m
  Progress: 137/140 | Rate: 0.05/s | ETA: 1.0m
  Progress: 138/140 | Rate: 0.05/s | ETA: 0.6m
  Progress: 139/140 | Rate: 0.05/s | ETA: 0.3m
  Progress: 140/140 | Rate: 0.05/s | ETA: 0.0m

✔ Done. 140 evaluations in 2712.4s (0.05/s)
>>> grok_4_20_vanilla_sample2_responses.jsonl  11:52:39Z

============================================================
  Judge:  kimi (moonshotai/kimi-k2-thinking-maas)
  Input:  runs/run_20260521/responses/grok_4_20_vanilla_sample2_responses.jsonl
  Output: /home/satvik/Documents/CIKM/runs/run_20260521/evaluations/kimi_evaluations_grok_4_20_vanilla_sample2.jsonl
============================================================
  Remaining: 140 rows
  Progress: 1/140 | Rate: 0.03/s | ETA: 69.0m
  Progress: 2/140 | Rate: 0.05/s | ETA: 46.5m
  Progress: 3/140 | Rate: 0.05/s | ETA: 45.1m
  Progress: 4/140 | Rate: 0.05/s | ETA: 42.6m
  Progress: 5/140 | Rate: 0.06/s | ETA: 39.1m
  Progress: 6/140 | Rate: 0.05/s | ETA: 45.3m
  Progress: 7/140 | Rate: 0.05/s | ETA: 45.8m
  Progress: 8/140 | Rate: 0.05/s | ETA: 44.3m
  Progress: 9/140 | Rate: 0.05/s | ETA: 44.1m
  Progress: 10/140 | Rate: 0.05/s | ETA: 42.4m
  Progress: 11/140 | Rate: 0.05/s | ETA: 46.0m
  Progress: 12/140 | Rate: 0.05/s | ETA: 44.8m
  Progress: 13/140 | Rate: 0.05/s | ETA: 43.5m
  Progress: 14/140 | Rate: 0.05/s | ETA: 43.4m
  Progress: 15/140 | Rate: 0.05/s | ETA: 42.9m
  Progress: 16/140 | Rate: 0.05/s | ETA: 43.8m
  Progress: 17/140 | Rate: 0.05/s | ETA: 43.8m
  Progress: 18/140 | Rate: 0.05/s | ETA: 42.8m
  Progress: 19/140 | Rate: 0.05/s | ETA: 42.1m
  Progress: 20/140 | Rate: 0.05/s | ETA: 42.4m
  Progress: 21/140 | Rate: 0.05/s | ETA: 42.3m
  Progress: 22/140 | Rate: 0.05/s | ETA: 43.0m
  Progress: 23/140 | Rate: 0.05/s | ETA: 43.2m
  Progress: 24/140 | Rate: 0.05/s | ETA: 42.8m
  Progress: 25/140 | Rate: 0.04/s | ETA: 43.3m
  Progress: 26/140 | Rate: 0.04/s | ETA: 42.5m
  Progress: 27/140 | Rate: 0.05/s | ETA: 41.5m
  Progress: 28/140 | Rate: 0.05/s | ETA: 41.1m
  Progress: 29/140 | Rate: 0.05/s | ETA: 40.1m
  Progress: 30/140 | Rate: 0.05/s | ETA: 40.4m
  Progress: 31/140 | Rate: 0.05/s | ETA: 39.5m
  Progress: 32/140 | Rate: 0.05/s | ETA: 39.9m
  Progress: 33/140 | Rate: 0.04/s | ETA: 39.7m
  Progress: 34/140 | Rate: 0.04/s | ETA: 39.4m
  Progress: 35/140 | Rate: 0.04/s | ETA: 39.3m
  Progress: 36/140 | Rate: 0.04/s | ETA: 39.1m
  Progress: 37/140 | Rate: 0.04/s | ETA: 38.4m
  Progress: 38/140 | Rate: 0.04/s | ETA: 37.9m
  Progress: 39/140 | Rate: 0.05/s | ETA: 37.2m
  Progress: 40/140 | Rate: 0.04/s | ETA: 37.2m
  Progress: 41/140 | Rate: 0.04/s | ETA: 36.8m
  Progress: 42/140 | Rate: 0.04/s | ETA: 36.4m
  Progress: 43/140 | Rate: 0.05/s | ETA: 35.7m
  Progress: 44/140 | Rate: 0.05/s | ETA: 35.0m
  Progress: 45/140 | Rate: 0.05/s | ETA: 34.9m
  Progress: 46/140 | Rate: 0.05/s | ETA: 34.2m
  Progress: 47/140 | Rate: 0.05/s | ETA: 33.4m
  Progress: 48/140 | Rate: 0.05/s | ETA: 32.9m
  Progress: 49/140 | Rate: 0.05/s | ETA: 32.9m
  Progress: 50/140 | Rate: 0.05/s | ETA: 32.3m
  Progress: 51/140 | Rate: 0.05/s | ETA: 31.8m
  Progress: 52/140 | Rate: 0.05/s | ETA: 31.5m
  [Parse error] Expecting value: line 1 column 1 (char 0) — snippet: 
  [cat6_orig_003] [Attempt 1] Parse failed — retrying
  Progress: 53/140 | Rate: 0.04/s | ETA: 32.5m
  Progress: 54/140 | Rate: 0.04/s | ETA: 32.1m
  Progress: 55/140 | Rate: 0.04/s | ETA: 31.8m
  Progress: 56/140 | Rate: 0.04/s | ETA: 31.4m
  Progress: 57/140 | Rate: 0.04/s | ETA: 31.6m
  Progress: 58/140 | Rate: 0.04/s | ETA: 31.1m
  Progress: 59/140 | Rate: 0.04/s | ETA: 30.9m
  Progress: 60/140 | Rate: 0.04/s | ETA: 30.7m
  Progress: 61/140 | Rate: 0.04/s | ETA: 30.2m
  Progress: 62/140 | Rate: 0.04/s | ETA: 29.6m
  Progress: 63/140 | Rate: 0.04/s | ETA: 28.9m
  Progress: 64/140 | Rate: 0.04/s | ETA: 28.3m
  Progress: 65/140 | Rate: 0.05/s | ETA: 27.7m
  Progress: 66/140 | Rate: 0.05/s | ETA: 27.0m
  Progress: 67/140 | Rate: 0.05/s | ETA: 26.4m
  Progress: 68/140 | Rate: 0.05/s | ETA: 25.8m
  Progress: 69/140 | Rate: 0.05/s | ETA: 25.4m
  Progress: 70/140 | Rate: 0.05/s | ETA: 24.7m
  Progress: 71/140 | Rate: 0.05/s | ETA: 24.3m
  Progress: 72/140 | Rate: 0.05/s | ETA: 23.9m
  Progress: 73/140 | Rate: 0.05/s | ETA: 23.4m
  Progress: 74/140 | Rate: 0.05/s | ETA: 23.0m
  Progress: 75/140 | Rate: 0.05/s | ETA: 22.5m
  Progress: 76/140 | Rate: 0.05/s | ETA: 22.0m
  Progress: 77/140 | Rate: 0.05/s | ETA: 21.9m
  Progress: 78/140 | Rate: 0.05/s | ETA: 21.5m
  Progress: 79/140 | Rate: 0.05/s | ETA: 21.0m
  Progress: 80/140 | Rate: 0.05/s | ETA: 20.5m
  Progress: 81/140 | Rate: 0.05/s | ETA: 20.1m
  Progress: 82/140 | Rate: 0.05/s | ETA: 19.6m
  Progress: 83/140 | Rate: 0.05/s | ETA: 19.2m
  Progress: 84/140 | Rate: 0.05/s | ETA: 18.9m
  Progress: 85/140 | Rate: 0.05/s | ETA: 18.5m
  Progress: 86/140 | Rate: 0.05/s | ETA: 18.2m
  Progress: 87/140 | Rate: 0.05/s | ETA: 17.9m
  Progress: 88/140 | Rate: 0.05/s | ETA: 17.5m
  Progress: 89/140 | Rate: 0.05/s | ETA: 17.1m
  Progress: 90/140 | Rate: 0.05/s | ETA: 16.7m
  Progress: 91/140 | Rate: 0.05/s | ETA: 16.3m
  Progress: 92/140 | Rate: 0.05/s | ETA: 15.9m
  Progress: 93/140 | Rate: 0.05/s | ETA: 15.5m
  Progress: 94/140 | Rate: 0.05/s | ETA: 15.1m
  Progress: 95/140 | Rate: 0.05/s | ETA: 14.7m
  Progress: 96/140 | Rate: 0.05/s | ETA: 14.4m
  Progress: 97/140 | Rate: 0.05/s | ETA: 14.1m
  Progress: 98/140 | Rate: 0.05/s | ETA: 13.7m
  Progress: 99/140 | Rate: 0.05/s | ETA: 13.3m
  Progress: 100/140 | Rate: 0.05/s | ETA: 13.0m
  Progress: 101/140 | Rate: 0.05/s | ETA: 12.6m
  Progress: 102/140 | Rate: 0.05/s | ETA: 12.2m
  Progress: 103/140 | Rate: 0.05/s | ETA: 11.9m
  Progress: 104/140 | Rate: 0.05/s | ETA: 11.5m
  Progress: 105/140 | Rate: 0.05/s | ETA: 11.2m
  Progress: 106/140 | Rate: 0.05/s | ETA: 10.8m
  Progress: 107/140 | Rate: 0.05/s | ETA: 10.5m
  Progress: 108/140 | Rate: 0.05/s | ETA: 10.1m
  Progress: 109/140 | Rate: 0.05/s | ETA: 9.8m
  Progress: 110/140 | Rate: 0.05/s | ETA: 9.4m
  Progress: 111/140 | Rate: 0.05/s | ETA: 9.1m
  Progress: 112/140 | Rate: 0.05/s | ETA: 8.8m
  Progress: 113/140 | Rate: 0.05/s | ETA: 8.4m
  Progress: 114/140 | Rate: 0.05/s | ETA: 8.2m
  Progress: 115/140 | Rate: 0.05/s | ETA: 7.8m
  Progress: 116/140 | Rate: 0.05/s | ETA: 7.5m
  Progress: 117/140 | Rate: 0.05/s | ETA: 7.2m
  Progress: 118/140 | Rate: 0.05/s | ETA: 6.9m
  Progress: 119/140 | Rate: 0.05/s | ETA: 6.6m
  Progress: 120/140 | Rate: 0.05/s | ETA: 6.3m
  Progress: 121/140 | Rate: 0.05/s | ETA: 6.0m
  Progress: 122/140 | Rate: 0.05/s | ETA: 5.6m
  Progress: 123/140 | Rate: 0.05/s | ETA: 5.3m
  Progress: 124/140 | Rate: 0.05/s | ETA: 5.0m
  Progress: 125/140 | Rate: 0.05/s | ETA: 4.7m
  Progress: 126/140 | Rate: 0.05/s | ETA: 4.4m
  Progress: 127/140 | Rate: 0.05/s | ETA: 4.1m
  Progress: 128/140 | Rate: 0.05/s | ETA: 3.8m
  Progress: 129/140 | Rate: 0.05/s | ETA: 3.5m
  Progress: 130/140 | Rate: 0.05/s | ETA: 3.2m
  Progress: 131/140 | Rate: 0.05/s | ETA: 2.9m
  Progress: 132/140 | Rate: 0.05/s | ETA: 2.6m
  Progress: 133/140 | Rate: 0.05/s | ETA: 2.3m
  Progress: 134/140 | Rate: 0.05/s | ETA: 1.9m
  Progress: 135/140 | Rate: 0.05/s | ETA: 1.6m
  Progress: 136/140 | Rate: 0.05/s | ETA: 1.3m
  Progress: 137/140 | Rate: 0.05/s | ETA: 1.0m
  Progress: 138/140 | Rate: 0.05/s | ETA: 0.6m
  Progress: 139/140 | Rate: 0.05/s | ETA: 0.3m
  Progress: 140/140 | Rate: 0.05/s | ETA: 0.0m

✔ Done. 140 evaluations in 2714.4s (0.05/s)
>>> llama3_70b_clarification_first_sample0_responses.jsonl  12:38:09Z

============================================================
  Judge:  kimi (moonshotai/kimi-k2-thinking-maas)
  Input:  runs/run_20260521/responses/llama3_70b_clarification_first_sample0_responses.jsonl
  Output: /home/satvik/Documents/CIKM/runs/run_20260521/evaluations/kimi_evaluations_llama3_70b_clarification_first_sample0.jsonl
============================================================
  Remaining: 140 rows
  Progress: 1/140 | Rate: 0.11/s | ETA: 22.0m
  Progress: 2/140 | Rate: 0.13/s | ETA: 18.0m
  Progress: 3/140 | Rate: 0.11/s | ETA: 21.5m
  Progress: 4/140 | Rate: 0.10/s | ETA: 22.8m
  Progress: 5/140 | Rate: 0.10/s | ETA: 21.7m
  Progress: 6/140 | Rate: 0.08/s | ETA: 28.5m
  Progress: 7/140 | Rate: 0.09/s | ETA: 25.8m
  Progress: 8/140 | Rate: 0.09/s | ETA: 24.7m
  Progress: 9/140 | Rate: 0.09/s | ETA: 24.0m
  Progress: 10/140 | Rate: 0.09/s | ETA: 22.9m
  Progress: 11/140 | Rate: 0.08/s | ETA: 25.3m
  Progress: 12/140 | Rate: 0.08/s | ETA: 25.8m
  Progress: 13/140 | Rate: 0.08/s | ETA: 25.7m
  Progress: 14/140 | Rate: 0.08/s | ETA: 27.2m
  Progress: 15/140 | Rate: 0.08/s | ETA: 27.5m
  Progress: 16/140 | Rate: 0.07/s | ETA: 29.0m
  Progress: 17/140 | Rate: 0.07/s | ETA: 29.7m
  Progress: 18/140 | Rate: 0.07/s | ETA: 28.7m
  Progress: 19/140 | Rate: 0.07/s | ETA: 30.0m
  Progress: 20/140 | Rate: 0.07/s | ETA: 30.5m
  Progress: 21/140 | Rate: 0.07/s | ETA: 30.1m
  Progress: 22/140 | Rate: 0.07/s | ETA: 29.6m
  Progress: 23/140 | Rate: 0.06/s | ETA: 31.8m
  Progress: 24/140 | Rate: 0.06/s | ETA: 31.6m
  Progress: 25/140 | Rate: 0.06/s | ETA: 31.3m
  Progress: 26/140 | Rate: 0.06/s | ETA: 30.3m
  Progress: 27/140 | Rate: 0.06/s | ETA: 31.1m
  Progress: 28/140 | Rate: 0.06/s | ETA: 31.0m
  Progress: 29/140 | Rate: 0.06/s | ETA: 30.7m
  Progress: 30/140 | Rate: 0.06/s | ETA: 30.7m
  Progress: 31/140 | Rate: 0.06/s | ETA: 31.0m
  Progress: 32/140 | Rate: 0.06/s | ETA: 31.0m
  Progress: 33/140 | Rate: 0.06/s | ETA: 30.3m
  Progress: 34/140 | Rate: 0.06/s | ETA: 30.2m
  Progress: 35/140 | Rate: 0.06/s | ETA: 29.8m
  Progress: 36/140 | Rate: 0.06/s | ETA: 30.0m
  Progress: 37/140 | Rate: 0.06/s | ETA: 30.2m
  Progress: 38/140 | Rate: 0.06/s | ETA: 30.0m
  Progress: 39/140 | Rate: 0.06/s | ETA: 29.5m
  Progress: 40/140 | Rate: 0.06/s | ETA: 30.1m
  Progress: 41/140 | Rate: 0.05/s | ETA: 30.1m
  Progress: 42/140 | Rate: 0.05/s | ETA: 29.7m
  Progress: 43/140 | Rate: 0.05/s | ETA: 30.2m
  Progress: 44/140 | Rate: 0.05/s | ETA: 29.7m
  Progress: 45/140 | Rate: 0.05/s | ETA: 29.3m
  Progress: 46/140 | Rate: 0.05/s | ETA: 28.9m
  Progress: 47/140 | Rate: 0.05/s | ETA: 28.6m
  Progress: 48/140 | Rate: 0.05/s | ETA: 28.4m
  Progress: 49/140 | Rate: 0.05/s | ETA: 28.0m
  Progress: 50/140 | Rate: 0.05/s | ETA: 27.6m
  Progress: 51/140 | Rate: 0.05/s | ETA: 27.1m
  Progress: 52/140 | Rate: 0.06/s | ETA: 26.6m
  Progress: 53/140 | Rate: 0.06/s | ETA: 26.3m
  Progress: 54/140 | Rate: 0.06/s | ETA: 25.8m
  Progress: 55/140 | Rate: 0.06/s | ETA: 25.5m
  Progress: 56/140 | Rate: 0.06/s | ETA: 25.2m
  Progress: 57/140 | Rate: 0.06/s | ETA: 24.6m
  Progress: 58/140 | Rate: 0.06/s | ETA: 24.3m
  Progress: 59/140 | Rate: 0.06/s | ETA: 24.1m
  Progress: 60/140 | Rate: 0.06/s | ETA: 23.6m
  Progress: 61/140 | Rate: 0.06/s | ETA: 23.2m
  Progress: 62/140 | Rate: 0.06/s | ETA: 22.7m
  Progress: 63/140 | Rate: 0.06/s | ETA: 22.2m
  Progress: 64/140 | Rate: 0.06/s | ETA: 21.8m
  Progress: 65/140 | Rate: 0.06/s | ETA: 21.4m
  Progress: 66/140 | Rate: 0.06/s | ETA: 21.3m
  Progress: 67/140 | Rate: 0.06/s | ETA: 21.1m
  Progress: 68/140 | Rate: 0.06/s | ETA: 20.8m
  Progress: 69/140 | Rate: 0.06/s | ETA: 20.3m
  Progress: 70/140 | Rate: 0.06/s | ETA: 19.9m
  Progress: 71/140 | Rate: 0.06/s | ETA: 19.5m
  Progress: 72/140 | Rate: 0.06/s | ETA: 19.2m
  Progress: 73/140 | Rate: 0.06/s | ETA: 18.8m
  Progress: 74/140 | Rate: 0.06/s | ETA: 18.5m
  Progress: 75/140 | Rate: 0.06/s | ETA: 18.1m
  Progress: 76/140 | Rate: 0.06/s | ETA: 17.7m
  Progress: 77/140 | Rate: 0.06/s | ETA: 17.5m
  Progress: 78/140 | Rate: 0.06/s | ETA: 17.1m
  Progress: 79/140 | Rate: 0.06/s | ETA: 16.9m
  Progress: 80/140 | Rate: 0.06/s | ETA: 16.6m
  Progress: 81/140 | Rate: 0.06/s | ETA: 16.3m
  Progress: 82/140 | Rate: 0.06/s | ETA: 16.0m
  Progress: 83/140 | Rate: 0.06/s | ETA: 15.7m
  Progress: 84/140 | Rate: 0.06/s | ETA: 15.4m
  Progress: 85/140 | Rate: 0.06/s | ETA: 15.1m
  Progress: 86/140 | Rate: 0.06/s | ETA: 14.9m
  Progress: 87/140 | Rate: 0.06/s | ETA: 14.6m
  Progress: 88/140 | Rate: 0.06/s | ETA: 14.3m
  Progress: 89/140 | Rate: 0.06/s | ETA: 14.0m
  Progress: 90/140 | Rate: 0.06/s | ETA: 13.7m
  Progress: 91/140 | Rate: 0.06/s | ETA: 13.4m
  Progress: 92/140 | Rate: 0.06/s | ETA: 13.2m
  Progress: 93/140 | Rate: 0.06/s | ETA: 12.9m
  Progress: 94/140 | Rate: 0.06/s | ETA: 12.7m
  Progress: 95/140 | Rate: 0.06/s | ETA: 12.4m
  Progress: 96/140 | Rate: 0.06/s | ETA: 12.0m
  Progress: 97/140 | Rate: 0.06/s | ETA: 11.7m
  Progress: 98/140 | Rate: 0.06/s | ETA: 11.5m
  Progress: 99/140 | Rate: 0.06/s | ETA: 11.1m
  Progress: 100/140 | Rate: 0.06/s | ETA: 10.8m
  Progress: 101/140 | Rate: 0.06/s | ETA: 10.6m
  Progress: 102/140 | Rate: 0.06/s | ETA: 10.2m
  Progress: 103/140 | Rate: 0.06/s | ETA: 10.0m
  Progress: 104/140 | Rate: 0.06/s | ETA: 9.8m
  Progress: 105/140 | Rate: 0.06/s | ETA: 9.4m
  Progress: 106/140 | Rate: 0.06/s | ETA: 9.1m
  Progress: 107/140 | Rate: 0.06/s | ETA: 8.9m
  Progress: 108/140 | Rate: 0.06/s | ETA: 8.6m
  Progress: 109/140 | Rate: 0.06/s | ETA: 8.3m
  Progress: 110/140 | Rate: 0.06/s | ETA: 8.0m
  Progress: 111/140 | Rate: 0.06/s | ETA: 7.7m
  Progress: 112/140 | Rate: 0.06/s | ETA: 7.4m
  Progress: 113/140 | Rate: 0.06/s | ETA: 7.2m
  Progress: 114/140 | Rate: 0.06/s | ETA: 7.0m
  Progress: 115/140 | Rate: 0.06/s | ETA: 6.7m
  Progress: 116/140 | Rate: 0.06/s | ETA: 6.4m
  Progress: 117/140 | Rate: 0.06/s | ETA: 6.2m
  Progress: 118/140 | Rate: 0.06/s | ETA: 5.9m
  Progress: 119/140 | Rate: 0.06/s | ETA: 5.7m
  Progress: 120/140 | Rate: 0.06/s | ETA: 5.4m
  Progress: 121/140 | Rate: 0.06/s | ETA: 5.1m
  Progress: 122/140 | Rate: 0.06/s | ETA: 4.9m
  Progress: 123/140 | Rate: 0.06/s | ETA: 4.6m
  Progress: 124/140 | Rate: 0.06/s | ETA: 4.3m
  Progress: 125/140 | Rate: 0.06/s | ETA: 4.0m
  Progress: 126/140 | Rate: 0.06/s | ETA: 3.7m
  Progress: 127/140 | Rate: 0.06/s | ETA: 3.5m
  Progress: 128/140 | Rate: 0.06/s | ETA: 3.2m
  Progress: 129/140 | Rate: 0.06/s | ETA: 2.9m
  Progress: 130/140 | Rate: 0.06/s | ETA: 2.6m
  Progress: 131/140 | Rate: 0.06/s | ETA: 2.4m
  Progress: 132/140 | Rate: 0.06/s | ETA: 2.1m
  Progress: 133/140 | Rate: 0.06/s | ETA: 1.8m
  Progress: 134/140 | Rate: 0.06/s | ETA: 1.6m
  Progress: 135/140 | Rate: 0.06/s | ETA: 1.3m
  Progress: 136/140 | Rate: 0.06/s | ETA: 1.0m
  Progress: 137/140 | Rate: 0.06/s | ETA: 0.8m
  Progress: 138/140 | Rate: 0.06/s | ETA: 0.5m
  Progress: 139/140 | Rate: 0.06/s | ETA: 0.3m
  Progress: 140/140 | Rate: 0.06/s | ETA: 0.0m

✔ Done. 140 evaluations in 2194.7s (0.06/s)
>>> llama3_70b_clarification_first_sample1_responses.jsonl  13:14:45Z

============================================================
  Judge:  kimi (moonshotai/kimi-k2-thinking-maas)
  Input:  runs/run_20260521/responses/llama3_70b_clarification_first_sample1_responses.jsonl
  Output: /home/satvik/Documents/CIKM/runs/run_20260521/evaluations/kimi_evaluations_llama3_70b_clarification_first_sample1.jsonl
============================================================
  Remaining: 140 rows
  Progress: 1/140 | Rate: 0.20/s | ETA: 11.3m
  Progress: 2/140 | Rate: 0.09/s | ETA: 26.6m
  Progress: 3/140 | Rate: 0.10/s | ETA: 22.5m
  Progress: 4/140 | Rate: 0.10/s | ETA: 22.3m
  Progress: 5/140 | Rate: 0.10/s | ETA: 22.6m
  Progress: 6/140 | Rate: 0.09/s | ETA: 26.0m
  Progress: 7/140 | Rate: 0.09/s | ETA: 23.8m
  Progress: 8/140 | Rate: 0.10/s | ETA: 22.3m
  Progress: 9/140 | Rate: 0.10/s | ETA: 21.1m
  Progress: 10/140 | Rate: 0.10/s | ETA: 20.9m
  Progress: 11/140 | Rate: 0.10/s | ETA: 21.4m
  Progress: 12/140 | Rate: 0.10/s | ETA: 21.0m
  Progress: 13/140 | Rate: 0.10/s | ETA: 21.5m
  Progress: 14/140 | Rate: 0.10/s | ETA: 21.2m
  Progress: 15/140 | Rate: 0.10/s | ETA: 20.6m
  Progress: 16/140 | Rate: 0.09/s | ETA: 21.8m
  Progress: 17/140 | Rate: 0.09/s | ETA: 23.9m
  Progress: 18/140 | Rate: 0.09/s | ETA: 23.4m
  Progress: 19/140 | Rate: 0.09/s | ETA: 22.6m
  Progress: 20/140 | Rate: 0.09/s | ETA: 23.2m
  Progress: 21/140 | Rate: 0.08/s | ETA: 24.8m
  Progress: 22/140 | Rate: 0.08/s | ETA: 24.8m
  Progress: 23/140 | Rate: 0.08/s | ETA: 25.3m
  Progress: 24/140 | Rate: 0.08/s | ETA: 24.7m
  Progress: 25/140 | Rate: 0.08/s | ETA: 25.1m
  Progress: 26/140 | Rate: 0.08/s | ETA: 24.8m
  Progress: 27/140 | Rate: 0.08/s | ETA: 24.4m
  Progress: 28/140 | Rate: 0.08/s | ETA: 24.6m
  Progress: 29/140 | Rate: 0.08/s | ETA: 24.4m
  Progress: 30/140 | Rate: 0.07/s | ETA: 24.9m
  Progress: 31/140 | Rate: 0.07/s | ETA: 24.8m
  Progress: 32/140 | Rate: 0.07/s | ETA: 24.9m
  Progress: 33/140 | Rate: 0.07/s | ETA: 24.5m
  Progress: 34/140 | Rate: 0.07/s | ETA: 24.7m
  Progress: 35/140 | Rate: 0.07/s | ETA: 24.5m
  Progress: 36/140 | Rate: 0.07/s | ETA: 23.9m
  Progress: 37/140 | Rate: 0.07/s | ETA: 24.0m
  Progress: 38/140 | Rate: 0.07/s | ETA: 23.5m
  Progress: 39/140 | Rate: 0.07/s | ETA: 23.4m
  Progress: 40/140 | Rate: 0.07/s | ETA: 23.2m
  Progress: 41/140 | Rate: 0.07/s | ETA: 23.1m
  Progress: 42/140 | Rate: 0.07/s | ETA: 23.3m
  Progress: 43/140 | Rate: 0.07/s | ETA: 23.3m
  Progress: 44/140 | Rate: 0.07/s | ETA: 23.0m
  Progress: 45/140 | Rate: 0.07/s | ETA: 22.9m
  Progress: 46/140 | Rate: 0.07/s | ETA: 23.1m
  Progress: 47/140 | Rate: 0.07/s | ETA: 23.0m
  Progress: 48/140 | Rate: 0.07/s | ETA: 22.7m
  Progress: 49/140 | Rate: 0.07/s | ETA: 22.7m
  Progress: 50/140 | Rate: 0.06/s | ETA: 23.6m
  Progress: 51/140 | Rate: 0.06/s | ETA: 23.3m
  Progress: 52/140 | Rate: 0.06/s | ETA: 22.9m
  Progress: 53/140 | Rate: 0.06/s | ETA: 22.4m
  Progress: 54/140 | Rate: 0.07/s | ETA: 21.9m
  Progress: 55/140 | Rate: 0.07/s | ETA: 21.6m
  Progress: 56/140 | Rate: 0.07/s | ETA: 21.5m
  Progress: 57/140 | Rate: 0.06/s | ETA: 21.3m
  [cat6_orig_008] [Attempt 1] HTTP 429: [{
  "error": {
    "code": 429,
    "message": "Resource exhausted. Please try again later. Please refer to https://clo — waiting 60s
  Progress: 58/140 | Rate: 0.06/s | ETA: 22.5m
  Progress: 59/140 | Rate: 0.06/s | ETA: 22.4m
  Progress: 60/140 | Rate: 0.06/s | ETA: 22.0m
  Progress: 61/140 | Rate: 0.06/s | ETA: 21.6m
  Progress: 62/140 | Rate: 0.06/s | ETA: 21.2m
  [Parse error] Expecting value: line 1 column 1 (char 0) — snippet: 
  [cat7_orig_003] [Attempt 1] Parse failed — retrying
  Progress: 63/140 | Rate: 0.06/s | ETA: 22.1m
  Progress: 64/140 | Rate: 0.06/s | ETA: 21.7m
  Progress: 65/140 | Rate: 0.06/s | ETA: 21.6m
  Progress: 66/140 | Rate: 0.06/s | ETA: 21.2m
  Progress: 67/140 | Rate: 0.06/s | ETA: 20.8m
  Progress: 68/140 | Rate: 0.06/s | ETA: 20.8m
  Progress: 69/140 | Rate: 0.06/s | ETA: 20.4m
  Progress: 70/140 | Rate: 0.06/s | ETA: 20.0m
  Progress: 71/140 | Rate: 0.06/s | ETA: 19.7m
  Progress: 72/140 | Rate: 0.06/s | ETA: 19.2m
  Progress: 73/140 | Rate: 0.06/s | ETA: 18.9m
  Progress: 74/140 | Rate: 0.06/s | ETA: 18.6m
  Progress: 75/140 | Rate: 0.06/s | ETA: 18.5m
  Progress: 76/140 | Rate: 0.06/s | ETA: 18.2m
  Progress: 77/140 | Rate: 0.06/s | ETA: 17.8m
  Progress: 78/140 | Rate: 0.06/s | ETA: 17.5m
  Progress: 79/140 | Rate: 0.06/s | ETA: 17.1m
  Progress: 80/140 | Rate: 0.06/s | ETA: 16.8m
  Progress: 81/140 | Rate: 0.06/s | ETA: 16.6m
  Progress: 82/140 | Rate: 0.06/s | ETA: 16.4m
  Progress: 83/140 | Rate: 0.06/s | ETA: 16.1m
  Progress: 84/140 | Rate: 0.06/s | ETA: 15.9m
  Progress: 85/140 | Rate: 0.06/s | ETA: 15.7m
  Progress: 86/140 | Rate: 0.06/s | ETA: 15.4m
  Progress: 87/140 | Rate: 0.06/s | ETA: 15.1m
  [cat2_real_003] [Attempt 1] HTTP 429: [{
  "error": {
    "code": 429,
    "message": "Resource exhausted. Please try again later. Please refer to https://clo — waiting 60s
  Progress: 88/140 | Rate: 0.06/s | ETA: 15.4m
  Progress: 89/140 | Rate: 0.06/s | ETA: 15.1m
  Progress: 90/140 | Rate: 0.06/s | ETA: 15.0m
  Progress: 91/140 | Rate: 0.06/s | ETA: 14.7m
  Progress: 92/140 | Rate: 0.06/s | ETA: 14.3m
  Progress: 93/140 | Rate: 0.06/s | ETA: 14.0m
  Progress: 94/140 | Rate: 0.06/s | ETA: 13.7m
  Progress: 95/140 | Rate: 0.06/s | ETA: 13.4m
  Progress: 96/140 | Rate: 0.06/s | ETA: 13.1m
  Progress: 97/140 | Rate: 0.06/s | ETA: 12.9m
  Progress: 98/140 | Rate: 0.06/s | ETA: 12.5m
  Progress: 99/140 | Rate: 0.06/s | ETA: 12.1m
  Progress: 100/140 | Rate: 0.06/s | ETA: 11.8m
  Progress: 101/140 | Rate: 0.06/s | ETA: 11.5m
  Progress: 102/140 | Rate: 0.06/s | ETA: 11.2m
  Progress: 103/140 | Rate: 0.06/s | ETA: 11.0m
  Progress: 104/140 | Rate: 0.06/s | ETA: 10.7m
  Progress: 105/140 | Rate: 0.06/s | ETA: 10.4m
  Progress: 106/140 | Rate: 0.06/s | ETA: 10.0m
  Progress: 107/140 | Rate: 0.06/s | ETA: 9.7m
  Progress: 108/140 | Rate: 0.06/s | ETA: 9.4m
  Progress: 109/140 | Rate: 0.06/s | ETA: 9.0m
  Progress: 110/140 | Rate: 0.06/s | ETA: 8.7m
  Progress: 111/140 | Rate: 0.06/s | ETA: 8.5m
  Progress: 112/140 | Rate: 0.06/s | ETA: 8.2m
  Progress: 113/140 | Rate: 0.06/s | ETA: 7.9m
  Progress: 114/140 | Rate: 0.06/s | ETA: 7.6m
  Progress: 115/140 | Rate: 0.06/s | ETA: 7.4m
  Progress: 116/140 | Rate: 0.06/s | ETA: 7.1m
  Progress: 117/140 | Rate: 0.06/s | ETA: 6.7m
  Progress: 118/140 | Rate: 0.06/s | ETA: 6.4m
  Progress: 119/140 | Rate: 0.06/s | ETA: 6.2m
  Progress: 120/140 | Rate: 0.06/s | ETA: 5.9m
  Progress: 121/140 | Rate: 0.06/s | ETA: 5.6m
  Progress: 122/140 | Rate: 0.06/s | ETA: 5.3m
  Progress: 123/140 | Rate: 0.06/s | ETA: 5.0m
  Progress: 124/140 | Rate: 0.06/s | ETA: 4.8m
  Progress: 125/140 | Rate: 0.06/s | ETA: 4.5m
  Progress: 126/140 | Rate: 0.06/s | ETA: 4.2m
  Progress: 127/140 | Rate: 0.06/s | ETA: 3.9m
  Progress: 128/140 | Rate: 0.06/s | ETA: 3.6m
  Progress: 129/140 | Rate: 0.06/s | ETA: 3.3m
  Progress: 130/140 | Rate: 0.06/s | ETA: 3.0m
  Progress: 131/140 | Rate: 0.06/s | ETA: 2.6m
  Progress: 132/140 | Rate: 0.06/s | ETA: 2.3m
  Progress: 133/140 | Rate: 0.06/s | ETA: 2.1m
  Progress: 134/140 | Rate: 0.06/s | ETA: 1.7m
  Progress: 135/140 | Rate: 0.06/s | ETA: 1.5m
  Progress: 136/140 | Rate: 0.06/s | ETA: 1.2m
  Progress: 137/140 | Rate: 0.06/s | ETA: 0.9m
  Progress: 138/140 | Rate: 0.06/s | ETA: 0.6m
  Progress: 139/140 | Rate: 0.06/s | ETA: 0.3m
  Progress: 140/140 | Rate: 0.06/s | ETA: 0.0m

✔ Done. 140 evaluations in 2419.9s (0.06/s)
>>> llama3_70b_clarification_first_sample2_responses.jsonl  13:55:05Z

============================================================
  Judge:  kimi (moonshotai/kimi-k2-thinking-maas)
  Input:  runs/run_20260521/responses/llama3_70b_clarification_first_sample2_responses.jsonl
  Output: /home/satvik/Documents/CIKM/runs/run_20260521/evaluations/kimi_evaluations_llama3_70b_clarification_first_sample2.jsonl
============================================================
  Remaining: 140 rows
  Progress: 1/140 | Rate: 0.19/s | ETA: 12.3m
  Progress: 2/140 | Rate: 0.15/s | ETA: 15.5m
  Progress: 3/140 | Rate: 0.16/s | ETA: 14.4m
  Progress: 4/140 | Rate: 0.11/s | ETA: 20.5m
  Progress: 5/140 | Rate: 0.11/s | ETA: 20.9m
  Progress: 6/140 | Rate: 0.11/s | ETA: 19.6m
  Progress: 7/140 | Rate: 0.11/s | ETA: 19.7m
  Progress: 8/140 | Rate: 0.11/s | ETA: 19.4m
  Progress: 9/140 | Rate: 0.11/s | ETA: 19.5m
  Progress: 10/140 | Rate: 0.11/s | ETA: 19.1m
  Progress: 11/140 | Rate: 0.10/s | ETA: 22.5m
  Progress: 12/140 | Rate: 0.10/s | ETA: 21.9m
  Progress: 13/140 | Rate: 0.09/s | ETA: 24.4m
  Progress: 14/140 | Rate: 0.08/s | ETA: 25.1m
  Progress: 15/140 | Rate: 0.08/s | ETA: 25.7m
  Progress: 16/140 | Rate: 0.08/s | ETA: 27.5m
  Progress: 17/140 | Rate: 0.07/s | ETA: 28.1m
  Progress: 18/140 | Rate: 0.07/s | ETA: 27.4m
  Progress: 19/140 | Rate: 0.08/s | ETA: 26.8m
  Progress: 20/140 | Rate: 0.07/s | ETA: 27.0m
  Progress: 21/140 | Rate: 0.07/s | ETA: 27.1m
  Progress: 22/140 | Rate: 0.07/s | ETA: 27.2m
  Progress: 23/140 | Rate: 0.07/s | ETA: 27.1m
  Progress: 24/140 | Rate: 0.07/s | ETA: 26.3m
  Progress: 25/140 | Rate: 0.07/s | ETA: 26.3m
  Progress: 26/140 | Rate: 0.07/s | ETA: 25.8m
  Progress: 27/140 | Rate: 0.07/s | ETA: 25.5m
  Progress: 28/140 | Rate: 0.08/s | ETA: 24.8m
  Progress: 29/140 | Rate: 0.07/s | ETA: 24.8m
  Progress: 30/140 | Rate: 0.08/s | ETA: 24.1m
  Progress: 31/140 | Rate: 0.08/s | ETA: 24.1m
  Progress: 32/140 | Rate: 0.07/s | ETA: 24.0m
  Progress: 33/140 | Rate: 0.08/s | ETA: 23.7m
  Progress: 34/140 | Rate: 0.08/s | ETA: 23.4m
  Progress: 35/140 | Rate: 0.08/s | ETA: 22.7m
  Progress: 36/140 | Rate: 0.08/s | ETA: 22.0m
  Progress: 37/140 | Rate: 0.08/s | ETA: 22.1m
  Progress: 38/140 | Rate: 0.08/s | ETA: 22.5m
  Progress: 39/140 | Rate: 0.08/s | ETA: 22.1m
  Progress: 40/140 | Rate: 0.08/s | ETA: 22.2m
  Progress: 41/140 | Rate: 0.08/s | ETA: 21.8m
  Progress: 42/140 | Rate: 0.08/s | ETA: 21.5m
  Progress: 43/140 | Rate: 0.07/s | ETA: 21.6m
  Progress: 44/140 | Rate: 0.07/s | ETA: 21.5m
  Progress: 45/140 | Rate: 0.07/s | ETA: 21.3m
  Progress: 46/140 | Rate: 0.07/s | ETA: 22.0m
  Progress: 47/140 | Rate: 0.07/s | ETA: 21.9m
  Progress: 48/140 | Rate: 0.07/s | ETA: 21.8m
  Progress: 49/140 | Rate: 0.07/s | ETA: 21.7m
  Progress: 50/140 | Rate: 0.07/s | ETA: 21.7m
  Progress: 51/140 | Rate: 0.07/s | ETA: 21.4m
  Progress: 52/140 | Rate: 0.07/s | ETA: 21.2m
  Progress: 53/140 | Rate: 0.07/s | ETA: 21.3m
  Progress: 54/140 | Rate: 0.07/s | ETA: 21.0m
  Progress: 55/140 | Rate: 0.07/s | ETA: 20.8m
  Progress: 56/140 | Rate: 0.07/s | ETA: 20.6m
  Progress: 57/140 | Rate: 0.07/s | ETA: 20.4m
  Progress: 58/140 | Rate: 0.07/s | ETA: 20.0m
  Progress: 59/140 | Rate: 0.07/s | ETA: 20.1m
  Progress: 60/140 | Rate: 0.07/s | ETA: 19.8m
  Progress: 61/140 | Rate: 0.07/s | ETA: 19.4m
  Progress: 62/140 | Rate: 0.07/s | ETA: 18.9m
  Progress: 63/140 | Rate: 0.07/s | ETA: 18.6m
  Progress: 64/140 | Rate: 0.07/s | ETA: 18.3m
  Progress: 65/140 | Rate: 0.07/s | ETA: 18.0m
  Progress: 66/140 | Rate: 0.07/s | ETA: 17.6m
  Progress: 67/140 | Rate: 0.07/s | ETA: 17.4m
  Progress: 68/140 | Rate: 0.07/s | ETA: 17.0m
  Progress: 69/140 | Rate: 0.07/s | ETA: 16.8m
  Progress: 70/140 | Rate: 0.07/s | ETA: 16.5m
  Progress: 71/140 | Rate: 0.07/s | ETA: 16.2m
  Progress: 72/140 | Rate: 0.07/s | ETA: 16.2m
  Progress: 73/140 | Rate: 0.07/s | ETA: 15.9m
  Progress: 74/140 | Rate: 0.07/s | ETA: 15.6m
  Progress: 75/140 | Rate: 0.07/s | ETA: 15.4m
  Progress: 76/140 | Rate: 0.07/s | ETA: 15.1m
  Progress: 77/140 | Rate: 0.07/s | ETA: 14.8m
  Progress: 78/140 | Rate: 0.07/s | ETA: 14.5m
  Progress: 79/140 | Rate: 0.07/s | ETA: 14.2m
  Progress: 80/140 | Rate: 0.07/s | ETA: 13.9m
  Progress: 81/140 | Rate: 0.07/s | ETA: 13.7m
  Progress: 82/140 | Rate: 0.07/s | ETA: 13.4m
  Progress: 83/140 | Rate: 0.07/s | ETA: 13.3m
  Progress: 84/140 | Rate: 0.07/s | ETA: 13.0m
  Progress: 85/140 | Rate: 0.07/s | ETA: 12.7m
  [cat2_real_001] [Attempt 1] HTTP 429: [{
  "error": {
    "code": 429,
    "message": "Resource exhausted. Please try again later. Please refer to https://clo — waiting 60s
  Progress: 86/140 | Rate: 0.07/s | ETA: 13.1m
  Progress: 87/140 | Rate: 0.07/s | ETA: 12.9m
  Progress: 88/140 | Rate: 0.07/s | ETA: 12.6m
  Progress: 89/140 | Rate: 0.07/s | ETA: 12.3m
  Progress: 90/140 | Rate: 0.07/s | ETA: 12.2m
  Progress: 91/140 | Rate: 0.07/s | ETA: 11.9m
  Progress: 92/140 | Rate: 0.07/s | ETA: 11.6m
  Progress: 93/140 | Rate: 0.07/s | ETA: 11.3m
  Progress: 94/140 | Rate: 0.07/s | ETA: 11.1m
  Progress: 95/140 | Rate: 0.07/s | ETA: 10.9m
  Progress: 96/140 | Rate: 0.07/s | ETA: 10.6m
  Progress: 97/140 | Rate: 0.07/s | ETA: 10.4m
  Progress: 98/140 | Rate: 0.07/s | ETA: 10.2m
  Progress: 99/140 | Rate: 0.07/s | ETA: 9.9m
  Progress: 100/140 | Rate: 0.07/s | ETA: 9.6m
  Progress: 101/140 | Rate: 0.07/s | ETA: 9.4m
  Progress: 102/140 | Rate: 0.07/s | ETA: 9.1m
  Progress: 103/140 | Rate: 0.07/s | ETA: 9.0m
  Progress: 104/140 | Rate: 0.07/s | ETA: 8.8m
  Progress: 105/140 | Rate: 0.07/s | ETA: 8.5m
  Progress: 106/140 | Rate: 0.07/s | ETA: 8.3m
  Progress: 107/140 | Rate: 0.07/s | ETA: 8.1m
  Progress: 108/140 | Rate: 0.07/s | ETA: 7.9m
  Progress: 109/140 | Rate: 0.07/s | ETA: 7.6m
  Progress: 110/140 | Rate: 0.07/s | ETA: 7.3m
  Progress: 111/140 | Rate: 0.07/s | ETA: 7.1m
  Progress: 112/140 | Rate: 0.07/s | ETA: 6.9m
  Progress: 113/140 | Rate: 0.07/s | ETA: 6.7m
  Progress: 114/140 | Rate: 0.07/s | ETA: 6.5m
  Progress: 115/140 | Rate: 0.07/s | ETA: 6.2m
  Progress: 116/140 | Rate: 0.07/s | ETA: 6.0m
  Progress: 117/140 | Rate: 0.07/s | ETA: 5.7m
  Progress: 118/140 | Rate: 0.07/s | ETA: 5.5m
  Progress: 119/140 | Rate: 0.07/s | ETA: 5.3m
  [cat5_real_005] [Attempt 1] HTTP 429: [{
  "error": {
    "code": 429,
    "message": "Resource exhausted. Please try again later. Please refer to https://clo — waiting 60s
  Progress: 120/140 | Rate: 0.06/s | ETA: 5.2m
  Progress: 121/140 | Rate: 0.06/s | ETA: 5.0m
  Progress: 122/140 | Rate: 0.06/s | ETA: 4.7m
  Progress: 123/140 | Rate: 0.06/s | ETA: 4.4m
  Progress: 124/140 | Rate: 0.06/s | ETA: 4.2m
  Progress: 125/140 | Rate: 0.06/s | ETA: 3.9m
  Progress: 126/140 | Rate: 0.06/s | ETA: 3.6m
  Progress: 127/140 | Rate: 0.06/s | ETA: 3.4m
  Progress: 128/140 | Rate: 0.06/s | ETA: 3.1m
  Progress: 129/140 | Rate: 0.06/s | ETA: 2.8m
  Progress: 130/140 | Rate: 0.06/s | ETA: 2.6m
  Progress: 131/140 | Rate: 0.06/s | ETA: 2.3m
  Progress: 132/140 | Rate: 0.07/s | ETA: 2.0m
  Progress: 133/140 | Rate: 0.07/s | ETA: 1.8m
  Progress: 134/140 | Rate: 0.07/s | ETA: 1.5m
  Progress: 135/140 | Rate: 0.07/s | ETA: 1.3m
  Progress: 136/140 | Rate: 0.07/s | ETA: 1.0m
  Progress: 137/140 | Rate: 0.07/s | ETA: 0.8m
  Progress: 138/140 | Rate: 0.07/s | ETA: 0.5m
  Progress: 139/140 | Rate: 0.07/s | ETA: 0.3m
  Progress: 140/140 | Rate: 0.07/s | ETA: 0.0m

✔ Done. 140 evaluations in 2121.9s (0.07/s)
>>> llama3_70b_neutrality_oriented_sample0_responses.jsonl  14:30:32Z

============================================================
  Judge:  kimi (moonshotai/kimi-k2-thinking-maas)
  Input:  runs/run_20260521/responses/llama3_70b_neutrality_oriented_sample0_responses.jsonl
  Output: /home/satvik/Documents/CIKM/runs/run_20260521/evaluations/kimi_evaluations_llama3_70b_neutrality_oriented_sample0.jsonl
============================================================
  Remaining: 140 rows
  Progress: 1/140 | Rate: 0.09/s | ETA: 27.0m
  Progress: 2/140 | Rate: 0.07/s | ETA: 32.1m
  Progress: 3/140 | Rate: 0.08/s | ETA: 29.5m
  Progress: 4/140 | Rate: 0.08/s | ETA: 29.4m
  Progress: 5/140 | Rate: 0.08/s | ETA: 28.4m
  Progress: 6/140 | Rate: 0.08/s | ETA: 27.1m
  Progress: 7/140 | Rate: 0.08/s | ETA: 27.6m
  Progress: 8/140 | Rate: 0.08/s | ETA: 28.4m
  Progress: 9/140 | Rate: 0.08/s | ETA: 27.4m
  Progress: 10/140 | Rate: 0.08/s | ETA: 27.0m
  Progress: 11/140 | Rate: 0.08/s | ETA: 27.5m
  Progress: 12/140 | Rate: 0.08/s | ETA: 27.4m
  Progress: 13/140 | Rate: 0.08/s | ETA: 26.8m
  Progress: 14/140 | Rate: 0.08/s | ETA: 27.4m
  Progress: 15/140 | Rate: 0.07/s | ETA: 27.9m
  Progress: 16/140 | Rate: 0.07/s | ETA: 29.5m
  Progress: 17/140 | Rate: 0.07/s | ETA: 31.1m
  Progress: 18/140 | Rate: 0.07/s | ETA: 30.8m
  Progress: 19/140 | Rate: 0.07/s | ETA: 29.8m
  Progress: 20/140 | Rate: 0.07/s | ETA: 30.5m
  Progress: 21/140 | Rate: 0.06/s | ETA: 31.8m
  Progress: 22/140 | Rate: 0.06/s | ETA: 31.5m
  Progress: 23/140 | Rate: 0.06/s | ETA: 30.7m
  Progress: 24/140 | Rate: 0.06/s | ETA: 30.7m
  Progress: 25/140 | Rate: 0.06/s | ETA: 30.0m
  Progress: 26/140 | Rate: 0.06/s | ETA: 30.9m
  Progress: 27/140 | Rate: 0.06/s | ETA: 30.3m
  Progress: 28/140 | Rate: 0.06/s | ETA: 30.0m
  Progress: 29/140 | Rate: 0.06/s | ETA: 29.9m
  Progress: 30/140 | Rate: 0.06/s | ETA: 29.3m
  Progress: 31/140 | Rate: 0.06/s | ETA: 28.7m
  Progress: 32/140 | Rate: 0.06/s | ETA: 28.2m
  Progress: 33/140 | Rate: 0.06/s | ETA: 27.7m
  Progress: 34/140 | Rate: 0.06/s | ETA: 27.5m
  Progress: 35/140 | Rate: 0.06/s | ETA: 27.2m
  Progress: 36/140 | Rate: 0.06/s | ETA: 27.0m
  Progress: 37/140 | Rate: 0.06/s | ETA: 26.6m
  Progress: 38/140 | Rate: 0.06/s | ETA: 26.8m
  Progress: 39/140 | Rate: 0.06/s | ETA: 26.4m
  Progress: 40/140 | Rate: 0.06/s | ETA: 25.9m
  Progress: 41/140 | Rate: 0.07/s | ETA: 25.4m
  Progress: 42/140 | Rate: 0.07/s | ETA: 24.9m
  Progress: 43/140 | Rate: 0.07/s | ETA: 24.6m
  Progress: 44/140 | Rate: 0.07/s | ETA: 24.2m
  Progress: 45/140 | Rate: 0.07/s | ETA: 24.1m
  Progress: 46/140 | Rate: 0.07/s | ETA: 23.5m
  Progress: 47/140 | Rate: 0.07/s | ETA: 23.1m
  Progress: 48/140 | Rate: 0.07/s | ETA: 22.7m
  Progress: 49/140 | Rate: 0.07/s | ETA: 22.3m
  Progress: 50/140 | Rate: 0.07/s | ETA: 22.0m
  Progress: 51/140 | Rate: 0.07/s | ETA: 21.7m
  Progress: 52/140 | Rate: 0.07/s | ETA: 21.4m
  Progress: 53/140 | Rate: 0.07/s | ETA: 21.0m
  Progress: 54/140 | Rate: 0.07/s | ETA: 20.6m
  Progress: 55/140 | Rate: 0.07/s | ETA: 20.3m
  Progress: 56/140 | Rate: 0.07/s | ETA: 19.9m
  Progress: 57/140 | Rate: 0.07/s | ETA: 19.6m
  Progress: 58/140 | Rate: 0.07/s | ETA: 19.4m
  Progress: 59/140 | Rate: 0.07/s | ETA: 19.2m
  Progress: 60/140 | Rate: 0.07/s | ETA: 18.8m
  Progress: 61/140 | Rate: 0.07/s | ETA: 18.6m
  Progress: 62/140 | Rate: 0.07/s | ETA: 18.4m
  Progress: 63/140 | Rate: 0.07/s | ETA: 18.5m
  Progress: 64/140 | Rate: 0.07/s | ETA: 18.1m
  Progress: 65/140 | Rate: 0.07/s | ETA: 17.7m
  Progress: 66/140 | Rate: 0.07/s | ETA: 17.4m
  Progress: 67/140 | Rate: 0.07/s | ETA: 17.1m
  Progress: 68/140 | Rate: 0.07/s | ETA: 16.8m
  Progress: 69/140 | Rate: 0.07/s | ETA: 16.5m
  Progress: 70/140 | Rate: 0.07/s | ETA: 16.3m
  Progress: 71/140 | Rate: 0.07/s | ETA: 16.0m
  Progress: 72/140 | Rate: 0.07/s | ETA: 15.8m
  Progress: 73/140 | Rate: 0.07/s | ETA: 15.5m
  Progress: 74/140 | Rate: 0.07/s | ETA: 15.3m
  Progress: 75/140 | Rate: 0.07/s | ETA: 15.1m
  Progress: 76/140 | Rate: 0.07/s | ETA: 14.8m
  Progress: 77/140 | Rate: 0.07/s | ETA: 14.5m
  Progress: 78/140 | Rate: 0.07/s | ETA: 14.3m
  Progress: 79/140 | Rate: 0.07/s | ETA: 14.0m
  Progress: 80/140 | Rate: 0.07/s | ETA: 13.7m
  Progress: 81/140 | Rate: 0.07/s | ETA: 13.4m
  Progress: 82/140 | Rate: 0.07/s | ETA: 13.2m
  Progress: 83/140 | Rate: 0.07/s | ETA: 12.9m
  Progress: 84/140 | Rate: 0.07/s | ETA: 12.7m
  Progress: 85/140 | Rate: 0.07/s | ETA: 12.5m
  Progress: 86/140 | Rate: 0.07/s | ETA: 12.3m
  Progress: 87/140 | Rate: 0.07/s | ETA: 12.0m
  [cat2_real_003] [Attempt 1] HTTP 429: [{
  "error": {
    "code": 429,
    "message": "Resource exhausted. Please try again later. Please refer to https://clo — waiting 60s
  Progress: 88/140 | Rate: 0.07/s | ETA: 12.4m
  Progress: 89/140 | Rate: 0.07/s | ETA: 12.1m
  Progress: 90/140 | Rate: 0.07/s | ETA: 11.8m
  Progress: 91/140 | Rate: 0.07/s | ETA: 11.5m
  Progress: 92/140 | Rate: 0.07/s | ETA: 11.3m
  Progress: 93/140 | Rate: 0.07/s | ETA: 11.0m
  Progress: 94/140 | Rate: 0.07/s | ETA: 10.8m
  Progress: 95/140 | Rate: 0.07/s | ETA: 10.6m
  Progress: 96/140 | Rate: 0.07/s | ETA: 10.3m
  Progress: 97/140 | Rate: 0.07/s | ETA: 10.1m
  Progress: 98/140 | Rate: 0.07/s | ETA: 9.8m
  Progress: 99/140 | Rate: 0.07/s | ETA: 9.5m
  Progress: 100/140 | Rate: 0.07/s | ETA: 9.3m
  Progress: 101/140 | Rate: 0.07/s | ETA: 9.0m
  Progress: 102/140 | Rate: 0.07/s | ETA: 8.8m
  Progress: 103/140 | Rate: 0.07/s | ETA: 8.6m
  Progress: 104/140 | Rate: 0.07/s | ETA: 8.3m
  Progress: 105/140 | Rate: 0.07/s | ETA: 8.1m
  Progress: 106/140 | Rate: 0.07/s | ETA: 7.9m
  Progress: 107/140 | Rate: 0.07/s | ETA: 7.6m
  [cat4_real_003] [Attempt 1] HTTP 429: [{
  "error": {
    "code": 429,
    "message": "Resource exhausted. Please try again later. Please refer to https://clo — waiting 60s
  Progress: 108/140 | Rate: 0.07/s | ETA: 7.7m
  Progress: 109/140 | Rate: 0.07/s | ETA: 7.4m
  Progress: 110/140 | Rate: 0.07/s | ETA: 7.2m
  Progress: 111/140 | Rate: 0.07/s | ETA: 6.9m
  Progress: 112/140 | Rate: 0.07/s | ETA: 6.6m
  Progress: 113/140 | Rate: 0.07/s | ETA: 6.4m
  Progress: 114/140 | Rate: 0.07/s | ETA: 6.1m
  Progress: 115/140 | Rate: 0.07/s | ETA: 5.8m
  Progress: 116/140 | Rate: 0.07/s | ETA: 5.6m
  Progress: 117/140 | Rate: 0.07/s | ETA: 5.3m
  Progress: 118/140 | Rate: 0.07/s | ETA: 5.1m
  Progress: 119/140 | Rate: 0.07/s | ETA: 4.9m
  Progress: 120/140 | Rate: 0.07/s | ETA: 4.7m
  Progress: 121/140 | Rate: 0.07/s | ETA: 4.4m
  Progress: 122/140 | Rate: 0.07/s | ETA: 4.2m
  Progress: 123/140 | Rate: 0.07/s | ETA: 3.9m
  Progress: 124/140 | Rate: 0.07/s | ETA: 3.7m
  Progress: 125/140 | Rate: 0.07/s | ETA: 3.5m
  Progress: 126/140 | Rate: 0.07/s | ETA: 3.2m
  Progress: 127/140 | Rate: 0.07/s | ETA: 3.0m
  Progress: 128/140 | Rate: 0.07/s | ETA: 2.8m
  Progress: 129/140 | Rate: 0.07/s | ETA: 2.5m
  Progress: 130/140 | Rate: 0.07/s | ETA: 2.3m
  Progress: 131/140 | Rate: 0.07/s | ETA: 2.1m
  Progress: 132/140 | Rate: 0.07/s | ETA: 1.9m
  Progress: 133/140 | Rate: 0.07/s | ETA: 1.6m
  Progress: 134/140 | Rate: 0.07/s | ETA: 1.4m
  Progress: 135/140 | Rate: 0.07/s | ETA: 1.2m
  Progress: 136/140 | Rate: 0.07/s | ETA: 0.9m
  Progress: 137/140 | Rate: 0.07/s | ETA: 0.7m
  Progress: 138/140 | Rate: 0.07/s | ETA: 0.5m
  Progress: 139/140 | Rate: 0.07/s | ETA: 0.2m
  Progress: 140/140 | Rate: 0.07/s | ETA: 0.0m

✔ Done. 140 evaluations in 1992.4s (0.07/s)
>>> llama3_70b_neutrality_oriented_sample1_responses.jsonl  15:03:46Z

============================================================
  Judge:  kimi (moonshotai/kimi-k2-thinking-maas)
  Input:  runs/run_20260521/responses/llama3_70b_neutrality_oriented_sample1_responses.jsonl
  Output: /home/satvik/Documents/CIKM/runs/run_20260521/evaluations/kimi_evaluations_llama3_70b_neutrality_oriented_sample1.jsonl
============================================================
  Remaining: 140 rows
  Progress: 1/140 | Rate: 0.07/s | ETA: 32.1m
  Progress: 2/140 | Rate: 0.08/s | ETA: 29.4m
  Progress: 3/140 | Rate: 0.07/s | ETA: 31.6m
  Progress: 4/140 | Rate: 0.07/s | ETA: 32.5m
  Progress: 5/140 | Rate: 0.06/s | ETA: 34.9m
  Progress: 6/140 | Rate: 0.06/s | ETA: 38.9m
  Progress: 7/140 | Rate: 0.06/s | ETA: 36.9m
  Progress: 8/140 | Rate: 0.06/s | ETA: 35.7m
  Progress: 9/140 | Rate: 0.06/s | ETA: 35.5m
  Progress: 10/140 | Rate: 0.05/s | ETA: 39.6m
  Progress: 11/140 | Rate: 0.06/s | ETA: 37.9m
  Progress: 12/140 | Rate: 0.06/s | ETA: 37.5m
  Progress: 13/140 | Rate: 0.06/s | ETA: 35.9m
  Progress: 14/140 | Rate: 0.06/s | ETA: 34.9m
  Progress: 15/140 | Rate: 0.06/s | ETA: 33.6m
  Progress: 16/140 | Rate: 0.06/s | ETA: 31.9m
  Progress: 17/140 | Rate: 0.07/s | ETA: 30.3m
  Progress: 18/140 | Rate: 0.07/s | ETA: 28.9m
  Progress: 19/140 | Rate: 0.07/s | ETA: 27.9m
  Progress: 20/140 | Rate: 0.07/s | ETA: 27.2m
  Progress: 21/140 | Rate: 0.07/s | ETA: 27.2m
  Progress: 22/140 | Rate: 0.07/s | ETA: 28.7m
  Progress: 23/140 | Rate: 0.07/s | ETA: 28.3m
  Progress: 24/140 | Rate: 0.07/s | ETA: 28.9m
  Progress: 25/140 | Rate: 0.07/s | ETA: 28.8m
  Progress: 26/140 | Rate: 0.07/s | ETA: 28.4m
  Progress: 27/140 | Rate: 0.07/s | ETA: 27.7m
  Progress: 28/140 | Rate: 0.07/s | ETA: 27.2m
  Progress: 29/140 | Rate: 0.07/s | ETA: 26.8m
  Progress: 30/140 | Rate: 0.07/s | ETA: 26.6m
  Progress: 31/140 | Rate: 0.07/s | ETA: 26.5m
  Progress: 32/140 | Rate: 0.07/s | ETA: 26.0m
  Progress: 33/140 | Rate: 0.07/s | ETA: 25.4m
  Progress: 34/140 | Rate: 0.07/s | ETA: 25.5m
  Progress: 35/140 | Rate: 0.07/s | ETA: 25.1m
  Progress: 36/140 | Rate: 0.07/s | ETA: 24.5m
  Progress: 37/140 | Rate: 0.07/s | ETA: 23.9m
  Progress: 38/140 | Rate: 0.07/s | ETA: 23.5m
  Progress: 39/140 | Rate: 0.07/s | ETA: 23.1m
  Progress: 40/140 | Rate: 0.07/s | ETA: 23.7m
  Progress: 41/140 | Rate: 0.07/s | ETA: 23.7m
  Progress: 42/140 | Rate: 0.07/s | ETA: 23.4m
  Progress: 43/140 | Rate: 0.07/s | ETA: 23.6m
  Progress: 44/140 | Rate: 0.07/s | ETA: 23.1m
  Progress: 45/140 | Rate: 0.07/s | ETA: 22.8m
  Progress: 46/140 | Rate: 0.07/s | ETA: 22.4m
  Progress: 47/140 | Rate: 0.07/s | ETA: 22.2m
  Progress: 48/140 | Rate: 0.07/s | ETA: 21.8m
  Progress: 49/140 | Rate: 0.07/s | ETA: 21.6m
  Progress: 50/140 | Rate: 0.07/s | ETA: 21.5m
  Progress: 51/140 | Rate: 0.07/s | ETA: 21.1m
  Progress: 52/140 | Rate: 0.07/s | ETA: 21.1m
  Progress: 53/140 | Rate: 0.07/s | ETA: 20.7m
  Progress: 54/140 | Rate: 0.07/s | ETA: 20.3m
  Progress: 55/140 | Rate: 0.07/s | ETA: 20.1m
  Progress: 56/140 | Rate: 0.07/s | ETA: 20.1m
  Progress: 57/140 | Rate: 0.07/s | ETA: 20.6m
  Progress: 58/140 | Rate: 0.07/s | ETA: 20.2m
  Progress: 59/140 | Rate: 0.07/s | ETA: 19.9m
  Progress: 60/140 | Rate: 0.07/s | ETA: 19.9m
  Progress: 61/140 | Rate: 0.07/s | ETA: 19.7m
  Progress: 62/140 | Rate: 0.07/s | ETA: 19.6m
  Progress: 63/140 | Rate: 0.07/s | ETA: 19.2m
  Progress: 64/140 | Rate: 0.07/s | ETA: 19.1m
  Progress: 65/140 | Rate: 0.07/s | ETA: 18.6m
  Progress: 66/140 | Rate: 0.07/s | ETA: 18.4m
  Progress: 67/140 | Rate: 0.07/s | ETA: 18.1m
  Progress: 68/140 | Rate: 0.07/s | ETA: 17.8m
  Progress: 69/140 | Rate: 0.07/s | ETA: 17.5m
  Progress: 70/140 | Rate: 0.07/s | ETA: 17.2m
  [cat1_adapted_001] [Attempt 1] HTTP 429: [{
  "error": {
    "code": 429,
    "message": "Resource exhausted. Please try again later. Please refer to https://clo — waiting 60s
  Progress: 71/140 | Rate: 0.06/s | ETA: 17.8m
  Progress: 72/140 | Rate: 0.06/s | ETA: 17.5m
  Progress: 73/140 | Rate: 0.06/s | ETA: 17.2m
  Progress: 74/140 | Rate: 0.07/s | ETA: 16.9m
  Progress: 75/140 | Rate: 0.06/s | ETA: 16.8m
  Progress: 76/140 | Rate: 0.07/s | ETA: 16.4m
  Progress: 77/140 | Rate: 0.07/s | ETA: 16.1m
  Progress: 78/140 | Rate: 0.07/s | ETA: 15.9m
  Progress: 79/140 | Rate: 0.07/s | ETA: 15.6m
  Progress: 80/140 | Rate: 0.06/s | ETA: 15.4m
  Progress: 81/140 | Rate: 0.06/s | ETA: 15.2m
  Progress: 82/140 | Rate: 0.07/s | ETA: 14.8m
  Progress: 83/140 | Rate: 0.06/s | ETA: 14.6m
  Progress: 84/140 | Rate: 0.06/s | ETA: 14.4m
  Progress: 85/140 | Rate: 0.06/s | ETA: 14.3m
  Progress: 86/140 | Rate: 0.06/s | ETA: 14.0m
  Progress: 87/140 | Rate: 0.06/s | ETA: 13.7m
  Progress: 88/140 | Rate: 0.06/s | ETA: 13.6m
  Progress: 89/140 | Rate: 0.06/s | ETA: 13.4m
  Progress: 90/140 | Rate: 0.06/s | ETA: 13.3m
  Progress: 91/140 | Rate: 0.06/s | ETA: 13.0m
  Progress: 92/140 | Rate: 0.06/s | ETA: 12.7m
  Progress: 93/140 | Rate: 0.06/s | ETA: 12.4m
  Progress: 94/140 | Rate: 0.06/s | ETA: 12.0m
  Progress: 95/140 | Rate: 0.06/s | ETA: 11.8m
  Progress: 96/140 | Rate: 0.06/s | ETA: 11.6m
  Progress: 97/140 | Rate: 0.06/s | ETA: 11.3m
  Progress: 98/140 | Rate: 0.06/s | ETA: 11.1m
  Progress: 99/140 | Rate: 0.06/s | ETA: 10.9m
  Progress: 100/140 | Rate: 0.06/s | ETA: 10.6m
  Progress: 101/140 | Rate: 0.06/s | ETA: 10.3m
  Progress: 102/140 | Rate: 0.06/s | ETA: 10.0m
  Progress: 103/140 | Rate: 0.06/s | ETA: 9.7m
  Progress: 104/140 | Rate: 0.06/s | ETA: 9.5m
  Progress: 105/140 | Rate: 0.06/s | ETA: 9.3m
  Progress: 106/140 | Rate: 0.06/s | ETA: 9.0m
  Progress: 107/140 | Rate: 0.06/s | ETA: 8.8m
  Progress: 108/140 | Rate: 0.06/s | ETA: 8.5m
  Progress: 109/140 | Rate: 0.06/s | ETA: 8.3m
  Progress: 110/140 | Rate: 0.06/s | ETA: 8.0m
  Progress: 111/140 | Rate: 0.06/s | ETA: 7.7m
  Progress: 112/140 | Rate: 0.06/s | ETA: 7.4m
  Progress: 113/140 | Rate: 0.06/s | ETA: 7.2m
  Progress: 114/140 | Rate: 0.06/s | ETA: 6.9m
  Progress: 115/140 | Rate: 0.06/s | ETA: 6.6m
  Progress: 116/140 | Rate: 0.06/s | ETA: 6.4m
  Progress: 117/140 | Rate: 0.06/s | ETA: 6.1m
  Progress: 118/140 | Rate: 0.06/s | ETA: 5.8m
  Progress: 119/140 | Rate: 0.06/s | ETA: 5.6m
  Progress: 120/140 | Rate: 0.06/s | ETA: 5.3m
  Progress: 121/140 | Rate: 0.06/s | ETA: 5.0m
  Progress: 122/140 | Rate: 0.06/s | ETA: 4.7m
  Progress: 123/140 | Rate: 0.06/s | ETA: 4.5m
  Progress: 124/140 | Rate: 0.06/s | ETA: 4.2m
  Progress: 125/140 | Rate: 0.06/s | ETA: 4.0m
  Progress: 126/140 | Rate: 0.06/s | ETA: 3.7m
  Progress: 127/140 | Rate: 0.06/s | ETA: 3.4m
  Progress: 128/140 | Rate: 0.06/s | ETA: 3.2m
  Progress: 129/140 | Rate: 0.06/s | ETA: 2.9m
  Progress: 130/140 | Rate: 0.06/s | ETA: 2.7m
  Progress: 131/140 | Rate: 0.06/s | ETA: 2.4m
  Progress: 132/140 | Rate: 0.06/s | ETA: 2.1m
  Progress: 133/140 | Rate: 0.06/s | ETA: 1.9m
  Progress: 134/140 | Rate: 0.06/s | ETA: 1.6m
  Progress: 135/140 | Rate: 0.06/s | ETA: 1.3m
  Progress: 136/140 | Rate: 0.06/s | ETA: 1.1m
  Progress: 137/140 | Rate: 0.06/s | ETA: 0.8m
  Progress: 138/140 | Rate: 0.06/s | ETA: 0.5m
  Progress: 139/140 | Rate: 0.06/s | ETA: 0.3m
  Progress: 140/140 | Rate: 0.06/s | ETA: 0.0m

✔ Done. 140 evaluations in 2212.4s (0.06/s)
>>> llama3_70b_neutrality_oriented_sample2_responses.jsonl  15:40:39Z

============================================================
  Judge:  kimi (moonshotai/kimi-k2-thinking-maas)
  Input:  runs/run_20260521/responses/llama3_70b_neutrality_oriented_sample2_responses.jsonl
  Output: /home/satvik/Documents/CIKM/runs/run_20260521/evaluations/kimi_evaluations_llama3_70b_neutrality_oriented_sample2.jsonl
============================================================
  Remaining: 140 rows
  Progress: 1/140 | Rate: 0.07/s | ETA: 35.5m
  Progress: 2/140 | Rate: 0.07/s | ETA: 32.9m
  Progress: 3/140 | Rate: 0.05/s | ETA: 43.7m
  Progress: 4/140 | Rate: 0.06/s | ETA: 38.0m
  Progress: 5/140 | Rate: 0.06/s | ETA: 37.1m
  Progress: 6/140 | Rate: 0.06/s | ETA: 36.9m
  Progress: 7/140 | Rate: 0.06/s | ETA: 36.6m
  Progress: 8/140 | Rate: 0.06/s | ETA: 37.2m
  Progress: 9/140 | Rate: 0.06/s | ETA: 36.2m
  Progress: 10/140 | Rate: 0.06/s | ETA: 34.2m
  [cat2_orig_001] [Attempt 1] HTTP 429: [{
  "error": {
    "code": 429,
    "message": "Resource exhausted. Please try again later. Please refer to https://clo — waiting 60s
  Progress: 11/140 | Rate: 0.04/s | ETA: 48.7m
  Progress: 12/140 | Rate: 0.05/s | ETA: 46.8m
  Progress: 13/140 | Rate: 0.05/s | ETA: 45.4m
  Progress: 14/140 | Rate: 0.05/s | ETA: 44.3m
  Progress: 15/140 | Rate: 0.05/s | ETA: 42.8m
  Progress: 16/140 | Rate: 0.05/s | ETA: 41.3m
  Progress: 17/140 | Rate: 0.05/s | ETA: 40.4m
  Progress: 18/140 | Rate: 0.05/s | ETA: 39.2m
  Progress: 19/140 | Rate: 0.05/s | ETA: 38.1m
  Progress: 20/140 | Rate: 0.05/s | ETA: 37.0m
  Progress: 21/140 | Rate: 0.05/s | ETA: 36.4m
  Progress: 22/140 | Rate: 0.05/s | ETA: 35.8m
  Progress: 23/140 | Rate: 0.06/s | ETA: 35.1m
  Progress: 24/140 | Rate: 0.06/s | ETA: 34.4m
  Progress: 25/140 | Rate: 0.06/s | ETA: 33.5m
  Progress: 26/140 | Rate: 0.06/s | ETA: 32.8m
  Progress: 27/140 | Rate: 0.06/s | ETA: 32.0m
  Progress: 28/140 | Rate: 0.06/s | ETA: 31.5m
  Progress: 29/140 | Rate: 0.06/s | ETA: 30.7m
  Progress: 30/140 | Rate: 0.06/s | ETA: 30.0m
  Progress: 31/140 | Rate: 0.06/s | ETA: 29.3m
  Progress: 32/140 | Rate: 0.06/s | ETA: 28.9m
  Progress: 33/140 | Rate: 0.06/s | ETA: 28.4m
  Progress: 34/140 | Rate: 0.06/s | ETA: 27.7m
  Progress: 35/140 | Rate: 0.06/s | ETA: 27.5m
  Progress: 36/140 | Rate: 0.06/s | ETA: 27.4m
  Progress: 37/140 | Rate: 0.06/s | ETA: 26.7m
  Progress: 38/140 | Rate: 0.06/s | ETA: 26.2m
  Progress: 39/140 | Rate: 0.06/s | ETA: 25.9m
  Progress: 40/140 | Rate: 0.06/s | ETA: 25.7m
  Progress: 41/140 | Rate: 0.06/s | ETA: 25.7m
  Progress: 42/140 | Rate: 0.06/s | ETA: 25.5m
  Progress: 43/140 | Rate: 0.06/s | ETA: 25.1m
  Progress: 44/140 | Rate: 0.06/s | ETA: 24.9m
  Progress: 45/140 | Rate: 0.06/s | ETA: 24.6m
  Progress: 46/140 | Rate: 0.06/s | ETA: 24.3m
  Progress: 47/140 | Rate: 0.06/s | ETA: 24.1m
  Progress: 48/140 | Rate: 0.06/s | ETA: 23.8m
  Progress: 49/140 | Rate: 0.06/s | ETA: 23.6m
  Progress: 50/140 | Rate: 0.06/s | ETA: 23.3m
  Progress: 51/140 | Rate: 0.06/s | ETA: 23.1m
  Progress: 52/140 | Rate: 0.06/s | ETA: 22.9m
  Progress: 53/140 | Rate: 0.06/s | ETA: 22.8m
  Progress: 54/140 | Rate: 0.06/s | ETA: 22.6m
  Progress: 55/140 | Rate: 0.06/s | ETA: 22.2m
  Progress: 56/140 | Rate: 0.06/s | ETA: 22.0m
  Progress: 57/140 | Rate: 0.06/s | ETA: 21.6m
  Progress: 58/140 | Rate: 0.06/s | ETA: 21.4m
  Progress: 59/140 | Rate: 0.06/s | ETA: 21.1m
  Progress: 60/140 | Rate: 0.06/s | ETA: 21.1m
  Progress: 61/140 | Rate: 0.06/s | ETA: 20.9m
  Progress: 62/140 | Rate: 0.06/s | ETA: 20.7m
  Progress: 63/140 | Rate: 0.06/s | ETA: 20.3m
  Progress: 64/140 | Rate: 0.06/s | ETA: 20.0m
  Progress: 65/140 | Rate: 0.06/s | ETA: 19.6m
  Progress: 66/140 | Rate: 0.06/s | ETA: 19.2m
  Progress: 67/140 | Rate: 0.06/s | ETA: 19.1m
  Progress: 68/140 | Rate: 0.06/s | ETA: 18.8m
  Progress: 69/140 | Rate: 0.06/s | ETA: 18.7m
  Progress: 70/140 | Rate: 0.06/s | ETA: 18.4m
  Progress: 71/140 | Rate: 0.06/s | ETA: 18.1m
  Progress: 72/140 | Rate: 0.06/s | ETA: 17.7m
  Progress: 73/140 | Rate: 0.06/s | ETA: 17.5m
  Progress: 74/140 | Rate: 0.06/s | ETA: 17.2m
  Progress: 75/140 | Rate: 0.06/s | ETA: 17.0m
  Progress: 76/140 | Rate: 0.06/s | ETA: 16.9m
  Progress: 77/140 | Rate: 0.06/s | ETA: 16.6m
  Progress: 78/140 | Rate: 0.06/s | ETA: 16.3m
  Progress: 79/140 | Rate: 0.06/s | ETA: 16.0m
  Progress: 80/140 | Rate: 0.06/s | ETA: 15.7m
  Progress: 81/140 | Rate: 0.06/s | ETA: 15.5m
  Progress: 82/140 | Rate: 0.06/s | ETA: 15.1m
  Progress: 83/140 | Rate: 0.06/s | ETA: 14.9m
  Progress: 84/140 | Rate: 0.06/s | ETA: 14.6m
  Progress: 85/140 | Rate: 0.06/s | ETA: 14.5m
  Progress: 86/140 | Rate: 0.06/s | ETA: 14.3m
  Progress: 87/140 | Rate: 0.06/s | ETA: 14.1m
  Progress: 88/140 | Rate: 0.06/s | ETA: 13.8m
  Progress: 89/140 | Rate: 0.06/s | ETA: 13.7m
  Progress: 90/140 | Rate: 0.06/s | ETA: 13.4m
  Progress: 91/140 | Rate: 0.06/s | ETA: 13.3m
  Progress: 92/140 | Rate: 0.06/s | ETA: 13.0m
  Progress: 93/140 | Rate: 0.06/s | ETA: 12.8m
  Progress: 94/140 | Rate: 0.06/s | ETA: 12.5m
  Progress: 95/140 | Rate: 0.06/s | ETA: 12.2m
  Progress: 96/140 | Rate: 0.06/s | ETA: 11.8m
  Progress: 97/140 | Rate: 0.06/s | ETA: 11.5m
  Progress: 98/140 | Rate: 0.06/s | ETA: 11.2m
  Progress: 99/140 | Rate: 0.06/s | ETA: 10.9m
  Progress: 100/140 | Rate: 0.06/s | ETA: 10.5m
  Progress: 101/140 | Rate: 0.06/s | ETA: 10.3m
  Progress: 102/140 | Rate: 0.06/s | ETA: 10.1m
  Progress: 103/140 | Rate: 0.06/s | ETA: 9.8m
  Progress: 104/140 | Rate: 0.06/s | ETA: 9.5m
  Progress: 105/140 | Rate: 0.06/s | ETA: 9.2m
  Progress: 106/140 | Rate: 0.06/s | ETA: 8.9m
  Progress: 107/140 | Rate: 0.06/s | ETA: 8.7m
  Progress: 108/140 | Rate: 0.06/s | ETA: 8.4m
  Progress: 109/140 | Rate: 0.06/s | ETA: 8.1m
  Progress: 110/140 | Rate: 0.06/s | ETA: 7.8m
  Progress: 111/140 | Rate: 0.06/s | ETA: 7.6m
  Progress: 112/140 | Rate: 0.06/s | ETA: 7.3m
  Progress: 113/140 | Rate: 0.06/s | ETA: 7.0m
  Progress: 114/140 | Rate: 0.06/s | ETA: 6.8m
  Progress: 115/140 | Rate: 0.06/s | ETA: 6.5m
  Progress: 116/140 | Rate: 0.06/s | ETA: 6.2m
  Progress: 117/140 | Rate: 0.06/s | ETA: 6.0m
  Progress: 118/140 | Rate: 0.06/s | ETA: 5.7m
  Progress: 119/140 | Rate: 0.06/s | ETA: 5.5m
  Progress: 120/140 | Rate: 0.06/s | ETA: 5.2m
  Progress: 121/140 | Rate: 0.06/s | ETA: 5.0m
  Progress: 122/140 | Rate: 0.06/s | ETA: 4.7m
  Progress: 123/140 | Rate: 0.06/s | ETA: 4.4m
  Progress: 124/140 | Rate: 0.06/s | ETA: 4.2m
  Progress: 125/140 | Rate: 0.06/s | ETA: 3.9m
  Progress: 126/140 | Rate: 0.06/s | ETA: 3.6m
  Progress: 127/140 | Rate: 0.06/s | ETA: 3.4m
  Progress: 128/140 | Rate: 0.06/s | ETA: 3.1m
  Progress: 129/140 | Rate: 0.06/s | ETA: 2.9m
  Progress: 130/140 | Rate: 0.06/s | ETA: 2.6m
  Progress: 131/140 | Rate: 0.06/s | ETA: 2.3m
  Progress: 132/140 | Rate: 0.06/s | ETA: 2.1m
  Progress: 133/140 | Rate: 0.06/s | ETA: 1.8m
  Progress: 134/140 | Rate: 0.06/s | ETA: 1.6m
  Progress: 135/140 | Rate: 0.06/s | ETA: 1.3m
  Progress: 136/140 | Rate: 0.06/s | ETA: 1.0m
  Progress: 137/140 | Rate: 0.06/s | ETA: 0.8m
  Progress: 138/140 | Rate: 0.06/s | ETA: 0.5m
  Progress: 139/140 | Rate: 0.06/s | ETA: 0.3m
  Progress: 140/140 | Rate: 0.06/s | ETA: 0.0m

✔ Done. 140 evaluations in 2169.4s (0.06/s)
>>> llama3_70b_utility_first_sample0_responses.jsonl  16:16:59Z

============================================================
  Judge:  kimi (moonshotai/kimi-k2-thinking-maas)
  Input:  runs/run_20260521/responses/llama3_70b_utility_first_sample0_responses.jsonl
  Output: /home/satvik/Documents/CIKM/runs/run_20260521/evaluations/kimi_evaluations_llama3_70b_utility_first_sample0.jsonl
============================================================
  Remaining: 140 rows
  Progress: 1/140 | Rate: 0.05/s | ETA: 42.3m
  Progress: 2/140 | Rate: 0.07/s | ETA: 34.5m
  Progress: 3/140 | Rate: 0.04/s | ETA: 53.3m
  Progress: 4/140 | Rate: 0.04/s | ETA: 55.8m
  Progress: 5/140 | Rate: 0.04/s | ETA: 53.3m
  Progress: 6/140 | Rate: 0.05/s | ETA: 47.3m
  Progress: 7/140 | Rate: 0.05/s | ETA: 43.4m
  Progress: 8/140 | Rate: 0.05/s | ETA: 41.2m
  Progress: 9/140 | Rate: 0.06/s | ETA: 39.4m
  Progress: 10/140 | Rate: 0.06/s | ETA: 38.4m
  Progress: 11/140 | Rate: 0.06/s | ETA: 38.3m
  Progress: 12/140 | Rate: 0.06/s | ETA: 38.2m
  Progress: 13/140 | Rate: 0.06/s | ETA: 38.2m
  Progress: 14/140 | Rate: 0.06/s | ETA: 37.2m
  Progress: 15/140 | Rate: 0.05/s | ETA: 38.1m
  Progress: 16/140 | Rate: 0.05/s | ETA: 37.8m
  Progress: 17/140 | Rate: 0.06/s | ETA: 37.0m
  Progress: 18/140 | Rate: 0.05/s | ETA: 37.7m
  Progress: 19/140 | Rate: 0.05/s | ETA: 37.1m
  Progress: 20/140 | Rate: 0.05/s | ETA: 36.4m
  Progress: 21/140 | Rate: 0.05/s | ETA: 37.7m
  Progress: 22/140 | Rate: 0.05/s | ETA: 36.9m
  Progress: 23/140 | Rate: 0.05/s | ETA: 35.9m
  Progress: 24/140 | Rate: 0.05/s | ETA: 35.2m
  Progress: 25/140 | Rate: 0.06/s | ETA: 34.4m
  Progress: 26/140 | Rate: 0.06/s | ETA: 33.7m
  Progress: 27/140 | Rate: 0.06/s | ETA: 33.2m
  Progress: 28/140 | Rate: 0.06/s | ETA: 33.3m
  Progress: 29/140 | Rate: 0.06/s | ETA: 32.5m
  Progress: 30/140 | Rate: 0.06/s | ETA: 31.7m
  Progress: 31/140 | Rate: 0.06/s | ETA: 30.9m
  Progress: 32/140 | Rate: 0.06/s | ETA: 30.4m
  Progress: 33/140 | Rate: 0.06/s | ETA: 29.8m
  Progress: 34/140 | Rate: 0.06/s | ETA: 29.3m
  Progress: 35/140 | Rate: 0.06/s | ETA: 29.0m
  Progress: 36/140 | Rate: 0.06/s | ETA: 28.6m
  Progress: 37/140 | Rate: 0.06/s | ETA: 28.1m
  Progress: 38/140 | Rate: 0.06/s | ETA: 27.5m
  Progress: 39/140 | Rate: 0.06/s | ETA: 27.2m
  Progress: 40/140 | Rate: 0.06/s | ETA: 26.9m
  Progress: 41/140 | Rate: 0.06/s | ETA: 26.4m
  Progress: 42/140 | Rate: 0.06/s | ETA: 26.1m
  Progress: 43/140 | Rate: 0.06/s | ETA: 25.6m
  Progress: 44/140 | Rate: 0.06/s | ETA: 25.2m
  Progress: 45/140 | Rate: 0.06/s | ETA: 25.2m
  Progress: 46/140 | Rate: 0.06/s | ETA: 24.9m
  Progress: 47/140 | Rate: 0.06/s | ETA: 24.6m
  Progress: 48/140 | Rate: 0.06/s | ETA: 25.0m
  Progress: 49/140 | Rate: 0.06/s | ETA: 24.6m
  Progress: 50/140 | Rate: 0.06/s | ETA: 24.6m
  Progress: 51/140 | Rate: 0.06/s | ETA: 24.1m
  Progress: 52/140 | Rate: 0.06/s | ETA: 23.6m
  Progress: 53/140 | Rate: 0.06/s | ETA: 23.5m
  Progress: 54/140 | Rate: 0.06/s | ETA: 23.2m
  Progress: 55/140 | Rate: 0.06/s | ETA: 22.9m
  Progress: 56/140 | Rate: 0.06/s | ETA: 22.7m
  Progress: 57/140 | Rate: 0.06/s | ETA: 22.5m
  Progress: 58/140 | Rate: 0.06/s | ETA: 22.1m
  Progress: 59/140 | Rate: 0.06/s | ETA: 21.9m
  Progress: 60/140 | Rate: 0.06/s | ETA: 21.6m
  Progress: 61/140 | Rate: 0.06/s | ETA: 21.4m
  Progress: 62/140 | Rate: 0.06/s | ETA: 21.0m
  Progress: 63/140 | Rate: 0.06/s | ETA: 20.6m
  Progress: 64/140 | Rate: 0.06/s | ETA: 20.5m
  Progress: 65/140 | Rate: 0.06/s | ETA: 20.0m
  Progress: 66/140 | Rate: 0.06/s | ETA: 19.8m
  Progress: 67/140 | Rate: 0.06/s | ETA: 19.6m
  Progress: 68/140 | Rate: 0.06/s | ETA: 19.2m
  Progress: 69/140 | Rate: 0.06/s | ETA: 18.8m
  Progress: 70/140 | Rate: 0.06/s | ETA: 18.5m
  Progress: 71/140 | Rate: 0.06/s | ETA: 18.3m
  Progress: 72/140 | Rate: 0.06/s | ETA: 18.0m
  Progress: 73/140 | Rate: 0.06/s | ETA: 17.7m
  Progress: 74/140 | Rate: 0.06/s | ETA: 17.5m
  Progress: 75/140 | Rate: 0.06/s | ETA: 17.3m
  Progress: 76/140 | Rate: 0.06/s | ETA: 16.9m
  Progress: 77/140 | Rate: 0.06/s | ETA: 16.6m
  Progress: 78/140 | Rate: 0.06/s | ETA: 16.2m
  Progress: 79/140 | Rate: 0.06/s | ETA: 16.0m
  Progress: 80/140 | Rate: 0.06/s | ETA: 15.7m
  Progress: 81/140 | Rate: 0.06/s | ETA: 15.4m
  Progress: 82/140 | Rate: 0.06/s | ETA: 15.1m
  Progress: 83/140 | Rate: 0.06/s | ETA: 14.8m
  Progress: 84/140 | Rate: 0.06/s | ETA: 14.5m
  Progress: 85/140 | Rate: 0.06/s | ETA: 14.1m
  Progress: 86/140 | Rate: 0.06/s | ETA: 13.9m
  Progress: 87/140 | Rate: 0.06/s | ETA: 13.7m
  Progress: 88/140 | Rate: 0.07/s | ETA: 13.3m
  Progress: 89/140 | Rate: 0.07/s | ETA: 13.0m
  Progress: 90/140 | Rate: 0.07/s | ETA: 12.8m
  Progress: 91/140 | Rate: 0.07/s | ETA: 12.5m
  Progress: 92/140 | Rate: 0.07/s | ETA: 12.3m
  Progress: 93/140 | Rate: 0.06/s | ETA: 12.1m
  Progress: 94/140 | Rate: 0.06/s | ETA: 11.8m
  Progress: 95/140 | Rate: 0.06/s | ETA: 11.6m
  Progress: 96/140 | Rate: 0.07/s | ETA: 11.3m
  Progress: 97/140 | Rate: 0.07/s | ETA: 11.0m
  Progress: 98/140 | Rate: 0.07/s | ETA: 10.7m
  Progress: 99/140 | Rate: 0.07/s | ETA: 10.5m
  Progress: 100/140 | Rate: 0.07/s | ETA: 10.2m
  Progress: 101/140 | Rate: 0.07/s | ETA: 9.9m
  Progress: 102/140 | Rate: 0.07/s | ETA: 9.7m
  Progress: 103/140 | Rate: 0.07/s | ETA: 9.4m
  Progress: 104/140 | Rate: 0.07/s | ETA: 9.2m
  Progress: 105/140 | Rate: 0.07/s | ETA: 8.9m
  Progress: 106/140 | Rate: 0.07/s | ETA: 8.6m
  Progress: 107/140 | Rate: 0.07/s | ETA: 8.3m
  Progress: 108/140 | Rate: 0.07/s | ETA: 8.1m
  Progress: 109/140 | Rate: 0.07/s | ETA: 7.8m
  Progress: 110/140 | Rate: 0.07/s | ETA: 7.6m
  Progress: 111/140 | Rate: 0.07/s | ETA: 7.3m
  Progress: 112/140 | Rate: 0.07/s | ETA: 7.0m
  Progress: 113/140 | Rate: 0.07/s | ETA: 6.8m
  Progress: 114/140 | Rate: 0.07/s | ETA: 6.5m
  Progress: 115/140 | Rate: 0.07/s | ETA: 6.2m
  Progress: 116/140 | Rate: 0.07/s | ETA: 6.0m
  Progress: 117/140 | Rate: 0.07/s | ETA: 5.7m
  Progress: 118/140 | Rate: 0.07/s | ETA: 5.5m
  Progress: 119/140 | Rate: 0.07/s | ETA: 5.2m
  Progress: 120/140 | Rate: 0.07/s | ETA: 5.0m
  Progress: 121/140 | Rate: 0.07/s | ETA: 4.7m
  Progress: 122/140 | Rate: 0.07/s | ETA: 4.4m
  Progress: 123/140 | Rate: 0.07/s | ETA: 4.2m
  Progress: 124/140 | Rate: 0.07/s | ETA: 3.9m
  Progress: 125/140 | Rate: 0.07/s | ETA: 3.7m
  Progress: 126/140 | Rate: 0.07/s | ETA: 3.5m
  Progress: 127/140 | Rate: 0.07/s | ETA: 3.2m
  [cat6_real_003] [Attempt 1] HTTP 429: [{
  "error": {
    "code": 429,
    "message": "Resource exhausted. Please try again later. Please refer to https://clo — waiting 60s
  Progress: 128/140 | Rate: 0.07/s | ETA: 3.1m
  Progress: 129/140 | Rate: 0.07/s | ETA: 2.8m
  Progress: 130/140 | Rate: 0.07/s | ETA: 2.5m
  Progress: 131/140 | Rate: 0.07/s | ETA: 2.3m
  Progress: 132/140 | Rate: 0.07/s | ETA: 2.0m
  Progress: 133/140 | Rate: 0.07/s | ETA: 1.8m
  Progress: 134/140 | Rate: 0.07/s | ETA: 1.5m
  Progress: 135/140 | Rate: 0.07/s | ETA: 1.3m
  Progress: 136/140 | Rate: 0.07/s | ETA: 1.0m
  Progress: 137/140 | Rate: 0.07/s | ETA: 0.8m
  Progress: 138/140 | Rate: 0.07/s | ETA: 0.5m
  Progress: 139/140 | Rate: 0.07/s | ETA: 0.3m
  Progress: 140/140 | Rate: 0.07/s | ETA: 0.0m

✔ Done. 140 evaluations in 2143.0s (0.07/s)
>>> llama3_70b_utility_first_sample1_responses.jsonl  16:52:43Z

============================================================
  Judge:  kimi (moonshotai/kimi-k2-thinking-maas)
  Input:  runs/run_20260521/responses/llama3_70b_utility_first_sample1_responses.jsonl
  Output: /home/satvik/Documents/CIKM/runs/run_20260521/evaluations/kimi_evaluations_llama3_70b_utility_first_sample1.jsonl
============================================================
  Remaining: 140 rows
  Progress: 1/140 | Rate: 0.00/s | ETA: 1086.1m
  Progress: 2/140 | Rate: 0.00/s | ETA: 554.4m
  Progress: 3/140 | Rate: 0.01/s | ETA: 387.9m
  Progress: 4/140 | Rate: 0.01/s | ETA: 311.0m
  Progress: 5/140 | Rate: 0.01/s | ETA: 254.6m
  Progress: 6/140 | Rate: 0.01/s | ETA: 219.2m
  Progress: 7/140 | Rate: 0.01/s | ETA: 193.6m
  Progress: 8/140 | Rate: 0.01/s | ETA: 170.4m
  Progress: 9/140 | Rate: 0.01/s | ETA: 155.1m
  Progress: 10/140 | Rate: 0.02/s | ETA: 143.9m
  Progress: 11/140 | Rate: 0.02/s | ETA: 133.1m
  Progress: 12/140 | Rate: 0.02/s | ETA: 123.4m
  Progress: 13/140 | Rate: 0.02/s | ETA: 117.6m
  Progress: 14/140 | Rate: 0.02/s | ETA: 112.7m
  Progress: 15/140 | Rate: 0.02/s | ETA: 106.7m
  Progress: 16/140 | Rate: 0.02/s | ETA: 102.6m
  Progress: 17/140 | Rate: 0.02/s | ETA: 98.1m
  Progress: 18/140 | Rate: 0.02/s | ETA: 94.6m
  Progress: 19/140 | Rate: 0.02/s | ETA: 90.6m
  Progress: 20/140 | Rate: 0.02/s | ETA: 86.4m
  Progress: 21/140 | Rate: 0.02/s | ETA: 82.8m
  Progress: 22/140 | Rate: 0.02/s | ETA: 80.0m
  Progress: 23/140 | Rate: 0.03/s | ETA: 77.0m
  Progress: 24/140 | Rate: 0.03/s | ETA: 74.3m
  Progress: 25/140 | Rate: 0.03/s | ETA: 72.2m
  Progress: 26/140 | Rate: 0.03/s | ETA: 69.8m
  Progress: 27/140 | Rate: 0.03/s | ETA: 67.8m
  Progress: 28/140 | Rate: 0.03/s | ETA: 65.4m
  Progress: 29/140 | Rate: 0.03/s | ETA: 63.7m
  Progress: 30/140 | Rate: 0.03/s | ETA: 61.6m
  Progress: 31/140 | Rate: 0.03/s | ETA: 59.8m
  Progress: 32/140 | Rate: 0.03/s | ETA: 57.9m
  Progress: 33/140 | Rate: 0.03/s | ETA: 56.6m
  Progress: 34/140 | Rate: 0.03/s | ETA: 55.4m
  Progress: 35/140 | Rate: 0.03/s | ETA: 53.7m
  Progress: 36/140 | Rate: 0.03/s | ETA: 52.3m
  Progress: 37/140 | Rate: 0.03/s | ETA: 51.3m
  Progress: 38/140 | Rate: 0.03/s | ETA: 50.5m
  Progress: 39/140 | Rate: 0.03/s | ETA: 49.4m
  Progress: 40/140 | Rate: 0.03/s | ETA: 48.1m
  Progress: 41/140 | Rate: 0.04/s | ETA: 46.9m
  Progress: 42/140 | Rate: 0.04/s | ETA: 45.6m
  Progress: 43/140 | Rate: 0.04/s | ETA: 44.6m
  Progress: 44/140 | Rate: 0.04/s | ETA: 43.5m
  Progress: 45/140 | Rate: 0.04/s | ETA: 42.5m
  Progress: 46/140 | Rate: 0.04/s | ETA: 41.5m
  Progress: 47/140 | Rate: 0.04/s | ETA: 40.6m
  Progress: 48/140 | Rate: 0.04/s | ETA: 39.7m
  Progress: 49/140 | Rate: 0.04/s | ETA: 38.9m
  Progress: 50/140 | Rate: 0.04/s | ETA: 38.4m
  Progress: 51/140 | Rate: 0.04/s | ETA: 37.6m
  Progress: 52/140 | Rate: 0.04/s | ETA: 36.7m
  Progress: 53/140 | Rate: 0.04/s | ETA: 36.0m
  Progress: 54/140 | Rate: 0.04/s | ETA: 35.2m
  Progress: 55/140 | Rate: 0.04/s | ETA: 34.4m
  Progress: 56/140 | Rate: 0.04/s | ETA: 33.7m
  Progress: 57/140 | Rate: 0.04/s | ETA: 33.0m
  Progress: 58/140 | Rate: 0.04/s | ETA: 32.8m
  Progress: 59/140 | Rate: 0.04/s | ETA: 32.3m
  Progress: 60/140 | Rate: 0.04/s | ETA: 31.6m
  Progress: 61/140 | Rate: 0.04/s | ETA: 31.0m
  Progress: 62/140 | Rate: 0.04/s | ETA: 30.4m
  Progress: 63/140 | Rate: 0.04/s | ETA: 29.7m
  Progress: 64/140 | Rate: 0.04/s | ETA: 29.3m
  Progress: 65/140 | Rate: 0.04/s | ETA: 28.9m
  Progress: 66/140 | Rate: 0.04/s | ETA: 28.9m
  Progress: 67/140 | Rate: 0.04/s | ETA: 28.5m
  Progress: 68/140 | Rate: 0.04/s | ETA: 27.9m
  Progress: 69/140 | Rate: 0.04/s | ETA: 27.3m
  Progress: 70/140 | Rate: 0.04/s | ETA: 26.8m
  Progress: 71/140 | Rate: 0.04/s | ETA: 26.4m
  Progress: 72/140 | Rate: 0.04/s | ETA: 25.9m
  Progress: 73/140 | Rate: 0.04/s | ETA: 25.6m
  Progress: 74/140 | Rate: 0.04/s | ETA: 25.4m
  Progress: 75/140 | Rate: 0.04/s | ETA: 25.2m
  Progress: 76/140 | Rate: 0.04/s | ETA: 24.8m
  Progress: 77/140 | Rate: 0.04/s | ETA: 24.3m
  Progress: 78/140 | Rate: 0.04/s | ETA: 23.9m
  Progress: 79/140 | Rate: 0.04/s | ETA: 23.5m
  Progress: 80/140 | Rate: 0.04/s | ETA: 23.1m
  Progress: 81/140 | Rate: 0.04/s | ETA: 22.6m
  Progress: 82/140 | Rate: 0.04/s | ETA: 22.2m
  Progress: 83/140 | Rate: 0.04/s | ETA: 21.7m
  Progress: 84/140 | Rate: 0.04/s | ETA: 21.3m
  Progress: 85/140 | Rate: 0.04/s | ETA: 20.7m
  Progress: 86/140 | Rate: 0.04/s | ETA: 20.3m
  Progress: 87/140 | Rate: 0.04/s | ETA: 20.0m
  Progress: 88/140 | Rate: 0.04/s | ETA: 19.5m
  Progress: 89/140 | Rate: 0.04/s | ETA: 19.1m
  Progress: 90/140 | Rate: 0.04/s | ETA: 18.7m
  Progress: 91/140 | Rate: 0.04/s | ETA: 18.3m
  Progress: 92/140 | Rate: 0.04/s | ETA: 17.9m
  Progress: 93/140 | Rate: 0.04/s | ETA: 17.4m
  Progress: 94/140 | Rate: 0.05/s | ETA: 17.0m
  Progress: 95/140 | Rate: 0.05/s | ETA: 16.7m
  Progress: 96/140 | Rate: 0.05/s | ETA: 16.3m
  Progress: 97/140 | Rate: 0.05/s | ETA: 15.9m
  Progress: 98/140 | Rate: 0.05/s | ETA: 15.4m
  Progress: 99/140 | Rate: 0.05/s | ETA: 15.1m
  Progress: 100/140 | Rate: 0.05/s | ETA: 14.7m
  Progress: 101/140 | Rate: 0.05/s | ETA: 14.3m
  Progress: 102/140 | Rate: 0.05/s | ETA: 13.9m
  Progress: 103/140 | Rate: 0.05/s | ETA: 13.5m
  Progress: 104/140 | Rate: 0.05/s | ETA: 13.1m
  Progress: 105/140 | Rate: 0.05/s | ETA: 12.8m
  Progress: 106/140 | Rate: 0.05/s | ETA: 12.3m
  Progress: 107/140 | Rate: 0.05/s | ETA: 11.9m
  Progress: 108/140 | Rate: 0.05/s | ETA: 11.6m
  Progress: 109/140 | Rate: 0.05/s | ETA: 11.3m
  Progress: 110/140 | Rate: 0.05/s | ETA: 10.9m
  Progress: 111/140 | Rate: 0.05/s | ETA: 10.5m
  Progress: 112/140 | Rate: 0.05/s | ETA: 10.2m
  Progress: 113/140 | Rate: 0.05/s | ETA: 9.8m
  Progress: 114/140 | Rate: 0.05/s | ETA: 9.4m
  Progress: 115/140 | Rate: 0.05/s | ETA: 9.0m
  Progress: 116/140 | Rate: 0.05/s | ETA: 8.6m
  Progress: 117/140 | Rate: 0.05/s | ETA: 8.2m
  Progress: 118/140 | Rate: 0.05/s | ETA: 7.9m
  Progress: 119/140 | Rate: 0.05/s | ETA: 7.5m
  Progress: 120/140 | Rate: 0.05/s | ETA: 7.1m
  [Parse error] Expecting value: line 1 column 1 (char 0) — snippet: 
  [cat6_adapted_001] [Attempt 1] Parse failed — retrying
  Progress: 121/140 | Rate: 0.05/s | ETA: 6.9m
  Progress: 122/140 | Rate: 0.05/s | ETA: 6.5m
  Progress: 123/140 | Rate: 0.05/s | ETA: 6.2m
  Progress: 124/140 | Rate: 0.05/s | ETA: 5.8m
  Progress: 125/140 | Rate: 0.05/s | ETA: 5.5m
  Progress: 126/140 | Rate: 0.05/s | ETA: 5.1m
  Progress: 127/140 | Rate: 0.05/s | ETA: 4.7m
  Progress: 128/140 | Rate: 0.05/s | ETA: 4.4m
  Progress: 129/140 | Rate: 0.05/s | ETA: 4.0m
  Progress: 130/140 | Rate: 0.05/s | ETA: 3.7m
  Progress: 131/140 | Rate: 0.05/s | ETA: 3.3m
  Progress: 132/140 | Rate: 0.05/s | ETA: 2.9m
  Progress: 133/140 | Rate: 0.05/s | ETA: 2.6m
  Progress: 134/140 | Rate: 0.05/s | ETA: 2.2m
  Progress: 135/140 | Rate: 0.05/s | ETA: 1.8m
  Progress: 136/140 | Rate: 0.05/s | ETA: 1.5m
  Progress: 137/140 | Rate: 0.05/s | ETA: 1.1m
  Progress: 138/140 | Rate: 0.05/s | ETA: 0.7m
  Progress: 139/140 | Rate: 0.05/s | ETA: 0.4m
  Progress: 140/140 | Rate: 0.05/s | ETA: 0.0m

✔ Done. 140 evaluations in 3060.6s (0.05/s)
>>> llama3_70b_utility_first_sample2_responses.jsonl  17:43:47Z

============================================================
  Judge:  kimi (moonshotai/kimi-k2-thinking-maas)
  Input:  runs/run_20260521/responses/llama3_70b_utility_first_sample2_responses.jsonl
  Output: /home/satvik/Documents/CIKM/runs/run_20260521/evaluations/kimi_evaluations_llama3_70b_utility_first_sample2.jsonl
============================================================
  Remaining: 140 rows
  Progress: 1/140 | Rate: 0.04/s | ETA: 59.4m
  Progress: 2/140 | Rate: 0.04/s | ETA: 53.9m
  Progress: 3/140 | Rate: 0.04/s | ETA: 52.6m
  Progress: 4/140 | Rate: 0.04/s | ETA: 56.3m
  Progress: 5/140 | Rate: 0.04/s | ETA: 51.8m
  Progress: 6/140 | Rate: 0.04/s | ETA: 54.2m
  Progress: 7/140 | Rate: 0.04/s | ETA: 54.1m
  Progress: 8/140 | Rate: 0.04/s | ETA: 50.6m
  Progress: 9/140 | Rate: 0.04/s | ETA: 49.4m
  Progress: 10/140 | Rate: 0.04/s | ETA: 48.3m
  Progress: 11/140 | Rate: 0.05/s | ETA: 46.6m
  Progress: 12/140 | Rate: 0.05/s | ETA: 45.4m
  Progress: 13/140 | Rate: 0.05/s | ETA: 45.3m
  Progress: 14/140 | Rate: 0.05/s | ETA: 45.0m
  Progress: 15/140 | Rate: 0.05/s | ETA: 44.7m
  Progress: 16/140 | Rate: 0.05/s | ETA: 43.2m
  Progress: 17/140 | Rate: 0.05/s | ETA: 42.1m
  Progress: 18/140 | Rate: 0.05/s | ETA: 42.0m
  Progress: 19/140 | Rate: 0.05/s | ETA: 41.5m
  Progress: 20/140 | Rate: 0.05/s | ETA: 43.4m
  Progress: 21/140 | Rate: 0.05/s | ETA: 42.4m
  Progress: 22/140 | Rate: 0.04/s | ETA: 43.8m
  Progress: 23/140 | Rate: 0.05/s | ETA: 42.8m
  Progress: 24/140 | Rate: 0.05/s | ETA: 42.6m
  Progress: 25/140 | Rate: 0.05/s | ETA: 42.4m
  Progress: 26/140 | Rate: 0.05/s | ETA: 41.5m
  Progress: 27/140 | Rate: 0.05/s | ETA: 40.7m
  Progress: 28/140 | Rate: 0.05/s | ETA: 40.2m
  Progress: 29/140 | Rate: 0.05/s | ETA: 40.6m
  Progress: 30/140 | Rate: 0.05/s | ETA: 40.1m
  Progress: 31/140 | Rate: 0.05/s | ETA: 39.5m
  Progress: 32/140 | Rate: 0.05/s | ETA: 39.0m
  Progress: 33/140 | Rate: 0.05/s | ETA: 39.2m
  Progress: 34/140 | Rate: 0.05/s | ETA: 38.8m
  Progress: 35/140 | Rate: 0.05/s | ETA: 38.3m
  Progress: 36/140 | Rate: 0.05/s | ETA: 38.0m
  Progress: 37/140 | Rate: 0.05/s | ETA: 37.4m
  Progress: 38/140 | Rate: 0.05/s | ETA: 37.0m
  Progress: 39/140 | Rate: 0.05/s | ETA: 36.2m
  Progress: 40/140 | Rate: 0.05/s | ETA: 35.5m
  Progress: 41/140 | Rate: 0.05/s | ETA: 35.2m
  Progress: 42/140 | Rate: 0.05/s | ETA: 34.9m
  Progress: 43/140 | Rate: 0.05/s | ETA: 34.2m
  Progress: 44/140 | Rate: 0.05/s | ETA: 33.7m
  Progress: 45/140 | Rate: 0.05/s | ETA: 33.0m
  Progress: 46/140 | Rate: 0.05/s | ETA: 32.3m
  Progress: 47/140 | Rate: 0.05/s | ETA: 31.7m
  Progress: 48/140 | Rate: 0.05/s | ETA: 31.5m
  Progress: 49/140 | Rate: 0.05/s | ETA: 31.0m
  Progress: 50/140 | Rate: 0.05/s | ETA: 30.4m
  Progress: 51/140 | Rate: 0.05/s | ETA: 30.2m
  Progress: 52/140 | Rate: 0.05/s | ETA: 29.9m
  Progress: 53/140 | Rate: 0.05/s | ETA: 30.0m
  Progress: 54/140 | Rate: 0.05/s | ETA: 29.5m
  Progress: 55/140 | Rate: 0.05/s | ETA: 28.9m
  Progress: 56/140 | Rate: 0.05/s | ETA: 28.3m
  Progress: 57/140 | Rate: 0.05/s | ETA: 27.7m
  Progress: 58/140 | Rate: 0.05/s | ETA: 27.1m
  Progress: 59/140 | Rate: 0.05/s | ETA: 26.7m
  Progress: 60/140 | Rate: 0.05/s | ETA: 26.9m
  Progress: 61/140 | Rate: 0.05/s | ETA: 26.6m
  Progress: 62/140 | Rate: 0.05/s | ETA: 26.2m
  Progress: 63/140 | Rate: 0.05/s | ETA: 25.7m
  Progress: 64/140 | Rate: 0.05/s | ETA: 25.2m
  Progress: 65/140 | Rate: 0.05/s | ETA: 24.8m
  Progress: 66/140 | Rate: 0.05/s | ETA: 24.3m
  Progress: 67/140 | Rate: 0.05/s | ETA: 24.3m
  Progress: 68/140 | Rate: 0.05/s | ETA: 24.0m
  Progress: 69/140 | Rate: 0.05/s | ETA: 23.6m
  Progress: 70/140 | Rate: 0.05/s | ETA: 23.1m
  Progress: 71/140 | Rate: 0.05/s | ETA: 22.7m
  Progress: 72/140 | Rate: 0.05/s | ETA: 22.5m
  Progress: 73/140 | Rate: 0.05/s | ETA: 22.2m
  Progress: 74/140 | Rate: 0.05/s | ETA: 21.8m
  Progress: 75/140 | Rate: 0.05/s | ETA: 21.6m
  Progress: 76/140 | Rate: 0.05/s | ETA: 21.2m
  Progress: 77/140 | Rate: 0.05/s | ETA: 20.9m
  Progress: 78/140 | Rate: 0.05/s | ETA: 20.5m
  Progress: 79/140 | Rate: 0.05/s | ETA: 20.2m
  Progress: 80/140 | Rate: 0.05/s | ETA: 20.0m
  Progress: 81/140 | Rate: 0.05/s | ETA: 19.7m
  Progress: 82/140 | Rate: 0.05/s | ETA: 19.3m
  Progress: 83/140 | Rate: 0.05/s | ETA: 19.0m
  Progress: 84/140 | Rate: 0.05/s | ETA: 18.6m
  Progress: 85/140 | Rate: 0.05/s | ETA: 18.3m
  Progress: 86/140 | Rate: 0.05/s | ETA: 18.0m
  Progress: 87/140 | Rate: 0.05/s | ETA: 17.8m
  Progress: 88/140 | Rate: 0.05/s | ETA: 17.3m
  Progress: 89/140 | Rate: 0.05/s | ETA: 17.1m
  Progress: 90/140 | Rate: 0.05/s | ETA: 16.7m
  Progress: 91/140 | Rate: 0.05/s | ETA: 16.5m
  Progress: 92/140 | Rate: 0.05/s | ETA: 16.1m
  Progress: 93/140 | Rate: 0.05/s | ETA: 15.7m
  Progress: 94/140 | Rate: 0.05/s | ETA: 15.4m
  Progress: 95/140 | Rate: 0.05/s | ETA: 15.3m
  Progress: 96/140 | Rate: 0.05/s | ETA: 15.1m
  Progress: 97/140 | Rate: 0.05/s | ETA: 14.7m
  Progress: 98/140 | Rate: 0.05/s | ETA: 14.3m
  Progress: 99/140 | Rate: 0.05/s | ETA: 14.0m
  Progress: 100/140 | Rate: 0.05/s | ETA: 13.6m
  Progress: 101/140 | Rate: 0.05/s | ETA: 13.2m
  Progress: 102/140 | Rate: 0.05/s | ETA: 12.9m
  Progress: 103/140 | Rate: 0.05/s | ETA: 12.6m
  Progress: 104/140 | Rate: 0.05/s | ETA: 12.2m
  Progress: 105/140 | Rate: 0.05/s | ETA: 11.9m
  Progress: 106/140 | Rate: 0.05/s | ETA: 11.5m
  Progress: 107/140 | Rate: 0.05/s | ETA: 11.1m
  Progress: 108/140 | Rate: 0.05/s | ETA: 10.7m
  Progress: 109/140 | Rate: 0.05/s | ETA: 10.4m
  Progress: 110/140 | Rate: 0.05/s | ETA: 10.1m
  Progress: 111/140 | Rate: 0.05/s | ETA: 9.7m
  Progress: 112/140 | Rate: 0.05/s | ETA: 9.4m
  Progress: 113/140 | Rate: 0.05/s | ETA: 9.1m
  Progress: 114/140 | Rate: 0.05/s | ETA: 8.7m
  Progress: 115/140 | Rate: 0.05/s | ETA: 8.3m
  Progress: 116/140 | Rate: 0.05/s | ETA: 8.0m
  Progress: 117/140 | Rate: 0.05/s | ETA: 7.7m
  Progress: 118/140 | Rate: 0.05/s | ETA: 7.4m
  Progress: 119/140 | Rate: 0.05/s | ETA: 7.1m
  Progress: 120/140 | Rate: 0.05/s | ETA: 6.8m
  Progress: 121/140 | Rate: 0.05/s | ETA: 6.4m
  Progress: 122/140 | Rate: 0.05/s | ETA: 6.1m
  Progress: 123/140 | Rate: 0.05/s | ETA: 5.7m
  Progress: 124/140 | Rate: 0.05/s | ETA: 5.4m
  Progress: 125/140 | Rate: 0.05/s | ETA: 5.1m
  Progress: 126/140 | Rate: 0.05/s | ETA: 4.7m
  Progress: 127/140 | Rate: 0.05/s | ETA: 4.4m
  Progress: 128/140 | Rate: 0.05/s | ETA: 4.1m
  Progress: 129/140 | Rate: 0.05/s | ETA: 3.8m
  Progress: 130/140 | Rate: 0.05/s | ETA: 3.4m
  Progress: 131/140 | Rate: 0.05/s | ETA: 3.1m
  Progress: 132/140 | Rate: 0.05/s | ETA: 2.7m
  Progress: 133/140 | Rate: 0.05/s | ETA: 2.4m
  Progress: 134/140 | Rate: 0.05/s | ETA: 2.0m
  Progress: 135/140 | Rate: 0.05/s | ETA: 1.7m
  Progress: 136/140 | Rate: 0.05/s | ETA: 1.4m
  Progress: 137/140 | Rate: 0.05/s | ETA: 1.0m
  Progress: 138/140 | Rate: 0.05/s | ETA: 0.7m
  Progress: 139/140 | Rate: 0.05/s | ETA: 0.3m
  Progress: 140/140 | Rate: 0.05/s | ETA: 0.0m

✔ Done. 140 evaluations in 2826.2s (0.05/s)
>>> llama3_70b_vanilla_sample0_responses.jsonl  18:31:04Z

============================================================
  Judge:  kimi (moonshotai/kimi-k2-thinking-maas)
  Input:  runs/run_20260521/responses/llama3_70b_vanilla_sample0_responses.jsonl
  Output: /home/satvik/Documents/CIKM/runs/run_20260521/evaluations/kimi_evaluations_llama3_70b_vanilla_sample0.jsonl
============================================================
  Remaining: 140 rows
  Progress: 1/140 | Rate: 0.11/s | ETA: 21.1m
  Progress: 2/140 | Rate: 0.07/s | ETA: 32.9m
  Progress: 3/140 | Rate: 0.06/s | ETA: 35.6m
  Progress: 4/140 | Rate: 0.07/s | ETA: 33.9m
  Progress: 5/140 | Rate: 0.07/s | ETA: 33.4m
  Progress: 6/140 | Rate: 0.07/s | ETA: 30.4m
  Progress: 7/140 | Rate: 0.08/s | ETA: 27.5m
  Progress: 8/140 | Rate: 0.08/s | ETA: 27.5m
  Progress: 9/140 | Rate: 0.08/s | ETA: 26.2m
  Progress: 10/140 | Rate: 0.09/s | ETA: 25.2m
  Progress: 11/140 | Rate: 0.08/s | ETA: 25.7m
  Progress: 12/140 | Rate: 0.08/s | ETA: 26.7m
  Progress: 13/140 | Rate: 0.08/s | ETA: 27.0m
  Progress: 14/140 | Rate: 0.08/s | ETA: 27.7m
  Progress: 15/140 | Rate: 0.07/s | ETA: 28.0m
  Progress: 16/140 | Rate: 0.07/s | ETA: 27.6m
  Progress: 17/140 | Rate: 0.07/s | ETA: 27.4m
  Progress: 18/140 | Rate: 0.07/s | ETA: 27.9m
  Progress: 19/140 | Rate: 0.07/s | ETA: 28.4m
  Progress: 20/140 | Rate: 0.07/s | ETA: 28.1m
  Progress: 21/140 | Rate: 0.07/s | ETA: 29.3m
  Progress: 22/140 | Rate: 0.07/s | ETA: 28.9m
  Progress: 23/140 | Rate: 0.07/s | ETA: 29.0m
  Progress: 24/140 | Rate: 0.07/s | ETA: 29.2m
  Progress: 25/140 | Rate: 0.07/s | ETA: 28.9m
  Progress: 26/140 | Rate: 0.07/s | ETA: 28.5m
  Progress: 27/140 | Rate: 0.07/s | ETA: 28.1m
  Progress: 28/140 | Rate: 0.07/s | ETA: 27.9m
  Progress: 29/140 | Rate: 0.06/s | ETA: 28.5m
  Progress: 30/140 | Rate: 0.06/s | ETA: 28.5m
  Progress: 31/140 | Rate: 0.06/s | ETA: 28.7m
  Progress: 32/140 | Rate: 0.06/s | ETA: 28.2m
  Progress: 33/140 | Rate: 0.06/s | ETA: 28.1m
  Progress: 34/140 | Rate: 0.06/s | ETA: 27.8m
  Progress: 35/140 | Rate: 0.06/s | ETA: 27.5m
  Progress: 36/140 | Rate: 0.06/s | ETA: 27.3m
  Progress: 37/140 | Rate: 0.06/s | ETA: 27.0m
  Progress: 38/140 | Rate: 0.06/s | ETA: 26.7m
  Progress: 39/140 | Rate: 0.06/s | ETA: 26.2m
  Progress: 40/140 | Rate: 0.06/s | ETA: 26.0m
  Progress: 41/140 | Rate: 0.06/s | ETA: 25.9m
  Progress: 42/140 | Rate: 0.06/s | ETA: 25.7m
  Progress: 43/140 | Rate: 0.06/s | ETA: 25.6m
  [cat5_orig_004] [Attempt 1] HTTP 429: [{
  "error": {
    "code": 429,
    "message": "Resource exhausted. Please try again later. Please refer to https://clo — waiting 60s
  Progress: 44/140 | Rate: 0.06/s | ETA: 27.4m
  Progress: 45/140 | Rate: 0.06/s | ETA: 26.9m
  Progress: 46/140 | Rate: 0.06/s | ETA: 26.4m
  Progress: 47/140 | Rate: 0.06/s | ETA: 26.0m
  Progress: 48/140 | Rate: 0.06/s | ETA: 26.1m
  Progress: 49/140 | Rate: 0.06/s | ETA: 26.0m
  Progress: 50/140 | Rate: 0.06/s | ETA: 25.6m
  Progress: 51/140 | Rate: 0.06/s | ETA: 25.4m
  Progress: 52/140 | Rate: 0.06/s | ETA: 25.2m
  Progress: 53/140 | Rate: 0.06/s | ETA: 24.8m
  Progress: 54/140 | Rate: 0.06/s | ETA: 24.5m
  Progress: 55/140 | Rate: 0.06/s | ETA: 24.2m
  Progress: 56/140 | Rate: 0.06/s | ETA: 23.8m
  Progress: 57/140 | Rate: 0.06/s | ETA: 23.5m
  Progress: 58/140 | Rate: 0.06/s | ETA: 23.1m
  Progress: 59/140 | Rate: 0.06/s | ETA: 22.9m
  Progress: 60/140 | Rate: 0.06/s | ETA: 22.9m
  Progress: 61/140 | Rate: 0.06/s | ETA: 22.7m
  Progress: 62/140 | Rate: 0.06/s | ETA: 22.3m
  Progress: 63/140 | Rate: 0.06/s | ETA: 22.0m
  Progress: 64/140 | Rate: 0.06/s | ETA: 21.7m
  Progress: 65/140 | Rate: 0.06/s | ETA: 21.2m
  Progress: 66/140 | Rate: 0.06/s | ETA: 20.8m
  Progress: 67/140 | Rate: 0.06/s | ETA: 20.5m
  Progress: 68/140 | Rate: 0.06/s | ETA: 20.2m
  Progress: 69/140 | Rate: 0.06/s | ETA: 20.1m
  Progress: 70/140 | Rate: 0.06/s | ETA: 19.7m
  Progress: 71/140 | Rate: 0.06/s | ETA: 19.5m
  Progress: 72/140 | Rate: 0.06/s | ETA: 19.3m
  Progress: 73/140 | Rate: 0.06/s | ETA: 19.0m
  Progress: 74/140 | Rate: 0.06/s | ETA: 18.9m
  Progress: 75/140 | Rate: 0.06/s | ETA: 18.8m
  Progress: 76/140 | Rate: 0.06/s | ETA: 18.6m
  Progress: 77/140 | Rate: 0.06/s | ETA: 18.3m
  Progress: 78/140 | Rate: 0.06/s | ETA: 18.0m
  Progress: 79/140 | Rate: 0.06/s | ETA: 17.7m
  Progress: 80/140 | Rate: 0.06/s | ETA: 17.5m
  Progress: 81/140 | Rate: 0.06/s | ETA: 17.2m
  Progress: 82/140 | Rate: 0.06/s | ETA: 17.0m
  Progress: 83/140 | Rate: 0.06/s | ETA: 16.8m
  Progress: 84/140 | Rate: 0.06/s | ETA: 16.6m
  Progress: 85/140 | Rate: 0.06/s | ETA: 16.4m
  Progress: 86/140 | Rate: 0.06/s | ETA: 16.2m
  Progress: 87/140 | Rate: 0.06/s | ETA: 16.0m
  Progress: 88/140 | Rate: 0.06/s | ETA: 15.7m
  Progress: 89/140 | Rate: 0.06/s | ETA: 15.4m
  Progress: 90/140 | Rate: 0.06/s | ETA: 15.1m
  Progress: 91/140 | Rate: 0.06/s | ETA: 14.8m
  Progress: 92/140 | Rate: 0.06/s | ETA: 14.5m
  Progress: 93/140 | Rate: 0.05/s | ETA: 14.3m
  Progress: 94/140 | Rate: 0.05/s | ETA: 14.0m
  Progress: 95/140 | Rate: 0.05/s | ETA: 13.7m
  Progress: 96/140 | Rate: 0.05/s | ETA: 13.4m
  Progress: 97/140 | Rate: 0.06/s | ETA: 13.0m
  Progress: 98/140 | Rate: 0.05/s | ETA: 12.7m
  Progress: 99/140 | Rate: 0.05/s | ETA: 12.5m
  Progress: 100/140 | Rate: 0.05/s | ETA: 12.2m
  Progress: 101/140 | Rate: 0.05/s | ETA: 11.9m
  Progress: 102/140 | Rate: 0.05/s | ETA: 11.6m
  Progress: 103/140 | Rate: 0.05/s | ETA: 11.3m
  Progress: 104/140 | Rate: 0.05/s | ETA: 11.0m
  Progress: 105/140 | Rate: 0.05/s | ETA: 10.7m
  Progress: 106/140 | Rate: 0.05/s | ETA: 10.3m
  Progress: 107/140 | Rate: 0.06/s | ETA: 10.0m
  Progress: 108/140 | Rate: 0.06/s | ETA: 9.7m
  Progress: 109/140 | Rate: 0.06/s | ETA: 9.4m
  Progress: 110/140 | Rate: 0.06/s | ETA: 9.0m
  Progress: 111/140 | Rate: 0.06/s | ETA: 8.7m
  Progress: 112/140 | Rate: 0.06/s | ETA: 8.4m
  Progress: 113/140 | Rate: 0.06/s | ETA: 8.1m
  Progress: 114/140 | Rate: 0.06/s | ETA: 7.8m
  Progress: 115/140 | Rate: 0.06/s | ETA: 7.4m
  Progress: 116/140 | Rate: 0.06/s | ETA: 7.2m
  Progress: 117/140 | Rate: 0.06/s | ETA: 7.0m
  Progress: 118/140 | Rate: 0.06/s | ETA: 6.7m
  Progress: 119/140 | Rate: 0.06/s | ETA: 6.3m
  Progress: 120/140 | Rate: 0.06/s | ETA: 6.0m
  Progress: 121/140 | Rate: 0.06/s | ETA: 5.7m
  Progress: 122/140 | Rate: 0.06/s | ETA: 5.4m
  Progress: 123/140 | Rate: 0.06/s | ETA: 5.1m
  Progress: 124/140 | Rate: 0.06/s | ETA: 4.8m
  Progress: 125/140 | Rate: 0.06/s | ETA: 4.5m
  Progress: 126/140 | Rate: 0.06/s | ETA: 4.2m
  Progress: 127/140 | Rate: 0.06/s | ETA: 3.9m
  Progress: 128/140 | Rate: 0.06/s | ETA: 3.5m
  Progress: 129/140 | Rate: 0.06/s | ETA: 3.2m
  Progress: 130/140 | Rate: 0.06/s | ETA: 3.0m
  Progress: 131/140 | Rate: 0.06/s | ETA: 2.6m
  Progress: 132/140 | Rate: 0.06/s | ETA: 2.4m
  Progress: 133/140 | Rate: 0.06/s | ETA: 2.1m
  Progress: 134/140 | Rate: 0.06/s | ETA: 1.8m
  Progress: 135/140 | Rate: 0.06/s | ETA: 1.5m
  Progress: 136/140 | Rate: 0.06/s | ETA: 1.2m
  Progress: 137/140 | Rate: 0.06/s | ETA: 0.9m
  Progress: 138/140 | Rate: 0.06/s | ETA: 0.6m
  Progress: 139/140 | Rate: 0.06/s | ETA: 0.3m
  Progress: 140/140 | Rate: 0.06/s | ETA: 0.0m

✔ Done. 140 evaluations in 2436.0s (0.06/s)
>>> llama3_70b_vanilla_sample1_responses.jsonl  19:11:41Z

============================================================
  Judge:  kimi (moonshotai/kimi-k2-thinking-maas)
  Input:  runs/run_20260521/responses/llama3_70b_vanilla_sample1_responses.jsonl
  Output: /home/satvik/Documents/CIKM/runs/run_20260521/evaluations/kimi_evaluations_llama3_70b_vanilla_sample1.jsonl
============================================================
  Remaining: 140 rows
  Progress: 1/140 | Rate: 0.03/s | ETA: 74.7m
  Progress: 2/140 | Rate: 0.04/s | ETA: 51.5m
  Progress: 3/140 | Rate: 0.05/s | ETA: 48.6m
  Progress: 4/140 | Rate: 0.05/s | ETA: 44.7m
  Progress: 5/140 | Rate: 0.06/s | ETA: 38.5m
  Progress: 6/140 | Rate: 0.06/s | ETA: 37.4m
  Progress: 7/140 | Rate: 0.06/s | ETA: 35.0m
  Progress: 8/140 | Rate: 0.06/s | ETA: 34.0m
  Progress: 9/140 | Rate: 0.07/s | ETA: 32.0m
  Progress: 10/140 | Rate: 0.07/s | ETA: 31.8m
  Progress: 11/140 | Rate: 0.07/s | ETA: 30.6m
  Progress: 12/140 | Rate: 0.07/s | ETA: 29.7m
  Progress: 13/140 | Rate: 0.07/s | ETA: 28.6m
  Progress: 14/140 | Rate: 0.07/s | ETA: 28.0m
  Progress: 15/140 | Rate: 0.08/s | ETA: 27.4m
  Progress: 16/140 | Rate: 0.08/s | ETA: 27.2m
  Progress: 17/140 | Rate: 0.08/s | ETA: 26.7m
  Progress: 18/140 | Rate: 0.08/s | ETA: 26.3m
  Progress: 19/140 | Rate: 0.08/s | ETA: 26.2m
  Progress: 20/140 | Rate: 0.08/s | ETA: 25.7m
  Progress: 21/140 | Rate: 0.08/s | ETA: 25.9m
  Progress: 22/140 | Rate: 0.08/s | ETA: 25.6m
  Progress: 23/140 | Rate: 0.08/s | ETA: 25.4m
  Progress: 24/140 | Rate: 0.08/s | ETA: 25.5m
  Progress: 25/140 | Rate: 0.08/s | ETA: 25.0m
  Progress: 26/140 | Rate: 0.08/s | ETA: 24.7m
  Progress: 27/140 | Rate: 0.08/s | ETA: 24.3m
  Progress: 28/140 | Rate: 0.08/s | ETA: 24.6m
  Progress: 29/140 | Rate: 0.08/s | ETA: 24.1m
  Progress: 30/140 | Rate: 0.08/s | ETA: 23.7m
  Progress: 31/140 | Rate: 0.07/s | ETA: 24.4m
  Progress: 32/140 | Rate: 0.07/s | ETA: 24.3m
  Progress: 33/140 | Rate: 0.07/s | ETA: 23.9m
  Progress: 34/140 | Rate: 0.08/s | ETA: 23.4m
  Progress: 35/140 | Rate: 0.08/s | ETA: 23.0m
  Progress: 36/140 | Rate: 0.07/s | ETA: 23.4m
  Progress: 37/140 | Rate: 0.07/s | ETA: 22.9m
  Progress: 38/140 | Rate: 0.08/s | ETA: 22.6m
  Progress: 39/140 | Rate: 0.08/s | ETA: 22.3m
  Progress: 40/140 | Rate: 0.08/s | ETA: 21.9m
  Progress: 41/140 | Rate: 0.08/s | ETA: 21.7m
  Progress: 42/140 | Rate: 0.08/s | ETA: 21.7m
  Progress: 43/140 | Rate: 0.07/s | ETA: 21.6m
  Progress: 44/140 | Rate: 0.07/s | ETA: 21.9m
  Progress: 45/140 | Rate: 0.07/s | ETA: 22.2m
  Progress: 46/140 | Rate: 0.07/s | ETA: 21.9m
  Progress: 47/140 | Rate: 0.07/s | ETA: 21.6m
  Progress: 48/140 | Rate: 0.07/s | ETA: 21.2m
  Progress: 49/140 | Rate: 0.07/s | ETA: 20.8m
  Progress: 50/140 | Rate: 0.07/s | ETA: 20.7m
  Progress: 51/140 | Rate: 0.07/s | ETA: 20.5m
  Progress: 52/140 | Rate: 0.07/s | ETA: 20.4m
  Progress: 53/140 | Rate: 0.07/s | ETA: 20.1m
  Progress: 54/140 | Rate: 0.07/s | ETA: 19.8m
  Progress: 55/140 | Rate: 0.07/s | ETA: 19.5m
  Progress: 56/140 | Rate: 0.07/s | ETA: 19.2m
  Progress: 57/140 | Rate: 0.07/s | ETA: 18.9m
  Progress: 58/140 | Rate: 0.07/s | ETA: 19.0m
  Progress: 59/140 | Rate: 0.07/s | ETA: 18.9m
  Progress: 60/140 | Rate: 0.07/s | ETA: 18.6m
  Progress: 61/140 | Rate: 0.07/s | ETA: 18.4m
  Progress: 62/140 | Rate: 0.07/s | ETA: 18.0m
  Progress: 63/140 | Rate: 0.07/s | ETA: 17.8m
  Progress: 64/140 | Rate: 0.07/s | ETA: 17.5m
  Progress: 65/140 | Rate: 0.07/s | ETA: 17.1m
  Progress: 66/140 | Rate: 0.07/s | ETA: 16.8m
  Progress: 67/140 | Rate: 0.07/s | ETA: 16.5m
  Progress: 68/140 | Rate: 0.07/s | ETA: 16.3m
  Progress: 69/140 | Rate: 0.07/s | ETA: 16.4m
  Progress: 70/140 | Rate: 0.07/s | ETA: 16.0m
  Progress: 71/140 | Rate: 0.07/s | ETA: 15.9m
  Progress: 72/140 | Rate: 0.07/s | ETA: 15.6m
  Progress: 73/140 | Rate: 0.07/s | ETA: 15.3m
  Progress: 74/140 | Rate: 0.07/s | ETA: 15.0m
  Progress: 75/140 | Rate: 0.07/s | ETA: 14.7m
  Progress: 76/140 | Rate: 0.07/s | ETA: 14.5m
  Progress: 77/140 | Rate: 0.07/s | ETA: 14.2m
  Progress: 78/140 | Rate: 0.07/s | ETA: 13.9m
  Progress: 79/140 | Rate: 0.07/s | ETA: 13.7m
  Progress: 80/140 | Rate: 0.07/s | ETA: 13.5m
  Progress: 81/140 | Rate: 0.07/s | ETA: 13.2m
  Progress: 82/140 | Rate: 0.07/s | ETA: 13.0m
  Progress: 83/140 | Rate: 0.07/s | ETA: 12.9m
  Progress: 84/140 | Rate: 0.07/s | ETA: 12.6m
  Progress: 85/140 | Rate: 0.07/s | ETA: 12.4m
  Progress: 86/140 | Rate: 0.07/s | ETA: 12.1m
  Progress: 87/140 | Rate: 0.07/s | ETA: 11.9m
  Progress: 88/140 | Rate: 0.07/s | ETA: 11.6m
  Progress: 89/140 | Rate: 0.07/s | ETA: 11.3m
  Progress: 90/140 | Rate: 0.07/s | ETA: 11.2m
  Progress: 91/140 | Rate: 0.07/s | ETA: 11.0m
  Progress: 92/140 | Rate: 0.07/s | ETA: 10.8m
  Progress: 93/140 | Rate: 0.07/s | ETA: 10.6m
  Progress: 94/140 | Rate: 0.07/s | ETA: 10.4m
  Progress: 95/140 | Rate: 0.07/s | ETA: 10.2m
  Progress: 96/140 | Rate: 0.07/s | ETA: 10.0m
  Progress: 97/140 | Rate: 0.07/s | ETA: 9.7m
  Progress: 98/140 | Rate: 0.07/s | ETA: 9.5m
  Progress: 99/140 | Rate: 0.07/s | ETA: 9.2m
  Progress: 100/140 | Rate: 0.07/s | ETA: 9.1m
  Progress: 101/140 | Rate: 0.07/s | ETA: 8.8m
  Progress: 102/140 | Rate: 0.07/s | ETA: 8.6m
  Progress: 103/140 | Rate: 0.07/s | ETA: 8.4m
  Progress: 104/140 | Rate: 0.07/s | ETA: 8.1m
  Progress: 105/140 | Rate: 0.07/s | ETA: 7.9m
  Progress: 106/140 | Rate: 0.07/s | ETA: 7.6m
  Progress: 107/140 | Rate: 0.07/s | ETA: 7.4m
  Progress: 108/140 | Rate: 0.07/s | ETA: 7.1m
  Progress: 109/140 | Rate: 0.07/s | ETA: 6.9m
  Progress: 110/140 | Rate: 0.07/s | ETA: 6.7m
  Progress: 111/140 | Rate: 0.07/s | ETA: 6.5m
  Progress: 112/140 | Rate: 0.07/s | ETA: 6.3m
  Progress: 113/140 | Rate: 0.07/s | ETA: 6.1m
  Progress: 114/140 | Rate: 0.07/s | ETA: 5.9m
  Progress: 115/140 | Rate: 0.07/s | ETA: 5.7m
  Progress: 116/140 | Rate: 0.07/s | ETA: 5.4m
  Progress: 117/140 | Rate: 0.07/s | ETA: 5.2m
  Progress: 118/140 | Rate: 0.07/s | ETA: 5.0m
  Progress: 119/140 | Rate: 0.07/s | ETA: 4.8m
  Progress: 120/140 | Rate: 0.07/s | ETA: 4.5m
  Progress: 121/140 | Rate: 0.07/s | ETA: 4.3m
  Progress: 122/140 | Rate: 0.07/s | ETA: 4.1m
  Progress: 123/140 | Rate: 0.07/s | ETA: 3.9m
  Progress: 124/140 | Rate: 0.07/s | ETA: 3.7m
  Progress: 125/140 | Rate: 0.07/s | ETA: 3.4m
  Progress: 126/140 | Rate: 0.07/s | ETA: 3.2m
  Progress: 127/140 | Rate: 0.07/s | ETA: 3.0m
  Progress: 128/140 | Rate: 0.07/s | ETA: 2.8m
  Progress: 129/140 | Rate: 0.07/s | ETA: 2.6m
  Progress: 130/140 | Rate: 0.07/s | ETA: 2.3m
  Progress: 131/140 | Rate: 0.07/s | ETA: 2.1m
  Progress: 132/140 | Rate: 0.07/s | ETA: 1.9m
  Progress: 133/140 | Rate: 0.07/s | ETA: 1.6m
  Progress: 134/140 | Rate: 0.07/s | ETA: 1.4m
  Progress: 135/140 | Rate: 0.07/s | ETA: 1.2m
  Progress: 136/140 | Rate: 0.07/s | ETA: 0.9m
  Progress: 137/140 | Rate: 0.07/s | ETA: 0.7m
  Progress: 138/140 | Rate: 0.07/s | ETA: 0.5m
  Progress: 139/140 | Rate: 0.07/s | ETA: 0.2m
  Progress: 140/140 | Rate: 0.07/s | ETA: 0.0m

✔ Done. 140 evaluations in 1962.9s (0.07/s)
>>> llama3_70b_vanilla_sample2_responses.jsonl  19:44:40Z

============================================================
  Judge:  kimi (moonshotai/kimi-k2-thinking-maas)
  Input:  runs/run_20260521/responses/llama3_70b_vanilla_sample2_responses.jsonl
  Output: /home/satvik/Documents/CIKM/runs/run_20260521/evaluations/kimi_evaluations_llama3_70b_vanilla_sample2.jsonl
============================================================
  Remaining: 140 rows
  Progress: 1/140 | Rate: 0.06/s | ETA: 41.7m
  Progress: 2/140 | Rate: 0.06/s | ETA: 38.8m
  Progress: 3/140 | Rate: 0.05/s | ETA: 48.5m
  Progress: 4/140 | Rate: 0.04/s | ETA: 51.3m
  Progress: 5/140 | Rate: 0.05/s | ETA: 47.2m
  Progress: 6/140 | Rate: 0.05/s | ETA: 44.7m
  Progress: 7/140 | Rate: 0.05/s | ETA: 42.5m
  Progress: 8/140 | Rate: 0.05/s | ETA: 40.8m
  Progress: 9/140 | Rate: 0.06/s | ETA: 37.0m
  Progress: 10/140 | Rate: 0.06/s | ETA: 36.3m
  Progress: 11/140 | Rate: 0.06/s | ETA: 35.8m
  Progress: 12/140 | Rate: 0.06/s | ETA: 35.2m
  Progress: 13/140 | Rate: 0.06/s | ETA: 33.9m
  Progress: 14/140 | Rate: 0.06/s | ETA: 32.9m
  Progress: 15/140 | Rate: 0.06/s | ETA: 32.2m
  Progress: 16/140 | Rate: 0.06/s | ETA: 32.4m
  Progress: 17/140 | Rate: 0.06/s | ETA: 32.2m
  Progress: 18/140 | Rate: 0.06/s | ETA: 31.6m
  Progress: 19/140 | Rate: 0.06/s | ETA: 32.9m
  Progress: 20/140 | Rate: 0.06/s | ETA: 31.7m
  Progress: 21/140 | Rate: 0.06/s | ETA: 31.8m
  Progress: 22/140 | Rate: 0.06/s | ETA: 31.8m
  Progress: 23/140 | Rate: 0.06/s | ETA: 32.8m
  Progress: 24/140 | Rate: 0.06/s | ETA: 32.5m
  Progress: 25/140 | Rate: 0.06/s | ETA: 32.1m
  Progress: 26/140 | Rate: 0.06/s | ETA: 31.9m
  Progress: 27/140 | Rate: 0.06/s | ETA: 31.9m
  Progress: 28/140 | Rate: 0.06/s | ETA: 32.4m
  Progress: 29/140 | Rate: 0.06/s | ETA: 31.8m
  Progress: 30/140 | Rate: 0.06/s | ETA: 32.2m
  Progress: 31/140 | Rate: 0.06/s | ETA: 31.4m
  Progress: 32/140 | Rate: 0.06/s | ETA: 30.7m
  Progress: 33/140 | Rate: 0.06/s | ETA: 30.2m
  Progress: 34/140 | Rate: 0.06/s | ETA: 29.7m
  Progress: 35/140 | Rate: 0.06/s | ETA: 29.3m
  Progress: 36/140 | Rate: 0.06/s | ETA: 28.4m
  Progress: 37/140 | Rate: 0.06/s | ETA: 28.1m
  Progress: 38/140 | Rate: 0.06/s | ETA: 27.6m
  Progress: 39/140 | Rate: 0.06/s | ETA: 27.2m
  Progress: 40/140 | Rate: 0.06/s | ETA: 27.0m
  Progress: 41/140 | Rate: 0.06/s | ETA: 26.6m
  Progress: 42/140 | Rate: 0.06/s | ETA: 26.7m
  Progress: 43/140 | Rate: 0.06/s | ETA: 26.6m
  Progress: 44/140 | Rate: 0.06/s | ETA: 26.1m
  Progress: 45/140 | Rate: 0.06/s | ETA: 25.8m
  Progress: 46/140 | Rate: 0.06/s | ETA: 25.8m
  Progress: 47/140 | Rate: 0.06/s | ETA: 25.8m
  Progress: 48/140 | Rate: 0.06/s | ETA: 25.4m
  Progress: 49/140 | Rate: 0.06/s | ETA: 25.0m
  Progress: 50/140 | Rate: 0.06/s | ETA: 24.6m
  Progress: 51/140 | Rate: 0.06/s | ETA: 24.4m
  Progress: 52/140 | Rate: 0.06/s | ETA: 24.1m
  Progress: 53/140 | Rate: 0.06/s | ETA: 23.6m
  Progress: 54/140 | Rate: 0.06/s | ETA: 23.2m
  Progress: 55/140 | Rate: 0.06/s | ETA: 23.3m
  Progress: 56/140 | Rate: 0.06/s | ETA: 23.1m
  Progress: 57/140 | Rate: 0.06/s | ETA: 22.8m
  Progress: 58/140 | Rate: 0.06/s | ETA: 22.5m
  Progress: 59/140 | Rate: 0.06/s | ETA: 22.1m
  Progress: 60/140 | Rate: 0.06/s | ETA: 21.7m
  Progress: 61/140 | Rate: 0.06/s | ETA: 21.4m
  Progress: 62/140 | Rate: 0.06/s | ETA: 21.0m
  Progress: 63/140 | Rate: 0.06/s | ETA: 20.8m
  Progress: 64/140 | Rate: 0.06/s | ETA: 20.5m
  Progress: 65/140 | Rate: 0.06/s | ETA: 20.2m
  Progress: 66/140 | Rate: 0.06/s | ETA: 19.8m
  Progress: 67/140 | Rate: 0.06/s | ETA: 19.5m
  Progress: 68/140 | Rate: 0.06/s | ETA: 19.2m
  Progress: 69/140 | Rate: 0.06/s | ETA: 19.0m
  Progress: 70/140 | Rate: 0.06/s | ETA: 18.8m
  Progress: 71/140 | Rate: 0.06/s | ETA: 18.6m
  Progress: 72/140 | Rate: 0.06/s | ETA: 18.3m
  Progress: 73/140 | Rate: 0.06/s | ETA: 18.1m
  Progress: 74/140 | Rate: 0.06/s | ETA: 18.1m
  Progress: 75/140 | Rate: 0.06/s | ETA: 17.9m
  Progress: 76/140 | Rate: 0.06/s | ETA: 17.6m
  Progress: 77/140 | Rate: 0.06/s | ETA: 17.4m
  Progress: 78/140 | Rate: 0.06/s | ETA: 16.9m
  Progress: 79/140 | Rate: 0.06/s | ETA: 16.6m
  Progress: 80/140 | Rate: 0.06/s | ETA: 16.3m
  Progress: 81/140 | Rate: 0.06/s | ETA: 15.9m
  Progress: 82/140 | Rate: 0.06/s | ETA: 15.6m
  Progress: 83/140 | Rate: 0.06/s | ETA: 15.3m
  Progress: 84/140 | Rate: 0.06/s | ETA: 15.1m
  Progress: 85/140 | Rate: 0.06/s | ETA: 14.8m
  Progress: 86/140 | Rate: 0.06/s | ETA: 14.5m
  Progress: 87/140 | Rate: 0.06/s | ETA: 14.1m
  Progress: 88/140 | Rate: 0.06/s | ETA: 13.8m
  Progress: 89/140 | Rate: 0.06/s | ETA: 13.5m
  Progress: 90/140 | Rate: 0.06/s | ETA: 13.2m
  Progress: 91/140 | Rate: 0.06/s | ETA: 12.9m
  Progress: 92/140 | Rate: 0.06/s | ETA: 12.7m
  Progress: 93/140 | Rate: 0.06/s | ETA: 12.4m
  Progress: 94/140 | Rate: 0.06/s | ETA: 12.1m
  Progress: 95/140 | Rate: 0.06/s | ETA: 11.9m
  Progress: 96/140 | Rate: 0.06/s | ETA: 11.6m
  Progress: 97/140 | Rate: 0.06/s | ETA: 11.3m
  Progress: 98/140 | Rate: 0.06/s | ETA: 11.0m
  Progress: 99/140 | Rate: 0.06/s | ETA: 10.7m
  Progress: 100/140 | Rate: 0.06/s | ETA: 10.4m
  Progress: 101/140 | Rate: 0.06/s | ETA: 10.1m
  Progress: 102/140 | Rate: 0.06/s | ETA: 9.8m
  Progress: 103/140 | Rate: 0.06/s | ETA: 9.5m
  Progress: 104/140 | Rate: 0.06/s | ETA: 9.3m
  Progress: 105/140 | Rate: 0.06/s | ETA: 9.0m
  Progress: 106/140 | Rate: 0.06/s | ETA: 8.7m
  Progress: 107/140 | Rate: 0.06/s | ETA: 8.5m
  Progress: 108/140 | Rate: 0.07/s | ETA: 8.2m
  Progress: 109/140 | Rate: 0.07/s | ETA: 7.9m
  Progress: 110/140 | Rate: 0.07/s | ETA: 7.7m
  Progress: 111/140 | Rate: 0.07/s | ETA: 7.4m
  Progress: 112/140 | Rate: 0.07/s | ETA: 7.1m
  Progress: 113/140 | Rate: 0.07/s | ETA: 6.8m
  Progress: 114/140 | Rate: 0.07/s | ETA: 6.6m
  Progress: 115/140 | Rate: 0.07/s | ETA: 6.3m
  Progress: 116/140 | Rate: 0.07/s | ETA: 6.0m
  Progress: 117/140 | Rate: 0.07/s | ETA: 5.8m
  Progress: 118/140 | Rate: 0.07/s | ETA: 5.6m
  Progress: 119/140 | Rate: 0.07/s | ETA: 5.3m
  Progress: 120/140 | Rate: 0.07/s | ETA: 5.1m
  Progress: 121/140 | Rate: 0.07/s | ETA: 4.8m
  Progress: 122/140 | Rate: 0.07/s | ETA: 4.5m
  Progress: 123/140 | Rate: 0.07/s | ETA: 4.3m
  Progress: 124/140 | Rate: 0.07/s | ETA: 4.1m
  Progress: 125/140 | Rate: 0.07/s | ETA: 3.8m
  Progress: 126/140 | Rate: 0.07/s | ETA: 3.5m
  Progress: 127/140 | Rate: 0.07/s | ETA: 3.3m
  Progress: 128/140 | Rate: 0.07/s | ETA: 3.0m
  Progress: 129/140 | Rate: 0.07/s | ETA: 2.8m
  Progress: 130/140 | Rate: 0.07/s | ETA: 2.5m
  Progress: 131/140 | Rate: 0.07/s | ETA: 2.3m
  Progress: 132/140 | Rate: 0.07/s | ETA: 2.0m
  Progress: 133/140 | Rate: 0.07/s | ETA: 1.8m
  Progress: 134/140 | Rate: 0.07/s | ETA: 1.5m
  Progress: 135/140 | Rate: 0.07/s | ETA: 1.3m
  Progress: 136/140 | Rate: 0.07/s | ETA: 1.0m
  Progress: 137/140 | Rate: 0.07/s | ETA: 0.8m
  Progress: 138/140 | Rate: 0.07/s | ETA: 0.5m
  Progress: 139/140 | Rate: 0.07/s | ETA: 0.3m
  Progress: 140/140 | Rate: 0.07/s | ETA: 0.0m

✔ Done. 140 evaluations in 2122.6s (0.07/s)
>>> qwen3_235b_clarification_first_sample0_responses.jsonl  20:20:19Z

============================================================
  Judge:  kimi (moonshotai/kimi-k2-thinking-maas)
  Input:  runs/run_20260521/responses/qwen3_235b_clarification_first_sample0_responses.jsonl
  Output: /home/satvik/Documents/CIKM/runs/run_20260521/evaluations/kimi_evaluations_qwen3_235b_clarification_first_sample0.jsonl
============================================================
  Remaining: 140 rows
  Progress: 1/140 | Rate: 0.08/s | ETA: 30.3m
  Progress: 2/140 | Rate: 0.05/s | ETA: 46.8m
  Progress: 3/140 | Rate: 0.06/s | ETA: 36.2m
  Progress: 4/140 | Rate: 0.05/s | ETA: 45.3m
  Progress: 5/140 | Rate: 0.06/s | ETA: 38.8m
  Progress: 6/140 | Rate: 0.06/s | ETA: 37.6m
  Progress: 7/140 | Rate: 0.07/s | ETA: 34.0m
  Progress: 8/140 | Rate: 0.07/s | ETA: 32.0m
  Progress: 9/140 | Rate: 0.07/s | ETA: 29.8m
  Progress: 10/140 | Rate: 0.08/s | ETA: 28.2m
  Progress: 11/140 | Rate: 0.08/s | ETA: 26.8m
  Progress: 12/140 | Rate: 0.08/s | ETA: 28.4m
  Progress: 13/140 | Rate: 0.08/s | ETA: 27.9m
  Progress: 14/140 | Rate: 0.07/s | ETA: 28.8m
  Progress: 15/140 | Rate: 0.07/s | ETA: 28.0m
  Progress: 16/140 | Rate: 0.07/s | ETA: 27.8m
  Progress: 17/140 | Rate: 0.07/s | ETA: 27.5m
  Progress: 18/140 | Rate: 0.07/s | ETA: 27.1m
  Progress: 19/140 | Rate: 0.08/s | ETA: 26.1m
  Progress: 20/140 | Rate: 0.08/s | ETA: 25.4m
  Progress: 21/140 | Rate: 0.08/s | ETA: 26.3m
  Progress: 22/140 | Rate: 0.07/s | ETA: 26.6m
  Progress: 23/140 | Rate: 0.07/s | ETA: 27.4m
  Progress: 24/140 | Rate: 0.07/s | ETA: 26.8m
  Progress: 25/140 | Rate: 0.07/s | ETA: 26.4m
  Progress: 26/140 | Rate: 0.07/s | ETA: 25.6m
  Progress: 27/140 | Rate: 0.07/s | ETA: 25.2m
  Progress: 28/140 | Rate: 0.08/s | ETA: 24.7m
  Progress: 29/140 | Rate: 0.08/s | ETA: 24.4m
  Progress: 30/140 | Rate: 0.07/s | ETA: 24.5m
  Progress: 31/140 | Rate: 0.07/s | ETA: 25.1m
  Progress: 32/140 | Rate: 0.07/s | ETA: 24.9m
  Progress: 33/140 | Rate: 0.07/s | ETA: 24.2m
  Progress: 34/140 | Rate: 0.07/s | ETA: 24.1m
  Progress: 35/140 | Rate: 0.07/s | ETA: 24.0m
  Progress: 36/140 | Rate: 0.07/s | ETA: 23.5m
  Progress: 37/140 | Rate: 0.07/s | ETA: 23.3m
  Progress: 38/140 | Rate: 0.07/s | ETA: 23.3m
  Progress: 39/140 | Rate: 0.07/s | ETA: 23.2m
  Progress: 40/140 | Rate: 0.07/s | ETA: 23.3m
  Progress: 41/140 | Rate: 0.07/s | ETA: 23.2m
  Progress: 42/140 | Rate: 0.07/s | ETA: 23.1m
  Progress: 43/140 | Rate: 0.07/s | ETA: 23.2m
  Progress: 44/140 | Rate: 0.07/s | ETA: 22.8m
  Progress: 45/140 | Rate: 0.07/s | ETA: 22.5m
  Progress: 46/140 | Rate: 0.07/s | ETA: 22.4m
  Progress: 47/140 | Rate: 0.07/s | ETA: 22.5m
  Progress: 48/140 | Rate: 0.07/s | ETA: 22.4m
  Progress: 49/140 | Rate: 0.07/s | ETA: 22.1m
  Progress: 50/140 | Rate: 0.07/s | ETA: 21.9m
  Progress: 51/140 | Rate: 0.07/s | ETA: 21.6m
  Progress: 52/140 | Rate: 0.07/s | ETA: 22.0m
  Progress: 53/140 | Rate: 0.07/s | ETA: 21.9m
  Progress: 54/140 | Rate: 0.07/s | ETA: 21.7m
  Progress: 55/140 | Rate: 0.07/s | ETA: 21.2m
  Progress: 56/140 | Rate: 0.07/s | ETA: 21.0m
  Progress: 57/140 | Rate: 0.07/s | ETA: 20.6m
  Progress: 58/140 | Rate: 0.07/s | ETA: 20.3m
  Progress: 59/140 | Rate: 0.07/s | ETA: 19.9m
  Progress: 60/140 | Rate: 0.07/s | ETA: 19.7m
  [cat7_orig_001] [Attempt 1] HTTP 429: [{
  "error": {
    "code": 429,
    "message": "Resource exhausted. Please try again later. Please refer to https://clo — waiting 60s
  Progress: 61/140 | Rate: 0.06/s | ETA: 20.9m
  Progress: 62/140 | Rate: 0.06/s | ETA: 20.5m
  Progress: 63/140 | Rate: 0.06/s | ETA: 20.3m
  Progress: 64/140 | Rate: 0.06/s | ETA: 20.0m
  Progress: 65/140 | Rate: 0.06/s | ETA: 19.6m
  Progress: 66/140 | Rate: 0.06/s | ETA: 19.2m
  Progress: 67/140 | Rate: 0.06/s | ETA: 18.9m
  Progress: 68/140 | Rate: 0.06/s | ETA: 18.5m
  Progress: 69/140 | Rate: 0.06/s | ETA: 18.3m
  Progress: 70/140 | Rate: 0.07/s | ETA: 17.9m
  Progress: 71/140 | Rate: 0.07/s | ETA: 17.6m
  Progress: 72/140 | Rate: 0.07/s | ETA: 17.4m
  Progress: 73/140 | Rate: 0.07/s | ETA: 17.0m
  Progress: 74/140 | Rate: 0.07/s | ETA: 16.8m
  Progress: 75/140 | Rate: 0.07/s | ETA: 16.5m
  Progress: 76/140 | Rate: 0.07/s | ETA: 16.3m
  Progress: 77/140 | Rate: 0.07/s | ETA: 16.1m
  Progress: 78/140 | Rate: 0.07/s | ETA: 15.7m
  Progress: 79/140 | Rate: 0.07/s | ETA: 15.4m
  Progress: 80/140 | Rate: 0.07/s | ETA: 15.1m
  Progress: 81/140 | Rate: 0.07/s | ETA: 14.9m
  Progress: 82/140 | Rate: 0.07/s | ETA: 14.7m
  Progress: 83/140 | Rate: 0.07/s | ETA: 14.5m
  Progress: 84/140 | Rate: 0.07/s | ETA: 14.2m
  Progress: 85/140 | Rate: 0.07/s | ETA: 14.0m
  Progress: 86/140 | Rate: 0.07/s | ETA: 13.8m
  Progress: 87/140 | Rate: 0.07/s | ETA: 13.4m
  Progress: 88/140 | Rate: 0.07/s | ETA: 13.3m
  Progress: 89/140 | Rate: 0.07/s | ETA: 13.0m
  Progress: 90/140 | Rate: 0.07/s | ETA: 12.8m
  Progress: 91/140 | Rate: 0.07/s | ETA: 12.5m
  Progress: 92/140 | Rate: 0.07/s | ETA: 12.3m
  Progress: 93/140 | Rate: 0.07/s | ETA: 12.0m
  Progress: 94/140 | Rate: 0.07/s | ETA: 11.7m
  Progress: 95/140 | Rate: 0.06/s | ETA: 11.6m
  Progress: 96/140 | Rate: 0.06/s | ETA: 11.3m
  Progress: 97/140 | Rate: 0.06/s | ETA: 11.2m
  Progress: 98/140 | Rate: 0.06/s | ETA: 10.9m
  Progress: 99/140 | Rate: 0.06/s | ETA: 10.6m
  Progress: 100/140 | Rate: 0.06/s | ETA: 10.3m
  Progress: 101/140 | Rate: 0.07/s | ETA: 10.0m
  Progress: 102/140 | Rate: 0.07/s | ETA: 9.7m
  Progress: 103/140 | Rate: 0.07/s | ETA: 9.5m
  Progress: 104/140 | Rate: 0.06/s | ETA: 9.3m
  Progress: 105/140 | Rate: 0.06/s | ETA: 9.0m
  Progress: 106/140 | Rate: 0.06/s | ETA: 8.8m
  Progress: 107/140 | Rate: 0.06/s | ETA: 8.5m
  Progress: 108/140 | Rate: 0.06/s | ETA: 8.3m
  Progress: 109/140 | Rate: 0.06/s | ETA: 8.0m
  Progress: 110/140 | Rate: 0.06/s | ETA: 7.7m
  Progress: 111/140 | Rate: 0.06/s | ETA: 7.4m
  Progress: 112/140 | Rate: 0.06/s | ETA: 7.2m
  Progress: 113/140 | Rate: 0.06/s | ETA: 6.9m
  Progress: 114/140 | Rate: 0.06/s | ETA: 6.7m
  Progress: 115/140 | Rate: 0.07/s | ETA: 6.4m
  Progress: 116/140 | Rate: 0.07/s | ETA: 6.1m
  Progress: 117/140 | Rate: 0.07/s | ETA: 5.8m
  Progress: 118/140 | Rate: 0.07/s | ETA: 5.6m
  Progress: 119/140 | Rate: 0.07/s | ETA: 5.3m
  Progress: 120/140 | Rate: 0.07/s | ETA: 5.0m
  Progress: 121/140 | Rate: 0.07/s | ETA: 4.8m
  Progress: 122/140 | Rate: 0.07/s | ETA: 4.5m
  Progress: 123/140 | Rate: 0.07/s | ETA: 4.3m
  [Parse error] Expecting value: line 1 column 1 (char 0) — snippet: 
  [cat6_adapted_004] [Attempt 1] Parse failed — retrying
  Progress: 124/140 | Rate: 0.06/s | ETA: 4.2m
  Progress: 125/140 | Rate: 0.06/s | ETA: 3.9m
  Progress: 126/140 | Rate: 0.06/s | ETA: 3.6m
  Progress: 127/140 | Rate: 0.06/s | ETA: 3.4m
  Progress: 128/140 | Rate: 0.06/s | ETA: 3.2m
  Progress: 129/140 | Rate: 0.06/s | ETA: 2.9m
  Progress: 130/140 | Rate: 0.06/s | ETA: 2.6m
  Progress: 131/140 | Rate: 0.06/s | ETA: 2.4m
  Progress: 132/140 | Rate: 0.06/s | ETA: 2.1m
  Progress: 133/140 | Rate: 0.06/s | ETA: 1.8m
  Progress: 134/140 | Rate: 0.06/s | ETA: 1.6m
  Progress: 135/140 | Rate: 0.06/s | ETA: 1.3m
  Progress: 136/140 | Rate: 0.06/s | ETA: 1.0m
  Progress: 137/140 | Rate: 0.06/s | ETA: 0.8m
  Progress: 138/140 | Rate: 0.06/s | ETA: 0.5m
  Progress: 139/140 | Rate: 0.06/s | ETA: 0.3m
  Progress: 140/140 | Rate: 0.06/s | ETA: 0.0m

✔ Done. 140 evaluations in 2174.7s (0.06/s)
>>> qwen3_235b_clarification_first_sample1_responses.jsonl  20:56:38Z

============================================================
  Judge:  kimi (moonshotai/kimi-k2-thinking-maas)
  Input:  runs/run_20260521/responses/qwen3_235b_clarification_first_sample1_responses.jsonl
  Output: /home/satvik/Documents/CIKM/runs/run_20260521/evaluations/kimi_evaluations_qwen3_235b_clarification_first_sample1.jsonl
============================================================
  Remaining: 140 rows
  Progress: 1/140 | Rate: 0.18/s | ETA: 12.5m
  Progress: 2/140 | Rate: 0.11/s | ETA: 20.4m
  Progress: 3/140 | Rate: 0.13/s | ETA: 17.2m
  Progress: 4/140 | Rate: 0.10/s | ETA: 22.5m
  Progress: 5/140 | Rate: 0.11/s | ETA: 21.4m
  Progress: 6/140 | Rate: 0.11/s | ETA: 20.4m
  Progress: 7/140 | Rate: 0.11/s | ETA: 19.7m
  Progress: 8/140 | Rate: 0.12/s | ETA: 18.8m
  Progress: 9/140 | Rate: 0.12/s | ETA: 18.3m
  Progress: 10/140 | Rate: 0.12/s | ETA: 18.7m
  Progress: 11/140 | Rate: 0.10/s | ETA: 21.5m
  Progress: 12/140 | Rate: 0.10/s | ETA: 22.0m
  Progress: 13/140 | Rate: 0.10/s | ETA: 22.1m
  Progress: 14/140 | Rate: 0.09/s | ETA: 22.2m
  Progress: 15/140 | Rate: 0.10/s | ETA: 21.3m
  Progress: 16/140 | Rate: 0.10/s | ETA: 21.4m
  Progress: 17/140 | Rate: 0.09/s | ETA: 22.5m
  Progress: 18/140 | Rate: 0.09/s | ETA: 22.9m
  Progress: 19/140 | Rate: 0.09/s | ETA: 22.3m
  Progress: 20/140 | Rate: 0.09/s | ETA: 22.3m
  Progress: 21/140 | Rate: 0.09/s | ETA: 23.1m
  Progress: 22/140 | Rate: 0.08/s | ETA: 24.1m
  Progress: 23/140 | Rate: 0.08/s | ETA: 23.9m
  Progress: 24/140 | Rate: 0.08/s | ETA: 23.2m
  Progress: 25/140 | Rate: 0.08/s | ETA: 23.1m
  Progress: 26/140 | Rate: 0.08/s | ETA: 22.8m
  Progress: 27/140 | Rate: 0.08/s | ETA: 22.4m
  Progress: 28/140 | Rate: 0.08/s | ETA: 22.1m
  Progress: 29/140 | Rate: 0.08/s | ETA: 22.2m
  Progress: 30/140 | Rate: 0.08/s | ETA: 22.4m
  Progress: 31/140 | Rate: 0.08/s | ETA: 22.1m
  Progress: 32/140 | Rate: 0.08/s | ETA: 22.2m
  Progress: 33/140 | Rate: 0.08/s | ETA: 22.6m
  Progress: 34/140 | Rate: 0.08/s | ETA: 23.1m
  Progress: 35/140 | Rate: 0.08/s | ETA: 23.2m
  Progress: 36/140 | Rate: 0.08/s | ETA: 22.9m
  Progress: 37/140 | Rate: 0.07/s | ETA: 22.9m
  Progress: 38/140 | Rate: 0.07/s | ETA: 23.5m
  Progress: 39/140 | Rate: 0.07/s | ETA: 23.0m
  Progress: 40/140 | Rate: 0.07/s | ETA: 22.7m
  Progress: 41/140 | Rate: 0.07/s | ETA: 22.6m
  Progress: 42/140 | Rate: 0.07/s | ETA: 22.4m
  Progress: 43/140 | Rate: 0.07/s | ETA: 22.2m
  Progress: 44/140 | Rate: 0.07/s | ETA: 22.1m
  Progress: 45/140 | Rate: 0.07/s | ETA: 22.7m
  Progress: 46/140 | Rate: 0.07/s | ETA: 22.9m
  Progress: 47/140 | Rate: 0.07/s | ETA: 23.4m
  Progress: 48/140 | Rate: 0.07/s | ETA: 23.2m
  Progress: 49/140 | Rate: 0.07/s | ETA: 23.2m
  Progress: 50/140 | Rate: 0.07/s | ETA: 22.9m
  Progress: 51/140 | Rate: 0.07/s | ETA: 22.6m
  Progress: 52/140 | Rate: 0.06/s | ETA: 22.9m
  Progress: 53/140 | Rate: 0.06/s | ETA: 22.8m
  Progress: 54/140 | Rate: 0.06/s | ETA: 22.6m
  Progress: 55/140 | Rate: 0.06/s | ETA: 22.2m
  Progress: 56/140 | Rate: 0.06/s | ETA: 22.3m
  Progress: 57/140 | Rate: 0.06/s | ETA: 22.1m
  Progress: 58/140 | Rate: 0.06/s | ETA: 23.1m
  Progress: 59/140 | Rate: 0.06/s | ETA: 23.0m
  Progress: 60/140 | Rate: 0.06/s | ETA: 22.6m
  Progress: 61/140 | Rate: 0.06/s | ETA: 22.4m
  Progress: 62/140 | Rate: 0.06/s | ETA: 22.3m
  Progress: 63/140 | Rate: 0.06/s | ETA: 22.0m
  Progress: 64/140 | Rate: 0.06/s | ETA: 21.6m
  Progress: 65/140 | Rate: 0.06/s | ETA: 21.2m
  Progress: 66/140 | Rate: 0.06/s | ETA: 21.0m
  Progress: 67/140 | Rate: 0.06/s | ETA: 20.8m
  Progress: 68/140 | Rate: 0.06/s | ETA: 20.4m
  Progress: 69/140 | Rate: 0.06/s | ETA: 20.7m
  Progress: 70/140 | Rate: 0.06/s | ETA: 20.3m
  Progress: 71/140 | Rate: 0.06/s | ETA: 19.9m
  Progress: 72/140 | Rate: 0.06/s | ETA: 19.6m
  Progress: 73/140 | Rate: 0.06/s | ETA: 19.3m
  Progress: 74/140 | Rate: 0.06/s | ETA: 19.1m
  Progress: 75/140 | Rate: 0.06/s | ETA: 18.7m
  Progress: 76/140 | Rate: 0.06/s | ETA: 18.7m
  Progress: 77/140 | Rate: 0.06/s | ETA: 18.4m
  Progress: 78/140 | Rate: 0.06/s | ETA: 18.1m
  Progress: 79/140 | Rate: 0.06/s | ETA: 17.8m
  Progress: 80/140 | Rate: 0.06/s | ETA: 17.4m
  Progress: 81/140 | Rate: 0.06/s | ETA: 17.3m
  Progress: 82/140 | Rate: 0.06/s | ETA: 17.1m
  Progress: 83/140 | Rate: 0.06/s | ETA: 16.8m
  Progress: 84/140 | Rate: 0.06/s | ETA: 16.5m
  Progress: 85/140 | Rate: 0.06/s | ETA: 16.2m
  Progress: 86/140 | Rate: 0.06/s | ETA: 15.9m
  Progress: 87/140 | Rate: 0.06/s | ETA: 15.5m
  Progress: 88/140 | Rate: 0.06/s | ETA: 15.1m
  Progress: 89/140 | Rate: 0.06/s | ETA: 14.8m
  Progress: 90/140 | Rate: 0.06/s | ETA: 14.4m
  Progress: 91/140 | Rate: 0.06/s | ETA: 14.0m
  Progress: 92/140 | Rate: 0.06/s | ETA: 13.7m
  Progress: 93/140 | Rate: 0.06/s | ETA: 13.4m
  Progress: 94/140 | Rate: 0.06/s | ETA: 13.1m
  Progress: 95/140 | Rate: 0.06/s | ETA: 12.8m
  Progress: 96/140 | Rate: 0.06/s | ETA: 12.4m
  Progress: 97/140 | Rate: 0.06/s | ETA: 12.1m
  Progress: 98/140 | Rate: 0.06/s | ETA: 11.7m
  Progress: 99/140 | Rate: 0.06/s | ETA: 11.4m
  Progress: 100/140 | Rate: 0.06/s | ETA: 11.1m
  Progress: 101/140 | Rate: 0.06/s | ETA: 10.8m
  Progress: 102/140 | Rate: 0.06/s | ETA: 10.5m
  Progress: 103/140 | Rate: 0.06/s | ETA: 10.2m
  Progress: 104/140 | Rate: 0.06/s | ETA: 9.9m
  Progress: 105/140 | Rate: 0.06/s | ETA: 9.6m
  Progress: 106/140 | Rate: 0.06/s | ETA: 9.3m
  Progress: 107/140 | Rate: 0.06/s | ETA: 9.0m
  Progress: 108/140 | Rate: 0.06/s | ETA: 8.7m
  Progress: 109/140 | Rate: 0.06/s | ETA: 8.4m
  Progress: 110/140 | Rate: 0.06/s | ETA: 8.1m
  Progress: 111/140 | Rate: 0.06/s | ETA: 7.8m
  Progress: 112/140 | Rate: 0.06/s | ETA: 7.5m
  Progress: 113/140 | Rate: 0.06/s | ETA: 7.3m
  Progress: 114/140 | Rate: 0.06/s | ETA: 7.0m
  Progress: 115/140 | Rate: 0.06/s | ETA: 6.8m
  Progress: 116/140 | Rate: 0.06/s | ETA: 6.5m
  Progress: 117/140 | Rate: 0.06/s | ETA: 6.2m
  Progress: 118/140 | Rate: 0.06/s | ETA: 5.9m
  Progress: 119/140 | Rate: 0.06/s | ETA: 5.7m
  Progress: 120/140 | Rate: 0.06/s | ETA: 5.4m
  Progress: 121/140 | Rate: 0.06/s | ETA: 5.1m
  Progress: 122/140 | Rate: 0.06/s | ETA: 4.8m
  Progress: 123/140 | Rate: 0.06/s | ETA: 4.5m
  Progress: 124/140 | Rate: 0.06/s | ETA: 4.3m
  Progress: 125/140 | Rate: 0.06/s | ETA: 4.0m
  Progress: 126/140 | Rate: 0.06/s | ETA: 3.7m
  Progress: 127/140 | Rate: 0.06/s | ETA: 3.4m
  Progress: 128/140 | Rate: 0.06/s | ETA: 3.2m
  Progress: 129/140 | Rate: 0.06/s | ETA: 2.9m
  Progress: 130/140 | Rate: 0.06/s | ETA: 2.6m
  Progress: 131/140 | Rate: 0.06/s | ETA: 2.4m
  Progress: 132/140 | Rate: 0.06/s | ETA: 2.1m
  Progress: 133/140 | Rate: 0.06/s | ETA: 1.8m
  Progress: 134/140 | Rate: 0.06/s | ETA: 1.6m
  Progress: 135/140 | Rate: 0.06/s | ETA: 1.3m
  Progress: 136/140 | Rate: 0.06/s | ETA: 1.0m
  Progress: 137/140 | Rate: 0.06/s | ETA: 0.8m
  Progress: 138/140 | Rate: 0.06/s | ETA: 0.5m
  Progress: 139/140 | Rate: 0.06/s | ETA: 0.3m
  Progress: 140/140 | Rate: 0.06/s | ETA: 0.0m

✔ Done. 140 evaluations in 2221.6s (0.06/s)
>>> qwen3_235b_clarification_first_sample2_responses.jsonl  21:33:40Z

============================================================
  Judge:  kimi (moonshotai/kimi-k2-thinking-maas)
  Input:  runs/run_20260521/responses/qwen3_235b_clarification_first_sample2_responses.jsonl
  Output: /home/satvik/Documents/CIKM/runs/run_20260521/evaluations/kimi_evaluations_qwen3_235b_clarification_first_sample2.jsonl
============================================================
  Remaining: 140 rows
  Progress: 1/140 | Rate: 0.11/s | ETA: 20.7m
  Progress: 2/140 | Rate: 0.06/s | ETA: 36.1m
  Progress: 3/140 | Rate: 0.07/s | ETA: 33.0m
  Progress: 4/140 | Rate: 0.07/s | ETA: 30.7m
  Progress: 5/140 | Rate: 0.07/s | ETA: 30.7m
  Progress: 6/140 | Rate: 0.07/s | ETA: 33.2m
  Progress: 7/140 | Rate: 0.07/s | ETA: 30.3m
  Progress: 8/140 | Rate: 0.08/s | ETA: 28.0m
  Progress: 9/140 | Rate: 0.08/s | ETA: 26.5m
  Progress: 10/140 | Rate: 0.08/s | ETA: 27.6m
  Progress: 11/140 | Rate: 0.07/s | ETA: 28.9m
  Progress: 12/140 | Rate: 0.07/s | ETA: 29.1m
  Progress: 13/140 | Rate: 0.07/s | ETA: 30.7m
  Progress: 14/140 | Rate: 0.07/s | ETA: 30.6m
  Progress: 15/140 | Rate: 0.07/s | ETA: 31.2m
  Progress: 16/140 | Rate: 0.07/s | ETA: 30.8m
  Progress: 17/140 | Rate: 0.07/s | ETA: 30.0m
  Progress: 18/140 | Rate: 0.07/s | ETA: 30.0m
  Progress: 19/140 | Rate: 0.07/s | ETA: 29.6m
  Progress: 20/140 | Rate: 0.07/s | ETA: 28.6m
  Progress: 21/140 | Rate: 0.07/s | ETA: 27.8m
  Progress: 22/140 | Rate: 0.07/s | ETA: 27.6m
  Progress: 23/140 | Rate: 0.07/s | ETA: 28.1m
  Progress: 24/140 | Rate: 0.07/s | ETA: 27.2m
  Progress: 25/140 | Rate: 0.07/s | ETA: 26.7m
  Progress: 26/140 | Rate: 0.07/s | ETA: 26.5m
  Progress: 27/140 | Rate: 0.07/s | ETA: 25.9m
  Progress: 28/140 | Rate: 0.07/s | ETA: 25.9m
  Progress: 29/140 | Rate: 0.07/s | ETA: 26.0m
  Progress: 30/140 | Rate: 0.07/s | ETA: 25.2m
  Progress: 31/140 | Rate: 0.07/s | ETA: 25.3m
  Progress: 32/140 | Rate: 0.07/s | ETA: 25.1m
  Progress: 33/140 | Rate: 0.07/s | ETA: 24.5m
  Progress: 34/140 | Rate: 0.07/s | ETA: 23.9m
  Progress: 35/140 | Rate: 0.07/s | ETA: 24.3m
  Progress: 36/140 | Rate: 0.07/s | ETA: 24.2m
  Progress: 37/140 | Rate: 0.07/s | ETA: 23.9m
  Progress: 38/140 | Rate: 0.07/s | ETA: 23.8m
  Progress: 39/140 | Rate: 0.07/s | ETA: 23.3m
  Progress: 40/140 | Rate: 0.07/s | ETA: 22.9m
  Progress: 41/140 | Rate: 0.07/s | ETA: 22.9m
  Progress: 42/140 | Rate: 0.07/s | ETA: 23.0m
  Progress: 43/140 | Rate: 0.07/s | ETA: 23.3m
  Progress: 44/140 | Rate: 0.07/s | ETA: 22.8m
  Progress: 45/140 | Rate: 0.07/s | ETA: 23.0m
  Progress: 46/140 | Rate: 0.07/s | ETA: 22.7m
  Progress: 47/140 | Rate: 0.07/s | ETA: 23.3m
  Progress: 48/140 | Rate: 0.07/s | ETA: 23.2m
  Progress: 49/140 | Rate: 0.07/s | ETA: 23.2m
  Progress: 50/140 | Rate: 0.06/s | ETA: 23.1m
  Progress: 51/140 | Rate: 0.07/s | ETA: 22.7m
  Progress: 52/140 | Rate: 0.06/s | ETA: 23.0m
  Progress: 53/140 | Rate: 0.06/s | ETA: 22.7m
  Progress: 54/140 | Rate: 0.06/s | ETA: 22.7m
  Progress: 55/140 | Rate: 0.06/s | ETA: 22.5m
  Progress: 56/140 | Rate: 0.06/s | ETA: 22.1m
  Progress: 57/140 | Rate: 0.06/s | ETA: 21.7m
  Progress: 58/140 | Rate: 0.06/s | ETA: 21.6m
  Progress: 59/140 | Rate: 0.06/s | ETA: 21.3m
  Progress: 60/140 | Rate: 0.06/s | ETA: 21.1m
  Progress: 61/140 | Rate: 0.06/s | ETA: 20.8m
  Progress: 62/140 | Rate: 0.06/s | ETA: 20.4m
  Progress: 63/140 | Rate: 0.06/s | ETA: 20.1m
  Progress: 64/140 | Rate: 0.06/s | ETA: 19.9m
  Progress: 65/140 | Rate: 0.06/s | ETA: 19.6m
  Progress: 66/140 | Rate: 0.06/s | ETA: 19.2m
  Progress: 67/140 | Rate: 0.06/s | ETA: 18.8m
  Progress: 68/140 | Rate: 0.06/s | ETA: 18.6m
  Progress: 69/140 | Rate: 0.06/s | ETA: 18.4m
  Progress: 70/140 | Rate: 0.06/s | ETA: 18.2m
  Progress: 71/140 | Rate: 0.06/s | ETA: 17.9m
  Progress: 72/140 | Rate: 0.06/s | ETA: 17.7m
  Progress: 73/140 | Rate: 0.06/s | ETA: 17.6m
  Progress: 74/140 | Rate: 0.06/s | ETA: 17.4m
  Progress: 75/140 | Rate: 0.06/s | ETA: 17.2m
  Progress: 76/140 | Rate: 0.06/s | ETA: 17.3m
  Progress: 77/140 | Rate: 0.06/s | ETA: 17.1m
  Progress: 78/140 | Rate: 0.06/s | ETA: 16.8m
  Progress: 79/140 | Rate: 0.06/s | ETA: 16.4m
  Progress: 80/140 | Rate: 0.06/s | ETA: 16.2m
  Progress: 81/140 | Rate: 0.06/s | ETA: 16.1m
  Progress: 82/140 | Rate: 0.06/s | ETA: 16.0m
  Progress: 83/140 | Rate: 0.06/s | ETA: 15.7m
  Progress: 84/140 | Rate: 0.06/s | ETA: 15.4m
  Progress: 85/140 | Rate: 0.06/s | ETA: 15.3m
  Progress: 86/140 | Rate: 0.06/s | ETA: 15.0m
  Progress: 87/140 | Rate: 0.06/s | ETA: 14.6m
  Progress: 88/140 | Rate: 0.06/s | ETA: 14.3m
  Progress: 89/140 | Rate: 0.06/s | ETA: 14.1m
  Progress: 90/140 | Rate: 0.06/s | ETA: 14.0m
  Progress: 91/140 | Rate: 0.06/s | ETA: 13.7m
  Progress: 92/140 | Rate: 0.06/s | ETA: 13.7m
  Progress: 93/140 | Rate: 0.06/s | ETA: 13.4m
  Progress: 94/140 | Rate: 0.06/s | ETA: 13.1m
  Progress: 95/140 | Rate: 0.06/s | ETA: 12.8m
  Progress: 96/140 | Rate: 0.06/s | ETA: 12.4m
  Progress: 97/140 | Rate: 0.06/s | ETA: 12.1m
  Progress: 98/140 | Rate: 0.06/s | ETA: 11.9m
  Progress: 99/140 | Rate: 0.06/s | ETA: 11.6m
  Progress: 100/140 | Rate: 0.06/s | ETA: 11.2m
  Progress: 101/140 | Rate: 0.06/s | ETA: 11.0m
  Progress: 102/140 | Rate: 0.06/s | ETA: 10.6m
  Progress: 103/140 | Rate: 0.06/s | ETA: 10.3m
  Progress: 104/140 | Rate: 0.06/s | ETA: 10.0m
  Progress: 105/140 | Rate: 0.06/s | ETA: 9.7m
  Progress: 106/140 | Rate: 0.06/s | ETA: 9.4m
  Progress: 107/140 | Rate: 0.06/s | ETA: 9.0m
  Progress: 108/140 | Rate: 0.06/s | ETA: 8.7m
  Progress: 109/140 | Rate: 0.06/s | ETA: 8.5m
  Progress: 110/140 | Rate: 0.06/s | ETA: 8.3m
  Progress: 111/140 | Rate: 0.06/s | ETA: 8.0m
  Progress: 112/140 | Rate: 0.06/s | ETA: 7.9m
  Progress: 113/140 | Rate: 0.06/s | ETA: 7.6m
  Progress: 114/140 | Rate: 0.06/s | ETA: 7.3m
  Progress: 115/140 | Rate: 0.06/s | ETA: 7.0m
  Progress: 116/140 | Rate: 0.06/s | ETA: 6.7m
  Progress: 117/140 | Rate: 0.06/s | ETA: 6.5m
  Progress: 118/140 | Rate: 0.06/s | ETA: 6.2m
  Progress: 119/140 | Rate: 0.06/s | ETA: 5.9m
  Progress: 120/140 | Rate: 0.06/s | ETA: 5.6m
  Progress: 121/140 | Rate: 0.06/s | ETA: 5.4m
  Progress: 122/140 | Rate: 0.06/s | ETA: 5.1m
  Progress: 123/140 | Rate: 0.06/s | ETA: 4.8m
  Progress: 124/140 | Rate: 0.06/s | ETA: 4.6m
  Progress: 125/140 | Rate: 0.06/s | ETA: 4.3m
  Progress: 126/140 | Rate: 0.06/s | ETA: 3.9m
  Progress: 127/140 | Rate: 0.06/s | ETA: 3.7m
  Progress: 128/140 | Rate: 0.06/s | ETA: 3.4m
  Progress: 129/140 | Rate: 0.06/s | ETA: 3.1m
  Progress: 130/140 | Rate: 0.06/s | ETA: 2.9m
  Progress: 131/140 | Rate: 0.06/s | ETA: 2.6m
  Progress: 132/140 | Rate: 0.06/s | ETA: 2.3m
  Progress: 133/140 | Rate: 0.06/s | ETA: 2.0m
  Progress: 134/140 | Rate: 0.06/s | ETA: 1.7m
  Progress: 135/140 | Rate: 0.06/s | ETA: 1.4m
  Progress: 136/140 | Rate: 0.06/s | ETA: 1.1m
  Progress: 137/140 | Rate: 0.06/s | ETA: 0.8m
  Progress: 138/140 | Rate: 0.06/s | ETA: 0.6m
  Progress: 139/140 | Rate: 0.06/s | ETA: 0.3m
  Progress: 140/140 | Rate: 0.06/s | ETA: 0.0m

✔ Done. 140 evaluations in 2376.0s (0.06/s)
>>> qwen3_235b_neutrality_oriented_sample0_responses.jsonl  22:13:17Z

============================================================
  Judge:  kimi (moonshotai/kimi-k2-thinking-maas)
  Input:  runs/run_20260521/responses/qwen3_235b_neutrality_oriented_sample0_responses.jsonl
  Output: /home/satvik/Documents/CIKM/runs/run_20260521/evaluations/kimi_evaluations_qwen3_235b_neutrality_oriented_sample0.jsonl
============================================================
  Remaining: 140 rows
  Progress: 1/140 | Rate: 0.06/s | ETA: 37.9m
  Progress: 2/140 | Rate: 0.06/s | ETA: 36.5m
  Progress: 3/140 | Rate: 0.07/s | ETA: 34.2m
  Progress: 4/140 | Rate: 0.06/s | ETA: 35.1m
  Progress: 5/140 | Rate: 0.07/s | ETA: 33.9m
  Progress: 6/140 | Rate: 0.07/s | ETA: 32.2m
  Progress: 7/140 | Rate: 0.07/s | ETA: 31.5m
  Progress: 8/140 | Rate: 0.08/s | ETA: 28.7m
  Progress: 9/140 | Rate: 0.07/s | ETA: 29.9m
  Progress: 10/140 | Rate: 0.07/s | ETA: 29.9m
  Progress: 11/140 | Rate: 0.07/s | ETA: 29.1m
  Progress: 12/140 | Rate: 0.07/s | ETA: 28.9m
  Progress: 13/140 | Rate: 0.07/s | ETA: 28.3m
  Progress: 14/140 | Rate: 0.08/s | ETA: 27.2m
  Progress: 15/140 | Rate: 0.08/s | ETA: 26.9m
  Progress: 16/140 | Rate: 0.07/s | ETA: 27.9m
  Progress: 17/140 | Rate: 0.08/s | ETA: 27.3m
  Progress: 18/140 | Rate: 0.08/s | ETA: 26.9m
  Progress: 19/140 | Rate: 0.08/s | ETA: 26.8m
  Progress: 20/140 | Rate: 0.08/s | ETA: 26.0m
  Progress: 21/140 | Rate: 0.08/s | ETA: 26.0m
  Progress: 22/140 | Rate: 0.08/s | ETA: 25.6m
  Progress: 23/140 | Rate: 0.08/s | ETA: 24.9m
  Progress: 24/140 | Rate: 0.08/s | ETA: 24.7m
  Progress: 25/140 | Rate: 0.08/s | ETA: 24.5m
  Progress: 26/140 | Rate: 0.08/s | ETA: 24.5m
  Progress: 27/140 | Rate: 0.08/s | ETA: 24.3m
  Progress: 28/140 | Rate: 0.07/s | ETA: 24.9m
  Progress: 29/140 | Rate: 0.07/s | ETA: 25.1m
  Progress: 30/140 | Rate: 0.07/s | ETA: 25.2m
  Progress: 31/140 | Rate: 0.07/s | ETA: 25.5m
  Progress: 32/140 | Rate: 0.07/s | ETA: 25.3m
  Progress: 33/140 | Rate: 0.07/s | ETA: 25.0m
  Progress: 34/140 | Rate: 0.07/s | ETA: 24.7m
  Progress: 35/140 | Rate: 0.07/s | ETA: 25.7m
  Progress: 36/140 | Rate: 0.07/s | ETA: 25.9m
  Progress: 37/140 | Rate: 0.07/s | ETA: 25.3m
  Progress: 38/140 | Rate: 0.07/s | ETA: 25.5m
  Progress: 39/140 | Rate: 0.07/s | ETA: 25.5m
  Progress: 40/140 | Rate: 0.07/s | ETA: 25.3m
  Progress: 41/140 | Rate: 0.07/s | ETA: 24.9m
  Progress: 42/140 | Rate: 0.07/s | ETA: 25.0m
  Progress: 43/140 | Rate: 0.06/s | ETA: 25.1m
  Progress: 44/140 | Rate: 0.06/s | ETA: 25.0m
  Progress: 45/140 | Rate: 0.06/s | ETA: 24.9m
  Progress: 46/140 | Rate: 0.06/s | ETA: 25.6m
  Progress: 47/140 | Rate: 0.06/s | ETA: 25.1m
  Progress: 48/140 | Rate: 0.06/s | ETA: 25.4m
  Progress: 49/140 | Rate: 0.06/s | ETA: 24.8m
  Progress: 50/140 | Rate: 0.06/s | ETA: 24.6m
  Progress: 51/140 | Rate: 0.06/s | ETA: 24.8m
  Progress: 52/140 | Rate: 0.06/s | ETA: 24.4m
  Progress: 53/140 | Rate: 0.06/s | ETA: 24.1m
  Progress: 54/140 | Rate: 0.06/s | ETA: 24.0m
  Progress: 55/140 | Rate: 0.06/s | ETA: 24.2m
  Progress: 56/140 | Rate: 0.06/s | ETA: 23.7m
  Progress: 57/140 | Rate: 0.06/s | ETA: 24.1m
  Progress: 58/140 | Rate: 0.06/s | ETA: 24.1m
  Progress: 59/140 | Rate: 0.06/s | ETA: 24.1m
  Progress: 60/140 | Rate: 0.06/s | ETA: 23.8m
  Progress: 61/140 | Rate: 0.06/s | ETA: 23.4m
  Progress: 62/140 | Rate: 0.06/s | ETA: 23.0m
  Progress: 63/140 | Rate: 0.06/s | ETA: 22.8m
  Progress: 64/140 | Rate: 0.06/s | ETA: 22.6m
  Progress: 65/140 | Rate: 0.06/s | ETA: 22.1m
  Progress: 66/140 | Rate: 0.06/s | ETA: 22.1m
  Progress: 67/140 | Rate: 0.06/s | ETA: 21.8m
  Progress: 68/140 | Rate: 0.06/s | ETA: 21.4m
  Progress: 69/140 | Rate: 0.05/s | ETA: 21.5m
  Progress: 70/140 | Rate: 0.06/s | ETA: 21.1m
  Progress: 71/140 | Rate: 0.05/s | ETA: 21.3m
  Progress: 72/140 | Rate: 0.05/s | ETA: 20.9m
  Progress: 73/140 | Rate: 0.05/s | ETA: 20.5m
  Progress: 74/140 | Rate: 0.05/s | ETA: 20.3m
  Progress: 75/140 | Rate: 0.05/s | ETA: 20.1m
  Progress: 76/140 | Rate: 0.05/s | ETA: 19.8m
  Progress: 77/140 | Rate: 0.05/s | ETA: 19.6m
  Progress: 78/140 | Rate: 0.05/s | ETA: 19.3m
  Progress: 79/140 | Rate: 0.05/s | ETA: 18.9m
  Progress: 80/140 | Rate: 0.05/s | ETA: 18.5m
  Progress: 81/140 | Rate: 0.05/s | ETA: 18.2m
  Progress: 82/140 | Rate: 0.05/s | ETA: 18.0m
  Progress: 83/140 | Rate: 0.05/s | ETA: 17.7m
  Progress: 84/140 | Rate: 0.05/s | ETA: 17.2m
  Progress: 85/140 | Rate: 0.05/s | ETA: 16.9m
  Progress: 86/140 | Rate: 0.05/s | ETA: 16.5m
  Progress: 87/140 | Rate: 0.05/s | ETA: 16.2m
  Progress: 88/140 | Rate: 0.05/s | ETA: 15.9m
  Progress: 89/140 | Rate: 0.05/s | ETA: 15.5m
  Progress: 90/140 | Rate: 0.06/s | ETA: 15.1m
  Progress: 91/140 | Rate: 0.06/s | ETA: 14.8m
  Progress: 92/140 | Rate: 0.06/s | ETA: 14.4m
  Progress: 93/140 | Rate: 0.06/s | ETA: 14.1m
  Progress: 94/140 | Rate: 0.06/s | ETA: 13.7m
  Progress: 95/140 | Rate: 0.06/s | ETA: 13.5m
  Progress: 96/140 | Rate: 0.06/s | ETA: 13.2m
  Progress: 97/140 | Rate: 0.06/s | ETA: 12.8m
  Progress: 98/140 | Rate: 0.06/s | ETA: 12.5m
  Progress: 99/140 | Rate: 0.06/s | ETA: 12.2m
  Progress: 100/140 | Rate: 0.06/s | ETA: 11.9m
  Progress: 101/140 | Rate: 0.06/s | ETA: 11.7m
  Progress: 102/140 | Rate: 0.06/s | ETA: 11.4m
  Progress: 103/140 | Rate: 0.06/s | ETA: 11.1m
  Progress: 104/140 | Rate: 0.06/s | ETA: 10.8m
  Progress: 105/140 | Rate: 0.06/s | ETA: 10.5m
  Progress: 106/140 | Rate: 0.06/s | ETA: 10.1m
  Progress: 107/140 | Rate: 0.06/s | ETA: 9.8m
  Progress: 108/140 | Rate: 0.06/s | ETA: 9.7m
  Progress: 109/140 | Rate: 0.06/s | ETA: 9.3m
  Progress: 110/140 | Rate: 0.06/s | ETA: 9.0m
  Progress: 111/140 | Rate: 0.06/s | ETA: 8.7m
  Progress: 112/140 | Rate: 0.06/s | ETA: 8.4m
  Progress: 113/140 | Rate: 0.06/s | ETA: 8.2m
  Progress: 114/140 | Rate: 0.06/s | ETA: 7.8m
  Progress: 115/140 | Rate: 0.06/s | ETA: 7.5m
  Progress: 116/140 | Rate: 0.06/s | ETA: 7.2m
  Progress: 117/140 | Rate: 0.06/s | ETA: 6.9m
  Progress: 118/140 | Rate: 0.06/s | ETA: 6.6m
  Progress: 119/140 | Rate: 0.06/s | ETA: 6.3m
  Progress: 120/140 | Rate: 0.06/s | ETA: 6.0m
  Progress: 121/140 | Rate: 0.06/s | ETA: 5.7m
  Progress: 122/140 | Rate: 0.06/s | ETA: 5.4m
  Progress: 123/140 | Rate: 0.06/s | ETA: 5.1m
  Progress: 124/140 | Rate: 0.06/s | ETA: 4.8m
  Progress: 125/140 | Rate: 0.06/s | ETA: 4.5m
  Progress: 126/140 | Rate: 0.06/s | ETA: 4.2m
  Progress: 127/140 | Rate: 0.05/s | ETA: 3.9m
  Progress: 128/140 | Rate: 0.05/s | ETA: 3.6m
  Progress: 129/140 | Rate: 0.06/s | ETA: 3.3m
  Progress: 130/140 | Rate: 0.05/s | ETA: 3.0m
  Progress: 131/140 | Rate: 0.06/s | ETA: 2.7m
  Progress: 132/140 | Rate: 0.06/s | ETA: 2.4m
  Progress: 133/140 | Rate: 0.06/s | ETA: 2.1m
  Progress: 134/140 | Rate: 0.06/s | ETA: 1.8m
  Progress: 135/140 | Rate: 0.06/s | ETA: 1.5m
  Progress: 136/140 | Rate: 0.06/s | ETA: 1.2m
  Progress: 137/140 | Rate: 0.06/s | ETA: 0.9m
  Progress: 138/140 | Rate: 0.05/s | ETA: 0.6m
  Progress: 139/140 | Rate: 0.05/s | ETA: 0.3m
  Progress: 140/140 | Rate: 0.06/s | ETA: 0.0m

✔ Done. 140 evaluations in 2544.9s (0.06/s)
>>> qwen3_235b_neutrality_oriented_sample1_responses.jsonl  22:55:53Z

============================================================
  Judge:  kimi (moonshotai/kimi-k2-thinking-maas)
  Input:  runs/run_20260521/responses/qwen3_235b_neutrality_oriented_sample1_responses.jsonl
  Output: /home/satvik/Documents/CIKM/runs/run_20260521/evaluations/kimi_evaluations_qwen3_235b_neutrality_oriented_sample1.jsonl
============================================================
  Remaining: 140 rows
  Progress: 1/140 | Rate: 0.11/s | ETA: 20.3m
  Progress: 2/140 | Rate: 0.07/s | ETA: 33.1m
  Progress: 3/140 | Rate: 0.06/s | ETA: 37.4m
  Progress: 4/140 | Rate: 0.07/s | ETA: 34.7m
  Progress: 5/140 | Rate: 0.06/s | ETA: 39.2m
  Progress: 6/140 | Rate: 0.06/s | ETA: 37.3m
  Progress: 7/140 | Rate: 0.06/s | ETA: 36.4m
  Progress: 8/140 | Rate: 0.06/s | ETA: 35.5m
  Progress: 9/140 | Rate: 0.06/s | ETA: 38.1m
  Progress: 10/140 | Rate: 0.05/s | ETA: 41.1m
  Progress: 11/140 | Rate: 0.05/s | ETA: 40.2m
  Progress: 12/140 | Rate: 0.05/s | ETA: 40.9m
  Progress: 13/140 | Rate: 0.05/s | ETA: 40.5m
  Progress: 14/140 | Rate: 0.05/s | ETA: 40.3m
  Progress: 15/140 | Rate: 0.05/s | ETA: 38.7m
  Progress: 16/140 | Rate: 0.05/s | ETA: 38.1m
  Progress: 17/140 | Rate: 0.06/s | ETA: 37.2m
  Progress: 18/140 | Rate: 0.06/s | ETA: 36.3m
  Progress: 19/140 | Rate: 0.06/s | ETA: 35.8m
  Progress: 20/140 | Rate: 0.06/s | ETA: 34.9m
  Progress: 21/140 | Rate: 0.06/s | ETA: 35.4m
  Progress: 22/140 | Rate: 0.06/s | ETA: 34.5m
  Progress: 23/140 | Rate: 0.06/s | ETA: 34.8m
  Progress: 24/140 | Rate: 0.06/s | ETA: 34.3m
  Progress: 25/140 | Rate: 0.06/s | ETA: 34.0m
  Progress: 26/140 | Rate: 0.06/s | ETA: 33.5m
  Progress: 27/140 | Rate: 0.06/s | ETA: 32.8m
  Progress: 28/140 | Rate: 0.06/s | ETA: 32.1m
  Progress: 29/140 | Rate: 0.06/s | ETA: 31.6m
  Progress: 30/140 | Rate: 0.06/s | ETA: 31.6m
  Progress: 31/140 | Rate: 0.06/s | ETA: 31.4m
  Progress: 32/140 | Rate: 0.06/s | ETA: 31.4m
  Progress: 33/140 | Rate: 0.06/s | ETA: 32.4m
  Progress: 34/140 | Rate: 0.06/s | ETA: 31.9m
  Progress: 35/140 | Rate: 0.05/s | ETA: 31.9m
  Progress: 36/140 | Rate: 0.06/s | ETA: 31.4m
  Progress: 37/140 | Rate: 0.06/s | ETA: 30.8m
  Progress: 38/140 | Rate: 0.06/s | ETA: 30.7m
  Progress: 39/140 | Rate: 0.05/s | ETA: 30.7m
  Progress: 40/140 | Rate: 0.05/s | ETA: 30.5m
  Progress: 41/140 | Rate: 0.06/s | ETA: 30.0m
  Progress: 42/140 | Rate: 0.06/s | ETA: 29.4m
  Progress: 43/140 | Rate: 0.06/s | ETA: 29.3m
  Progress: 44/140 | Rate: 0.06/s | ETA: 28.8m
  Progress: 45/140 | Rate: 0.06/s | ETA: 28.3m
  Progress: 46/140 | Rate: 0.06/s | ETA: 27.9m
  Progress: 47/140 | Rate: 0.06/s | ETA: 27.4m
  Progress: 48/140 | Rate: 0.06/s | ETA: 27.0m
  Progress: 49/140 | Rate: 0.06/s | ETA: 26.9m
  Progress: 50/140 | Rate: 0.06/s | ETA: 26.7m
  Progress: 51/140 | Rate: 0.06/s | ETA: 26.3m
  Progress: 52/140 | Rate: 0.06/s | ETA: 25.9m
  Progress: 53/140 | Rate: 0.06/s | ETA: 25.4m
  Progress: 54/140 | Rate: 0.06/s | ETA: 25.3m
  Progress: 55/140 | Rate: 0.06/s | ETA: 24.8m
  Progress: 56/140 | Rate: 0.06/s | ETA: 24.4m
  Progress: 57/140 | Rate: 0.06/s | ETA: 24.2m
  Progress: 58/140 | Rate: 0.06/s | ETA: 24.0m
  Progress: 59/140 | Rate: 0.06/s | ETA: 23.7m
  Progress: 60/140 | Rate: 0.06/s | ETA: 23.6m
  Progress: 61/140 | Rate: 0.06/s | ETA: 23.2m
  Progress: 62/140 | Rate: 0.06/s | ETA: 22.9m
  Progress: 63/140 | Rate: 0.06/s | ETA: 22.6m
  Progress: 64/140 | Rate: 0.06/s | ETA: 22.7m
  Progress: 65/140 | Rate: 0.06/s | ETA: 22.2m
  Progress: 66/140 | Rate: 0.06/s | ETA: 21.7m
  Progress: 67/140 | Rate: 0.06/s | ETA: 21.7m
  Progress: 68/140 | Rate: 0.06/s | ETA: 21.2m
  Progress: 69/140 | Rate: 0.06/s | ETA: 21.0m
  Progress: 70/140 | Rate: 0.06/s | ETA: 20.6m
  Progress: 71/140 | Rate: 0.06/s | ETA: 20.4m
  Progress: 72/140 | Rate: 0.06/s | ETA: 20.0m
  Progress: 73/140 | Rate: 0.06/s | ETA: 19.7m
  Progress: 74/140 | Rate: 0.06/s | ETA: 19.3m
  Progress: 75/140 | Rate: 0.06/s | ETA: 19.0m
  Progress: 76/140 | Rate: 0.06/s | ETA: 18.7m
  Progress: 77/140 | Rate: 0.06/s | ETA: 18.4m
  Progress: 78/140 | Rate: 0.06/s | ETA: 18.2m
  Progress: 79/140 | Rate: 0.06/s | ETA: 17.8m
  Progress: 80/140 | Rate: 0.06/s | ETA: 17.5m
  Progress: 81/140 | Rate: 0.06/s | ETA: 17.1m
  Progress: 82/140 | Rate: 0.06/s | ETA: 16.7m
  Progress: 83/140 | Rate: 0.06/s | ETA: 16.4m
  Progress: 84/140 | Rate: 0.06/s | ETA: 16.0m
  Progress: 85/140 | Rate: 0.06/s | ETA: 15.7m
  Progress: 86/140 | Rate: 0.06/s | ETA: 15.3m
  Progress: 87/140 | Rate: 0.06/s | ETA: 15.0m
  Progress: 88/140 | Rate: 0.06/s | ETA: 14.7m
  Progress: 89/140 | Rate: 0.06/s | ETA: 14.4m
  Progress: 90/140 | Rate: 0.06/s | ETA: 14.0m
  Progress: 91/140 | Rate: 0.06/s | ETA: 13.7m
  Progress: 92/140 | Rate: 0.06/s | ETA: 13.4m
  Progress: 93/140 | Rate: 0.06/s | ETA: 13.1m
  Progress: 94/140 | Rate: 0.06/s | ETA: 12.9m
  Progress: 95/140 | Rate: 0.06/s | ETA: 12.5m
  Progress: 96/140 | Rate: 0.06/s | ETA: 12.2m
  Progress: 97/140 | Rate: 0.06/s | ETA: 12.0m
  Progress: 98/140 | Rate: 0.06/s | ETA: 11.6m
  Progress: 99/140 | Rate: 0.06/s | ETA: 11.3m
  Progress: 100/140 | Rate: 0.06/s | ETA: 11.1m
  Progress: 101/140 | Rate: 0.06/s | ETA: 10.8m
  Progress: 102/140 | Rate: 0.06/s | ETA: 10.5m
  Progress: 103/140 | Rate: 0.06/s | ETA: 10.2m
  Progress: 104/140 | Rate: 0.06/s | ETA: 9.9m
  Progress: 105/140 | Rate: 0.06/s | ETA: 9.6m
  Progress: 106/140 | Rate: 0.06/s | ETA: 9.3m
  Progress: 107/140 | Rate: 0.06/s | ETA: 9.0m
  Progress: 108/140 | Rate: 0.06/s | ETA: 8.7m
  Progress: 109/140 | Rate: 0.06/s | ETA: 8.4m
  Progress: 110/140 | Rate: 0.06/s | ETA: 8.2m
  Progress: 111/140 | Rate: 0.06/s | ETA: 7.9m
  Progress: 112/140 | Rate: 0.06/s | ETA: 7.5m
  Progress: 113/140 | Rate: 0.06/s | ETA: 7.3m
  Progress: 114/140 | Rate: 0.06/s | ETA: 7.0m
  Progress: 115/140 | Rate: 0.06/s | ETA: 6.7m
  Progress: 116/140 | Rate: 0.06/s | ETA: 6.5m
  Progress: 117/140 | Rate: 0.06/s | ETA: 6.3m
  Progress: 118/140 | Rate: 0.06/s | ETA: 6.0m
  Progress: 119/140 | Rate: 0.06/s | ETA: 5.8m
  Progress: 120/140 | Rate: 0.06/s | ETA: 5.5m
  Progress: 121/140 | Rate: 0.06/s | ETA: 5.3m
  Progress: 122/140 | Rate: 0.06/s | ETA: 5.0m
  Progress: 123/140 | Rate: 0.06/s | ETA: 4.7m
  Progress: 124/140 | Rate: 0.06/s | ETA: 4.5m
  Progress: 125/140 | Rate: 0.06/s | ETA: 4.2m
  Progress: 126/140 | Rate: 0.06/s | ETA: 3.9m
  Progress: 127/140 | Rate: 0.06/s | ETA: 3.6m
  Progress: 128/140 | Rate: 0.06/s | ETA: 3.4m
  Progress: 129/140 | Rate: 0.06/s | ETA: 3.1m
  Progress: 130/140 | Rate: 0.06/s | ETA: 2.8m
  Progress: 131/140 | Rate: 0.06/s | ETA: 2.5m
  Progress: 132/140 | Rate: 0.06/s | ETA: 2.2m
  Progress: 133/140 | Rate: 0.06/s | ETA: 1.9m
  Progress: 134/140 | Rate: 0.06/s | ETA: 1.7m
  Progress: 135/140 | Rate: 0.06/s | ETA: 1.4m
  Progress: 136/140 | Rate: 0.06/s | ETA: 1.1m
  Progress: 137/140 | Rate: 0.06/s | ETA: 0.8m
  Progress: 138/140 | Rate: 0.06/s | ETA: 0.6m
  Progress: 139/140 | Rate: 0.06/s | ETA: 0.3m
  Progress: 140/140 | Rate: 0.06/s | ETA: 0.0m

✔ Done. 140 evaluations in 2295.4s (0.06/s)
>>> qwen3_235b_neutrality_oriented_sample2_responses.jsonl  23:34:09Z

============================================================
  Judge:  kimi (moonshotai/kimi-k2-thinking-maas)
  Input:  runs/run_20260521/responses/qwen3_235b_neutrality_oriented_sample2_responses.jsonl
  Output: /home/satvik/Documents/CIKM/runs/run_20260521/evaluations/kimi_evaluations_qwen3_235b_neutrality_oriented_sample2.jsonl
============================================================
  Remaining: 140 rows
  Progress: 1/140 | Rate: 0.04/s | ETA: 54.4m
  Progress: 2/140 | Rate: 0.05/s | ETA: 43.0m
  Progress: 3/140 | Rate: 0.06/s | ETA: 36.1m
  Progress: 4/140 | Rate: 0.06/s | ETA: 35.1m
  Progress: 5/140 | Rate: 0.07/s | ETA: 33.2m
  Progress: 6/140 | Rate: 0.07/s | ETA: 33.2m
  Progress: 7/140 | Rate: 0.07/s | ETA: 33.5m
  Progress: 8/140 | Rate: 0.06/s | ETA: 33.9m
  Progress: 9/140 | Rate: 0.07/s | ETA: 33.1m
  Progress: 10/140 | Rate: 0.07/s | ETA: 32.2m
  Progress: 11/140 | Rate: 0.06/s | ETA: 33.7m
  Progress: 12/140 | Rate: 0.06/s | ETA: 34.0m
  Progress: 13/140 | Rate: 0.06/s | ETA: 33.2m
  Progress: 14/140 | Rate: 0.07/s | ETA: 32.3m
  Progress: 15/140 | Rate: 0.07/s | ETA: 31.0m
  Progress: 16/140 | Rate: 0.07/s | ETA: 30.9m
  Progress: 17/140 | Rate: 0.07/s | ETA: 30.1m
  Progress: 18/140 | Rate: 0.07/s | ETA: 29.8m
  Progress: 19/140 | Rate: 0.07/s | ETA: 29.6m
  Progress: 20/140 | Rate: 0.07/s | ETA: 28.9m
  Progress: 21/140 | Rate: 0.07/s | ETA: 28.7m
  Progress: 22/140 | Rate: 0.07/s | ETA: 28.2m
  Progress: 23/140 | Rate: 0.07/s | ETA: 27.3m
  Progress: 24/140 | Rate: 0.07/s | ETA: 27.9m
  Progress: 25/140 | Rate: 0.07/s | ETA: 28.2m
  Progress: 26/140 | Rate: 0.07/s | ETA: 28.0m
  Progress: 27/140 | Rate: 0.07/s | ETA: 28.3m
  Progress: 28/140 | Rate: 0.07/s | ETA: 27.7m
  Progress: 29/140 | Rate: 0.07/s | ETA: 27.9m
  Progress: 30/140 | Rate: 0.06/s | ETA: 28.5m
  Progress: 31/140 | Rate: 0.07/s | ETA: 27.9m
  Progress: 32/140 | Rate: 0.06/s | ETA: 27.7m
  Progress: 33/140 | Rate: 0.07/s | ETA: 27.3m
  Progress: 34/140 | Rate: 0.07/s | ETA: 27.0m
  Progress: 35/140 | Rate: 0.06/s | ETA: 27.4m
  Progress: 36/140 | Rate: 0.06/s | ETA: 26.9m
  Progress: 37/140 | Rate: 0.06/s | ETA: 27.1m
  Progress: 38/140 | Rate: 0.06/s | ETA: 26.8m
  Progress: 39/140 | Rate: 0.06/s | ETA: 26.9m
  Progress: 40/140 | Rate: 0.06/s | ETA: 26.3m
  Progress: 41/140 | Rate: 0.06/s | ETA: 26.3m
  Progress: 42/140 | Rate: 0.06/s | ETA: 25.6m
  Progress: 43/140 | Rate: 0.06/s | ETA: 25.3m
  Progress: 44/140 | Rate: 0.06/s | ETA: 25.1m
  Progress: 45/140 | Rate: 0.06/s | ETA: 24.9m
  Progress: 46/140 | Rate: 0.06/s | ETA: 24.5m
  Progress: 47/140 | Rate: 0.06/s | ETA: 24.2m
  Progress: 48/140 | Rate: 0.06/s | ETA: 24.0m
  Progress: 49/140 | Rate: 0.06/s | ETA: 23.7m
  Progress: 50/140 | Rate: 0.06/s | ETA: 23.2m
  Progress: 51/140 | Rate: 0.06/s | ETA: 23.0m
  Progress: 52/140 | Rate: 0.06/s | ETA: 22.9m
  Progress: 53/140 | Rate: 0.06/s | ETA: 22.6m
  Progress: 54/140 | Rate: 0.06/s | ETA: 22.3m
  Progress: 55/140 | Rate: 0.06/s | ETA: 21.8m
  Progress: 56/140 | Rate: 0.06/s | ETA: 21.6m
  Progress: 57/140 | Rate: 0.06/s | ETA: 21.4m
  Progress: 58/140 | Rate: 0.06/s | ETA: 21.1m
  Progress: 59/140 | Rate: 0.06/s | ETA: 20.8m
  Progress: 60/140 | Rate: 0.06/s | ETA: 20.8m
  Progress: 61/140 | Rate: 0.06/s | ETA: 20.5m
  Progress: 62/140 | Rate: 0.06/s | ETA: 20.2m
  Progress: 63/140 | Rate: 0.06/s | ETA: 20.0m
  Progress: 64/140 | Rate: 0.06/s | ETA: 19.9m
  Progress: 65/140 | Rate: 0.06/s | ETA: 19.8m
  Progress: 66/140 | Rate: 0.06/s | ETA: 19.4m
  Progress: 67/140 | Rate: 0.06/s | ETA: 19.0m
  Progress: 68/140 | Rate: 0.06/s | ETA: 18.7m
  Progress: 69/140 | Rate: 0.06/s | ETA: 18.6m
  Progress: 70/140 | Rate: 0.06/s | ETA: 18.2m
  Progress: 71/140 | Rate: 0.06/s | ETA: 18.0m
  Progress: 72/140 | Rate: 0.06/s | ETA: 17.8m
  Progress: 73/140 | Rate: 0.06/s | ETA: 17.8m
  Progress: 74/140 | Rate: 0.06/s | ETA: 17.5m
  Progress: 75/140 | Rate: 0.06/s | ETA: 17.3m
  Progress: 76/140 | Rate: 0.06/s | ETA: 17.1m
  Progress: 77/140 | Rate: 0.06/s | ETA: 16.9m
  Progress: 78/140 | Rate: 0.06/s | ETA: 16.6m
  Progress: 79/140 | Rate: 0.06/s | ETA: 16.3m
  Progress: 80/140 | Rate: 0.06/s | ETA: 16.0m
  Progress: 81/140 | Rate: 0.06/s | ETA: 15.7m
  Progress: 82/140 | Rate: 0.06/s | ETA: 15.3m
  Progress: 83/140 | Rate: 0.06/s | ETA: 15.0m
  Progress: 84/140 | Rate: 0.06/s | ETA: 14.9m
  Progress: 85/140 | Rate: 0.06/s | ETA: 14.8m
  Progress: 86/140 | Rate: 0.06/s | ETA: 14.7m
  Progress: 87/140 | Rate: 0.06/s | ETA: 14.6m
  Progress: 88/140 | Rate: 0.06/s | ETA: 14.4m
  Progress: 89/140 | Rate: 0.06/s | ETA: 14.2m
  Progress: 90/140 | Rate: 0.06/s | ETA: 13.9m
  Progress: 91/140 | Rate: 0.06/s | ETA: 13.6m
  Progress: 92/140 | Rate: 0.06/s | ETA: 13.3m
  Progress: 93/140 | Rate: 0.06/s | ETA: 13.0m
  Progress: 94/140 | Rate: 0.06/s | ETA: 12.9m
  Progress: 95/140 | Rate: 0.06/s | ETA: 12.6m
  Progress: 96/140 | Rate: 0.06/s | ETA: 12.3m
  Progress: 97/140 | Rate: 0.06/s | ETA: 12.0m
  Progress: 98/140 | Rate: 0.06/s | ETA: 11.8m
  Progress: 99/140 | Rate: 0.06/s | ETA: 11.6m
  Progress: 100/140 | Rate: 0.06/s | ETA: 11.3m
  Progress: 101/140 | Rate: 0.06/s | ETA: 11.0m
  Progress: 102/140 | Rate: 0.06/s | ETA: 10.7m
  Progress: 103/140 | Rate: 0.06/s | ETA: 10.5m
  Progress: 104/140 | Rate: 0.06/s | ETA: 10.2m
  Progress: 105/140 | Rate: 0.06/s | ETA: 9.9m
  Progress: 106/140 | Rate: 0.06/s | ETA: 9.6m
  Progress: 107/140 | Rate: 0.06/s | ETA: 9.4m
  Progress: 108/140 | Rate: 0.06/s | ETA: 9.1m
  Progress: 109/140 | Rate: 0.06/s | ETA: 8.8m
  Progress: 110/140 | Rate: 0.06/s | ETA: 8.5m
  Progress: 111/140 | Rate: 0.06/s | ETA: 8.2m
  Progress: 112/140 | Rate: 0.06/s | ETA: 8.0m
  Progress: 113/140 | Rate: 0.06/s | ETA: 7.7m
  Progress: 114/140 | Rate: 0.06/s | ETA: 7.4m
  Progress: 115/140 | Rate: 0.06/s | ETA: 7.1m
  Progress: 116/140 | Rate: 0.06/s | ETA: 6.8m
  Progress: 117/140 | Rate: 0.06/s | ETA: 6.5m
  Progress: 118/140 | Rate: 0.06/s | ETA: 6.3m
  Progress: 119/140 | Rate: 0.06/s | ETA: 6.0m
  Progress: 120/140 | Rate: 0.06/s | ETA: 5.7m
  Progress: 121/140 | Rate: 0.06/s | ETA: 5.4m
  Progress: 122/140 | Rate: 0.06/s | ETA: 5.1m
  Progress: 123/140 | Rate: 0.06/s | ETA: 4.8m
  Progress: 124/140 | Rate: 0.06/s | ETA: 4.5m
  Progress: 125/140 | Rate: 0.06/s | ETA: 4.2m
  Progress: 126/140 | Rate: 0.06/s | ETA: 4.0m
  Progress: 127/140 | Rate: 0.06/s | ETA: 3.7m
  Progress: 128/140 | Rate: 0.06/s | ETA: 3.4m
  Progress: 129/140 | Rate: 0.06/s | ETA: 3.1m
  Progress: 130/140 | Rate: 0.06/s | ETA: 2.8m
  Progress: 131/140 | Rate: 0.06/s | ETA: 2.6m
  Progress: 132/140 | Rate: 0.06/s | ETA: 2.3m
  Progress: 133/140 | Rate: 0.06/s | ETA: 2.0m
  Progress: 134/140 | Rate: 0.06/s | ETA: 1.7m
  Progress: 135/140 | Rate: 0.06/s | ETA: 1.4m
  Progress: 136/140 | Rate: 0.06/s | ETA: 1.1m
  Progress: 137/140 | Rate: 0.06/s | ETA: 0.9m
  Progress: 138/140 | Rate: 0.06/s | ETA: 0.6m
  Progress: 139/140 | Rate: 0.06/s | ETA: 0.3m
  Progress: 140/140 | Rate: 0.06/s | ETA: 0.0m

✔ Done. 140 evaluations in 2400.6s (0.06/s)
>>> qwen3_235b_utility_first_sample0_responses.jsonl  00:14:11Z

============================================================
  Judge:  kimi (moonshotai/kimi-k2-thinking-maas)
  Input:  runs/run_20260521/responses/qwen3_235b_utility_first_sample0_responses.jsonl
  Output: /home/satvik/Documents/CIKM/runs/run_20260521/evaluations/kimi_evaluations_qwen3_235b_utility_first_sample0.jsonl
============================================================
  Remaining: 140 rows
  Progress: 1/140 | Rate: 0.05/s | ETA: 50.9m
  Progress: 2/140 | Rate: 0.05/s | ETA: 46.4m
  Progress: 3/140 | Rate: 0.05/s | ETA: 45.9m
  Progress: 4/140 | Rate: 0.05/s | ETA: 45.9m
  Progress: 5/140 | Rate: 0.05/s | ETA: 43.6m
  Progress: 6/140 | Rate: 0.05/s | ETA: 49.0m
  Progress: 7/140 | Rate: 0.05/s | ETA: 46.8m
  Progress: 8/140 | Rate: 0.05/s | ETA: 46.8m
  Progress: 9/140 | Rate: 0.05/s | ETA: 45.9m
  Progress: 10/140 | Rate: 0.05/s | ETA: 45.8m
  Progress: 11/140 | Rate: 0.05/s | ETA: 45.5m
  Progress: 12/140 | Rate: 0.05/s | ETA: 47.1m
  Progress: 13/140 | Rate: 0.04/s | ETA: 47.2m
  Progress: 14/140 | Rate: 0.05/s | ETA: 45.6m
  Progress: 15/140 | Rate: 0.04/s | ETA: 47.5m
  Progress: 16/140 | Rate: 0.04/s | ETA: 46.5m
  Progress: 17/140 | Rate: 0.04/s | ETA: 46.5m
  Progress: 18/140 | Rate: 0.05/s | ETA: 45.0m
  Progress: 19/140 | Rate: 0.05/s | ETA: 43.8m
  Progress: 20/140 | Rate: 0.05/s | ETA: 43.5m
  Progress: 21/140 | Rate: 0.05/s | ETA: 43.9m
  Progress: 22/140 | Rate: 0.05/s | ETA: 42.7m
  Progress: 23/140 | Rate: 0.05/s | ETA: 42.5m
  Progress: 24/140 | Rate: 0.05/s | ETA: 41.3m
  Progress: 25/140 | Rate: 0.05/s | ETA: 40.3m
  Progress: 26/140 | Rate: 0.05/s | ETA: 39.8m
  Progress: 27/140 | Rate: 0.05/s | ETA: 38.9m
  Progress: 28/140 | Rate: 0.05/s | ETA: 38.0m
  Progress: 29/140 | Rate: 0.05/s | ETA: 37.5m
  Progress: 30/140 | Rate: 0.05/s | ETA: 37.4m
  Progress: 31/140 | Rate: 0.05/s | ETA: 39.4m
  Progress: 32/140 | Rate: 0.05/s | ETA: 39.6m
  Progress: 33/140 | Rate: 0.05/s | ETA: 38.8m
  Progress: 34/140 | Rate: 0.05/s | ETA: 38.9m
  Progress: 35/140 | Rate: 0.04/s | ETA: 39.2m
  Progress: 36/140 | Rate: 0.05/s | ETA: 38.5m
  Progress: 37/140 | Rate: 0.05/s | ETA: 37.4m
  Progress: 38/140 | Rate: 0.05/s | ETA: 36.5m
  Progress: 39/140 | Rate: 0.05/s | ETA: 35.6m
  Progress: 40/140 | Rate: 0.05/s | ETA: 34.8m
  Progress: 41/140 | Rate: 0.05/s | ETA: 34.4m
  Progress: 42/140 | Rate: 0.05/s | ETA: 34.2m
  Progress: 43/140 | Rate: 0.05/s | ETA: 33.8m
  Progress: 44/140 | Rate: 0.05/s | ETA: 33.1m
  Progress: 45/140 | Rate: 0.05/s | ETA: 32.5m
  Progress: 46/140 | Rate: 0.05/s | ETA: 32.1m
  Progress: 47/140 | Rate: 0.05/s | ETA: 31.8m
  Progress: 48/140 | Rate: 0.05/s | ETA: 31.1m
  Progress: 49/140 | Rate: 0.05/s | ETA: 30.6m
  Progress: 50/140 | Rate: 0.05/s | ETA: 30.0m
  Progress: 51/140 | Rate: 0.05/s | ETA: 29.6m
  Progress: 52/140 | Rate: 0.05/s | ETA: 29.1m
  Progress: 53/140 | Rate: 0.05/s | ETA: 28.5m
  Progress: 54/140 | Rate: 0.05/s | ETA: 28.0m
  Progress: 55/140 | Rate: 0.05/s | ETA: 27.7m
  Progress: 56/140 | Rate: 0.05/s | ETA: 27.8m
  Progress: 57/140 | Rate: 0.05/s | ETA: 27.4m
  Progress: 58/140 | Rate: 0.05/s | ETA: 27.1m
  Progress: 59/140 | Rate: 0.05/s | ETA: 26.5m
  Progress: 60/140 | Rate: 0.05/s | ETA: 26.4m
  Progress: 61/140 | Rate: 0.05/s | ETA: 26.0m
  Progress: 62/140 | Rate: 0.05/s | ETA: 26.1m
  Progress: 63/140 | Rate: 0.05/s | ETA: 25.8m
  [cat7_orig_004] [Attempt 1] HTTP 429: [{
  "error": {
    "code": 429,
    "message": "Resource exhausted. Please try again later. Please refer to https://clo — waiting 60s
  Progress: 64/140 | Rate: 0.05/s | ETA: 26.8m
  Progress: 65/140 | Rate: 0.05/s | ETA: 26.4m
  Progress: 66/140 | Rate: 0.05/s | ETA: 25.9m
  Progress: 67/140 | Rate: 0.05/s | ETA: 25.5m
  Progress: 68/140 | Rate: 0.05/s | ETA: 25.2m
  Progress: 69/140 | Rate: 0.05/s | ETA: 24.8m
  Progress: 70/140 | Rate: 0.05/s | ETA: 24.3m
  Progress: 71/140 | Rate: 0.05/s | ETA: 24.4m
  Progress: 72/140 | Rate: 0.05/s | ETA: 24.0m
  Progress: 73/140 | Rate: 0.05/s | ETA: 23.6m
  Progress: 74/140 | Rate: 0.05/s | ETA: 23.1m
  Progress: 75/140 | Rate: 0.05/s | ETA: 22.8m
  Progress: 76/140 | Rate: 0.05/s | ETA: 22.5m
  Progress: 77/140 | Rate: 0.05/s | ETA: 22.2m
  Progress: 78/140 | Rate: 0.05/s | ETA: 21.8m
  Progress: 79/140 | Rate: 0.05/s | ETA: 21.6m
  Progress: 80/140 | Rate: 0.05/s | ETA: 21.3m
  Progress: 81/140 | Rate: 0.05/s | ETA: 21.0m
  Progress: 82/140 | Rate: 0.05/s | ETA: 20.9m
  Progress: 83/140 | Rate: 0.05/s | ETA: 20.6m
  Progress: 84/140 | Rate: 0.05/s | ETA: 20.2m
  Progress: 85/140 | Rate: 0.05/s | ETA: 19.8m
  Progress: 86/140 | Rate: 0.05/s | ETA: 19.3m
  Progress: 87/140 | Rate: 0.05/s | ETA: 18.9m
  Progress: 88/140 | Rate: 0.05/s | ETA: 18.5m
  Progress: 89/140 | Rate: 0.05/s | ETA: 18.1m
  Progress: 90/140 | Rate: 0.05/s | ETA: 17.7m
  Progress: 91/140 | Rate: 0.05/s | ETA: 17.3m
  Progress: 92/140 | Rate: 0.05/s | ETA: 16.9m
  Progress: 93/140 | Rate: 0.05/s | ETA: 16.6m
  Progress: 94/140 | Rate: 0.05/s | ETA: 16.2m
  Progress: 95/140 | Rate: 0.05/s | ETA: 15.8m
  Progress: 96/140 | Rate: 0.05/s | ETA: 15.4m
  Progress: 97/140 | Rate: 0.05/s | ETA: 15.0m
  Progress: 98/140 | Rate: 0.05/s | ETA: 14.7m
  Progress: 99/140 | Rate: 0.05/s | ETA: 14.3m
  Progress: 100/140 | Rate: 0.05/s | ETA: 13.9m
  Progress: 101/140 | Rate: 0.05/s | ETA: 13.6m
  Progress: 102/140 | Rate: 0.05/s | ETA: 13.2m
  Progress: 103/140 | Rate: 0.05/s | ETA: 12.9m
  Progress: 104/140 | Rate: 0.05/s | ETA: 12.6m
  Progress: 105/140 | Rate: 0.05/s | ETA: 12.3m
  Progress: 106/140 | Rate: 0.05/s | ETA: 11.9m
  Progress: 107/140 | Rate: 0.05/s | ETA: 11.6m
  Progress: 108/140 | Rate: 0.05/s | ETA: 11.4m
  Progress: 109/140 | Rate: 0.05/s | ETA: 11.0m
  Progress: 110/140 | Rate: 0.05/s | ETA: 10.7m
  Progress: 111/140 | Rate: 0.05/s | ETA: 10.3m
  Progress: 112/140 | Rate: 0.05/s | ETA: 9.9m
  Progress: 113/140 | Rate: 0.05/s | ETA: 9.5m
  Progress: 114/140 | Rate: 0.05/s | ETA: 9.2m
  Progress: 115/140 | Rate: 0.05/s | ETA: 8.8m
  Progress: 116/140 | Rate: 0.05/s | ETA: 8.5m
  Progress: 117/140 | Rate: 0.05/s | ETA: 8.2m
  Progress: 118/140 | Rate: 0.05/s | ETA: 7.8m
  [Parse error] Expecting value: line 1 column 1 (char 0) — snippet: 
  [cat5_real_004] [Attempt 1] Parse failed — retrying
  Progress: 119/140 | Rate: 0.05/s | ETA: 7.6m
  Progress: 120/140 | Rate: 0.05/s | ETA: 7.2m
  Progress: 121/140 | Rate: 0.05/s | ETA: 6.8m
  Progress: 122/140 | Rate: 0.05/s | ETA: 6.5m
  Progress: 123/140 | Rate: 0.05/s | ETA: 6.2m
  Progress: 124/140 | Rate: 0.05/s | ETA: 5.8m
  Progress: 125/140 | Rate: 0.05/s | ETA: 5.4m
  Progress: 126/140 | Rate: 0.05/s | ETA: 5.1m
  Progress: 127/140 | Rate: 0.05/s | ETA: 4.7m
  Progress: 128/140 | Rate: 0.05/s | ETA: 4.3m
  Progress: 129/140 | Rate: 0.05/s | ETA: 4.0m
  Progress: 130/140 | Rate: 0.05/s | ETA: 3.6m
  Progress: 131/140 | Rate: 0.05/s | ETA: 3.2m
  Progress: 132/140 | Rate: 0.05/s | ETA: 2.9m
  Progress: 133/140 | Rate: 0.05/s | ETA: 2.5m
  Progress: 134/140 | Rate: 0.05/s | ETA: 2.1m
  Progress: 135/140 | Rate: 0.05/s | ETA: 1.8m
  Progress: 136/140 | Rate: 0.05/s | ETA: 1.4m
  Progress: 137/140 | Rate: 0.05/s | ETA: 1.1m
  Progress: 138/140 | Rate: 0.05/s | ETA: 0.7m
  Progress: 139/140 | Rate: 0.05/s | ETA: 0.4m
  Progress: 140/140 | Rate: 0.05/s | ETA: 0.0m

✔ Done. 140 evaluations in 2979.8s (0.05/s)
>>> qwen3_235b_utility_first_sample1_responses.jsonl  01:03:51Z

============================================================
  Judge:  kimi (moonshotai/kimi-k2-thinking-maas)
  Input:  runs/run_20260521/responses/qwen3_235b_utility_first_sample1_responses.jsonl
  Output: /home/satvik/Documents/CIKM/runs/run_20260521/evaluations/kimi_evaluations_qwen3_235b_utility_first_sample1.jsonl
============================================================
  Remaining: 140 rows
  Progress: 1/140 | Rate: 0.04/s | ETA: 54.3m
  Progress: 2/140 | Rate: 0.06/s | ETA: 38.6m
  Progress: 3/140 | Rate: 0.05/s | ETA: 43.9m
  Progress: 4/140 | Rate: 0.05/s | ETA: 45.3m
  Progress: 5/140 | Rate: 0.06/s | ETA: 39.5m
  Progress: 6/140 | Rate: 0.05/s | ETA: 41.2m
  Progress: 7/140 | Rate: 0.05/s | ETA: 40.6m
  Progress: 8/140 | Rate: 0.06/s | ETA: 38.0m
  Progress: 9/140 | Rate: 0.05/s | ETA: 41.2m
  Progress: 10/140 | Rate: 0.05/s | ETA: 41.6m
  Progress: 11/140 | Rate: 0.05/s | ETA: 42.0m
  Progress: 12/140 | Rate: 0.05/s | ETA: 41.7m
  Progress: 13/140 | Rate: 0.05/s | ETA: 40.6m
  Progress: 14/140 | Rate: 0.05/s | ETA: 39.4m
  Progress: 15/140 | Rate: 0.05/s | ETA: 39.5m
  Progress: 16/140 | Rate: 0.05/s | ETA: 38.5m
  Progress: 17/140 | Rate: 0.05/s | ETA: 37.9m
  Progress: 18/140 | Rate: 0.05/s | ETA: 38.4m
  Progress: 19/140 | Rate: 0.05/s | ETA: 37.9m
  Progress: 20/140 | Rate: 0.05/s | ETA: 37.4m
  Progress: 21/140 | Rate: 0.05/s | ETA: 37.2m
  Progress: 22/140 | Rate: 0.05/s | ETA: 36.5m
  Progress: 23/140 | Rate: 0.05/s | ETA: 36.3m
  Progress: 24/140 | Rate: 0.05/s | ETA: 37.1m
  Progress: 25/140 | Rate: 0.05/s | ETA: 37.4m
  Progress: 26/140 | Rate: 0.05/s | ETA: 36.0m
  Progress: 27/140 | Rate: 0.05/s | ETA: 34.7m
  Progress: 28/140 | Rate: 0.06/s | ETA: 33.8m
  Progress: 29/140 | Rate: 0.06/s | ETA: 33.1m
  Progress: 30/140 | Rate: 0.06/s | ETA: 32.9m
  Progress: 31/140 | Rate: 0.06/s | ETA: 32.6m
  Progress: 32/140 | Rate: 0.06/s | ETA: 32.3m
  Progress: 33/140 | Rate: 0.05/s | ETA: 32.5m
  Progress: 34/140 | Rate: 0.05/s | ETA: 32.2m
  Progress: 35/140 | Rate: 0.05/s | ETA: 32.0m
  Progress: 36/140 | Rate: 0.05/s | ETA: 31.7m
  Progress: 37/140 | Rate: 0.05/s | ETA: 31.3m
  Progress: 38/140 | Rate: 0.05/s | ETA: 31.7m
  Progress: 39/140 | Rate: 0.05/s | ETA: 31.0m
  Progress: 40/140 | Rate: 0.05/s | ETA: 30.6m
  Progress: 41/140 | Rate: 0.05/s | ETA: 30.4m
  Progress: 42/140 | Rate: 0.05/s | ETA: 30.1m
  Progress: 43/140 | Rate: 0.05/s | ETA: 29.8m
  Progress: 44/140 | Rate: 0.06/s | ETA: 29.0m
  Progress: 45/140 | Rate: 0.06/s | ETA: 28.6m
  Progress: 46/140 | Rate: 0.05/s | ETA: 28.5m
  Progress: 47/140 | Rate: 0.06/s | ETA: 28.1m
  Progress: 48/140 | Rate: 0.06/s | ETA: 27.8m
  Progress: 49/140 | Rate: 0.06/s | ETA: 27.5m
  Progress: 50/140 | Rate: 0.06/s | ETA: 26.9m
  Progress: 51/140 | Rate: 0.06/s | ETA: 26.3m
  Progress: 52/140 | Rate: 0.06/s | ETA: 25.9m
  Progress: 53/140 | Rate: 0.06/s | ETA: 25.3m
  Progress: 54/140 | Rate: 0.06/s | ETA: 24.8m
  Progress: 55/140 | Rate: 0.06/s | ETA: 24.4m
  Progress: 56/140 | Rate: 0.06/s | ETA: 24.0m
  Progress: 57/140 | Rate: 0.06/s | ETA: 23.6m
  Progress: 58/140 | Rate: 0.06/s | ETA: 23.5m
  Progress: 59/140 | Rate: 0.06/s | ETA: 23.2m
  Progress: 60/140 | Rate: 0.06/s | ETA: 22.9m
  Progress: 61/140 | Rate: 0.06/s | ETA: 22.5m
  Progress: 62/140 | Rate: 0.06/s | ETA: 22.2m
  Progress: 63/140 | Rate: 0.06/s | ETA: 21.9m
  Progress: 64/140 | Rate: 0.06/s | ETA: 21.8m
  Progress: 65/140 | Rate: 0.06/s | ETA: 21.3m
  Progress: 66/140 | Rate: 0.06/s | ETA: 21.0m
  Progress: 67/140 | Rate: 0.06/s | ETA: 20.6m
  Progress: 68/140 | Rate: 0.06/s | ETA: 20.4m
  Progress: 69/140 | Rate: 0.06/s | ETA: 20.1m
  Progress: 70/140 | Rate: 0.06/s | ETA: 19.7m
  Progress: 71/140 | Rate: 0.06/s | ETA: 19.4m
  Progress: 72/140 | Rate: 0.06/s | ETA: 19.1m
  Progress: 73/140 | Rate: 0.06/s | ETA: 18.8m
  Progress: 74/140 | Rate: 0.06/s | ETA: 18.4m
  Progress: 75/140 | Rate: 0.06/s | ETA: 18.1m
  Progress: 76/140 | Rate: 0.06/s | ETA: 17.7m
  Progress: 77/140 | Rate: 0.06/s | ETA: 17.5m
  Progress: 78/140 | Rate: 0.06/s | ETA: 17.2m
  Progress: 79/140 | Rate: 0.06/s | ETA: 16.8m
  Progress: 80/140 | Rate: 0.06/s | ETA: 16.5m
  Progress: 81/140 | Rate: 0.06/s | ETA: 16.3m
  Progress: 82/140 | Rate: 0.06/s | ETA: 16.0m
  Progress: 83/140 | Rate: 0.06/s | ETA: 15.8m
  Progress: 84/140 | Rate: 0.06/s | ETA: 15.6m
  Progress: 85/140 | Rate: 0.06/s | ETA: 15.3m
  Progress: 86/140 | Rate: 0.06/s | ETA: 14.9m
  Progress: 87/140 | Rate: 0.06/s | ETA: 14.6m
  Progress: 88/140 | Rate: 0.06/s | ETA: 14.3m
  Progress: 89/140 | Rate: 0.06/s | ETA: 14.1m
  Progress: 90/140 | Rate: 0.06/s | ETA: 13.8m
  Progress: 91/140 | Rate: 0.06/s | ETA: 13.6m
  Progress: 92/140 | Rate: 0.06/s | ETA: 13.4m
  Progress: 93/140 | Rate: 0.06/s | ETA: 13.2m
  Progress: 94/140 | Rate: 0.06/s | ETA: 13.0m
  Progress: 95/140 | Rate: 0.06/s | ETA: 12.8m
  Progress: 96/140 | Rate: 0.06/s | ETA: 12.8m
  Progress: 97/140 | Rate: 0.06/s | ETA: 12.6m
  Progress: 98/140 | Rate: 0.06/s | ETA: 12.4m
  Progress: 99/140 | Rate: 0.06/s | ETA: 12.1m
  Progress: 100/140 | Rate: 0.06/s | ETA: 11.8m
  Progress: 101/140 | Rate: 0.06/s | ETA: 11.5m
  Progress: 102/140 | Rate: 0.06/s | ETA: 11.2m
  Progress: 103/140 | Rate: 0.06/s | ETA: 10.9m
  Progress: 104/140 | Rate: 0.06/s | ETA: 10.6m
  Progress: 105/140 | Rate: 0.06/s | ETA: 10.3m
  Progress: 106/140 | Rate: 0.06/s | ETA: 9.9m
  Progress: 107/140 | Rate: 0.06/s | ETA: 9.6m
  Progress: 108/140 | Rate: 0.06/s | ETA: 9.3m
  Progress: 109/140 | Rate: 0.06/s | ETA: 9.0m
  Progress: 110/140 | Rate: 0.06/s | ETA: 8.7m
  Progress: 111/140 | Rate: 0.06/s | ETA: 8.4m
  Progress: 112/140 | Rate: 0.06/s | ETA: 8.0m
  Progress: 113/140 | Rate: 0.06/s | ETA: 7.7m
  Progress: 114/140 | Rate: 0.06/s | ETA: 7.5m
  Progress: 115/140 | Rate: 0.06/s | ETA: 7.2m
  Progress: 116/140 | Rate: 0.06/s | ETA: 6.9m
  Progress: 117/140 | Rate: 0.06/s | ETA: 6.6m
  Progress: 118/140 | Rate: 0.06/s | ETA: 6.3m
  Progress: 119/140 | Rate: 0.06/s | ETA: 6.0m
  Progress: 120/140 | Rate: 0.06/s | ETA: 5.7m
  Progress: 121/140 | Rate: 0.06/s | ETA: 5.4m
  Progress: 122/140 | Rate: 0.06/s | ETA: 5.2m
  Progress: 123/140 | Rate: 0.06/s | ETA: 4.9m
  Progress: 124/140 | Rate: 0.06/s | ETA: 4.6m
  Progress: 125/140 | Rate: 0.06/s | ETA: 4.3m
  Progress: 126/140 | Rate: 0.06/s | ETA: 4.1m
  Progress: 127/140 | Rate: 0.06/s | ETA: 3.8m
  Progress: 128/140 | Rate: 0.06/s | ETA: 3.5m
  Progress: 129/140 | Rate: 0.06/s | ETA: 3.2m
  Progress: 130/140 | Rate: 0.06/s | ETA: 2.9m
  Progress: 131/140 | Rate: 0.06/s | ETA: 2.6m
  Progress: 132/140 | Rate: 0.06/s | ETA: 2.3m
  Progress: 133/140 | Rate: 0.06/s | ETA: 2.0m
  Progress: 134/140 | Rate: 0.06/s | ETA: 1.7m
  Progress: 135/140 | Rate: 0.06/s | ETA: 1.4m
  Progress: 136/140 | Rate: 0.06/s | ETA: 1.1m
  Progress: 137/140 | Rate: 0.06/s | ETA: 0.9m
  Progress: 138/140 | Rate: 0.06/s | ETA: 0.6m
  Progress: 139/140 | Rate: 0.06/s | ETA: 0.3m
  Progress: 140/140 | Rate: 0.06/s | ETA: 0.0m

✔ Done. 140 evaluations in 2397.1s (0.06/s)
>>> qwen3_235b_utility_first_sample2_responses.jsonl  01:43:49Z

============================================================
  Judge:  kimi (moonshotai/kimi-k2-thinking-maas)
  Input:  runs/run_20260521/responses/qwen3_235b_utility_first_sample2_responses.jsonl
  Output: /home/satvik/Documents/CIKM/runs/run_20260521/evaluations/kimi_evaluations_qwen3_235b_utility_first_sample2.jsonl
============================================================
  Remaining: 140 rows
  Progress: 1/140 | Rate: 0.07/s | ETA: 35.2m
  Progress: 2/140 | Rate: 0.08/s | ETA: 28.2m
  Progress: 3/140 | Rate: 0.07/s | ETA: 34.1m
  Progress: 4/140 | Rate: 0.06/s | ETA: 36.1m
  Progress: 5/140 | Rate: 0.06/s | ETA: 37.4m
  Progress: 6/140 | Rate: 0.06/s | ETA: 34.6m
  Progress: 7/140 | Rate: 0.07/s | ETA: 32.2m
  Progress: 8/140 | Rate: 0.07/s | ETA: 33.6m
  Progress: 9/140 | Rate: 0.06/s | ETA: 33.7m
  Progress: 10/140 | Rate: 0.07/s | ETA: 32.9m
  Progress: 11/140 | Rate: 0.07/s | ETA: 32.3m
  Progress: 12/140 | Rate: 0.07/s | ETA: 31.3m
  Progress: 13/140 | Rate: 0.06/s | ETA: 33.4m
  Progress: 14/140 | Rate: 0.06/s | ETA: 32.6m
  Progress: 15/140 | Rate: 0.06/s | ETA: 34.6m
  Progress: 16/140 | Rate: 0.06/s | ETA: 34.0m
  Progress: 17/140 | Rate: 0.06/s | ETA: 33.9m
  Progress: 18/140 | Rate: 0.06/s | ETA: 34.3m
  Progress: 19/140 | Rate: 0.06/s | ETA: 33.0m
  Progress: 20/140 | Rate: 0.06/s | ETA: 32.7m
  Progress: 21/140 | Rate: 0.06/s | ETA: 32.8m
  Progress: 22/140 | Rate: 0.06/s | ETA: 34.1m
  Progress: 23/140 | Rate: 0.06/s | ETA: 34.3m
  Progress: 24/140 | Rate: 0.06/s | ETA: 33.7m
  [cat3_orig_005] [Attempt 1] HTTP 429: [{
  "error": {
    "code": 429,
    "message": "Resource exhausted. Please try again later. Please refer to https://clo — waiting 60s
  Progress: 25/140 | Rate: 0.05/s | ETA: 38.0m
  Progress: 26/140 | Rate: 0.05/s | ETA: 37.3m
  Progress: 27/140 | Rate: 0.05/s | ETA: 36.3m
  Progress: 28/140 | Rate: 0.05/s | ETA: 35.5m
  Progress: 29/140 | Rate: 0.05/s | ETA: 34.9m
  Progress: 30/140 | Rate: 0.05/s | ETA: 34.1m
  Progress: 31/140 | Rate: 0.05/s | ETA: 33.3m
  Progress: 32/140 | Rate: 0.06/s | ETA: 32.5m
  Progress: 33/140 | Rate: 0.06/s | ETA: 31.7m
  Progress: 34/140 | Rate: 0.06/s | ETA: 30.8m
  Progress: 35/140 | Rate: 0.06/s | ETA: 30.3m
  Progress: 36/140 | Rate: 0.06/s | ETA: 30.1m
  Progress: 37/140 | Rate: 0.06/s | ETA: 29.7m
  Progress: 38/140 | Rate: 0.06/s | ETA: 29.0m
  Progress: 39/140 | Rate: 0.06/s | ETA: 28.5m
  Progress: 40/140 | Rate: 0.06/s | ETA: 28.5m
  Progress: 41/140 | Rate: 0.06/s | ETA: 28.0m
  Progress: 42/140 | Rate: 0.06/s | ETA: 27.5m
  Progress: 43/140 | Rate: 0.06/s | ETA: 26.9m
  Progress: 44/140 | Rate: 0.06/s | ETA: 26.6m
  Progress: 45/140 | Rate: 0.06/s | ETA: 25.9m
  Progress: 46/140 | Rate: 0.06/s | ETA: 25.6m
  Progress: 47/140 | Rate: 0.06/s | ETA: 25.2m
  Progress: 48/140 | Rate: 0.06/s | ETA: 24.9m
  Progress: 49/140 | Rate: 0.06/s | ETA: 24.6m
  Progress: 50/140 | Rate: 0.06/s | ETA: 24.1m
  Progress: 51/140 | Rate: 0.06/s | ETA: 24.1m
  Progress: 52/140 | Rate: 0.06/s | ETA: 23.7m
  Progress: 53/140 | Rate: 0.06/s | ETA: 23.5m
  Progress: 54/140 | Rate: 0.06/s | ETA: 23.2m
  Progress: 55/140 | Rate: 0.06/s | ETA: 22.8m
  Progress: 56/140 | Rate: 0.06/s | ETA: 22.4m
  [Parse error] Expecting value: line 1 column 1 (char 0) — snippet: 
  [cat6_orig_007] [Attempt 1] Parse failed — retrying
  Progress: 57/140 | Rate: 0.06/s | ETA: 23.8m
  Progress: 58/140 | Rate: 0.06/s | ETA: 23.5m
  Progress: 59/140 | Rate: 0.06/s | ETA: 23.3m
  Progress: 60/140 | Rate: 0.06/s | ETA: 23.2m
  Progress: 61/140 | Rate: 0.06/s | ETA: 22.7m
  Progress: 62/140 | Rate: 0.06/s | ETA: 22.3m
  Progress: 63/140 | Rate: 0.06/s | ETA: 22.4m
  Progress: 64/140 | Rate: 0.06/s | ETA: 22.1m
  Progress: 65/140 | Rate: 0.06/s | ETA: 21.7m
  Progress: 66/140 | Rate: 0.06/s | ETA: 21.4m
  Progress: 67/140 | Rate: 0.06/s | ETA: 21.2m
  Progress: 68/140 | Rate: 0.06/s | ETA: 21.1m
  Progress: 69/140 | Rate: 0.06/s | ETA: 20.9m
  Progress: 70/140 | Rate: 0.05/s | ETA: 21.3m
  Progress: 71/140 | Rate: 0.06/s | ETA: 20.8m
  Progress: 72/140 | Rate: 0.06/s | ETA: 20.5m
  Progress: 73/140 | Rate: 0.06/s | ETA: 20.2m
  Progress: 74/140 | Rate: 0.06/s | ETA: 19.9m
  Progress: 75/140 | Rate: 0.06/s | ETA: 19.5m
  Progress: 76/140 | Rate: 0.06/s | ETA: 19.2m
  Progress: 77/140 | Rate: 0.06/s | ETA: 18.9m
  Progress: 78/140 | Rate: 0.06/s | ETA: 18.5m
  Progress: 79/140 | Rate: 0.06/s | ETA: 18.3m
  Progress: 80/140 | Rate: 0.06/s | ETA: 18.0m
  Progress: 81/140 | Rate: 0.06/s | ETA: 17.6m
  Progress: 82/140 | Rate: 0.06/s | ETA: 17.3m
  Progress: 83/140 | Rate: 0.06/s | ETA: 17.1m
  Progress: 84/140 | Rate: 0.06/s | ETA: 16.8m
  Progress: 85/140 | Rate: 0.06/s | ETA: 16.5m
  Progress: 86/140 | Rate: 0.06/s | ETA: 16.1m
  Progress: 87/140 | Rate: 0.06/s | ETA: 15.8m
  Progress: 88/140 | Rate: 0.06/s | ETA: 15.5m
  Progress: 89/140 | Rate: 0.06/s | ETA: 15.4m
  Progress: 90/140 | Rate: 0.05/s | ETA: 15.2m
  Progress: 91/140 | Rate: 0.05/s | ETA: 15.0m
  Progress: 92/140 | Rate: 0.05/s | ETA: 14.7m
  Progress: 93/140 | Rate: 0.05/s | ETA: 14.5m
  Progress: 94/140 | Rate: 0.05/s | ETA: 14.2m
  Progress: 95/140 | Rate: 0.05/s | ETA: 13.9m
  Progress: 96/140 | Rate: 0.05/s | ETA: 13.6m
  Progress: 97/140 | Rate: 0.05/s | ETA: 13.3m
  Progress: 98/140 | Rate: 0.05/s | ETA: 13.0m
  Progress: 99/140 | Rate: 0.05/s | ETA: 12.7m
  Progress: 100/140 | Rate: 0.05/s | ETA: 12.3m
  Progress: 101/140 | Rate: 0.05/s | ETA: 12.0m
  Progress: 102/140 | Rate: 0.05/s | ETA: 11.8m
  Progress: 103/140 | Rate: 0.05/s | ETA: 11.4m
  Progress: 104/140 | Rate: 0.05/s | ETA: 11.1m
  Progress: 105/140 | Rate: 0.05/s | ETA: 10.9m
  Progress: 106/140 | Rate: 0.05/s | ETA: 10.5m
  Progress: 107/140 | Rate: 0.05/s | ETA: 10.2m
  Progress: 108/140 | Rate: 0.05/s | ETA: 9.9m
  Progress: 109/140 | Rate: 0.05/s | ETA: 9.6m
  Progress: 110/140 | Rate: 0.05/s | ETA: 9.3m
  Progress: 111/140 | Rate: 0.05/s | ETA: 9.0m
  Progress: 112/140 | Rate: 0.05/s | ETA: 8.8m
  Progress: 113/140 | Rate: 0.05/s | ETA: 8.5m
  Progress: 114/140 | Rate: 0.05/s | ETA: 8.2m
  Progress: 115/140 | Rate: 0.05/s | ETA: 7.9m
  Progress: 116/140 | Rate: 0.05/s | ETA: 7.7m
  Progress: 117/140 | Rate: 0.05/s | ETA: 7.4m
  Progress: 118/140 | Rate: 0.05/s | ETA: 7.1m
  Progress: 119/140 | Rate: 0.05/s | ETA: 6.8m
  Progress: 120/140 | Rate: 0.05/s | ETA: 6.4m
  Progress: 121/140 | Rate: 0.05/s | ETA: 6.1m
  Progress: 122/140 | Rate: 0.05/s | ETA: 5.8m
  Progress: 123/140 | Rate: 0.05/s | ETA: 5.5m
  Progress: 124/140 | Rate: 0.05/s | ETA: 5.2m
  Progress: 125/140 | Rate: 0.05/s | ETA: 4.9m
  Progress: 126/140 | Rate: 0.05/s | ETA: 4.6m
  Progress: 127/140 | Rate: 0.05/s | ETA: 4.2m
  Progress: 128/140 | Rate: 0.05/s | ETA: 3.9m
  Progress: 129/140 | Rate: 0.05/s | ETA: 3.6m
  Progress: 130/140 | Rate: 0.05/s | ETA: 3.2m
  Progress: 131/140 | Rate: 0.05/s | ETA: 2.9m
  Progress: 132/140 | Rate: 0.05/s | ETA: 2.6m
  Progress: 133/140 | Rate: 0.05/s | ETA: 2.3m
  Progress: 134/140 | Rate: 0.05/s | ETA: 1.9m
  Progress: 135/140 | Rate: 0.05/s | ETA: 1.6m
  Progress: 136/140 | Rate: 0.05/s | ETA: 1.3m
  Progress: 137/140 | Rate: 0.05/s | ETA: 1.0m
  Progress: 138/140 | Rate: 0.05/s | ETA: 0.6m
  Progress: 139/140 | Rate: 0.05/s | ETA: 0.3m
  Progress: 140/140 | Rate: 0.05/s | ETA: 0.0m

✔ Done. 140 evaluations in 2670.3s (0.05/s)
>>> qwen3_235b_vanilla_sample0_responses.jsonl  02:28:24Z

============================================================
  Judge:  kimi (moonshotai/kimi-k2-thinking-maas)
  Input:  runs/run_20260521/responses/qwen3_235b_vanilla_sample0_responses.jsonl
  Output: /home/satvik/Documents/CIKM/runs/run_20260521/evaluations/kimi_evaluations_qwen3_235b_vanilla_sample0.jsonl
============================================================
  Remaining: 140 rows
  Progress: 1/140 | Rate: 0.09/s | ETA: 24.7m
  Progress: 2/140 | Rate: 0.11/s | ETA: 21.8m
  Progress: 3/140 | Rate: 0.10/s | ETA: 21.9m
  Progress: 4/140 | Rate: 0.09/s | ETA: 26.2m
  Progress: 5/140 | Rate: 0.08/s | ETA: 26.8m
  Progress: 6/140 | Rate: 0.09/s | ETA: 26.0m
  Progress: 7/140 | Rate: 0.08/s | ETA: 26.2m
  Progress: 8/140 | Rate: 0.08/s | ETA: 26.2m
  Progress: 9/140 | Rate: 0.08/s | ETA: 26.0m
  Progress: 10/140 | Rate: 0.09/s | ETA: 25.5m
  Progress: 11/140 | Rate: 0.08/s | ETA: 26.1m
  Progress: 12/140 | Rate: 0.08/s | ETA: 26.4m
  Progress: 13/140 | Rate: 0.08/s | ETA: 26.3m
  Progress: 14/140 | Rate: 0.08/s | ETA: 26.3m
  Progress: 15/140 | Rate: 0.08/s | ETA: 27.0m
  Progress: 16/140 | Rate: 0.08/s | ETA: 27.5m
  Progress: 17/140 | Rate: 0.07/s | ETA: 28.5m
  Progress: 18/140 | Rate: 0.07/s | ETA: 30.5m
  Progress: 19/140 | Rate: 0.07/s | ETA: 31.0m
  Progress: 20/140 | Rate: 0.06/s | ETA: 32.0m
  Progress: 21/140 | Rate: 0.06/s | ETA: 31.8m
  Progress: 22/140 | Rate: 0.06/s | ETA: 32.1m
  Progress: 23/140 | Rate: 0.06/s | ETA: 32.1m
  Progress: 24/140 | Rate: 0.06/s | ETA: 31.5m
  Progress: 25/140 | Rate: 0.06/s | ETA: 30.7m
  Progress: 26/140 | Rate: 0.06/s | ETA: 30.5m
  Progress: 27/140 | Rate: 0.06/s | ETA: 30.9m
  Progress: 28/140 | Rate: 0.06/s | ETA: 30.6m
  Progress: 29/140 | Rate: 0.06/s | ETA: 30.1m
  Progress: 30/140 | Rate: 0.06/s | ETA: 31.0m
  Progress: 31/140 | Rate: 0.06/s | ETA: 30.3m
  Progress: 32/140 | Rate: 0.06/s | ETA: 30.5m
  Progress: 33/140 | Rate: 0.06/s | ETA: 29.7m
  Progress: 34/140 | Rate: 0.06/s | ETA: 29.1m
  Progress: 35/140 | Rate: 0.06/s | ETA: 28.9m
  Progress: 36/140 | Rate: 0.06/s | ETA: 28.9m
  Progress: 37/140 | Rate: 0.06/s | ETA: 28.5m
  Progress: 38/140 | Rate: 0.06/s | ETA: 28.6m
  Progress: 39/140 | Rate: 0.06/s | ETA: 29.1m
  Progress: 40/140 | Rate: 0.06/s | ETA: 29.2m
  Progress: 41/140 | Rate: 0.06/s | ETA: 29.2m
  Progress: 42/140 | Rate: 0.06/s | ETA: 29.1m
  Progress: 43/140 | Rate: 0.06/s | ETA: 28.9m
  Progress: 44/140 | Rate: 0.06/s | ETA: 28.5m
  Progress: 45/140 | Rate: 0.06/s | ETA: 28.2m
  Progress: 46/140 | Rate: 0.06/s | ETA: 27.6m
  Progress: 47/140 | Rate: 0.06/s | ETA: 27.9m
  [cat5_orig_008] [Attempt 1] HTTP 429: [{
  "error": {
    "code": 429,
    "message": "Resource exhausted. Please try again later. Please refer to https://clo — waiting 60s
  Progress: 48/140 | Rate: 0.05/s | ETA: 29.3m
  Progress: 49/140 | Rate: 0.05/s | ETA: 28.9m
  Progress: 50/140 | Rate: 0.05/s | ETA: 28.5m
  Progress: 51/140 | Rate: 0.05/s | ETA: 28.0m
  Progress: 52/140 | Rate: 0.05/s | ETA: 27.5m
  Progress: 53/140 | Rate: 0.05/s | ETA: 27.5m
  Progress: 54/140 | Rate: 0.05/s | ETA: 27.0m
  Progress: 55/140 | Rate: 0.05/s | ETA: 26.8m
  Progress: 56/140 | Rate: 0.05/s | ETA: 26.5m
  Progress: 57/140 | Rate: 0.05/s | ETA: 26.1m
  Progress: 58/140 | Rate: 0.05/s | ETA: 25.8m
  Progress: 59/140 | Rate: 0.05/s | ETA: 25.6m
  Progress: 60/140 | Rate: 0.05/s | ETA: 26.3m
  Progress: 61/140 | Rate: 0.05/s | ETA: 25.9m
  Progress: 62/140 | Rate: 0.05/s | ETA: 25.5m
  Progress: 63/140 | Rate: 0.05/s | ETA: 25.1m
  Progress: 64/140 | Rate: 0.05/s | ETA: 24.8m
  Progress: 65/140 | Rate: 0.05/s | ETA: 24.4m
  Progress: 66/140 | Rate: 0.05/s | ETA: 24.0m
  Progress: 67/140 | Rate: 0.05/s | ETA: 23.7m
  Progress: 68/140 | Rate: 0.05/s | ETA: 23.2m
  Progress: 69/140 | Rate: 0.05/s | ETA: 22.8m
  Progress: 70/140 | Rate: 0.05/s | ETA: 22.5m
  Progress: 71/140 | Rate: 0.05/s | ETA: 22.1m
  Progress: 72/140 | Rate: 0.05/s | ETA: 21.7m
  Progress: 73/140 | Rate: 0.05/s | ETA: 21.4m
  Progress: 74/140 | Rate: 0.05/s | ETA: 21.2m
  Progress: 75/140 | Rate: 0.05/s | ETA: 20.8m
  Progress: 76/140 | Rate: 0.05/s | ETA: 20.6m
  Progress: 77/140 | Rate: 0.05/s | ETA: 20.4m
  Progress: 78/140 | Rate: 0.05/s | ETA: 20.0m
  Progress: 79/140 | Rate: 0.05/s | ETA: 19.6m
  Progress: 80/140 | Rate: 0.05/s | ETA: 19.3m
  Progress: 81/140 | Rate: 0.05/s | ETA: 18.9m
  Progress: 82/140 | Rate: 0.05/s | ETA: 18.6m
  Progress: 83/140 | Rate: 0.05/s | ETA: 18.3m
  Progress: 84/140 | Rate: 0.05/s | ETA: 18.0m
  Progress: 85/140 | Rate: 0.05/s | ETA: 17.8m
  Progress: 86/140 | Rate: 0.05/s | ETA: 17.4m
  Progress: 87/140 | Rate: 0.05/s | ETA: 17.1m
  Progress: 88/140 | Rate: 0.05/s | ETA: 16.8m
  Progress: 89/140 | Rate: 0.05/s | ETA: 16.6m
  Progress: 90/140 | Rate: 0.05/s | ETA: 16.1m
  Progress: 91/140 | Rate: 0.05/s | ETA: 15.8m
  Progress: 92/140 | Rate: 0.05/s | ETA: 15.6m
  Progress: 93/140 | Rate: 0.05/s | ETA: 15.2m
  Progress: 94/140 | Rate: 0.05/s | ETA: 14.8m
  Progress: 95/140 | Rate: 0.05/s | ETA: 14.5m
  Progress: 96/140 | Rate: 0.05/s | ETA: 14.1m
  Progress: 97/140 | Rate: 0.05/s | ETA: 13.7m
  Progress: 98/140 | Rate: 0.05/s | ETA: 13.4m
  Progress: 99/140 | Rate: 0.05/s | ETA: 13.0m
  Progress: 100/140 | Rate: 0.05/s | ETA: 12.6m
  Progress: 101/140 | Rate: 0.05/s | ETA: 12.3m
  Progress: 102/140 | Rate: 0.05/s | ETA: 11.9m
  Progress: 103/140 | Rate: 0.05/s | ETA: 11.6m
  Progress: 104/140 | Rate: 0.05/s | ETA: 11.3m
  Progress: 105/140 | Rate: 0.05/s | ETA: 10.9m
  Progress: 106/140 | Rate: 0.05/s | ETA: 10.5m
  Progress: 107/140 | Rate: 0.05/s | ETA: 10.2m
  Progress: 108/140 | Rate: 0.05/s | ETA: 9.8m
  Progress: 109/140 | Rate: 0.05/s | ETA: 9.5m
  Progress: 110/140 | Rate: 0.05/s | ETA: 9.2m
  Progress: 111/140 | Rate: 0.05/s | ETA: 8.8m
  Progress: 112/140 | Rate: 0.05/s | ETA: 8.5m
  Progress: 113/140 | Rate: 0.06/s | ETA: 8.2m
  Progress: 114/140 | Rate: 0.05/s | ETA: 7.9m
  Progress: 115/140 | Rate: 0.06/s | ETA: 7.6m
  Progress: 116/140 | Rate: 0.06/s | ETA: 7.2m
  Progress: 117/140 | Rate: 0.06/s | ETA: 6.9m
  Progress: 118/140 | Rate: 0.06/s | ETA: 6.6m
  Progress: 119/140 | Rate: 0.06/s | ETA: 6.3m
  Progress: 120/140 | Rate: 0.06/s | ETA: 6.0m
  Progress: 121/140 | Rate: 0.06/s | ETA: 5.7m
  Progress: 122/140 | Rate: 0.06/s | ETA: 5.4m
  Progress: 123/140 | Rate: 0.06/s | ETA: 5.1m
  Progress: 124/140 | Rate: 0.06/s | ETA: 4.8m
  Progress: 125/140 | Rate: 0.06/s | ETA: 4.5m
  Progress: 126/140 | Rate: 0.06/s | ETA: 4.2m
  Progress: 127/140 | Rate: 0.06/s | ETA: 3.9m
  Progress: 128/140 | Rate: 0.06/s | ETA: 3.6m
  Progress: 129/140 | Rate: 0.06/s | ETA: 3.3m
  Progress: 130/140 | Rate: 0.06/s | ETA: 3.0m
  Progress: 131/140 | Rate: 0.06/s | ETA: 2.7m
  Progress: 132/140 | Rate: 0.06/s | ETA: 2.4m
  Progress: 133/140 | Rate: 0.06/s | ETA: 2.1m
  Progress: 134/140 | Rate: 0.06/s | ETA: 1.8m
  Progress: 135/140 | Rate: 0.06/s | ETA: 1.5m
  Progress: 136/140 | Rate: 0.06/s | ETA: 1.2m
  Progress: 137/140 | Rate: 0.06/s | ETA: 0.9m
  Progress: 138/140 | Rate: 0.06/s | ETA: 0.6m
  Progress: 139/140 | Rate: 0.06/s | ETA: 0.3m
  Progress: 140/140 | Rate: 0.06/s | ETA: 0.0m

✔ Done. 140 evaluations in 2464.8s (0.06/s)
>>> qwen3_235b_vanilla_sample1_responses.jsonl  03:09:30Z

============================================================
  Judge:  kimi (moonshotai/kimi-k2-thinking-maas)
  Input:  runs/run_20260521/responses/qwen3_235b_vanilla_sample1_responses.jsonl
  Output: /home/satvik/Documents/CIKM/runs/run_20260521/evaluations/kimi_evaluations_qwen3_235b_vanilla_sample1.jsonl
============================================================
  Remaining: 140 rows
  Progress: 1/140 | Rate: 0.04/s | ETA: 60.4m
  Progress: 2/140 | Rate: 0.05/s | ETA: 50.1m
  Progress: 3/140 | Rate: 0.06/s | ETA: 38.6m
  Progress: 4/140 | Rate: 0.07/s | ETA: 33.2m
  Progress: 5/140 | Rate: 0.07/s | ETA: 32.9m
  Progress: 6/140 | Rate: 0.07/s | ETA: 32.8m
  Progress: 7/140 | Rate: 0.06/s | ETA: 37.4m
  Progress: 8/140 | Rate: 0.06/s | ETA: 36.1m
  Progress: 9/140 | Rate: 0.06/s | ETA: 35.1m
  Progress: 10/140 | Rate: 0.06/s | ETA: 35.0m
  Progress: 11/140 | Rate: 0.06/s | ETA: 36.4m
  Progress: 12/140 | Rate: 0.06/s | ETA: 35.0m
  Progress: 13/140 | Rate: 0.06/s | ETA: 33.8m
  Progress: 14/140 | Rate: 0.06/s | ETA: 34.7m
  Progress: 15/140 | Rate: 0.06/s | ETA: 34.9m
  Progress: 16/140 | Rate: 0.06/s | ETA: 34.8m
  [cat2_orig_007] [Attempt 1] HTTP 429: [{
  "error": {
    "code": 429,
    "message": "Resource exhausted. Please try again later. Please refer to https://clo — waiting 60s
  Progress: 17/140 | Rate: 0.05/s | ETA: 41.3m
  Progress: 18/140 | Rate: 0.05/s | ETA: 40.6m
  Progress: 19/140 | Rate: 0.05/s | ETA: 39.0m
  Progress: 20/140 | Rate: 0.05/s | ETA: 39.8m
  Progress: 21/140 | Rate: 0.05/s | ETA: 38.3m
  Progress: 22/140 | Rate: 0.05/s | ETA: 37.6m
  Progress: 23/140 | Rate: 0.05/s | ETA: 36.3m
  Progress: 24/140 | Rate: 0.05/s | ETA: 35.4m
  Progress: 25/140 | Rate: 0.06/s | ETA: 34.7m
  Progress: 26/140 | Rate: 0.06/s | ETA: 34.1m
  Progress: 27/140 | Rate: 0.06/s | ETA: 33.4m
  Progress: 28/140 | Rate: 0.06/s | ETA: 33.5m
  Progress: 29/140 | Rate: 0.06/s | ETA: 32.9m
  Progress: 30/140 | Rate: 0.06/s | ETA: 32.6m
  Progress: 31/140 | Rate: 0.06/s | ETA: 31.9m
  Progress: 32/140 | Rate: 0.06/s | ETA: 31.7m
  Progress: 33/140 | Rate: 0.06/s | ETA: 31.6m
  Progress: 34/140 | Rate: 0.06/s | ETA: 31.0m
  Progress: 35/140 | Rate: 0.06/s | ETA: 30.8m
  Progress: 36/140 | Rate: 0.06/s | ETA: 30.4m
  Progress: 37/140 | Rate: 0.06/s | ETA: 29.9m
  Progress: 38/140 | Rate: 0.06/s | ETA: 29.3m
  Progress: 39/140 | Rate: 0.06/s | ETA: 28.9m
  Progress: 40/140 | Rate: 0.06/s | ETA: 28.1m
  Progress: 41/140 | Rate: 0.06/s | ETA: 27.5m
  Progress: 42/140 | Rate: 0.06/s | ETA: 27.2m
  Progress: 43/140 | Rate: 0.06/s | ETA: 27.2m
  Progress: 44/140 | Rate: 0.06/s | ETA: 26.6m
  Progress: 45/140 | Rate: 0.06/s | ETA: 26.2m
  Progress: 46/140 | Rate: 0.06/s | ETA: 25.8m
  Progress: 47/140 | Rate: 0.06/s | ETA: 25.4m
  Progress: 48/140 | Rate: 0.06/s | ETA: 24.9m
  Progress: 49/140 | Rate: 0.06/s | ETA: 24.5m
  Progress: 50/140 | Rate: 0.06/s | ETA: 24.1m
  Progress: 51/140 | Rate: 0.06/s | ETA: 24.0m
  Progress: 52/140 | Rate: 0.06/s | ETA: 23.7m
  Progress: 53/140 | Rate: 0.06/s | ETA: 23.6m
  Progress: 54/140 | Rate: 0.06/s | ETA: 23.4m
  Progress: 55/140 | Rate: 0.06/s | ETA: 23.0m
  Progress: 56/140 | Rate: 0.06/s | ETA: 22.7m
  Progress: 57/140 | Rate: 0.06/s | ETA: 22.7m
  Progress: 58/140 | Rate: 0.06/s | ETA: 22.3m
  Progress: 59/140 | Rate: 0.06/s | ETA: 22.1m
  Progress: 60/140 | Rate: 0.06/s | ETA: 21.7m
  Progress: 61/140 | Rate: 0.06/s | ETA: 21.3m
  Progress: 62/140 | Rate: 0.06/s | ETA: 21.0m
  Progress: 63/140 | Rate: 0.06/s | ETA: 20.6m
  Progress: 64/140 | Rate: 0.06/s | ETA: 20.3m
  Progress: 65/140 | Rate: 0.06/s | ETA: 19.9m
  Progress: 66/140 | Rate: 0.06/s | ETA: 19.5m
  Progress: 67/140 | Rate: 0.06/s | ETA: 19.3m
  Progress: 68/140 | Rate: 0.06/s | ETA: 18.8m
  Progress: 69/140 | Rate: 0.06/s | ETA: 18.5m
  Progress: 70/140 | Rate: 0.06/s | ETA: 18.1m
  Progress: 71/140 | Rate: 0.06/s | ETA: 18.0m
  Progress: 72/140 | Rate: 0.06/s | ETA: 17.8m
  Progress: 73/140 | Rate: 0.06/s | ETA: 17.4m
  Progress: 74/140 | Rate: 0.06/s | ETA: 17.1m
  Progress: 75/140 | Rate: 0.06/s | ETA: 16.9m
  Progress: 76/140 | Rate: 0.06/s | ETA: 16.8m
  Progress: 77/140 | Rate: 0.06/s | ETA: 16.5m
  Progress: 78/140 | Rate: 0.06/s | ETA: 16.1m
  Progress: 79/140 | Rate: 0.06/s | ETA: 15.8m
  Progress: 80/140 | Rate: 0.06/s | ETA: 15.7m
  Progress: 81/140 | Rate: 0.06/s | ETA: 15.6m
  Progress: 82/140 | Rate: 0.06/s | ETA: 15.3m
  Progress: 83/140 | Rate: 0.06/s | ETA: 15.1m
  Progress: 84/140 | Rate: 0.06/s | ETA: 14.9m
  Progress: 85/140 | Rate: 0.06/s | ETA: 14.7m
  Progress: 86/140 | Rate: 0.06/s | ETA: 14.5m
  Progress: 87/140 | Rate: 0.06/s | ETA: 14.2m
  Progress: 88/140 | Rate: 0.06/s | ETA: 13.8m
  Progress: 89/140 | Rate: 0.06/s | ETA: 13.5m
  Progress: 90/140 | Rate: 0.06/s | ETA: 13.3m
  Progress: 91/140 | Rate: 0.06/s | ETA: 13.0m
  Progress: 92/140 | Rate: 0.06/s | ETA: 12.7m
  Progress: 93/140 | Rate: 0.06/s | ETA: 12.4m
  Progress: 94/140 | Rate: 0.06/s | ETA: 12.2m
  Progress: 95/140 | Rate: 0.06/s | ETA: 12.0m
  Progress: 96/140 | Rate: 0.06/s | ETA: 11.7m
  Progress: 97/140 | Rate: 0.06/s | ETA: 11.5m
  Progress: 98/140 | Rate: 0.06/s | ETA: 11.2m
  Progress: 99/140 | Rate: 0.06/s | ETA: 10.9m
  Progress: 100/140 | Rate: 0.06/s | ETA: 10.6m
  Progress: 101/140 | Rate: 0.06/s | ETA: 10.4m
  Progress: 102/140 | Rate: 0.06/s | ETA: 10.1m
  Progress: 103/140 | Rate: 0.06/s | ETA: 9.8m
  Progress: 104/140 | Rate: 0.06/s | ETA: 9.6m
  Progress: 105/140 | Rate: 0.06/s | ETA: 9.3m
  Progress: 106/140 | Rate: 0.06/s | ETA: 9.0m
  Progress: 107/140 | Rate: 0.06/s | ETA: 8.7m
  Progress: 108/140 | Rate: 0.06/s | ETA: 8.5m
  Progress: 109/140 | Rate: 0.06/s | ETA: 8.2m
  Progress: 110/140 | Rate: 0.06/s | ETA: 8.0m
  Progress: 111/140 | Rate: 0.06/s | ETA: 7.7m
  Progress: 112/140 | Rate: 0.06/s | ETA: 7.4m
  Progress: 113/140 | Rate: 0.06/s | ETA: 7.1m
  Progress: 114/140 | Rate: 0.06/s | ETA: 6.9m
  Progress: 115/140 | Rate: 0.06/s | ETA: 6.6m
  Progress: 116/140 | Rate: 0.06/s | ETA: 6.3m
  Progress: 117/140 | Rate: 0.06/s | ETA: 6.1m
  Progress: 118/140 | Rate: 0.06/s | ETA: 5.8m
  Progress: 119/140 | Rate: 0.06/s | ETA: 5.6m
  Progress: 120/140 | Rate: 0.06/s | ETA: 5.3m
  Progress: 121/140 | Rate: 0.06/s | ETA: 5.0m
  Progress: 122/140 | Rate: 0.06/s | ETA: 4.7m
  Progress: 123/140 | Rate: 0.06/s | ETA: 4.5m
  Progress: 124/140 | Rate: 0.06/s | ETA: 4.2m
  Progress: 125/140 | Rate: 0.06/s | ETA: 4.0m
  Progress: 126/140 | Rate: 0.06/s | ETA: 3.7m
  Progress: 127/140 | Rate: 0.06/s | ETA: 3.5m
  Progress: 128/140 | Rate: 0.06/s | ETA: 3.2m
  Progress: 129/140 | Rate: 0.06/s | ETA: 3.0m
  Progress: 130/140 | Rate: 0.06/s | ETA: 2.7m
  Progress: 131/140 | Rate: 0.06/s | ETA: 2.4m
  Progress: 132/140 | Rate: 0.06/s | ETA: 2.2m
  Progress: 133/140 | Rate: 0.06/s | ETA: 1.9m
  Progress: 134/140 | Rate: 0.06/s | ETA: 1.6m
  Progress: 135/140 | Rate: 0.06/s | ETA: 1.4m
  Progress: 136/140 | Rate: 0.06/s | ETA: 1.1m
  Progress: 137/140 | Rate: 0.06/s | ETA: 0.8m
  Progress: 138/140 | Rate: 0.06/s | ETA: 0.5m
  Progress: 139/140 | Rate: 0.06/s | ETA: 0.3m
  Progress: 140/140 | Rate: 0.06/s | ETA: 0.0m

✔ Done. 140 evaluations in 2282.2s (0.06/s)
>>> qwen3_235b_vanilla_sample2_responses.jsonl  03:47:43Z

============================================================
  Judge:  kimi (moonshotai/kimi-k2-thinking-maas)
  Input:  runs/run_20260521/responses/qwen3_235b_vanilla_sample2_responses.jsonl
  Output: /home/satvik/Documents/CIKM/runs/run_20260521/evaluations/kimi_evaluations_qwen3_235b_vanilla_sample2.jsonl
============================================================
  Remaining: 140 rows
  Progress: 1/140 | Rate: 0.08/s | ETA: 28.0m
  Progress: 2/140 | Rate: 0.07/s | ETA: 32.1m
  Progress: 3/140 | Rate: 0.06/s | ETA: 36.3m
  Progress: 4/140 | Rate: 0.05/s | ETA: 41.6m
  Progress: 5/140 | Rate: 0.06/s | ETA: 36.7m
  Progress: 6/140 | Rate: 0.06/s | ETA: 40.3m
  Progress: 7/140 | Rate: 0.05/s | ETA: 41.1m
  Progress: 8/140 | Rate: 0.05/s | ETA: 40.1m
  Progress: 9/140 | Rate: 0.05/s | ETA: 39.7m
  Progress: 10/140 | Rate: 0.06/s | ETA: 38.6m
  Progress: 11/140 | Rate: 0.06/s | ETA: 38.7m
  Progress: 12/140 | Rate: 0.05/s | ETA: 39.6m
  Progress: 13/140 | Rate: 0.06/s | ETA: 38.4m
  Progress: 14/140 | Rate: 0.06/s | ETA: 37.5m
  Progress: 15/140 | Rate: 0.06/s | ETA: 37.2m
  Progress: 16/140 | Rate: 0.06/s | ETA: 37.0m
  Progress: 17/140 | Rate: 0.06/s | ETA: 36.1m
  Progress: 18/140 | Rate: 0.06/s | ETA: 35.3m
  Progress: 19/140 | Rate: 0.06/s | ETA: 34.3m
  Progress: 20/140 | Rate: 0.06/s | ETA: 33.7m
  Progress: 21/140 | Rate: 0.06/s | ETA: 33.4m
  Progress: 22/140 | Rate: 0.06/s | ETA: 33.1m
  Progress: 23/140 | Rate: 0.06/s | ETA: 32.3m
  Progress: 24/140 | Rate: 0.06/s | ETA: 31.9m
  Progress: 25/140 | Rate: 0.06/s | ETA: 31.7m
  Progress: 26/140 | Rate: 0.06/s | ETA: 31.9m
  Progress: 27/140 | Rate: 0.06/s | ETA: 32.6m
  Progress: 28/140 | Rate: 0.06/s | ETA: 32.2m
  Progress: 29/140 | Rate: 0.06/s | ETA: 31.7m
  Progress: 30/140 | Rate: 0.06/s | ETA: 31.4m
  Progress: 31/140 | Rate: 0.06/s | ETA: 30.9m
  Progress: 32/140 | Rate: 0.06/s | ETA: 30.9m
  Progress: 33/140 | Rate: 0.06/s | ETA: 30.4m
  Progress: 34/140 | Rate: 0.06/s | ETA: 29.9m
  Progress: 35/140 | Rate: 0.06/s | ETA: 29.6m
  Progress: 36/140 | Rate: 0.06/s | ETA: 29.6m
  Progress: 37/140 | Rate: 0.06/s | ETA: 29.1m
  Progress: 38/140 | Rate: 0.06/s | ETA: 28.9m
  Progress: 39/140 | Rate: 0.06/s | ETA: 28.6m
  Progress: 40/140 | Rate: 0.06/s | ETA: 28.2m
  Progress: 41/140 | Rate: 0.06/s | ETA: 28.0m
  Progress: 42/140 | Rate: 0.06/s | ETA: 27.6m
  Progress: 43/140 | Rate: 0.06/s | ETA: 27.5m
  Progress: 44/140 | Rate: 0.06/s | ETA: 27.2m
  Progress: 45/140 | Rate: 0.06/s | ETA: 27.3m
  Progress: 46/140 | Rate: 0.06/s | ETA: 26.9m
  Progress: 47/140 | Rate: 0.06/s | ETA: 26.8m
  Progress: 48/140 | Rate: 0.06/s | ETA: 26.5m
  Progress: 49/140 | Rate: 0.06/s | ETA: 26.3m
  Progress: 50/140 | Rate: 0.06/s | ETA: 26.5m
  Progress: 51/140 | Rate: 0.06/s | ETA: 26.2m
  Progress: 52/140 | Rate: 0.06/s | ETA: 26.0m
  Progress: 53/140 | Rate: 0.06/s | ETA: 25.8m
  [cat6_orig_004] [Attempt 1] HTTP 429: [{
  "error": {
    "code": 429,
    "message": "Resource exhausted. Please try again later. Please refer to https://clo — waiting 60s
  Progress: 54/140 | Rate: 0.05/s | ETA: 27.2m
  Progress: 55/140 | Rate: 0.05/s | ETA: 26.7m
  Progress: 56/140 | Rate: 0.05/s | ETA: 26.3m
  Progress: 57/140 | Rate: 0.05/s | ETA: 26.1m
  Progress: 58/140 | Rate: 0.05/s | ETA: 25.9m
  Progress: 59/140 | Rate: 0.05/s | ETA: 26.2m
  Progress: 60/140 | Rate: 0.05/s | ETA: 25.8m
  Progress: 61/140 | Rate: 0.05/s | ETA: 25.6m
  Progress: 62/140 | Rate: 0.05/s | ETA: 25.1m
  Progress: 63/140 | Rate: 0.05/s | ETA: 24.8m
  Progress: 64/140 | Rate: 0.05/s | ETA: 24.3m
  Progress: 65/140 | Rate: 0.05/s | ETA: 23.9m
  Progress: 66/140 | Rate: 0.05/s | ETA: 23.4m
  Progress: 67/140 | Rate: 0.05/s | ETA: 23.2m
  Progress: 68/140 | Rate: 0.05/s | ETA: 22.9m
  Progress: 69/140 | Rate: 0.05/s | ETA: 22.5m
  Progress: 70/140 | Rate: 0.05/s | ETA: 22.1m
  Progress: 71/140 | Rate: 0.05/s | ETA: 21.7m
  Progress: 72/140 | Rate: 0.05/s | ETA: 21.4m
  Progress: 73/140 | Rate: 0.05/s | ETA: 21.0m
  Progress: 74/140 | Rate: 0.05/s | ETA: 20.7m
  Progress: 75/140 | Rate: 0.05/s | ETA: 20.4m
  Progress: 76/140 | Rate: 0.05/s | ETA: 20.1m
  Progress: 77/140 | Rate: 0.05/s | ETA: 19.9m
  Progress: 78/140 | Rate: 0.05/s | ETA: 19.5m
  Progress: 79/140 | Rate: 0.05/s | ETA: 19.2m
  Progress: 80/140 | Rate: 0.05/s | ETA: 18.9m
  Progress: 81/140 | Rate: 0.05/s | ETA: 18.6m
  Progress: 82/140 | Rate: 0.05/s | ETA: 18.2m
  Progress: 83/140 | Rate: 0.05/s | ETA: 17.8m
  Progress: 84/140 | Rate: 0.05/s | ETA: 17.7m
  Progress: 85/140 | Rate: 0.05/s | ETA: 17.4m
  Progress: 86/140 | Rate: 0.05/s | ETA: 17.0m
  Progress: 87/140 | Rate: 0.05/s | ETA: 16.6m
  Progress: 88/140 | Rate: 0.05/s | ETA: 16.3m
  Progress: 89/140 | Rate: 0.05/s | ETA: 16.0m
  Progress: 90/140 | Rate: 0.05/s | ETA: 15.7m
  Progress: 91/140 | Rate: 0.05/s | ETA: 15.3m
  Progress: 92/140 | Rate: 0.05/s | ETA: 14.9m
  Progress: 93/140 | Rate: 0.05/s | ETA: 14.6m
  Progress: 94/140 | Rate: 0.05/s | ETA: 14.2m
  Progress: 95/140 | Rate: 0.05/s | ETA: 13.9m
  Progress: 96/140 | Rate: 0.05/s | ETA: 13.5m
  Progress: 97/140 | Rate: 0.05/s | ETA: 13.2m
  Progress: 98/140 | Rate: 0.05/s | ETA: 12.9m
  Progress: 99/140 | Rate: 0.05/s | ETA: 12.6m
  Progress: 100/140 | Rate: 0.05/s | ETA: 12.3m
  Progress: 101/140 | Rate: 0.05/s | ETA: 12.0m
  Progress: 102/140 | Rate: 0.05/s | ETA: 11.7m
  Progress: 103/140 | Rate: 0.05/s | ETA: 11.5m
  Progress: 104/140 | Rate: 0.05/s | ETA: 11.2m
  Progress: 105/140 | Rate: 0.05/s | ETA: 10.8m
  Progress: 106/140 | Rate: 0.05/s | ETA: 10.5m
  Progress: 107/140 | Rate: 0.05/s | ETA: 10.2m
  Progress: 108/140 | Rate: 0.05/s | ETA: 9.9m
  Progress: 109/140 | Rate: 0.05/s | ETA: 9.6m
  Progress: 110/140 | Rate: 0.05/s | ETA: 9.2m
  Progress: 111/140 | Rate: 0.05/s | ETA: 8.9m
  Progress: 112/140 | Rate: 0.05/s | ETA: 8.6m
  Progress: 113/140 | Rate: 0.05/s | ETA: 8.2m
  Progress: 114/140 | Rate: 0.05/s | ETA: 7.9m
  Progress: 115/140 | Rate: 0.05/s | ETA: 7.6m
  Progress: 116/140 | Rate: 0.05/s | ETA: 7.3m
  Progress: 117/140 | Rate: 0.05/s | ETA: 7.0m
  Progress: 118/140 | Rate: 0.05/s | ETA: 6.7m
  Progress: 119/140 | Rate: 0.06/s | ETA: 6.4m
  Progress: 120/140 | Rate: 0.06/s | ETA: 6.0m
  Progress: 121/140 | Rate: 0.06/s | ETA: 5.7m
  Progress: 122/140 | Rate: 0.06/s | ETA: 5.4m
  Progress: 123/140 | Rate: 0.06/s | ETA: 5.1m
  Progress: 124/140 | Rate: 0.06/s | ETA: 4.8m
  Progress: 125/140 | Rate: 0.06/s | ETA: 4.5m
  Progress: 126/140 | Rate: 0.06/s | ETA: 4.2m
  Progress: 127/140 | Rate: 0.05/s | ETA: 3.9m
  Progress: 128/140 | Rate: 0.05/s | ETA: 3.6m
  Progress: 129/140 | Rate: 0.06/s | ETA: 3.3m
  Progress: 130/140 | Rate: 0.05/s | ETA: 3.0m
  Progress: 131/140 | Rate: 0.05/s | ETA: 2.7m
  Progress: 132/140 | Rate: 0.05/s | ETA: 2.4m
  Progress: 133/140 | Rate: 0.06/s | ETA: 2.1m
  Progress: 134/140 | Rate: 0.05/s | ETA: 1.8m
  Progress: 135/140 | Rate: 0.05/s | ETA: 1.5m
  Progress: 136/140 | Rate: 0.05/s | ETA: 1.2m
  Progress: 137/140 | Rate: 0.06/s | ETA: 0.9m
  Progress: 138/140 | Rate: 0.05/s | ETA: 0.6m
  Progress: 139/140 | Rate: 0.06/s | ETA: 0.3m
  Progress: 140/140 | Rate: 0.06/s | ETA: 0.0m

✔ Done. 140 evaluations in 2542.8s (0.06/s)
>>> qwen3_local_clarification_first_sample0_responses.jsonl  04:30:07Z

============================================================
  Judge:  kimi (moonshotai/kimi-k2-thinking-maas)
  Input:  runs/run_20260521/responses/qwen3_local_clarification_first_sample0_responses.jsonl
  Output: /home/satvik/Documents/CIKM/runs/run_20260521/evaluations/kimi_evaluations_qwen3_local_clarification_first_sample0.jsonl
============================================================
  Remaining: 140 rows
  Progress: 1/140 | Rate: 0.10/s | ETA: 22.2m
  Progress: 2/140 | Rate: 0.09/s | ETA: 25.1m
  Progress: 3/140 | Rate: 0.10/s | ETA: 23.3m
  Progress: 4/140 | Rate: 0.10/s | ETA: 21.9m
  Progress: 5/140 | Rate: 0.11/s | ETA: 19.8m
  Progress: 6/140 | Rate: 0.12/s | ETA: 19.4m
  Progress: 7/140 | Rate: 0.12/s | ETA: 17.9m
  Progress: 8/140 | Rate: 0.11/s | ETA: 19.2m
  Progress: 9/140 | Rate: 0.12/s | ETA: 18.2m
  Progress: 10/140 | Rate: 0.12/s | ETA: 18.3m
  Progress: 11/140 | Rate: 0.12/s | ETA: 18.6m
  Progress: 12/140 | Rate: 0.11/s | ETA: 20.3m
  Progress: 13/140 | Rate: 0.10/s | ETA: 22.2m
  Progress: 14/140 | Rate: 0.09/s | ETA: 23.9m
  Progress: 15/140 | Rate: 0.09/s | ETA: 23.5m
  Progress: 16/140 | Rate: 0.09/s | ETA: 23.6m
  Progress: 17/140 | Rate: 0.08/s | ETA: 25.3m
  Progress: 18/140 | Rate: 0.07/s | ETA: 27.4m
  Progress: 19/140 | Rate: 0.07/s | ETA: 28.7m
  Progress: 20/140 | Rate: 0.07/s | ETA: 29.5m
  Progress: 21/140 | Rate: 0.07/s | ETA: 29.5m
  Progress: 22/140 | Rate: 0.07/s | ETA: 30.2m
  Progress: 23/140 | Rate: 0.07/s | ETA: 29.9m
  Progress: 24/140 | Rate: 0.07/s | ETA: 29.0m
  Progress: 25/140 | Rate: 0.07/s | ETA: 29.1m
  Progress: 26/140 | Rate: 0.07/s | ETA: 28.6m
  Progress: 27/140 | Rate: 0.07/s | ETA: 28.2m
  Progress: 28/140 | Rate: 0.07/s | ETA: 28.3m
  Progress: 29/140 | Rate: 0.06/s | ETA: 28.5m
  Progress: 30/140 | Rate: 0.07/s | ETA: 28.2m
  Progress: 31/140 | Rate: 0.06/s | ETA: 28.0m
  Progress: 32/140 | Rate: 0.06/s | ETA: 27.9m
  Progress: 33/140 | Rate: 0.07/s | ETA: 27.4m
  Progress: 34/140 | Rate: 0.06/s | ETA: 27.7m
  Progress: 35/140 | Rate: 0.06/s | ETA: 27.8m
  Progress: 36/140 | Rate: 0.06/s | ETA: 27.0m
  Progress: 37/140 | Rate: 0.06/s | ETA: 27.2m
  Progress: 38/140 | Rate: 0.06/s | ETA: 27.0m
  Progress: 39/140 | Rate: 0.06/s | ETA: 26.6m
  Progress: 40/140 | Rate: 0.06/s | ETA: 26.9m
  Progress: 41/140 | Rate: 0.06/s | ETA: 26.8m
  Progress: 42/140 | Rate: 0.06/s | ETA: 26.9m
  Progress: 43/140 | Rate: 0.06/s | ETA: 26.7m
  Progress: 44/140 | Rate: 0.06/s | ETA: 26.3m
  Progress: 45/140 | Rate: 0.06/s | ETA: 26.2m
  Progress: 46/140 | Rate: 0.06/s | ETA: 25.9m
  Progress: 47/140 | Rate: 0.06/s | ETA: 25.5m
  Progress: 48/140 | Rate: 0.06/s | ETA: 25.0m
  Progress: 49/140 | Rate: 0.06/s | ETA: 24.5m
  Progress: 50/140 | Rate: 0.06/s | ETA: 24.2m
  Progress: 51/140 | Rate: 0.06/s | ETA: 23.9m
  Progress: 52/140 | Rate: 0.06/s | ETA: 23.5m
  Progress: 53/140 | Rate: 0.06/s | ETA: 23.3m
  Progress: 54/140 | Rate: 0.06/s | ETA: 23.4m
  Progress: 55/140 | Rate: 0.06/s | ETA: 23.0m
  Progress: 56/140 | Rate: 0.06/s | ETA: 22.6m
  Progress: 57/140 | Rate: 0.06/s | ETA: 22.2m
  Progress: 58/140 | Rate: 0.06/s | ETA: 21.8m
  Progress: 59/140 | Rate: 0.06/s | ETA: 21.5m
  Progress: 60/140 | Rate: 0.06/s | ETA: 21.2m
  Progress: 61/140 | Rate: 0.06/s | ETA: 20.8m
  Progress: 62/140 | Rate: 0.06/s | ETA: 20.6m
  Progress: 63/140 | Rate: 0.06/s | ETA: 20.3m
  Progress: 64/140 | Rate: 0.06/s | ETA: 20.0m
  Progress: 65/140 | Rate: 0.06/s | ETA: 19.7m
  Progress: 66/140 | Rate: 0.06/s | ETA: 19.4m
  Progress: 67/140 | Rate: 0.06/s | ETA: 19.1m
  Progress: 68/140 | Rate: 0.06/s | ETA: 18.8m
  Progress: 69/140 | Rate: 0.06/s | ETA: 18.6m
  Progress: 70/140 | Rate: 0.06/s | ETA: 18.2m
  Progress: 71/140 | Rate: 0.06/s | ETA: 18.1m
  Progress: 72/140 | Rate: 0.06/s | ETA: 17.8m
  Progress: 73/140 | Rate: 0.06/s | ETA: 17.4m
  Progress: 74/140 | Rate: 0.06/s | ETA: 17.1m
  Progress: 75/140 | Rate: 0.06/s | ETA: 16.7m
  Progress: 76/140 | Rate: 0.07/s | ETA: 16.4m
  Progress: 77/140 | Rate: 0.06/s | ETA: 16.2m
  Progress: 78/140 | Rate: 0.06/s | ETA: 16.0m
  Progress: 79/140 | Rate: 0.06/s | ETA: 15.7m
  Progress: 80/140 | Rate: 0.06/s | ETA: 15.6m
  Progress: 81/140 | Rate: 0.06/s | ETA: 15.4m
  Progress: 82/140 | Rate: 0.06/s | ETA: 15.2m
  Progress: 83/140 | Rate: 0.06/s | ETA: 14.8m
  Progress: 84/140 | Rate: 0.06/s | ETA: 14.6m
  Progress: 85/140 | Rate: 0.06/s | ETA: 14.4m
  Progress: 86/140 | Rate: 0.06/s | ETA: 14.1m
  Progress: 87/140 | Rate: 0.06/s | ETA: 14.1m
  Progress: 88/140 | Rate: 0.06/s | ETA: 13.8m
  Progress: 89/140 | Rate: 0.06/s | ETA: 13.5m
  Progress: 90/140 | Rate: 0.06/s | ETA: 13.2m
  Progress: 91/140 | Rate: 0.06/s | ETA: 13.0m
  Progress: 92/140 | Rate: 0.06/s | ETA: 12.7m
  Progress: 93/140 | Rate: 0.06/s | ETA: 12.4m
  Progress: 94/140 | Rate: 0.06/s | ETA: 12.1m
  Progress: 95/140 | Rate: 0.06/s | ETA: 11.8m
  Progress: 96/140 | Rate: 0.06/s | ETA: 11.6m
  Progress: 97/140 | Rate: 0.06/s | ETA: 11.3m
  Progress: 98/140 | Rate: 0.06/s | ETA: 11.0m
  Progress: 99/140 | Rate: 0.06/s | ETA: 10.7m
  Progress: 100/140 | Rate: 0.06/s | ETA: 10.4m
  Progress: 101/140 | Rate: 0.06/s | ETA: 10.1m
  Progress: 102/140 | Rate: 0.06/s | ETA: 9.8m
  Progress: 103/140 | Rate: 0.06/s | ETA: 9.6m
  Progress: 104/140 | Rate: 0.06/s | ETA: 9.3m
  Progress: 105/140 | Rate: 0.06/s | ETA: 9.0m
  Progress: 106/140 | Rate: 0.06/s | ETA: 8.7m
  Progress: 107/140 | Rate: 0.06/s | ETA: 8.5m
  Progress: 108/140 | Rate: 0.06/s | ETA: 8.2m
  Progress: 109/140 | Rate: 0.06/s | ETA: 8.0m
  Progress: 110/140 | Rate: 0.06/s | ETA: 7.8m
  Progress: 111/140 | Rate: 0.06/s | ETA: 7.5m
  Progress: 112/140 | Rate: 0.06/s | ETA: 7.3m
  Progress: 113/140 | Rate: 0.06/s | ETA: 7.0m
  Progress: 114/140 | Rate: 0.06/s | ETA: 6.8m
  Progress: 115/140 | Rate: 0.06/s | ETA: 6.5m
  Progress: 116/140 | Rate: 0.06/s | ETA: 6.2m
  Progress: 117/140 | Rate: 0.06/s | ETA: 6.0m
  Progress: 118/140 | Rate: 0.06/s | ETA: 5.7m
  Progress: 119/140 | Rate: 0.06/s | ETA: 5.5m
  Progress: 120/140 | Rate: 0.06/s | ETA: 5.2m
  Progress: 121/140 | Rate: 0.06/s | ETA: 5.0m
  Progress: 122/140 | Rate: 0.06/s | ETA: 4.7m
  Progress: 123/140 | Rate: 0.06/s | ETA: 4.4m
  [cat6_adapted_004] [Attempt 1] HTTP 429: [{
  "error": {
    "code": 429,
    "message": "Resource exhausted. Please try again later. Please refer to https://clo — waiting 60s
  Progress: 124/140 | Rate: 0.06/s | ETA: 4.3m
  Progress: 125/140 | Rate: 0.06/s | ETA: 4.1m
  Progress: 126/140 | Rate: 0.06/s | ETA: 3.8m
  Progress: 127/140 | Rate: 0.06/s | ETA: 3.5m
  Progress: 128/140 | Rate: 0.06/s | ETA: 3.3m
  Progress: 129/140 | Rate: 0.06/s | ETA: 3.0m
  Progress: 130/140 | Rate: 0.06/s | ETA: 2.7m
  Progress: 131/140 | Rate: 0.06/s | ETA: 2.4m
  Progress: 132/140 | Rate: 0.06/s | ETA: 2.2m
  Progress: 133/140 | Rate: 0.06/s | ETA: 1.9m
  Progress: 134/140 | Rate: 0.06/s | ETA: 1.6m
  Progress: 135/140 | Rate: 0.06/s | ETA: 1.4m
  Progress: 136/140 | Rate: 0.06/s | ETA: 1.1m
  Progress: 137/140 | Rate: 0.06/s | ETA: 0.8m
  Progress: 138/140 | Rate: 0.06/s | ETA: 0.5m
  Progress: 139/140 | Rate: 0.06/s | ETA: 0.3m
  Progress: 140/140 | Rate: 0.06/s | ETA: 0.0m

✔ Done. 140 evaluations in 2277.3s (0.06/s)
>>> qwen3_local_clarification_first_sample1_responses.jsonl  05:08:05Z

============================================================
  Judge:  kimi (moonshotai/kimi-k2-thinking-maas)
  Input:  runs/run_20260521/responses/qwen3_local_clarification_first_sample1_responses.jsonl
  Output: /home/satvik/Documents/CIKM/runs/run_20260521/evaluations/kimi_evaluations_qwen3_local_clarification_first_sample1.jsonl
============================================================
  Remaining: 140 rows
  Progress: 1/140 | Rate: 0.06/s | ETA: 40.2m
  Progress: 2/140 | Rate: 0.04/s | ETA: 64.0m
  Progress: 3/140 | Rate: 0.05/s | ETA: 50.1m
  Progress: 4/140 | Rate: 0.05/s | ETA: 44.8m
  Progress: 5/140 | Rate: 0.06/s | ETA: 38.9m
  Progress: 6/140 | Rate: 0.06/s | ETA: 35.1m
  Progress: 7/140 | Rate: 0.07/s | ETA: 32.7m
  Progress: 8/140 | Rate: 0.07/s | ETA: 32.2m
  Progress: 9/140 | Rate: 0.07/s | ETA: 32.1m
  Progress: 10/140 | Rate: 0.07/s | ETA: 32.7m
  Progress: 11/140 | Rate: 0.06/s | ETA: 34.7m
  Progress: 12/140 | Rate: 0.05/s | ETA: 40.6m
  Progress: 13/140 | Rate: 0.05/s | ETA: 40.6m
  Progress: 14/140 | Rate: 0.05/s | ETA: 39.7m
  Progress: 15/140 | Rate: 0.05/s | ETA: 39.9m
  Progress: 16/140 | Rate: 0.05/s | ETA: 39.8m
  Progress: 17/140 | Rate: 0.05/s | ETA: 40.7m
  Progress: 18/140 | Rate: 0.05/s | ETA: 39.3m
  Progress: 19/140 | Rate: 0.05/s | ETA: 38.3m
  Progress: 20/140 | Rate: 0.05/s | ETA: 38.0m
  Progress: 21/140 | Rate: 0.05/s | ETA: 36.8m
  Progress: 22/140 | Rate: 0.05/s | ETA: 35.8m
  Progress: 23/140 | Rate: 0.05/s | ETA: 35.5m
  Progress: 24/140 | Rate: 0.06/s | ETA: 34.2m
  Progress: 25/140 | Rate: 0.06/s | ETA: 33.7m
  Progress: 26/140 | Rate: 0.06/s | ETA: 32.8m
  Progress: 27/140 | Rate: 0.06/s | ETA: 32.2m
  Progress: 28/140 | Rate: 0.06/s | ETA: 32.7m
  Progress: 29/140 | Rate: 0.06/s | ETA: 32.3m
  Progress: 30/140 | Rate: 0.06/s | ETA: 32.3m
  Progress: 31/140 | Rate: 0.06/s | ETA: 32.1m
  Progress: 32/140 | Rate: 0.06/s | ETA: 32.0m
  Progress: 33/140 | Rate: 0.06/s | ETA: 31.2m
  Progress: 34/140 | Rate: 0.06/s | ETA: 30.9m
  Progress: 35/140 | Rate: 0.06/s | ETA: 31.0m
  Progress: 36/140 | Rate: 0.06/s | ETA: 30.6m
  Progress: 37/140 | Rate: 0.06/s | ETA: 30.4m
  Progress: 38/140 | Rate: 0.06/s | ETA: 30.3m
  Progress: 39/140 | Rate: 0.05/s | ETA: 30.7m
  Progress: 40/140 | Rate: 0.05/s | ETA: 30.8m
  Progress: 41/140 | Rate: 0.05/s | ETA: 31.0m
  Progress: 42/140 | Rate: 0.05/s | ETA: 30.6m
  Progress: 43/140 | Rate: 0.05/s | ETA: 30.9m
  Progress: 44/140 | Rate: 0.05/s | ETA: 30.5m
  Progress: 45/140 | Rate: 0.05/s | ETA: 30.4m
  Progress: 46/140 | Rate: 0.05/s | ETA: 30.7m
  Progress: 47/140 | Rate: 0.05/s | ETA: 30.3m
  Progress: 48/140 | Rate: 0.05/s | ETA: 29.8m
  Progress: 49/140 | Rate: 0.05/s | ETA: 29.4m
  Progress: 50/140 | Rate: 0.05/s | ETA: 28.9m
  Progress: 51/140 | Rate: 0.05/s | ETA: 28.3m
  Progress: 52/140 | Rate: 0.05/s | ETA: 28.1m
  Progress: 53/140 | Rate: 0.05/s | ETA: 28.0m
  Progress: 54/140 | Rate: 0.05/s | ETA: 27.6m
  Progress: 55/140 | Rate: 0.05/s | ETA: 27.0m
  Progress: 56/140 | Rate: 0.05/s | ETA: 26.5m
  Progress: 57/140 | Rate: 0.05/s | ETA: 26.2m
  Progress: 58/140 | Rate: 0.05/s | ETA: 25.9m
  Progress: 59/140 | Rate: 0.05/s | ETA: 25.3m
  Progress: 60/140 | Rate: 0.05/s | ETA: 25.3m
  Progress: 61/140 | Rate: 0.05/s | ETA: 24.8m
  Progress: 62/140 | Rate: 0.05/s | ETA: 24.6m
  Progress: 63/140 | Rate: 0.05/s | ETA: 24.2m
  Progress: 64/140 | Rate: 0.05/s | ETA: 23.9m
  Progress: 65/140 | Rate: 0.05/s | ETA: 23.7m
  Progress: 66/140 | Rate: 0.05/s | ETA: 23.2m
  Progress: 67/140 | Rate: 0.05/s | ETA: 22.8m
  Progress: 68/140 | Rate: 0.05/s | ETA: 22.3m
  Progress: 69/140 | Rate: 0.05/s | ETA: 21.8m
  Progress: 70/140 | Rate: 0.05/s | ETA: 21.2m
  Progress: 71/140 | Rate: 0.06/s | ETA: 20.8m
  Progress: 72/140 | Rate: 0.06/s | ETA: 20.4m
  Progress: 73/140 | Rate: 0.06/s | ETA: 20.0m
  Progress: 74/140 | Rate: 0.06/s | ETA: 19.9m
  Progress: 75/140 | Rate: 0.06/s | ETA: 19.6m
  Progress: 76/140 | Rate: 0.06/s | ETA: 19.3m
  Progress: 77/140 | Rate: 0.06/s | ETA: 18.8m
  Progress: 78/140 | Rate: 0.06/s | ETA: 18.6m
  Progress: 79/140 | Rate: 0.06/s | ETA: 18.2m
  Progress: 80/140 | Rate: 0.06/s | ETA: 17.9m
  Progress: 81/140 | Rate: 0.06/s | ETA: 17.7m
  Progress: 82/140 | Rate: 0.06/s | ETA: 17.4m
  Progress: 83/140 | Rate: 0.06/s | ETA: 17.1m
  Progress: 84/140 | Rate: 0.06/s | ETA: 16.8m
  Progress: 85/140 | Rate: 0.06/s | ETA: 16.4m
  Progress: 86/140 | Rate: 0.06/s | ETA: 16.1m
  Progress: 87/140 | Rate: 0.06/s | ETA: 15.7m
  Progress: 88/140 | Rate: 0.06/s | ETA: 15.3m
  Progress: 89/140 | Rate: 0.06/s | ETA: 15.0m
  Progress: 90/140 | Rate: 0.06/s | ETA: 14.7m
  Progress: 91/140 | Rate: 0.06/s | ETA: 14.3m
  Progress: 92/140 | Rate: 0.06/s | ETA: 13.9m
  Progress: 93/140 | Rate: 0.06/s | ETA: 13.5m
  Progress: 94/140 | Rate: 0.06/s | ETA: 13.2m
  Progress: 95/140 | Rate: 0.06/s | ETA: 12.9m
  Progress: 96/140 | Rate: 0.06/s | ETA: 12.6m
  Progress: 97/140 | Rate: 0.06/s | ETA: 12.2m
  Progress: 98/140 | Rate: 0.06/s | ETA: 12.0m
  Progress: 99/140 | Rate: 0.06/s | ETA: 11.6m
  Progress: 100/140 | Rate: 0.06/s | ETA: 11.3m
  Progress: 101/140 | Rate: 0.06/s | ETA: 11.0m
  Progress: 102/140 | Rate: 0.06/s | ETA: 10.8m
  Progress: 103/140 | Rate: 0.06/s | ETA: 10.4m
  Progress: 104/140 | Rate: 0.06/s | ETA: 10.1m
  Progress: 105/140 | Rate: 0.06/s | ETA: 9.8m
  Progress: 106/140 | Rate: 0.06/s | ETA: 9.5m
  Progress: 107/140 | Rate: 0.06/s | ETA: 9.1m
  Progress: 108/140 | Rate: 0.06/s | ETA: 8.8m
  Progress: 109/140 | Rate: 0.06/s | ETA: 8.5m
  Progress: 110/140 | Rate: 0.06/s | ETA: 8.2m
  Progress: 111/140 | Rate: 0.06/s | ETA: 7.9m
  Progress: 112/140 | Rate: 0.06/s | ETA: 7.7m
  Progress: 113/140 | Rate: 0.06/s | ETA: 7.4m
  Progress: 114/140 | Rate: 0.06/s | ETA: 7.1m
  Progress: 115/140 | Rate: 0.06/s | ETA: 6.8m
  Progress: 116/140 | Rate: 0.06/s | ETA: 6.6m
  Progress: 117/140 | Rate: 0.06/s | ETA: 6.3m
  Progress: 118/140 | Rate: 0.06/s | ETA: 6.0m
  Progress: 119/140 | Rate: 0.06/s | ETA: 5.8m
  Progress: 120/140 | Rate: 0.06/s | ETA: 5.5m
  Progress: 121/140 | Rate: 0.06/s | ETA: 5.2m
  Progress: 122/140 | Rate: 0.06/s | ETA: 4.9m
  Progress: 123/140 | Rate: 0.06/s | ETA: 4.6m
  Progress: 124/140 | Rate: 0.06/s | ETA: 4.4m
  Progress: 125/140 | Rate: 0.06/s | ETA: 4.1m
  Progress: 126/140 | Rate: 0.06/s | ETA: 3.8m
  Progress: 127/140 | Rate: 0.06/s | ETA: 3.6m
  Progress: 128/140 | Rate: 0.06/s | ETA: 3.3m
  Progress: 129/140 | Rate: 0.06/s | ETA: 3.0m
  Progress: 130/140 | Rate: 0.06/s | ETA: 2.7m
  Progress: 131/140 | Rate: 0.06/s | ETA: 2.5m
  [Parse error] Expecting value: line 1 column 1 (char 0) — snippet: 
  [cat7_adapted_002] [Attempt 1] Parse failed — retrying
  Progress: 132/140 | Rate: 0.06/s | ETA: 2.2m
  Progress: 133/140 | Rate: 0.06/s | ETA: 1.9m
  Progress: 134/140 | Rate: 0.06/s | ETA: 1.7m
  Progress: 135/140 | Rate: 0.06/s | ETA: 1.4m
  Progress: 136/140 | Rate: 0.06/s | ETA: 1.1m
  Progress: 137/140 | Rate: 0.06/s | ETA: 0.8m
  Progress: 138/140 | Rate: 0.06/s | ETA: 0.6m
  Progress: 139/140 | Rate: 0.06/s | ETA: 0.3m
  Progress: 140/140 | Rate: 0.06/s | ETA: 0.0m

✔ Done. 140 evaluations in 2318.0s (0.06/s)
>>> qwen3_local_clarification_first_sample2_responses.jsonl  05:46:43Z

============================================================
  Judge:  kimi (moonshotai/kimi-k2-thinking-maas)
  Input:  runs/run_20260521/responses/qwen3_local_clarification_first_sample2_responses.jsonl
  Output: /home/satvik/Documents/CIKM/runs/run_20260521/evaluations/kimi_evaluations_qwen3_local_clarification_first_sample2.jsonl
============================================================
  Remaining: 140 rows
  Progress: 1/140 | Rate: 0.09/s | ETA: 25.7m
  Progress: 2/140 | Rate: 0.05/s | ETA: 43.2m
  Progress: 3/140 | Rate: 0.07/s | ETA: 34.5m
  Progress: 4/140 | Rate: 0.07/s | ETA: 30.3m
  Progress: 5/140 | Rate: 0.08/s | ETA: 29.5m
  Progress: 6/140 | Rate: 0.08/s | ETA: 27.1m
  Progress: 7/140 | Rate: 0.09/s | ETA: 24.8m
  Progress: 8/140 | Rate: 0.09/s | ETA: 23.6m
  Progress: 9/140 | Rate: 0.10/s | ETA: 22.7m
  Progress: 10/140 | Rate: 0.09/s | ETA: 24.1m
  Progress: 11/140 | Rate: 0.08/s | ETA: 25.3m
  Progress: 12/140 | Rate: 0.08/s | ETA: 25.2m
  Progress: 13/140 | Rate: 0.08/s | ETA: 25.4m
  Progress: 14/140 | Rate: 0.08/s | ETA: 26.2m
  Progress: 15/140 | Rate: 0.08/s | ETA: 25.5m
  Progress: 16/140 | Rate: 0.08/s | ETA: 25.9m
  Progress: 17/140 | Rate: 0.07/s | ETA: 29.5m
  Progress: 18/140 | Rate: 0.07/s | ETA: 29.5m
  Progress: 19/140 | Rate: 0.07/s | ETA: 28.9m
  Progress: 20/140 | Rate: 0.07/s | ETA: 28.6m
  Progress: 21/140 | Rate: 0.07/s | ETA: 29.5m
  Progress: 22/140 | Rate: 0.07/s | ETA: 29.3m
  Progress: 23/140 | Rate: 0.07/s | ETA: 28.6m
  Progress: 24/140 | Rate: 0.07/s | ETA: 28.3m
  Progress: 25/140 | Rate: 0.07/s | ETA: 28.6m
  [cat3_orig_006] [Attempt 1] HTTP 429: [{
  "error": {
    "code": 429,
    "message": "Resource exhausted. Please try again later. Please refer to https://clo — waiting 60s
  Progress: 26/140 | Rate: 0.06/s | ETA: 32.6m
  Progress: 27/140 | Rate: 0.06/s | ETA: 31.7m
  [cat3_orig_008] [Attempt 1] HTTP 429: [{
  "error": {
    "code": 429,
    "message": "Resource exhausted. Please try again later. Please refer to https://clo — waiting 60s
  Progress: 28/140 | Rate: 0.05/s | ETA: 34.8m
  Progress: 29/140 | Rate: 0.05/s | ETA: 33.9m
  Progress: 30/140 | Rate: 0.05/s | ETA: 33.6m
  Progress: 31/140 | Rate: 0.05/s | ETA: 33.8m
  Progress: 32/140 | Rate: 0.05/s | ETA: 34.2m
  Progress: 33/140 | Rate: 0.05/s | ETA: 33.6m
  Progress: 34/140 | Rate: 0.05/s | ETA: 34.5m
  Progress: 35/140 | Rate: 0.05/s | ETA: 33.7m
  Progress: 36/140 | Rate: 0.05/s | ETA: 32.9m
  Progress: 37/140 | Rate: 0.05/s | ETA: 32.8m
  Progress: 38/140 | Rate: 0.05/s | ETA: 33.0m
  Progress: 39/140 | Rate: 0.05/s | ETA: 32.8m
  Progress: 40/140 | Rate: 0.05/s | ETA: 33.3m
  Progress: 41/140 | Rate: 0.05/s | ETA: 33.2m
  Progress: 42/140 | Rate: 0.05/s | ETA: 33.2m
  Progress: 43/140 | Rate: 0.05/s | ETA: 33.5m
  Progress: 44/140 | Rate: 0.05/s | ETA: 32.8m
  Progress: 45/140 | Rate: 0.05/s | ETA: 32.8m
  Progress: 46/140 | Rate: 0.05/s | ETA: 32.4m
  Progress: 47/140 | Rate: 0.05/s | ETA: 31.8m
  Progress: 48/140 | Rate: 0.05/s | ETA: 31.4m
  Progress: 49/140 | Rate: 0.05/s | ETA: 30.7m
  Progress: 50/140 | Rate: 0.05/s | ETA: 30.8m
  Progress: 51/140 | Rate: 0.05/s | ETA: 30.2m
  Progress: 52/140 | Rate: 0.05/s | ETA: 29.9m
  Progress: 53/140 | Rate: 0.05/s | ETA: 29.4m
  Progress: 54/140 | Rate: 0.05/s | ETA: 28.9m
  Progress: 55/140 | Rate: 0.05/s | ETA: 28.5m
  Progress: 56/140 | Rate: 0.05/s | ETA: 28.0m
  Progress: 57/140 | Rate: 0.05/s | ETA: 27.5m
  Progress: 58/140 | Rate: 0.05/s | ETA: 27.1m
  Progress: 59/140 | Rate: 0.05/s | ETA: 26.6m
  Progress: 60/140 | Rate: 0.05/s | ETA: 26.3m
  Progress: 61/140 | Rate: 0.05/s | ETA: 25.9m
  Progress: 62/140 | Rate: 0.05/s | ETA: 25.4m
  Progress: 63/140 | Rate: 0.05/s | ETA: 24.8m
  Progress: 64/140 | Rate: 0.05/s | ETA: 24.5m
  Progress: 65/140 | Rate: 0.05/s | ETA: 24.4m
  Progress: 66/140 | Rate: 0.05/s | ETA: 24.0m
  [Parse error] Expecting value: line 1 column 1 (char 0) — snippet: 
  [cat7_orig_007] [Attempt 1] Parse failed — retrying
  Progress: 67/140 | Rate: 0.05/s | ETA: 25.2m
  Progress: 68/140 | Rate: 0.05/s | ETA: 24.7m
  Progress: 69/140 | Rate: 0.05/s | ETA: 24.3m
  Progress: 70/140 | Rate: 0.05/s | ETA: 23.8m
  Progress: 71/140 | Rate: 0.05/s | ETA: 24.0m
  Progress: 72/140 | Rate: 0.05/s | ETA: 23.5m
  Progress: 73/140 | Rate: 0.05/s | ETA: 23.3m
  Progress: 74/140 | Rate: 0.05/s | ETA: 22.8m
  Progress: 75/140 | Rate: 0.05/s | ETA: 22.3m
  Progress: 76/140 | Rate: 0.05/s | ETA: 21.9m
  Progress: 77/140 | Rate: 0.05/s | ETA: 21.4m
  Progress: 78/140 | Rate: 0.05/s | ETA: 21.2m
  Progress: 79/140 | Rate: 0.05/s | ETA: 20.7m
  Progress: 80/140 | Rate: 0.05/s | ETA: 20.8m
  Progress: 81/140 | Rate: 0.05/s | ETA: 20.5m
  Progress: 82/140 | Rate: 0.05/s | ETA: 20.1m
  Progress: 83/140 | Rate: 0.05/s | ETA: 19.8m
  Progress: 84/140 | Rate: 0.05/s | ETA: 19.5m
  Progress: 85/140 | Rate: 0.05/s | ETA: 19.0m
  Progress: 86/140 | Rate: 0.05/s | ETA: 18.6m
  Progress: 87/140 | Rate: 0.05/s | ETA: 18.1m
  Progress: 88/140 | Rate: 0.05/s | ETA: 17.8m
  Progress: 89/140 | Rate: 0.05/s | ETA: 17.3m
  Progress: 90/140 | Rate: 0.05/s | ETA: 16.9m
  Progress: 91/140 | Rate: 0.05/s | ETA: 16.6m
  Progress: 92/140 | Rate: 0.05/s | ETA: 16.2m
  Progress: 93/140 | Rate: 0.05/s | ETA: 15.8m
  Progress: 94/140 | Rate: 0.05/s | ETA: 15.4m
  Progress: 95/140 | Rate: 0.05/s | ETA: 15.0m
  Progress: 96/140 | Rate: 0.05/s | ETA: 14.6m
  Progress: 97/140 | Rate: 0.05/s | ETA: 14.2m
  Progress: 98/140 | Rate: 0.05/s | ETA: 13.9m
  Progress: 99/140 | Rate: 0.05/s | ETA: 13.5m
  Progress: 100/140 | Rate: 0.05/s | ETA: 13.0m
  Progress: 101/140 | Rate: 0.05/s | ETA: 12.7m
  Progress: 102/140 | Rate: 0.05/s | ETA: 12.3m
  Progress: 103/140 | Rate: 0.05/s | ETA: 12.0m
  Progress: 104/140 | Rate: 0.05/s | ETA: 11.7m
  Progress: 105/140 | Rate: 0.05/s | ETA: 11.3m
  Progress: 106/140 | Rate: 0.05/s | ETA: 10.9m
  Progress: 107/140 | Rate: 0.05/s | ETA: 10.7m
  Progress: 108/140 | Rate: 0.05/s | ETA: 10.3m
  Progress: 109/140 | Rate: 0.05/s | ETA: 10.0m
  Progress: 110/140 | Rate: 0.05/s | ETA: 9.6m
  Progress: 111/140 | Rate: 0.05/s | ETA: 9.3m
  Progress: 112/140 | Rate: 0.05/s | ETA: 9.0m
  Progress: 113/140 | Rate: 0.05/s | ETA: 8.7m
  Progress: 114/140 | Rate: 0.05/s | ETA: 8.3m
  Progress: 115/140 | Rate: 0.05/s | ETA: 8.1m
  Progress: 116/140 | Rate: 0.05/s | ETA: 7.7m
  Progress: 117/140 | Rate: 0.05/s | ETA: 7.4m
  Progress: 118/140 | Rate: 0.05/s | ETA: 7.0m
  Progress: 119/140 | Rate: 0.05/s | ETA: 6.7m
  Progress: 120/140 | Rate: 0.05/s | ETA: 6.3m
  Progress: 121/140 | Rate: 0.05/s | ETA: 6.0m
  Progress: 122/140 | Rate: 0.05/s | ETA: 5.7m
  Progress: 123/140 | Rate: 0.05/s | ETA: 5.4m
  Progress: 124/140 | Rate: 0.05/s | ETA: 5.1m
  Progress: 125/140 | Rate: 0.05/s | ETA: 4.8m
  Progress: 126/140 | Rate: 0.05/s | ETA: 4.4m
  Progress: 127/140 | Rate: 0.05/s | ETA: 4.1m
  Progress: 128/140 | Rate: 0.05/s | ETA: 3.8m
  Progress: 129/140 | Rate: 0.05/s | ETA: 3.5m
  Progress: 130/140 | Rate: 0.05/s | ETA: 3.1m
  Progress: 131/140 | Rate: 0.05/s | ETA: 2.8m
  Progress: 132/140 | Rate: 0.05/s | ETA: 2.5m
  Progress: 133/140 | Rate: 0.05/s | ETA: 2.2m
  Progress: 134/140 | Rate: 0.05/s | ETA: 1.9m
  Progress: 135/140 | Rate: 0.05/s | ETA: 1.6m
  Progress: 136/140 | Rate: 0.05/s | ETA: 1.3m
  Progress: 137/140 | Rate: 0.05/s | ETA: 0.9m
  Progress: 138/140 | Rate: 0.05/s | ETA: 0.6m
  Progress: 139/140 | Rate: 0.05/s | ETA: 0.3m
  Progress: 140/140 | Rate: 0.05/s | ETA: 0.0m

✔ Done. 140 evaluations in 2666.8s (0.05/s)
>>> qwen3_local_neutrality_oriented_sample0_responses.jsonl  06:31:11Z

============================================================
  Judge:  kimi (moonshotai/kimi-k2-thinking-maas)
  Input:  runs/run_20260521/responses/qwen3_local_neutrality_oriented_sample0_responses.jsonl
  Output: /home/satvik/Documents/CIKM/runs/run_20260521/evaluations/kimi_evaluations_qwen3_local_neutrality_oriented_sample0.jsonl
============================================================
  Remaining: 140 rows
  Progress: 1/140 | Rate: 0.10/s | ETA: 22.5m
  Progress: 2/140 | Rate: 0.06/s | ETA: 36.6m
  Progress: 3/140 | Rate: 0.06/s | ETA: 38.7m
  Progress: 4/140 | Rate: 0.06/s | ETA: 35.2m
  Progress: 5/140 | Rate: 0.06/s | ETA: 36.4m
  Progress: 6/140 | Rate: 0.06/s | ETA: 34.5m
  Progress: 7/140 | Rate: 0.06/s | ETA: 37.2m
  Progress: 8/140 | Rate: 0.06/s | ETA: 35.2m
  Progress: 9/140 | Rate: 0.06/s | ETA: 34.7m
  Progress: 10/140 | Rate: 0.06/s | ETA: 36.7m
  Progress: 11/140 | Rate: 0.06/s | ETA: 35.7m
  Progress: 12/140 | Rate: 0.06/s | ETA: 35.1m
  Progress: 13/140 | Rate: 0.06/s | ETA: 34.6m
  Progress: 14/140 | Rate: 0.06/s | ETA: 33.2m
  Progress: 15/140 | Rate: 0.06/s | ETA: 32.9m
  Progress: 16/140 | Rate: 0.06/s | ETA: 32.2m
  Progress: 17/140 | Rate: 0.06/s | ETA: 32.3m
  Progress: 18/140 | Rate: 0.06/s | ETA: 31.5m
  Progress: 19/140 | Rate: 0.06/s | ETA: 31.1m
  Progress: 20/140 | Rate: 0.07/s | ETA: 30.3m
  Progress: 21/140 | Rate: 0.07/s | ETA: 30.4m
  Progress: 22/140 | Rate: 0.06/s | ETA: 31.1m
  Progress: 23/140 | Rate: 0.06/s | ETA: 31.0m
  Progress: 24/140 | Rate: 0.06/s | ETA: 30.5m
  Progress: 25/140 | Rate: 0.06/s | ETA: 30.1m
  Progress: 26/140 | Rate: 0.06/s | ETA: 29.4m
  Progress: 27/140 | Rate: 0.07/s | ETA: 28.5m
  Progress: 28/140 | Rate: 0.07/s | ETA: 28.1m
  Progress: 29/140 | Rate: 0.07/s | ETA: 27.7m
  Progress: 30/140 | Rate: 0.07/s | ETA: 27.3m
  Progress: 31/140 | Rate: 0.07/s | ETA: 26.6m
  Progress: 32/140 | Rate: 0.07/s | ETA: 25.8m
  Progress: 33/140 | Rate: 0.07/s | ETA: 25.1m
  Progress: 34/140 | Rate: 0.07/s | ETA: 25.2m
  Progress: 35/140 | Rate: 0.07/s | ETA: 25.0m
  Progress: 36/140 | Rate: 0.07/s | ETA: 24.8m
  Progress: 37/140 | Rate: 0.07/s | ETA: 24.9m
  Progress: 38/140 | Rate: 0.07/s | ETA: 24.5m
  Progress: 39/140 | Rate: 0.07/s | ETA: 24.0m
  Progress: 40/140 | Rate: 0.07/s | ETA: 23.6m
  Progress: 41/140 | Rate: 0.07/s | ETA: 23.3m
  Progress: 42/140 | Rate: 0.07/s | ETA: 23.4m
  Progress: 43/140 | Rate: 0.07/s | ETA: 23.3m
  Progress: 44/140 | Rate: 0.07/s | ETA: 23.3m
  Progress: 45/140 | Rate: 0.07/s | ETA: 23.0m
  Progress: 46/140 | Rate: 0.07/s | ETA: 22.9m
  Progress: 47/140 | Rate: 0.07/s | ETA: 22.7m
  Progress: 48/140 | Rate: 0.07/s | ETA: 22.4m
  Progress: 49/140 | Rate: 0.07/s | ETA: 22.0m
  Progress: 50/140 | Rate: 0.07/s | ETA: 21.9m
  Progress: 51/140 | Rate: 0.07/s | ETA: 21.8m
  Progress: 52/140 | Rate: 0.07/s | ETA: 21.5m
  Progress: 53/140 | Rate: 0.07/s | ETA: 21.3m
  Progress: 54/140 | Rate: 0.07/s | ETA: 21.1m
  Progress: 55/140 | Rate: 0.07/s | ETA: 20.7m
  Progress: 56/140 | Rate: 0.07/s | ETA: 20.9m
  Progress: 57/140 | Rate: 0.07/s | ETA: 20.6m
  Progress: 58/140 | Rate: 0.07/s | ETA: 20.5m
  Progress: 59/140 | Rate: 0.07/s | ETA: 20.2m
  Progress: 60/140 | Rate: 0.07/s | ETA: 19.9m
  Progress: 61/140 | Rate: 0.07/s | ETA: 19.9m
  Progress: 62/140 | Rate: 0.07/s | ETA: 19.7m
  Progress: 63/140 | Rate: 0.07/s | ETA: 19.6m
  Progress: 64/140 | Rate: 0.07/s | ETA: 19.2m
  Progress: 65/140 | Rate: 0.07/s | ETA: 18.9m
  Progress: 66/140 | Rate: 0.07/s | ETA: 18.8m
  Progress: 67/140 | Rate: 0.07/s | ETA: 18.5m
  Progress: 68/140 | Rate: 0.07/s | ETA: 18.2m
  Progress: 69/140 | Rate: 0.07/s | ETA: 18.0m
  Progress: 70/140 | Rate: 0.07/s | ETA: 17.8m
  Progress: 71/140 | Rate: 0.07/s | ETA: 17.5m
  Progress: 72/140 | Rate: 0.07/s | ETA: 17.3m
  Progress: 73/140 | Rate: 0.07/s | ETA: 17.2m
  Progress: 74/140 | Rate: 0.06/s | ETA: 17.0m
  Progress: 75/140 | Rate: 0.06/s | ETA: 16.8m
  Progress: 76/140 | Rate: 0.06/s | ETA: 16.5m
  Progress: 77/140 | Rate: 0.06/s | ETA: 16.2m
  Progress: 78/140 | Rate: 0.06/s | ETA: 15.9m
  Progress: 79/140 | Rate: 0.07/s | ETA: 15.6m
  Progress: 80/140 | Rate: 0.06/s | ETA: 15.4m
  Progress: 81/140 | Rate: 0.06/s | ETA: 15.2m
  Progress: 82/140 | Rate: 0.07/s | ETA: 14.9m
  Progress: 83/140 | Rate: 0.06/s | ETA: 14.7m
  Progress: 84/140 | Rate: 0.06/s | ETA: 14.5m
  Progress: 85/140 | Rate: 0.06/s | ETA: 14.3m
  Progress: 86/140 | Rate: 0.06/s | ETA: 14.0m
  Progress: 87/140 | Rate: 0.06/s | ETA: 13.8m
  Progress: 88/140 | Rate: 0.06/s | ETA: 13.6m
  Progress: 89/140 | Rate: 0.06/s | ETA: 13.3m
  Progress: 90/140 | Rate: 0.06/s | ETA: 13.2m
  Progress: 91/140 | Rate: 0.06/s | ETA: 12.9m
  Progress: 92/140 | Rate: 0.06/s | ETA: 12.6m
  Progress: 93/140 | Rate: 0.06/s | ETA: 12.4m
  [cat3_adapted_004] [Attempt 1] HTTP 429: [{
  "error": {
    "code": 429,
    "message": "Resource exhausted. Please try again later. Please refer to https://clo — waiting 60s
  Progress: 94/140 | Rate: 0.06/s | ETA: 12.6m
  Progress: 95/140 | Rate: 0.06/s | ETA: 12.3m
  Progress: 96/140 | Rate: 0.06/s | ETA: 12.0m
  Progress: 97/140 | Rate: 0.06/s | ETA: 11.7m
  Progress: 98/140 | Rate: 0.06/s | ETA: 11.4m
  Progress: 99/140 | Rate: 0.06/s | ETA: 11.1m
  Progress: 100/140 | Rate: 0.06/s | ETA: 10.8m
  Progress: 101/140 | Rate: 0.06/s | ETA: 10.5m
  Progress: 102/140 | Rate: 0.06/s | ETA: 10.2m
  Progress: 103/140 | Rate: 0.06/s | ETA: 9.9m
  Progress: 104/140 | Rate: 0.06/s | ETA: 9.7m
  Progress: 105/140 | Rate: 0.06/s | ETA: 9.4m
  Progress: 106/140 | Rate: 0.06/s | ETA: 9.2m
  [Parse error] Expecting value: line 1 column 1 (char 0) — snippet: 
  [cat4_real_002] [Attempt 1] Parse failed — retrying
  Progress: 107/140 | Rate: 0.06/s | ETA: 9.2m
  Progress: 108/140 | Rate: 0.06/s | ETA: 8.9m
  Progress: 109/140 | Rate: 0.06/s | ETA: 8.6m
  Progress: 110/140 | Rate: 0.06/s | ETA: 8.3m
  Progress: 111/140 | Rate: 0.06/s | ETA: 8.0m
  Progress: 112/140 | Rate: 0.06/s | ETA: 7.7m
  Progress: 113/140 | Rate: 0.06/s | ETA: 7.4m
  Progress: 114/140 | Rate: 0.06/s | ETA: 7.1m
  Progress: 115/140 | Rate: 0.06/s | ETA: 6.8m
  Progress: 116/140 | Rate: 0.06/s | ETA: 6.6m
  Progress: 117/140 | Rate: 0.06/s | ETA: 6.3m
  Progress: 118/140 | Rate: 0.06/s | ETA: 6.0m
  Progress: 119/140 | Rate: 0.06/s | ETA: 5.8m
  Progress: 120/140 | Rate: 0.06/s | ETA: 5.5m
  Progress: 121/140 | Rate: 0.06/s | ETA: 5.2m
  Progress: 122/140 | Rate: 0.06/s | ETA: 5.0m
  Progress: 123/140 | Rate: 0.06/s | ETA: 4.7m
  Progress: 124/140 | Rate: 0.06/s | ETA: 4.5m
  Progress: 125/140 | Rate: 0.06/s | ETA: 4.2m
  Progress: 126/140 | Rate: 0.06/s | ETA: 3.9m
  Progress: 127/140 | Rate: 0.06/s | ETA: 3.6m
  Progress: 128/140 | Rate: 0.06/s | ETA: 3.3m
  Progress: 129/140 | Rate: 0.06/s | ETA: 3.1m
  Progress: 130/140 | Rate: 0.06/s | ETA: 2.8m
  Progress: 131/140 | Rate: 0.06/s | ETA: 2.5m
  Progress: 132/140 | Rate: 0.06/s | ETA: 2.2m
  Progress: 133/140 | Rate: 0.06/s | ETA: 1.9m
  Progress: 134/140 | Rate: 0.06/s | ETA: 1.7m
  Progress: 135/140 | Rate: 0.06/s | ETA: 1.4m
  Progress: 136/140 | Rate: 0.06/s | ETA: 1.1m
  Progress: 137/140 | Rate: 0.06/s | ETA: 0.8m
  Progress: 138/140 | Rate: 0.06/s | ETA: 0.6m
  Progress: 139/140 | Rate: 0.06/s | ETA: 0.3m
  Progress: 140/140 | Rate: 0.06/s | ETA: 0.0m

✔ Done. 140 evaluations in 2318.8s (0.06/s)
>>> qwen3_local_neutrality_oriented_sample1_responses.jsonl  07:09:51Z

============================================================
  Judge:  kimi (moonshotai/kimi-k2-thinking-maas)
  Input:  runs/run_20260521/responses/qwen3_local_neutrality_oriented_sample1_responses.jsonl
  Output: /home/satvik/Documents/CIKM/runs/run_20260521/evaluations/kimi_evaluations_qwen3_local_neutrality_oriented_sample1.jsonl
============================================================
  Remaining: 140 rows
  Progress: 1/140 | Rate: 0.18/s | ETA: 13.2m
  Progress: 2/140 | Rate: 0.09/s | ETA: 26.2m
  Progress: 3/140 | Rate: 0.10/s | ETA: 22.3m
  Progress: 4/140 | Rate: 0.09/s | ETA: 25.3m
  Progress: 5/140 | Rate: 0.08/s | ETA: 28.1m
  Progress: 6/140 | Rate: 0.07/s | ETA: 32.1m
  Progress: 7/140 | Rate: 0.06/s | ETA: 34.2m
  Progress: 8/140 | Rate: 0.06/s | ETA: 33.9m
  Progress: 9/140 | Rate: 0.06/s | ETA: 35.1m
  Progress: 10/140 | Rate: 0.06/s | ETA: 35.5m
  Progress: 11/140 | Rate: 0.06/s | ETA: 34.7m
  Progress: 12/140 | Rate: 0.06/s | ETA: 34.1m
  Progress: 13/140 | Rate: 0.06/s | ETA: 33.0m
  Progress: 14/140 | Rate: 0.06/s | ETA: 33.0m
  Progress: 15/140 | Rate: 0.06/s | ETA: 32.8m
  Progress: 16/140 | Rate: 0.06/s | ETA: 32.6m
  Progress: 17/140 | Rate: 0.06/s | ETA: 32.1m
  Progress: 18/140 | Rate: 0.06/s | ETA: 32.2m
  Progress: 19/140 | Rate: 0.06/s | ETA: 32.8m
  Progress: 20/140 | Rate: 0.06/s | ETA: 32.9m
  Progress: 21/140 | Rate: 0.06/s | ETA: 31.9m
  Progress: 22/140 | Rate: 0.06/s | ETA: 31.4m
  Progress: 23/140 | Rate: 0.06/s | ETA: 30.5m
  Progress: 24/140 | Rate: 0.06/s | ETA: 30.4m
  Progress: 25/140 | Rate: 0.06/s | ETA: 29.5m
  Progress: 26/140 | Rate: 0.06/s | ETA: 29.2m
  Progress: 27/140 | Rate: 0.07/s | ETA: 28.7m
  Progress: 28/140 | Rate: 0.07/s | ETA: 28.1m
  Progress: 29/140 | Rate: 0.07/s | ETA: 27.9m
  Progress: 30/140 | Rate: 0.07/s | ETA: 28.0m
  Progress: 31/140 | Rate: 0.07/s | ETA: 27.5m
  Progress: 32/140 | Rate: 0.07/s | ETA: 27.3m
  Progress: 33/140 | Rate: 0.07/s | ETA: 26.8m
  Progress: 34/140 | Rate: 0.07/s | ETA: 26.4m
  Progress: 35/140 | Rate: 0.07/s | ETA: 25.7m
  Progress: 36/140 | Rate: 0.07/s | ETA: 25.0m
  Progress: 37/140 | Rate: 0.07/s | ETA: 24.4m
  Progress: 38/140 | Rate: 0.07/s | ETA: 23.7m
  Progress: 39/140 | Rate: 0.07/s | ETA: 23.9m
  Progress: 40/140 | Rate: 0.07/s | ETA: 24.1m
  Progress: 41/140 | Rate: 0.07/s | ETA: 24.7m
  Progress: 42/140 | Rate: 0.07/s | ETA: 24.6m
  Progress: 43/140 | Rate: 0.07/s | ETA: 24.1m
  Progress: 44/140 | Rate: 0.07/s | ETA: 24.5m
  Progress: 45/140 | Rate: 0.07/s | ETA: 24.3m
  Progress: 46/140 | Rate: 0.06/s | ETA: 24.2m
  Progress: 47/140 | Rate: 0.06/s | ETA: 24.4m
  Progress: 48/140 | Rate: 0.06/s | ETA: 24.0m
  Progress: 49/140 | Rate: 0.06/s | ETA: 23.6m
  Progress: 50/140 | Rate: 0.06/s | ETA: 23.5m
  Progress: 51/140 | Rate: 0.06/s | ETA: 23.5m
  Progress: 52/140 | Rate: 0.06/s | ETA: 23.2m
  Progress: 53/140 | Rate: 0.06/s | ETA: 23.1m
  Progress: 54/140 | Rate: 0.06/s | ETA: 22.8m
  Progress: 55/140 | Rate: 0.06/s | ETA: 22.5m
  Progress: 56/140 | Rate: 0.06/s | ETA: 22.1m
  Progress: 57/140 | Rate: 0.06/s | ETA: 21.7m
  Progress: 58/140 | Rate: 0.06/s | ETA: 21.3m
  Progress: 59/140 | Rate: 0.06/s | ETA: 21.0m
  Progress: 60/140 | Rate: 0.06/s | ETA: 21.0m
  Progress: 61/140 | Rate: 0.06/s | ETA: 20.8m
  Progress: 62/140 | Rate: 0.06/s | ETA: 20.5m
  Progress: 63/140 | Rate: 0.06/s | ETA: 20.3m
  Progress: 64/140 | Rate: 0.06/s | ETA: 20.1m
  Progress: 65/140 | Rate: 0.06/s | ETA: 20.1m
  Progress: 66/140 | Rate: 0.06/s | ETA: 19.7m
  Progress: 67/140 | Rate: 0.06/s | ETA: 19.9m
  Progress: 68/140 | Rate: 0.06/s | ETA: 19.9m
  Progress: 69/140 | Rate: 0.06/s | ETA: 19.9m
  Progress: 70/140 | Rate: 0.06/s | ETA: 19.5m
  Progress: 71/140 | Rate: 0.06/s | ETA: 19.2m
  Progress: 72/140 | Rate: 0.06/s | ETA: 19.4m
  Progress: 73/140 | Rate: 0.06/s | ETA: 18.9m
  Progress: 74/140 | Rate: 0.06/s | ETA: 18.8m
  Progress: 75/140 | Rate: 0.06/s | ETA: 18.7m
  Progress: 76/140 | Rate: 0.06/s | ETA: 18.4m
  Progress: 77/140 | Rate: 0.06/s | ETA: 18.2m
  Progress: 78/140 | Rate: 0.06/s | ETA: 17.9m
  Progress: 79/140 | Rate: 0.06/s | ETA: 17.5m
  [cat1_real_005] [Attempt 1] HTTP 429: [{
  "error": {
    "code": 429,
    "message": "Resource exhausted. Please try again later. Please refer to https://clo — waiting 60s
  Progress: 80/140 | Rate: 0.06/s | ETA: 18.0m
  Progress: 81/140 | Rate: 0.06/s | ETA: 17.8m
  Progress: 82/140 | Rate: 0.06/s | ETA: 17.4m
  Progress: 83/140 | Rate: 0.05/s | ETA: 17.3m
  Progress: 84/140 | Rate: 0.05/s | ETA: 17.5m
  Progress: 85/140 | Rate: 0.05/s | ETA: 17.1m
  Progress: 86/140 | Rate: 0.05/s | ETA: 16.9m
  Progress: 87/140 | Rate: 0.05/s | ETA: 16.5m
  Progress: 88/140 | Rate: 0.05/s | ETA: 16.3m
  Progress: 89/140 | Rate: 0.05/s | ETA: 16.0m
  Progress: 90/140 | Rate: 0.05/s | ETA: 15.7m
  Progress: 91/140 | Rate: 0.05/s | ETA: 15.3m
  Progress: 92/140 | Rate: 0.05/s | ETA: 14.9m
  Progress: 93/140 | Rate: 0.05/s | ETA: 14.5m
  Progress: 94/140 | Rate: 0.05/s | ETA: 14.2m
  Progress: 95/140 | Rate: 0.05/s | ETA: 13.9m
  Progress: 96/140 | Rate: 0.05/s | ETA: 13.6m
  Progress: 97/140 | Rate: 0.05/s | ETA: 13.2m
  Progress: 98/140 | Rate: 0.05/s | ETA: 12.9m
  Progress: 99/140 | Rate: 0.05/s | ETA: 12.5m
  Progress: 100/140 | Rate: 0.05/s | ETA: 12.2m
  Progress: 101/140 | Rate: 0.05/s | ETA: 11.9m
  Progress: 102/140 | Rate: 0.05/s | ETA: 11.6m
  Progress: 103/140 | Rate: 0.05/s | ETA: 11.3m
  Progress: 104/140 | Rate: 0.05/s | ETA: 11.0m
  Progress: 105/140 | Rate: 0.05/s | ETA: 10.7m
  Progress: 106/140 | Rate: 0.05/s | ETA: 10.4m
  Progress: 107/140 | Rate: 0.05/s | ETA: 10.1m
  Progress: 108/140 | Rate: 0.05/s | ETA: 9.7m
  Progress: 109/140 | Rate: 0.05/s | ETA: 9.4m
  Progress: 110/140 | Rate: 0.05/s | ETA: 9.1m
  Progress: 111/140 | Rate: 0.05/s | ETA: 8.8m
  Progress: 112/140 | Rate: 0.05/s | ETA: 8.5m
  Progress: 113/140 | Rate: 0.05/s | ETA: 8.2m
  Progress: 114/140 | Rate: 0.05/s | ETA: 7.9m
  Progress: 115/140 | Rate: 0.05/s | ETA: 7.6m
  Progress: 116/140 | Rate: 0.05/s | ETA: 7.3m
  Progress: 117/140 | Rate: 0.05/s | ETA: 7.0m
  Progress: 118/140 | Rate: 0.06/s | ETA: 6.7m
  Progress: 119/140 | Rate: 0.06/s | ETA: 6.4m
  Progress: 120/140 | Rate: 0.06/s | ETA: 6.0m
  Progress: 121/140 | Rate: 0.06/s | ETA: 5.7m
  Progress: 122/140 | Rate: 0.06/s | ETA: 5.4m
  Progress: 123/140 | Rate: 0.06/s | ETA: 5.1m
  Progress: 124/140 | Rate: 0.06/s | ETA: 4.8m
  Progress: 125/140 | Rate: 0.06/s | ETA: 4.5m
  Progress: 126/140 | Rate: 0.06/s | ETA: 4.2m
  Progress: 127/140 | Rate: 0.06/s | ETA: 3.9m
  Progress: 128/140 | Rate: 0.06/s | ETA: 3.5m
  Progress: 129/140 | Rate: 0.06/s | ETA: 3.2m
  Progress: 130/140 | Rate: 0.06/s | ETA: 2.9m
  Progress: 131/140 | Rate: 0.06/s | ETA: 2.6m
  Progress: 132/140 | Rate: 0.06/s | ETA: 2.3m
  Progress: 133/140 | Rate: 0.06/s | ETA: 2.0m
  Progress: 134/140 | Rate: 0.06/s | ETA: 1.7m
  Progress: 135/140 | Rate: 0.06/s | ETA: 1.4m
  Progress: 136/140 | Rate: 0.06/s | ETA: 1.2m
  Progress: 137/140 | Rate: 0.06/s | ETA: 0.9m
  Progress: 138/140 | Rate: 0.06/s | ETA: 0.6m
  Progress: 139/140 | Rate: 0.06/s | ETA: 0.3m
  Progress: 140/140 | Rate: 0.06/s | ETA: 0.0m

✔ Done. 140 evaluations in 2390.8s (0.06/s)
>>> qwen3_local_neutrality_oriented_sample2_responses.jsonl  07:49:57Z

============================================================
  Judge:  kimi (moonshotai/kimi-k2-thinking-maas)
  Input:  runs/run_20260521/responses/qwen3_local_neutrality_oriented_sample2_responses.jsonl
  Output: /home/satvik/Documents/CIKM/runs/run_20260521/evaluations/kimi_evaluations_qwen3_local_neutrality_oriented_sample2.jsonl
============================================================
  Remaining: 140 rows
  Progress: 1/140 | Rate: 0.07/s | ETA: 31.7m
  Progress: 2/140 | Rate: 0.07/s | ETA: 31.4m
  Progress: 3/140 | Rate: 0.08/s | ETA: 27.5m
  Progress: 4/140 | Rate: 0.08/s | ETA: 29.2m
  Progress: 5/140 | Rate: 0.07/s | ETA: 30.7m
  Progress: 6/140 | Rate: 0.08/s | ETA: 28.8m
  Progress: 7/140 | Rate: 0.08/s | ETA: 28.0m
  Progress: 8/140 | Rate: 0.08/s | ETA: 27.5m
  Progress: 9/140 | Rate: 0.08/s | ETA: 28.2m
  Progress: 10/140 | Rate: 0.07/s | ETA: 29.4m
  Progress: 11/140 | Rate: 0.08/s | ETA: 28.1m
  [Parse error] Expecting value: line 1 column 1 (char 0) — snippet: 
  [cat2_orig_002] [Attempt 1] Parse failed — retrying
  Progress: 12/140 | Rate: 0.06/s | ETA: 36.2m
  Progress: 13/140 | Rate: 0.06/s | ETA: 34.8m
  Progress: 14/140 | Rate: 0.06/s | ETA: 34.5m
  Progress: 15/140 | Rate: 0.06/s | ETA: 33.1m
  Progress: 16/140 | Rate: 0.06/s | ETA: 32.8m
  Progress: 17/140 | Rate: 0.06/s | ETA: 31.8m
  Progress: 18/140 | Rate: 0.07/s | ETA: 31.3m
  Progress: 19/140 | Rate: 0.07/s | ETA: 30.8m
  Progress: 20/140 | Rate: 0.07/s | ETA: 30.6m
  Progress: 21/140 | Rate: 0.07/s | ETA: 30.1m
  Progress: 22/140 | Rate: 0.07/s | ETA: 30.2m
  Progress: 23/140 | Rate: 0.07/s | ETA: 29.7m
  Progress: 24/140 | Rate: 0.07/s | ETA: 28.7m
  Progress: 25/140 | Rate: 0.06/s | ETA: 29.7m
  Progress: 26/140 | Rate: 0.07/s | ETA: 29.0m
  Progress: 27/140 | Rate: 0.07/s | ETA: 28.6m
  Progress: 28/140 | Rate: 0.06/s | ETA: 29.3m
  Progress: 29/140 | Rate: 0.06/s | ETA: 29.7m
  Progress: 30/140 | Rate: 0.06/s | ETA: 29.5m
  Progress: 31/140 | Rate: 0.06/s | ETA: 28.9m
  Progress: 32/140 | Rate: 0.06/s | ETA: 28.5m
  Progress: 33/140 | Rate: 0.06/s | ETA: 28.2m
  Progress: 34/140 | Rate: 0.06/s | ETA: 27.5m
  Progress: 35/140 | Rate: 0.06/s | ETA: 27.1m
  Progress: 36/140 | Rate: 0.06/s | ETA: 27.1m
  Progress: 37/140 | Rate: 0.06/s | ETA: 27.6m
  Progress: 38/140 | Rate: 0.06/s | ETA: 27.3m
  Progress: 39/140 | Rate: 0.06/s | ETA: 26.9m
  Progress: 40/140 | Rate: 0.06/s | ETA: 26.6m
  Progress: 41/140 | Rate: 0.06/s | ETA: 26.1m
  Progress: 42/140 | Rate: 0.06/s | ETA: 26.0m
  Progress: 43/140 | Rate: 0.06/s | ETA: 25.6m
  Progress: 44/140 | Rate: 0.06/s | ETA: 25.3m
  Progress: 45/140 | Rate: 0.06/s | ETA: 24.9m
  Progress: 46/140 | Rate: 0.06/s | ETA: 24.9m
  Progress: 47/140 | Rate: 0.06/s | ETA: 24.8m
  Progress: 48/140 | Rate: 0.06/s | ETA: 24.5m
  Progress: 49/140 | Rate: 0.06/s | ETA: 24.5m
  Progress: 50/140 | Rate: 0.06/s | ETA: 24.2m
  Progress: 51/140 | Rate: 0.06/s | ETA: 23.9m
  Progress: 52/140 | Rate: 0.06/s | ETA: 24.5m
  Progress: 53/140 | Rate: 0.06/s | ETA: 24.0m
  Progress: 54/140 | Rate: 0.06/s | ETA: 24.2m
  Progress: 55/140 | Rate: 0.06/s | ETA: 24.2m
  Progress: 56/140 | Rate: 0.06/s | ETA: 24.3m
  Progress: 57/140 | Rate: 0.06/s | ETA: 23.9m
  Progress: 58/140 | Rate: 0.06/s | ETA: 23.8m
  Progress: 59/140 | Rate: 0.06/s | ETA: 23.4m
  Progress: 60/140 | Rate: 0.06/s | ETA: 23.1m
  Progress: 61/140 | Rate: 0.06/s | ETA: 22.8m
  Progress: 62/140 | Rate: 0.06/s | ETA: 22.3m
  Progress: 63/140 | Rate: 0.06/s | ETA: 22.0m
  Progress: 64/140 | Rate: 0.06/s | ETA: 21.6m
  Progress: 65/140 | Rate: 0.06/s | ETA: 21.4m
  Progress: 66/140 | Rate: 0.06/s | ETA: 21.0m
  Progress: 67/140 | Rate: 0.06/s | ETA: 20.7m
  Progress: 68/140 | Rate: 0.06/s | ETA: 20.3m
  Progress: 69/140 | Rate: 0.06/s | ETA: 20.3m
  Progress: 70/140 | Rate: 0.06/s | ETA: 19.9m
  Progress: 71/140 | Rate: 0.06/s | ETA: 19.6m
  Progress: 72/140 | Rate: 0.06/s | ETA: 19.3m
  Progress: 73/140 | Rate: 0.06/s | ETA: 19.1m
  Progress: 74/140 | Rate: 0.06/s | ETA: 19.0m
  Progress: 75/140 | Rate: 0.06/s | ETA: 18.8m
  Progress: 76/140 | Rate: 0.06/s | ETA: 18.7m
  Progress: 77/140 | Rate: 0.06/s | ETA: 18.7m
  Progress: 78/140 | Rate: 0.06/s | ETA: 18.3m
  Progress: 79/140 | Rate: 0.06/s | ETA: 18.0m
  Progress: 80/140 | Rate: 0.06/s | ETA: 17.7m
  Progress: 81/140 | Rate: 0.06/s | ETA: 17.3m
  Progress: 82/140 | Rate: 0.06/s | ETA: 16.9m
  Progress: 83/140 | Rate: 0.06/s | ETA: 16.6m
  Progress: 84/140 | Rate: 0.06/s | ETA: 16.3m
  Progress: 85/140 | Rate: 0.06/s | ETA: 16.0m
  Progress: 86/140 | Rate: 0.06/s | ETA: 15.7m
  Progress: 87/140 | Rate: 0.06/s | ETA: 15.5m
  Progress: 88/140 | Rate: 0.06/s | ETA: 15.1m
  Progress: 89/140 | Rate: 0.06/s | ETA: 14.9m
  Progress: 90/140 | Rate: 0.06/s | ETA: 14.6m
  Progress: 91/140 | Rate: 0.06/s | ETA: 14.3m
  Progress: 92/140 | Rate: 0.06/s | ETA: 14.0m
  Progress: 93/140 | Rate: 0.06/s | ETA: 13.6m
  Progress: 94/140 | Rate: 0.06/s | ETA: 13.5m
  Progress: 95/140 | Rate: 0.06/s | ETA: 13.2m
  Progress: 96/140 | Rate: 0.06/s | ETA: 13.0m
  Progress: 97/140 | Rate: 0.06/s | ETA: 12.7m
  Progress: 98/140 | Rate: 0.06/s | ETA: 12.4m
  Progress: 99/140 | Rate: 0.06/s | ETA: 12.0m
  Progress: 100/140 | Rate: 0.06/s | ETA: 11.7m
  Progress: 101/140 | Rate: 0.06/s | ETA: 11.5m
  Progress: 102/140 | Rate: 0.06/s | ETA: 11.2m
  Progress: 103/140 | Rate: 0.06/s | ETA: 10.8m
  Progress: 104/140 | Rate: 0.06/s | ETA: 10.6m
  Progress: 105/140 | Rate: 0.06/s | ETA: 10.3m
  Progress: 106/140 | Rate: 0.06/s | ETA: 10.0m
  Progress: 107/140 | Rate: 0.06/s | ETA: 9.7m
  Progress: 108/140 | Rate: 0.06/s | ETA: 9.4m
  Progress: 109/140 | Rate: 0.06/s | ETA: 9.1m
  Progress: 110/140 | Rate: 0.06/s | ETA: 8.8m
  Progress: 111/140 | Rate: 0.06/s | ETA: 8.4m
  Progress: 112/140 | Rate: 0.06/s | ETA: 8.1m
  Progress: 113/140 | Rate: 0.06/s | ETA: 7.8m
  Progress: 114/140 | Rate: 0.06/s | ETA: 7.5m
  Progress: 115/140 | Rate: 0.06/s | ETA: 7.2m
  Progress: 116/140 | Rate: 0.06/s | ETA: 6.9m
  Progress: 117/140 | Rate: 0.06/s | ETA: 6.6m
  Progress: 118/140 | Rate: 0.06/s | ETA: 6.3m
  Progress: 119/140 | Rate: 0.06/s | ETA: 6.0m
  Progress: 120/140 | Rate: 0.06/s | ETA: 5.7m
  Progress: 121/140 | Rate: 0.06/s | ETA: 5.4m
  Progress: 122/140 | Rate: 0.06/s | ETA: 5.1m
  Progress: 123/140 | Rate: 0.06/s | ETA: 4.8m
  Progress: 124/140 | Rate: 0.06/s | ETA: 4.5m
  Progress: 125/140 | Rate: 0.06/s | ETA: 4.2m
  Progress: 126/140 | Rate: 0.06/s | ETA: 4.0m
  Progress: 127/140 | Rate: 0.06/s | ETA: 3.7m
  Progress: 128/140 | Rate: 0.06/s | ETA: 3.4m
  Progress: 129/140 | Rate: 0.06/s | ETA: 3.1m
  [Parse error] Expecting value: line 1 column 2 (char 1) — snippet: [
  [cat6_real_005] [Attempt 1] Parse failed — retrying
  Progress: 130/140 | Rate: 0.06/s | ETA: 2.9m
  Progress: 131/140 | Rate: 0.06/s | ETA: 2.6m
  Progress: 132/140 | Rate: 0.06/s | ETA: 2.3m
  Progress: 133/140 | Rate: 0.06/s | ETA: 2.1m
  Progress: 134/140 | Rate: 0.06/s | ETA: 1.8m
  Progress: 135/140 | Rate: 0.06/s | ETA: 1.5m
  Progress: 136/140 | Rate: 0.06/s | ETA: 1.2m
  Progress: 137/140 | Rate: 0.06/s | ETA: 0.9m
  Progress: 138/140 | Rate: 0.06/s | ETA: 0.6m
  Progress: 139/140 | Rate: 0.06/s | ETA: 0.3m
  Progress: 140/140 | Rate: 0.06/s | ETA: 0.0m

✔ Done. 140 evaluations in 2444.1s (0.06/s)
>>> qwen3_local_utility_first_sample0_responses.jsonl  08:30:42Z

============================================================
  Judge:  kimi (moonshotai/kimi-k2-thinking-maas)
  Input:  runs/run_20260521/responses/qwen3_local_utility_first_sample0_responses.jsonl
  Output: /home/satvik/Documents/CIKM/runs/run_20260521/evaluations/kimi_evaluations_qwen3_local_utility_first_sample0.jsonl
============================================================
  Remaining: 140 rows
  Progress: 1/140 | Rate: 0.05/s | ETA: 44.5m
  Progress: 2/140 | Rate: 0.06/s | ETA: 40.5m
  Progress: 3/140 | Rate: 0.05/s | ETA: 49.9m
  Progress: 4/140 | Rate: 0.04/s | ETA: 60.7m
  Progress: 5/140 | Rate: 0.04/s | ETA: 51.6m
  Progress: 6/140 | Rate: 0.04/s | ETA: 52.8m
  Progress: 7/140 | Rate: 0.04/s | ETA: 49.6m
  Progress: 8/140 | Rate: 0.05/s | ETA: 46.0m
  Progress: 9/140 | Rate: 0.05/s | ETA: 43.9m
  Progress: 10/140 | Rate: 0.05/s | ETA: 44.0m
  Progress: 11/140 | Rate: 0.05/s | ETA: 47.2m
  Progress: 12/140 | Rate: 0.04/s | ETA: 48.1m
  Progress: 13/140 | Rate: 0.04/s | ETA: 47.2m
  Progress: 14/140 | Rate: 0.05/s | ETA: 46.5m
  Progress: 15/140 | Rate: 0.04/s | ETA: 46.6m
  Progress: 16/140 | Rate: 0.04/s | ETA: 46.5m
  Progress: 17/140 | Rate: 0.04/s | ETA: 46.6m
  Progress: 18/140 | Rate: 0.05/s | ETA: 44.9m
  Progress: 19/140 | Rate: 0.05/s | ETA: 43.8m
  Progress: 20/140 | Rate: 0.05/s | ETA: 42.3m
  Progress: 21/140 | Rate: 0.05/s | ETA: 41.2m
  Progress: 22/140 | Rate: 0.05/s | ETA: 41.4m
  Progress: 23/140 | Rate: 0.05/s | ETA: 41.0m
  Progress: 24/140 | Rate: 0.05/s | ETA: 40.3m
  Progress: 25/140 | Rate: 0.05/s | ETA: 40.0m
  Progress: 26/140 | Rate: 0.05/s | ETA: 39.7m
  Progress: 27/140 | Rate: 0.05/s | ETA: 40.4m
  Progress: 28/140 | Rate: 0.05/s | ETA: 39.1m
  Progress: 29/140 | Rate: 0.05/s | ETA: 37.7m
  Progress: 30/140 | Rate: 0.05/s | ETA: 36.7m
  Progress: 31/140 | Rate: 0.05/s | ETA: 35.7m
  Progress: 32/140 | Rate: 0.05/s | ETA: 35.2m
  Progress: 33/140 | Rate: 0.05/s | ETA: 34.8m
  Progress: 34/140 | Rate: 0.05/s | ETA: 34.0m
  Progress: 35/140 | Rate: 0.05/s | ETA: 33.5m
  Progress: 36/140 | Rate: 0.05/s | ETA: 32.7m
  Progress: 37/140 | Rate: 0.05/s | ETA: 32.4m
  Progress: 38/140 | Rate: 0.05/s | ETA: 31.8m
  Progress: 39/140 | Rate: 0.05/s | ETA: 32.4m
  Progress: 40/140 | Rate: 0.05/s | ETA: 32.5m
  Progress: 41/140 | Rate: 0.05/s | ETA: 32.0m
  Progress: 42/140 | Rate: 0.05/s | ETA: 31.3m
  Progress: 43/140 | Rate: 0.05/s | ETA: 30.8m
  Progress: 44/140 | Rate: 0.05/s | ETA: 30.4m
  Progress: 45/140 | Rate: 0.05/s | ETA: 30.0m
  Progress: 46/140 | Rate: 0.05/s | ETA: 29.5m
  Progress: 47/140 | Rate: 0.05/s | ETA: 28.9m
  Progress: 48/140 | Rate: 0.05/s | ETA: 28.5m
  Progress: 49/140 | Rate: 0.05/s | ETA: 28.2m
  Progress: 50/140 | Rate: 0.05/s | ETA: 27.9m
  Progress: 51/140 | Rate: 0.05/s | ETA: 27.9m
  Progress: 52/140 | Rate: 0.05/s | ETA: 27.9m
  Progress: 53/140 | Rate: 0.05/s | ETA: 27.5m
  Progress: 54/140 | Rate: 0.05/s | ETA: 27.0m
  Progress: 55/140 | Rate: 0.05/s | ETA: 26.4m
  Progress: 56/140 | Rate: 0.05/s | ETA: 26.6m
  Progress: 57/140 | Rate: 0.05/s | ETA: 26.0m
  Progress: 58/140 | Rate: 0.05/s | ETA: 25.9m
  Progress: 59/140 | Rate: 0.05/s | ETA: 26.1m
  Progress: 60/140 | Rate: 0.05/s | ETA: 25.9m
  Progress: 61/140 | Rate: 0.05/s | ETA: 25.5m
  Progress: 62/140 | Rate: 0.05/s | ETA: 25.2m
  Progress: 63/140 | Rate: 0.05/s | ETA: 24.8m
  Progress: 64/140 | Rate: 0.05/s | ETA: 24.4m
  Progress: 65/140 | Rate: 0.05/s | ETA: 24.0m
  Progress: 66/140 | Rate: 0.05/s | ETA: 23.7m
  Progress: 67/140 | Rate: 0.05/s | ETA: 23.2m
  Progress: 68/140 | Rate: 0.05/s | ETA: 22.8m
  Progress: 69/140 | Rate: 0.05/s | ETA: 22.4m
  Progress: 70/140 | Rate: 0.05/s | ETA: 22.0m
  Progress: 71/140 | Rate: 0.05/s | ETA: 21.6m
  Progress: 72/140 | Rate: 0.05/s | ETA: 21.2m
  Progress: 73/140 | Rate: 0.05/s | ETA: 20.9m
  [Parse error] Expecting value: line 1 column 1 (char 0) — snippet: 
  [cat1_adapted_004] [Attempt 1] Parse failed — retrying
  Progress: 74/140 | Rate: 0.05/s | ETA: 21.1m
  Progress: 75/140 | Rate: 0.05/s | ETA: 20.8m
  Progress: 76/140 | Rate: 0.05/s | ETA: 20.4m
  Progress: 77/140 | Rate: 0.05/s | ETA: 20.1m
  Progress: 78/140 | Rate: 0.05/s | ETA: 19.9m
  Progress: 79/140 | Rate: 0.05/s | ETA: 19.5m
  Progress: 80/140 | Rate: 0.05/s | ETA: 19.1m
  Progress: 81/140 | Rate: 0.05/s | ETA: 18.8m
  Progress: 82/140 | Rate: 0.05/s | ETA: 18.4m
  Progress: 83/140 | Rate: 0.05/s | ETA: 18.0m
  Progress: 84/140 | Rate: 0.05/s | ETA: 17.7m
  Progress: 85/140 | Rate: 0.05/s | ETA: 17.4m
  Progress: 86/140 | Rate: 0.05/s | ETA: 17.1m
  Progress: 87/140 | Rate: 0.05/s | ETA: 16.8m
  Progress: 88/140 | Rate: 0.05/s | ETA: 16.4m
  Progress: 89/140 | Rate: 0.05/s | ETA: 16.2m
  Progress: 90/140 | Rate: 0.05/s | ETA: 15.9m
  Progress: 91/140 | Rate: 0.05/s | ETA: 15.5m
  Progress: 92/140 | Rate: 0.05/s | ETA: 15.1m
  Progress: 93/140 | Rate: 0.05/s | ETA: 14.8m
  Progress: 94/140 | Rate: 0.05/s | ETA: 14.6m
  Progress: 95/140 | Rate: 0.05/s | ETA: 14.3m
  Progress: 96/140 | Rate: 0.05/s | ETA: 13.9m
  Progress: 97/140 | Rate: 0.05/s | ETA: 13.6m
  Progress: 98/140 | Rate: 0.05/s | ETA: 13.2m
  Progress: 99/140 | Rate: 0.05/s | ETA: 12.9m
  Progress: 100/140 | Rate: 0.05/s | ETA: 12.6m
  Progress: 101/140 | Rate: 0.05/s | ETA: 12.3m
  Progress: 102/140 | Rate: 0.05/s | ETA: 12.0m
  Progress: 103/140 | Rate: 0.05/s | ETA: 11.6m
  Progress: 104/140 | Rate: 0.05/s | ETA: 11.3m
  Progress: 105/140 | Rate: 0.05/s | ETA: 10.9m
  Progress: 106/140 | Rate: 0.05/s | ETA: 10.6m
  Progress: 107/140 | Rate: 0.05/s | ETA: 10.3m
  Progress: 108/140 | Rate: 0.05/s | ETA: 10.0m
  Progress: 109/140 | Rate: 0.05/s | ETA: 9.6m
  Progress: 110/140 | Rate: 0.05/s | ETA: 9.3m
  Progress: 111/140 | Rate: 0.05/s | ETA: 9.0m
  Progress: 112/140 | Rate: 0.05/s | ETA: 8.6m
  Progress: 113/140 | Rate: 0.05/s | ETA: 8.3m
  Progress: 114/140 | Rate: 0.05/s | ETA: 7.9m
  Progress: 115/140 | Rate: 0.05/s | ETA: 7.6m
  Progress: 116/140 | Rate: 0.05/s | ETA: 7.3m
  Progress: 117/140 | Rate: 0.05/s | ETA: 7.1m
  Progress: 118/140 | Rate: 0.05/s | ETA: 6.8m
  Progress: 119/140 | Rate: 0.05/s | ETA: 6.5m
  Progress: 120/140 | Rate: 0.05/s | ETA: 6.2m
  Progress: 121/140 | Rate: 0.05/s | ETA: 5.9m
  Progress: 122/140 | Rate: 0.05/s | ETA: 5.7m
  Progress: 123/140 | Rate: 0.05/s | ETA: 5.4m
  Progress: 124/140 | Rate: 0.05/s | ETA: 5.1m
  Progress: 125/140 | Rate: 0.05/s | ETA: 4.8m
  Progress: 126/140 | Rate: 0.05/s | ETA: 4.5m
  Progress: 127/140 | Rate: 0.05/s | ETA: 4.3m
  Progress: 128/140 | Rate: 0.05/s | ETA: 3.9m
  Progress: 129/140 | Rate: 0.05/s | ETA: 3.6m
  Progress: 130/140 | Rate: 0.05/s | ETA: 3.4m
  Progress: 131/140 | Rate: 0.05/s | ETA: 3.1m
  Progress: 132/140 | Rate: 0.05/s | ETA: 2.7m
  Progress: 133/140 | Rate: 0.05/s | ETA: 2.4m
  Progress: 134/140 | Rate: 0.05/s | ETA: 2.1m
  Progress: 135/140 | Rate: 0.05/s | ETA: 1.7m
  Progress: 136/140 | Rate: 0.05/s | ETA: 1.4m
  Progress: 137/140 | Rate: 0.05/s | ETA: 1.1m
  Progress: 138/140 | Rate: 0.05/s | ETA: 0.7m
  Progress: 139/140 | Rate: 0.05/s | ETA: 0.4m
  Progress: 140/140 | Rate: 0.05/s | ETA: 0.0m

✔ Done. 140 evaluations in 2944.2s (0.05/s)
>>> qwen3_local_utility_first_sample1_responses.jsonl  09:19:47Z

============================================================
  Judge:  kimi (moonshotai/kimi-k2-thinking-maas)
  Input:  runs/run_20260521/responses/qwen3_local_utility_first_sample1_responses.jsonl
  Output: /home/satvik/Documents/CIKM/runs/run_20260521/evaluations/kimi_evaluations_qwen3_local_utility_first_sample1.jsonl
============================================================
  Remaining: 140 rows
  Progress: 1/140 | Rate: 0.03/s | ETA: 80.8m
  Progress: 2/140 | Rate: 0.03/s | ETA: 72.2m
  Progress: 3/140 | Rate: 0.04/s | ETA: 60.5m
  Progress: 4/140 | Rate: 0.04/s | ETA: 54.9m
  Progress: 5/140 | Rate: 0.04/s | ETA: 50.5m
  Progress: 6/140 | Rate: 0.04/s | ETA: 55.4m
  Progress: 7/140 | Rate: 0.04/s | ETA: 59.6m
  Progress: 8/140 | Rate: 0.04/s | ETA: 55.5m
  Progress: 9/140 | Rate: 0.04/s | ETA: 60.5m
  Progress: 10/140 | Rate: 0.04/s | ETA: 58.2m
  Progress: 11/140 | Rate: 0.04/s | ETA: 57.5m
  Progress: 12/140 | Rate: 0.04/s | ETA: 55.7m
  Progress: 13/140 | Rate: 0.04/s | ETA: 54.2m
  Progress: 14/140 | Rate: 0.04/s | ETA: 52.6m
  Progress: 15/140 | Rate: 0.04/s | ETA: 51.6m
  Progress: 16/140 | Rate: 0.04/s | ETA: 49.5m
  Progress: 17/140 | Rate: 0.04/s | ETA: 48.1m
  Progress: 18/140 | Rate: 0.04/s | ETA: 47.8m
  Progress: 19/140 | Rate: 0.04/s | ETA: 48.6m
  Progress: 20/140 | Rate: 0.04/s | ETA: 47.9m
  Progress: 21/140 | Rate: 0.04/s | ETA: 47.4m
  Progress: 22/140 | Rate: 0.04/s | ETA: 45.8m
  Progress: 23/140 | Rate: 0.04/s | ETA: 44.8m
  Progress: 24/140 | Rate: 0.04/s | ETA: 44.1m
  Progress: 25/140 | Rate: 0.04/s | ETA: 43.1m
  Progress: 26/140 | Rate: 0.04/s | ETA: 43.4m
  Progress: 27/140 | Rate: 0.04/s | ETA: 42.4m
  Progress: 28/140 | Rate: 0.05/s | ETA: 41.3m
  Progress: 29/140 | Rate: 0.05/s | ETA: 40.4m
  Progress: 30/140 | Rate: 0.05/s | ETA: 39.9m
  Progress: 31/140 | Rate: 0.05/s | ETA: 39.5m
  Progress: 32/140 | Rate: 0.05/s | ETA: 38.5m
  Progress: 33/140 | Rate: 0.05/s | ETA: 37.7m
  Progress: 34/140 | Rate: 0.05/s | ETA: 37.6m
  Progress: 35/140 | Rate: 0.05/s | ETA: 37.2m
  Progress: 36/140 | Rate: 0.05/s | ETA: 36.5m
  Progress: 37/140 | Rate: 0.05/s | ETA: 36.4m
  Progress: 38/140 | Rate: 0.05/s | ETA: 35.6m
  Progress: 39/140 | Rate: 0.05/s | ETA: 35.1m
  Progress: 40/140 | Rate: 0.05/s | ETA: 34.7m
  Progress: 41/140 | Rate: 0.05/s | ETA: 34.5m
  Progress: 42/140 | Rate: 0.05/s | ETA: 34.1m
  Progress: 43/140 | Rate: 0.05/s | ETA: 33.8m
  [cat5_orig_004] [Attempt 1] HTTP 429: [{
  "error": {
    "code": 429,
    "message": "Resource exhausted. Please try again later. Please refer to https://clo — waiting 60s
  [cat5_orig_004] [Attempt 2] HTTP 429: [{
  "error": {
    "code": 429,
    "message": "Resource exhausted. Please try again later. Please refer to https://clo — waiting 60s
  Progress: 44/140 | Rate: 0.04/s | ETA: 37.9m
  Progress: 45/140 | Rate: 0.04/s | ETA: 37.3m
  Progress: 46/140 | Rate: 0.04/s | ETA: 36.7m
  Progress: 47/140 | Rate: 0.04/s | ETA: 36.6m
  Progress: 48/140 | Rate: 0.04/s | ETA: 35.8m
  Progress: 49/140 | Rate: 0.04/s | ETA: 35.4m
  Progress: 50/140 | Rate: 0.04/s | ETA: 35.0m
  Progress: 51/140 | Rate: 0.04/s | ETA: 34.8m
  Progress: 52/140 | Rate: 0.04/s | ETA: 34.5m
  Progress: 53/140 | Rate: 0.04/s | ETA: 34.3m
  Progress: 54/140 | Rate: 0.04/s | ETA: 33.7m
  Progress: 55/140 | Rate: 0.04/s | ETA: 33.1m
  Progress: 56/140 | Rate: 0.04/s | ETA: 32.7m
  Progress: 57/140 | Rate: 0.04/s | ETA: 32.4m
  [Parse error] Expecting value: line 1 column 1 (char 0) — snippet: 
  [cat6_orig_008] [Attempt 1] Parse failed — retrying
  Progress: 58/140 | Rate: 0.04/s | ETA: 33.2m
  Progress: 59/140 | Rate: 0.04/s | ETA: 33.2m
  Progress: 60/140 | Rate: 0.04/s | ETA: 33.5m
  Progress: 61/140 | Rate: 0.04/s | ETA: 33.2m
  Progress: 62/140 | Rate: 0.04/s | ETA: 32.7m
  Progress: 63/140 | Rate: 0.04/s | ETA: 32.4m
  Progress: 64/140 | Rate: 0.04/s | ETA: 31.8m
  Progress: 65/140 | Rate: 0.04/s | ETA: 31.2m
  [cat7_orig_006] [Attempt 1] HTTP 429: [{
  "error": {
    "code": 429,
    "message": "Resource exhausted. Please try again later. Please refer to https://clo — waiting 60s
  Progress: 66/140 | Rate: 0.04/s | ETA: 31.9m
  Progress: 67/140 | Rate: 0.04/s | ETA: 31.6m
  Progress: 68/140 | Rate: 0.04/s | ETA: 31.1m
  Progress: 69/140 | Rate: 0.04/s | ETA: 30.6m
  Progress: 70/140 | Rate: 0.04/s | ETA: 29.9m
  Progress: 71/140 | Rate: 0.04/s | ETA: 29.5m
  Progress: 72/140 | Rate: 0.04/s | ETA: 29.2m
  Progress: 73/140 | Rate: 0.04/s | ETA: 28.9m
  Progress: 74/140 | Rate: 0.04/s | ETA: 28.6m
  Progress: 75/140 | Rate: 0.04/s | ETA: 28.1m
  Progress: 76/140 | Rate: 0.04/s | ETA: 27.7m
  Progress: 77/140 | Rate: 0.04/s | ETA: 27.2m
  Progress: 78/140 | Rate: 0.04/s | ETA: 26.6m
  Progress: 79/140 | Rate: 0.04/s | ETA: 26.2m
  Progress: 80/140 | Rate: 0.04/s | ETA: 25.6m
  Progress: 81/140 | Rate: 0.04/s | ETA: 25.1m
  Progress: 82/140 | Rate: 0.04/s | ETA: 24.6m
  Progress: 83/140 | Rate: 0.04/s | ETA: 24.1m
  Progress: 84/140 | Rate: 0.04/s | ETA: 23.6m
  Progress: 85/140 | Rate: 0.04/s | ETA: 23.1m
  Progress: 86/140 | Rate: 0.04/s | ETA: 22.6m
  Progress: 87/140 | Rate: 0.04/s | ETA: 22.1m
  Progress: 88/140 | Rate: 0.04/s | ETA: 21.6m
  Progress: 89/140 | Rate: 0.04/s | ETA: 21.2m
  Progress: 90/140 | Rate: 0.04/s | ETA: 20.8m
  Progress: 91/140 | Rate: 0.04/s | ETA: 20.3m
  Progress: 92/140 | Rate: 0.04/s | ETA: 19.8m
  Progress: 93/140 | Rate: 0.04/s | ETA: 19.4m
  Progress: 94/140 | Rate: 0.04/s | ETA: 19.0m
  Progress: 95/140 | Rate: 0.04/s | ETA: 18.5m
  Progress: 96/140 | Rate: 0.04/s | ETA: 18.0m
  Progress: 97/140 | Rate: 0.04/s | ETA: 17.6m
  Progress: 98/140 | Rate: 0.04/s | ETA: 17.2m
  Progress: 99/140 | Rate: 0.04/s | ETA: 16.7m
  Progress: 100/140 | Rate: 0.04/s | ETA: 16.3m
  Progress: 101/140 | Rate: 0.04/s | ETA: 15.8m
  Progress: 102/140 | Rate: 0.04/s | ETA: 15.3m
  Progress: 103/140 | Rate: 0.04/s | ETA: 15.0m
  Progress: 104/140 | Rate: 0.04/s | ETA: 14.7m
  Progress: 105/140 | Rate: 0.04/s | ETA: 14.3m
  Progress: 106/140 | Rate: 0.04/s | ETA: 13.9m
  Progress: 107/140 | Rate: 0.04/s | ETA: 13.6m
  Progress: 108/140 | Rate: 0.04/s | ETA: 13.2m
  Progress: 109/140 | Rate: 0.04/s | ETA: 12.8m
  Progress: 110/140 | Rate: 0.04/s | ETA: 12.4m
  Progress: 111/140 | Rate: 0.04/s | ETA: 12.0m
  Progress: 112/140 | Rate: 0.04/s | ETA: 11.5m
  Progress: 113/140 | Rate: 0.04/s | ETA: 11.1m
  Progress: 114/140 | Rate: 0.04/s | ETA: 10.7m
  Progress: 115/140 | Rate: 0.04/s | ETA: 10.2m
  Progress: 116/140 | Rate: 0.04/s | ETA: 9.8m
  [cat5_real_002] [Attempt 1] HTTP 429: [{
  "error": {
    "code": 429,
    "message": "Resource exhausted. Please try again later. Please refer to https://clo — waiting 60s
  Progress: 117/140 | Rate: 0.04/s | ETA: 9.6m
  Progress: 118/140 | Rate: 0.04/s | ETA: 9.2m
  Progress: 119/140 | Rate: 0.04/s | ETA: 8.8m
  Progress: 120/140 | Rate: 0.04/s | ETA: 8.4m
  Progress: 121/140 | Rate: 0.04/s | ETA: 8.0m
  Progress: 122/140 | Rate: 0.04/s | ETA: 7.6m
  Progress: 123/140 | Rate: 0.04/s | ETA: 7.1m
  Progress: 124/140 | Rate: 0.04/s | ETA: 6.7m
  Progress: 125/140 | Rate: 0.04/s | ETA: 6.3m
  Progress: 126/140 | Rate: 0.04/s | ETA: 5.9m
  Progress: 127/140 | Rate: 0.04/s | ETA: 5.4m
  Progress: 128/140 | Rate: 0.04/s | ETA: 5.0m
  Progress: 129/140 | Rate: 0.04/s | ETA: 4.6m
  Progress: 130/140 | Rate: 0.04/s | ETA: 4.2m
  Progress: 131/140 | Rate: 0.04/s | ETA: 3.8m
  Progress: 132/140 | Rate: 0.04/s | ETA: 3.4m
  Progress: 133/140 | Rate: 0.04/s | ETA: 2.9m
  Progress: 134/140 | Rate: 0.04/s | ETA: 2.5m
  Progress: 135/140 | Rate: 0.04/s | ETA: 2.1m
  Progress: 136/140 | Rate: 0.04/s | ETA: 1.7m
  Progress: 137/140 | Rate: 0.04/s | ETA: 1.2m
  Progress: 138/140 | Rate: 0.04/s | ETA: 0.8m
  Progress: 139/140 | Rate: 0.04/s | ETA: 0.4m
  Progress: 140/140 | Rate: 0.04/s | ETA: 0.0m

✔ Done. 140 evaluations in 3481.1s (0.04/s)
>>> qwen3_local_utility_first_sample2_responses.jsonl  10:17:50Z

============================================================
  Judge:  kimi (moonshotai/kimi-k2-thinking-maas)
  Input:  runs/run_20260521/responses/qwen3_local_utility_first_sample2_responses.jsonl
  Output: /home/satvik/Documents/CIKM/runs/run_20260521/evaluations/kimi_evaluations_qwen3_local_utility_first_sample2.jsonl
============================================================
  Remaining: 140 rows
  Progress: 1/140 | Rate: 0.04/s | ETA: 55.6m
  Progress: 2/140 | Rate: 0.05/s | ETA: 47.1m
  Progress: 3/140 | Rate: 0.06/s | ETA: 39.7m
  Progress: 4/140 | Rate: 0.05/s | ETA: 48.3m
  Progress: 5/140 | Rate: 0.05/s | ETA: 46.5m
  Progress: 6/140 | Rate: 0.05/s | ETA: 45.5m
  Progress: 7/140 | Rate: 0.05/s | ETA: 45.7m
  Progress: 8/140 | Rate: 0.05/s | ETA: 46.2m
  Progress: 9/140 | Rate: 0.05/s | ETA: 47.2m
  Progress: 10/140 | Rate: 0.05/s | ETA: 46.7m
  Progress: 11/140 | Rate: 0.04/s | ETA: 49.5m
  Progress: 12/140 | Rate: 0.04/s | ETA: 48.0m
  Progress: 13/140 | Rate: 0.04/s | ETA: 49.9m
  Progress: 14/140 | Rate: 0.04/s | ETA: 49.5m
  Progress: 15/140 | Rate: 0.04/s | ETA: 48.1m
  Progress: 16/140 | Rate: 0.04/s | ETA: 47.1m
  Progress: 17/140 | Rate: 0.04/s | ETA: 46.4m
  Progress: 18/140 | Rate: 0.04/s | ETA: 47.1m
  Progress: 19/140 | Rate: 0.04/s | ETA: 45.3m
  Progress: 20/140 | Rate: 0.04/s | ETA: 45.2m
  Progress: 21/140 | Rate: 0.04/s | ETA: 44.7m
  Progress: 22/140 | Rate: 0.04/s | ETA: 45.1m
  Progress: 23/140 | Rate: 0.04/s | ETA: 43.7m
  Progress: 24/140 | Rate: 0.05/s | ETA: 42.6m
  Progress: 25/140 | Rate: 0.05/s | ETA: 41.8m
  Progress: 26/140 | Rate: 0.04/s | ETA: 42.5m
  Progress: 27/140 | Rate: 0.04/s | ETA: 42.1m
  Progress: 28/140 | Rate: 0.04/s | ETA: 43.1m
  Progress: 29/140 | Rate: 0.04/s | ETA: 43.3m
  Progress: 30/140 | Rate: 0.04/s | ETA: 42.7m
  Progress: 31/140 | Rate: 0.04/s | ETA: 42.3m
  Progress: 32/140 | Rate: 0.04/s | ETA: 41.9m
  Progress: 33/140 | Rate: 0.04/s | ETA: 40.9m
  Progress: 34/140 | Rate: 0.04/s | ETA: 41.1m
  Progress: 35/140 | Rate: 0.04/s | ETA: 40.1m
  Progress: 36/140 | Rate: 0.04/s | ETA: 39.3m
  Progress: 37/140 | Rate: 0.04/s | ETA: 39.2m
  Progress: 38/140 | Rate: 0.04/s | ETA: 38.6m
  Progress: 39/140 | Rate: 0.04/s | ETA: 37.8m
  Progress: 40/140 | Rate: 0.04/s | ETA: 37.0m
  Progress: 41/140 | Rate: 0.04/s | ETA: 37.1m
  Progress: 42/140 | Rate: 0.04/s | ETA: 37.6m
  Progress: 43/140 | Rate: 0.04/s | ETA: 37.3m
  Progress: 44/140 | Rate: 0.04/s | ETA: 36.7m
  Progress: 45/140 | Rate: 0.04/s | ETA: 36.0m
  Progress: 46/140 | Rate: 0.04/s | ETA: 35.6m
  Progress: 47/140 | Rate: 0.04/s | ETA: 35.0m
  Progress: 48/140 | Rate: 0.04/s | ETA: 34.3m
  Progress: 49/140 | Rate: 0.04/s | ETA: 34.4m
  Progress: 50/140 | Rate: 0.04/s | ETA: 34.0m
  Progress: 51/140 | Rate: 0.04/s | ETA: 34.1m
  Progress: 52/140 | Rate: 0.04/s | ETA: 34.0m
  Progress: 53/140 | Rate: 0.04/s | ETA: 34.8m
  Progress: 54/140 | Rate: 0.04/s | ETA: 34.5m
  Progress: 55/140 | Rate: 0.04/s | ETA: 33.8m
  Progress: 56/140 | Rate: 0.04/s | ETA: 33.5m
  Progress: 57/140 | Rate: 0.04/s | ETA: 33.0m
  Progress: 58/140 | Rate: 0.04/s | ETA: 32.3m
  Progress: 59/140 | Rate: 0.04/s | ETA: 31.8m
  Progress: 60/140 | Rate: 0.04/s | ETA: 31.4m
  Progress: 61/140 | Rate: 0.04/s | ETA: 30.8m
  Progress: 62/140 | Rate: 0.04/s | ETA: 30.2m
  Progress: 63/140 | Rate: 0.04/s | ETA: 29.7m
  Progress: 64/140 | Rate: 0.04/s | ETA: 29.2m
  Progress: 65/140 | Rate: 0.04/s | ETA: 28.9m
  Progress: 66/140 | Rate: 0.04/s | ETA: 28.3m
  Progress: 67/140 | Rate: 0.04/s | ETA: 27.8m
  Progress: 68/140 | Rate: 0.04/s | ETA: 27.5m
  Progress: 69/140 | Rate: 0.04/s | ETA: 27.2m
  Progress: 70/140 | Rate: 0.04/s | ETA: 26.8m
  Progress: 71/140 | Rate: 0.04/s | ETA: 26.3m
  Progress: 72/140 | Rate: 0.04/s | ETA: 26.2m
  Progress: 73/140 | Rate: 0.04/s | ETA: 25.8m
  Progress: 74/140 | Rate: 0.04/s | ETA: 25.4m
  Progress: 75/140 | Rate: 0.04/s | ETA: 24.9m
  Progress: 76/140 | Rate: 0.04/s | ETA: 24.5m
  Progress: 77/140 | Rate: 0.04/s | ETA: 24.1m
  Progress: 78/140 | Rate: 0.04/s | ETA: 23.7m
  Progress: 79/140 | Rate: 0.04/s | ETA: 23.3m
  Progress: 80/140 | Rate: 0.04/s | ETA: 22.9m
  Progress: 81/140 | Rate: 0.04/s | ETA: 22.4m
  Progress: 82/140 | Rate: 0.04/s | ETA: 22.0m
  Progress: 83/140 | Rate: 0.04/s | ETA: 21.7m
  Progress: 84/140 | Rate: 0.04/s | ETA: 21.5m
  Progress: 85/140 | Rate: 0.04/s | ETA: 21.1m
  Progress: 86/140 | Rate: 0.04/s | ETA: 20.7m
  Progress: 87/140 | Rate: 0.04/s | ETA: 20.3m
  Progress: 88/140 | Rate: 0.04/s | ETA: 20.0m
  Progress: 89/140 | Rate: 0.04/s | ETA: 19.8m
  Progress: 90/140 | Rate: 0.04/s | ETA: 19.5m
  Progress: 91/140 | Rate: 0.04/s | ETA: 19.2m
  Progress: 92/140 | Rate: 0.04/s | ETA: 18.7m
  Progress: 93/140 | Rate: 0.04/s | ETA: 18.3m
  Progress: 94/140 | Rate: 0.04/s | ETA: 17.9m
  Progress: 95/140 | Rate: 0.04/s | ETA: 17.5m
  Progress: 96/140 | Rate: 0.04/s | ETA: 17.1m
  Progress: 97/140 | Rate: 0.04/s | ETA: 16.7m
  Progress: 98/140 | Rate: 0.04/s | ETA: 16.4m
  Progress: 99/140 | Rate: 0.04/s | ETA: 16.1m
  Progress: 100/140 | Rate: 0.04/s | ETA: 15.7m
  Progress: 101/140 | Rate: 0.04/s | ETA: 15.3m
  Progress: 102/140 | Rate: 0.04/s | ETA: 15.0m
  Progress: 103/140 | Rate: 0.04/s | ETA: 14.6m
  Progress: 104/140 | Rate: 0.04/s | ETA: 14.1m
  Progress: 105/140 | Rate: 0.04/s | ETA: 13.7m
  Progress: 106/140 | Rate: 0.04/s | ETA: 13.3m
  Progress: 107/140 | Rate: 0.04/s | ETA: 12.9m
  Progress: 108/140 | Rate: 0.04/s | ETA: 12.5m
  Progress: 109/140 | Rate: 0.04/s | ETA: 12.1m
  Progress: 110/140 | Rate: 0.04/s | ETA: 11.7m
  Progress: 111/140 | Rate: 0.04/s | ETA: 11.3m
  Progress: 112/140 | Rate: 0.04/s | ETA: 10.9m
  Progress: 113/140 | Rate: 0.04/s | ETA: 10.5m
  Progress: 114/140 | Rate: 0.04/s | ETA: 10.2m
  Progress: 115/140 | Rate: 0.04/s | ETA: 9.8m
  Progress: 116/140 | Rate: 0.04/s | ETA: 9.4m
  Progress: 117/140 | Rate: 0.04/s | ETA: 9.0m
  Progress: 118/140 | Rate: 0.04/s | ETA: 8.6m
  Progress: 119/140 | Rate: 0.04/s | ETA: 8.2m
  Progress: 120/140 | Rate: 0.04/s | ETA: 7.8m
  Progress: 121/140 | Rate: 0.04/s | ETA: 7.4m
  Progress: 122/140 | Rate: 0.04/s | ETA: 7.0m
  Progress: 123/140 | Rate: 0.04/s | ETA: 6.7m
  Progress: 124/140 | Rate: 0.04/s | ETA: 6.3m
  Progress: 125/140 | Rate: 0.04/s | ETA: 5.9m
  Progress: 126/140 | Rate: 0.04/s | ETA: 5.5m
  Progress: 127/140 | Rate: 0.04/s | ETA: 5.1m
  Progress: 128/140 | Rate: 0.04/s | ETA: 4.7m
  Progress: 129/140 | Rate: 0.04/s | ETA: 4.3m
  Progress: 130/140 | Rate: 0.04/s | ETA: 3.9m
  Progress: 131/140 | Rate: 0.04/s | ETA: 3.5m
  Progress: 132/140 | Rate: 0.04/s | ETA: 3.1m
  Progress: 133/140 | Rate: 0.04/s | ETA: 2.7m
  Progress: 134/140 | Rate: 0.04/s | ETA: 2.4m
  Progress: 135/140 | Rate: 0.04/s | ETA: 2.0m
  Progress: 136/140 | Rate: 0.04/s | ETA: 1.6m
  Progress: 137/140 | Rate: 0.04/s | ETA: 1.2m
  Progress: 138/140 | Rate: 0.04/s | ETA: 0.8m
  Progress: 139/140 | Rate: 0.04/s | ETA: 0.4m
  Progress: 140/140 | Rate: 0.04/s | ETA: 0.0m

✔ Done. 140 evaluations in 3262.3s (0.04/s)
>>> qwen3_local_vanilla_sample0_responses.jsonl  11:12:13Z

============================================================
  Judge:  kimi (moonshotai/kimi-k2-thinking-maas)
  Input:  runs/run_20260521/responses/qwen3_local_vanilla_sample0_responses.jsonl
  Output: /home/satvik/Documents/CIKM/runs/run_20260521/evaluations/kimi_evaluations_qwen3_local_vanilla_sample0.jsonl
============================================================
  Remaining: 140 rows
  Progress: 1/140 | Rate: 0.03/s | ETA: 92.0m
  Progress: 2/140 | Rate: 0.03/s | ETA: 73.3m
  Progress: 3/140 | Rate: 0.04/s | ETA: 56.6m
  Progress: 4/140 | Rate: 0.04/s | ETA: 51.3m
  Progress: 5/140 | Rate: 0.04/s | ETA: 50.7m
  Progress: 6/140 | Rate: 0.05/s | ETA: 45.7m
  Progress: 7/140 | Rate: 0.04/s | ETA: 49.3m
  Progress: 8/140 | Rate: 0.04/s | ETA: 50.2m
  Progress: 9/140 | Rate: 0.04/s | ETA: 49.2m
  Progress: 10/140 | Rate: 0.05/s | ETA: 47.5m
  Progress: 11/140 | Rate: 0.04/s | ETA: 48.5m
  Progress: 12/140 | Rate: 0.04/s | ETA: 48.8m
  Progress: 13/140 | Rate: 0.05/s | ETA: 46.7m
  Progress: 14/140 | Rate: 0.04/s | ETA: 47.0m
  Progress: 15/140 | Rate: 0.05/s | ETA: 46.1m
  Progress: 16/140 | Rate: 0.05/s | ETA: 45.0m
  Progress: 17/140 | Rate: 0.05/s | ETA: 44.6m
  Progress: 18/140 | Rate: 0.05/s | ETA: 43.7m
  Progress: 19/140 | Rate: 0.05/s | ETA: 43.7m
  Progress: 20/140 | Rate: 0.05/s | ETA: 42.1m
  Progress: 21/140 | Rate: 0.05/s | ETA: 40.9m
  Progress: 22/140 | Rate: 0.05/s | ETA: 40.7m
  Progress: 23/140 | Rate: 0.05/s | ETA: 39.7m
  Progress: 24/140 | Rate: 0.05/s | ETA: 39.9m
  Progress: 25/140 | Rate: 0.05/s | ETA: 38.9m
  Progress: 26/140 | Rate: 0.05/s | ETA: 37.9m
  Progress: 27/140 | Rate: 0.05/s | ETA: 37.2m
  Progress: 28/140 | Rate: 0.05/s | ETA: 36.4m
  Progress: 29/140 | Rate: 0.05/s | ETA: 35.8m
  Progress: 30/140 | Rate: 0.05/s | ETA: 35.1m
  Progress: 31/140 | Rate: 0.05/s | ETA: 34.6m
  Progress: 32/140 | Rate: 0.05/s | ETA: 34.0m
  Progress: 33/140 | Rate: 0.05/s | ETA: 33.6m
  Progress: 34/140 | Rate: 0.05/s | ETA: 33.1m
  Progress: 35/140 | Rate: 0.05/s | ETA: 32.8m
  Progress: 36/140 | Rate: 0.05/s | ETA: 32.6m
  Progress: 37/140 | Rate: 0.05/s | ETA: 31.8m
  Progress: 38/140 | Rate: 0.05/s | ETA: 30.9m
  Progress: 39/140 | Rate: 0.05/s | ETA: 30.6m
  Progress: 40/140 | Rate: 0.06/s | ETA: 30.1m
  Progress: 41/140 | Rate: 0.06/s | ETA: 29.7m
  Progress: 42/140 | Rate: 0.06/s | ETA: 29.5m
  Progress: 43/140 | Rate: 0.06/s | ETA: 29.3m
  Progress: 44/140 | Rate: 0.06/s | ETA: 28.9m
  Progress: 45/140 | Rate: 0.05/s | ETA: 29.0m
  Progress: 46/140 | Rate: 0.05/s | ETA: 28.8m
  Progress: 47/140 | Rate: 0.05/s | ETA: 28.6m
  Progress: 48/140 | Rate: 0.05/s | ETA: 29.2m
  Progress: 49/140 | Rate: 0.05/s | ETA: 28.9m
  Progress: 50/140 | Rate: 0.05/s | ETA: 29.0m
  Progress: 51/140 | Rate: 0.05/s | ETA: 28.9m
  Progress: 52/140 | Rate: 0.05/s | ETA: 28.7m
  Progress: 53/140 | Rate: 0.05/s | ETA: 28.7m
  Progress: 54/140 | Rate: 0.05/s | ETA: 28.4m
  Progress: 55/140 | Rate: 0.05/s | ETA: 28.2m
  Progress: 56/140 | Rate: 0.05/s | ETA: 27.7m
  Progress: 57/140 | Rate: 0.05/s | ETA: 27.6m
  Progress: 58/140 | Rate: 0.05/s | ETA: 27.7m
  Progress: 59/140 | Rate: 0.05/s | ETA: 27.4m
  Progress: 60/140 | Rate: 0.05/s | ETA: 26.9m
  Progress: 61/140 | Rate: 0.05/s | ETA: 26.5m
  Progress: 62/140 | Rate: 0.04/s | ETA: 34.1m
  Progress: 63/140 | Rate: 0.04/s | ETA: 33.3m
  Progress: 64/140 | Rate: 0.04/s | ETA: 32.5m
  Progress: 65/140 | Rate: 0.04/s | ETA: 31.8m
  Progress: 66/140 | Rate: 0.04/s | ETA: 31.1m
  Progress: 67/140 | Rate: 0.04/s | ETA: 30.7m
  Progress: 68/140 | Rate: 0.04/s | ETA: 30.3m
  Progress: 69/140 | Rate: 0.04/s | ETA: 29.7m
  Progress: 70/140 | Rate: 0.04/s | ETA: 29.1m
  Progress: 71/140 | Rate: 0.04/s | ETA: 28.7m
  Progress: 72/140 | Rate: 0.04/s | ETA: 28.0m
  Progress: 73/140 | Rate: 0.04/s | ETA: 27.5m
  Progress: 74/140 | Rate: 0.04/s | ETA: 27.3m
  Progress: 75/140 | Rate: 0.04/s | ETA: 26.9m
  Progress: 76/140 | Rate: 0.04/s | ETA: 26.3m
  Progress: 77/140 | Rate: 0.04/s | ETA: 25.7m
  Progress: 78/140 | Rate: 0.04/s | ETA: 25.2m
  Progress: 79/140 | Rate: 0.04/s | ETA: 24.7m
  Progress: 80/140 | Rate: 0.04/s | ETA: 24.2m
  Progress: 81/140 | Rate: 0.04/s | ETA: 23.9m
  Progress: 82/140 | Rate: 0.04/s | ETA: 23.4m
  Progress: 83/140 | Rate: 0.04/s | ETA: 22.9m
  Progress: 84/140 | Rate: 0.04/s | ETA: 22.6m
  Progress: 85/140 | Rate: 0.04/s | ETA: 22.2m
  Progress: 86/140 | Rate: 0.04/s | ETA: 21.6m
  Progress: 87/140 | Rate: 0.04/s | ETA: 21.1m
  Progress: 88/140 | Rate: 0.04/s | ETA: 20.6m
  Progress: 89/140 | Rate: 0.04/s | ETA: 20.1m
  Progress: 90/140 | Rate: 0.04/s | ETA: 19.7m
  Progress: 91/140 | Rate: 0.04/s | ETA: 19.2m
  Progress: 92/140 | Rate: 0.04/s | ETA: 18.7m
  Progress: 93/140 | Rate: 0.04/s | ETA: 18.3m
  Progress: 94/140 | Rate: 0.04/s | ETA: 17.9m
  Progress: 95/140 | Rate: 0.04/s | ETA: 17.5m
  Progress: 96/140 | Rate: 0.04/s | ETA: 17.0m
  Progress: 97/140 | Rate: 0.04/s | ETA: 16.8m
  Progress: 98/140 | Rate: 0.04/s | ETA: 16.3m
  Progress: 99/140 | Rate: 0.04/s | ETA: 15.8m
  Progress: 100/140 | Rate: 0.04/s | ETA: 15.4m
  Progress: 101/140 | Rate: 0.04/s | ETA: 14.9m
  Progress: 102/140 | Rate: 0.04/s | ETA: 14.5m
  Progress: 103/140 | Rate: 0.04/s | ETA: 14.0m
  Progress: 104/140 | Rate: 0.04/s | ETA: 13.6m
  Progress: 105/140 | Rate: 0.04/s | ETA: 13.2m
  Progress: 106/140 | Rate: 0.04/s | ETA: 12.7m
  Progress: 107/140 | Rate: 0.04/s | ETA: 12.3m
  Progress: 108/140 | Rate: 0.04/s | ETA: 11.9m
  Progress: 109/140 | Rate: 0.05/s | ETA: 11.4m
  Progress: 110/140 | Rate: 0.05/s | ETA: 11.0m
  Progress: 111/140 | Rate: 0.05/s | ETA: 10.6m
  Progress: 112/140 | Rate: 0.05/s | ETA: 10.2m
  Progress: 113/140 | Rate: 0.05/s | ETA: 9.7m
  Progress: 114/140 | Rate: 0.05/s | ETA: 9.3m
  Progress: 115/140 | Rate: 0.05/s | ETA: 8.9m
  Progress: 116/140 | Rate: 0.05/s | ETA: 8.5m
  Progress: 117/140 | Rate: 0.05/s | ETA: 8.2m
  Progress: 118/140 | Rate: 0.05/s | ETA: 7.8m
  Progress: 119/140 | Rate: 0.05/s | ETA: 7.4m
  Progress: 120/140 | Rate: 0.05/s | ETA: 7.0m
  Progress: 121/140 | Rate: 0.05/s | ETA: 6.7m
  Progress: 122/140 | Rate: 0.05/s | ETA: 6.3m
  Progress: 123/140 | Rate: 0.05/s | ETA: 5.9m
  Progress: 124/140 | Rate: 0.05/s | ETA: 5.6m
  Progress: 125/140 | Rate: 0.05/s | ETA: 5.2m
  Progress: 126/140 | Rate: 0.05/s | ETA: 4.8m
  Progress: 127/140 | Rate: 0.05/s | ETA: 4.5m
  Progress: 128/140 | Rate: 0.05/s | ETA: 4.1m
  Progress: 129/140 | Rate: 0.05/s | ETA: 3.8m
  Progress: 130/140 | Rate: 0.05/s | ETA: 3.4m
  Progress: 131/140 | Rate: 0.05/s | ETA: 3.1m
  Progress: 132/140 | Rate: 0.05/s | ETA: 2.7m
  Progress: 133/140 | Rate: 0.05/s | ETA: 2.4m
  Progress: 134/140 | Rate: 0.05/s | ETA: 2.0m
  Progress: 135/140 | Rate: 0.05/s | ETA: 1.7m
  Progress: 136/140 | Rate: 0.05/s | ETA: 1.3m
  Progress: 137/140 | Rate: 0.05/s | ETA: 1.0m
  Progress: 138/140 | Rate: 0.05/s | ETA: 0.7m
  Progress: 139/140 | Rate: 0.05/s | ETA: 0.3m
  Progress: 140/140 | Rate: 0.05/s | ETA: 0.0m

✔ Done. 140 evaluations in 2809.7s (0.05/s)
>>> qwen3_local_vanilla_sample1_responses.jsonl  11:59:07Z

============================================================
  Judge:  kimi (moonshotai/kimi-k2-thinking-maas)
  Input:  runs/run_20260521/responses/qwen3_local_vanilla_sample1_responses.jsonl
  Output: /home/satvik/Documents/CIKM/runs/run_20260521/evaluations/kimi_evaluations_qwen3_local_vanilla_sample1.jsonl
============================================================
  Remaining: 140 rows
  Progress: 1/140 | Rate: 0.03/s | ETA: 75.3m
  Progress: 2/140 | Rate: 0.05/s | ETA: 50.9m
  Progress: 3/140 | Rate: 0.06/s | ETA: 39.8m
  Progress: 4/140 | Rate: 0.06/s | ETA: 37.2m
  Progress: 5/140 | Rate: 0.06/s | ETA: 37.8m
  Progress: 6/140 | Rate: 0.06/s | ETA: 38.9m
  Progress: 7/140 | Rate: 0.05/s | ETA: 40.4m
  Progress: 8/140 | Rate: 0.05/s | ETA: 41.3m
  Progress: 9/140 | Rate: 0.05/s | ETA: 39.8m
  Progress: 10/140 | Rate: 0.06/s | ETA: 37.9m
  Progress: 11/140 | Rate: 0.06/s | ETA: 38.6m
  Progress: 12/140 | Rate: 0.06/s | ETA: 38.3m
  Progress: 13/140 | Rate: 0.06/s | ETA: 37.5m
  Progress: 14/140 | Rate: 0.05/s | ETA: 38.3m
  Progress: 15/140 | Rate: 0.05/s | ETA: 39.4m
  Progress: 16/140 | Rate: 0.05/s | ETA: 39.2m
  Progress: 17/140 | Rate: 0.05/s | ETA: 38.1m
  Progress: 18/140 | Rate: 0.05/s | ETA: 37.3m
  Progress: 19/140 | Rate: 0.05/s | ETA: 37.5m
  Progress: 20/140 | Rate: 0.05/s | ETA: 37.2m
  Progress: 21/140 | Rate: 0.05/s | ETA: 36.3m
  Progress: 22/140 | Rate: 0.06/s | ETA: 35.5m
  Progress: 23/140 | Rate: 0.06/s | ETA: 34.6m
  Progress: 24/140 | Rate: 0.06/s | ETA: 34.4m
  Progress: 25/140 | Rate: 0.06/s | ETA: 33.7m
  Progress: 26/140 | Rate: 0.06/s | ETA: 33.6m
  Progress: 27/140 | Rate: 0.06/s | ETA: 32.7m
  Progress: 28/140 | Rate: 0.06/s | ETA: 32.2m
  Progress: 29/140 | Rate: 0.06/s | ETA: 31.8m
  Progress: 30/140 | Rate: 0.06/s | ETA: 31.4m
  Progress: 31/140 | Rate: 0.06/s | ETA: 31.0m
  Progress: 32/140 | Rate: 0.06/s | ETA: 30.6m
  Progress: 33/140 | Rate: 0.06/s | ETA: 29.9m
  Progress: 34/140 | Rate: 0.06/s | ETA: 29.4m
  Progress: 35/140 | Rate: 0.06/s | ETA: 29.8m
  Progress: 36/140 | Rate: 0.06/s | ETA: 29.5m
  Progress: 37/140 | Rate: 0.06/s | ETA: 29.0m
  Progress: 38/140 | Rate: 0.06/s | ETA: 28.4m
  Progress: 39/140 | Rate: 0.06/s | ETA: 28.4m
  Progress: 40/140 | Rate: 0.06/s | ETA: 28.1m
  Progress: 41/140 | Rate: 0.06/s | ETA: 27.8m
  Progress: 42/140 | Rate: 0.06/s | ETA: 27.1m
  Progress: 43/140 | Rate: 0.06/s | ETA: 26.7m
  Progress: 44/140 | Rate: 0.06/s | ETA: 26.2m
  Progress: 45/140 | Rate: 0.06/s | ETA: 25.9m
  Progress: 46/140 | Rate: 0.06/s | ETA: 26.2m
  Progress: 47/140 | Rate: 0.06/s | ETA: 26.2m
  Progress: 48/140 | Rate: 0.06/s | ETA: 25.7m
  Progress: 49/140 | Rate: 0.06/s | ETA: 25.6m
  Progress: 50/140 | Rate: 0.06/s | ETA: 25.4m
  Progress: 51/140 | Rate: 0.06/s | ETA: 25.2m
  Progress: 52/140 | Rate: 0.06/s | ETA: 25.0m
  Progress: 53/140 | Rate: 0.06/s | ETA: 24.8m
  Progress: 54/140 | Rate: 0.06/s | ETA: 24.6m
  Progress: 55/140 | Rate: 0.06/s | ETA: 24.4m
  Progress: 56/140 | Rate: 0.06/s | ETA: 24.0m
  Progress: 57/140 | Rate: 0.06/s | ETA: 23.8m
  Progress: 58/140 | Rate: 0.06/s | ETA: 23.8m
  Progress: 59/140 | Rate: 0.06/s | ETA: 23.8m
  Progress: 60/140 | Rate: 0.06/s | ETA: 23.5m
  Progress: 61/140 | Rate: 0.06/s | ETA: 23.2m
  Progress: 62/140 | Rate: 0.06/s | ETA: 22.7m
  Progress: 63/140 | Rate: 0.06/s | ETA: 22.5m
  Progress: 64/140 | Rate: 0.06/s | ETA: 22.6m
  Progress: 65/140 | Rate: 0.06/s | ETA: 22.5m
  Progress: 66/140 | Rate: 0.06/s | ETA: 22.1m
  Progress: 67/140 | Rate: 0.06/s | ETA: 21.8m
  Progress: 68/140 | Rate: 0.06/s | ETA: 21.4m
  Progress: 69/140 | Rate: 0.06/s | ETA: 21.0m
  Progress: 70/140 | Rate: 0.06/s | ETA: 20.6m
  Progress: 71/140 | Rate: 0.06/s | ETA: 20.4m
  Progress: 72/140 | Rate: 0.06/s | ETA: 20.2m
  Progress: 73/140 | Rate: 0.06/s | ETA: 19.9m
  Progress: 74/140 | Rate: 0.06/s | ETA: 19.7m
  Progress: 75/140 | Rate: 0.05/s | ETA: 19.8m
  Progress: 76/140 | Rate: 0.05/s | ETA: 19.6m
  Progress: 77/140 | Rate: 0.05/s | ETA: 19.3m
  Progress: 78/140 | Rate: 0.05/s | ETA: 19.0m
  Progress: 79/140 | Rate: 0.05/s | ETA: 19.0m
  Progress: 80/140 | Rate: 0.05/s | ETA: 18.7m
  Progress: 81/140 | Rate: 0.05/s | ETA: 18.4m
  Progress: 82/140 | Rate: 0.05/s | ETA: 18.2m
  Progress: 83/140 | Rate: 0.05/s | ETA: 17.8m
  Progress: 84/140 | Rate: 0.05/s | ETA: 17.5m
  Progress: 85/140 | Rate: 0.05/s | ETA: 17.4m
  Progress: 86/140 | Rate: 0.05/s | ETA: 17.2m
  Progress: 87/140 | Rate: 0.05/s | ETA: 16.9m
  Progress: 88/140 | Rate: 0.05/s | ETA: 16.7m
  Progress: 89/140 | Rate: 0.05/s | ETA: 16.3m
  Progress: 90/140 | Rate: 0.05/s | ETA: 16.2m
  Progress: 91/140 | Rate: 0.05/s | ETA: 15.9m
  Progress: 92/140 | Rate: 0.05/s | ETA: 15.5m
  Progress: 93/140 | Rate: 0.05/s | ETA: 15.1m
  Progress: 94/140 | Rate: 0.05/s | ETA: 14.8m
  Progress: 95/140 | Rate: 0.05/s | ETA: 14.5m
  Progress: 96/140 | Rate: 0.05/s | ETA: 14.3m
  Progress: 97/140 | Rate: 0.05/s | ETA: 13.9m
  Progress: 98/140 | Rate: 0.05/s | ETA: 13.6m
  Progress: 99/140 | Rate: 0.05/s | ETA: 13.2m
  Progress: 100/140 | Rate: 0.05/s | ETA: 12.8m
  Progress: 101/140 | Rate: 0.05/s | ETA: 12.5m
  Progress: 102/140 | Rate: 0.05/s | ETA: 12.1m
  Progress: 103/140 | Rate: 0.05/s | ETA: 11.8m
  Progress: 104/140 | Rate: 0.05/s | ETA: 11.4m
  Progress: 105/140 | Rate: 0.05/s | ETA: 11.1m
  Progress: 106/140 | Rate: 0.05/s | ETA: 10.7m
  Progress: 107/140 | Rate: 0.05/s | ETA: 10.5m
  Progress: 108/140 | Rate: 0.05/s | ETA: 10.2m
  Progress: 109/140 | Rate: 0.05/s | ETA: 9.9m
  Progress: 110/140 | Rate: 0.05/s | ETA: 9.6m
  Progress: 111/140 | Rate: 0.05/s | ETA: 9.4m
  Progress: 112/140 | Rate: 0.05/s | ETA: 9.1m
  Progress: 113/140 | Rate: 0.05/s | ETA: 8.8m
  Progress: 114/140 | Rate: 0.05/s | ETA: 8.4m
  Progress: 115/140 | Rate: 0.05/s | ETA: 8.0m
  Progress: 116/140 | Rate: 0.05/s | ETA: 7.7m
  Progress: 117/140 | Rate: 0.05/s | ETA: 7.4m
  Progress: 118/140 | Rate: 0.05/s | ETA: 7.1m
  Progress: 119/140 | Rate: 0.05/s | ETA: 6.7m
  Progress: 120/140 | Rate: 0.05/s | ETA: 6.4m
  Progress: 121/140 | Rate: 0.05/s | ETA: 6.1m
  Progress: 122/140 | Rate: 0.05/s | ETA: 5.7m
  Progress: 123/140 | Rate: 0.05/s | ETA: 5.4m
  Progress: 124/140 | Rate: 0.05/s | ETA: 5.1m
  Progress: 125/140 | Rate: 0.05/s | ETA: 4.8m
  Progress: 126/140 | Rate: 0.05/s | ETA: 4.6m
  Progress: 127/140 | Rate: 0.05/s | ETA: 4.2m
  Progress: 128/140 | Rate: 0.05/s | ETA: 3.9m
  Progress: 129/140 | Rate: 0.05/s | ETA: 3.6m
  Progress: 130/140 | Rate: 0.05/s | ETA: 3.2m
  Progress: 131/140 | Rate: 0.05/s | ETA: 2.9m
  Progress: 132/140 | Rate: 0.05/s | ETA: 2.6m
  Progress: 133/140 | Rate: 0.05/s | ETA: 2.3m
  Progress: 134/140 | Rate: 0.05/s | ETA: 1.9m
  Progress: 135/140 | Rate: 0.05/s | ETA: 1.6m
  Progress: 136/140 | Rate: 0.05/s | ETA: 1.3m
  Progress: 137/140 | Rate: 0.05/s | ETA: 1.0m
  Progress: 138/140 | Rate: 0.05/s | ETA: 0.6m
  Progress: 139/140 | Rate: 0.05/s | ETA: 0.3m
  Progress: 140/140 | Rate: 0.05/s | ETA: 0.0m

✔ Done. 140 evaluations in 2681.5s (0.05/s)
>>> qwen3_local_vanilla_sample2_responses.jsonl  12:43:50Z

============================================================
  Judge:  kimi (moonshotai/kimi-k2-thinking-maas)
  Input:  runs/run_20260521/responses/qwen3_local_vanilla_sample2_responses.jsonl
  Output: /home/satvik/Documents/CIKM/runs/run_20260521/evaluations/kimi_evaluations_qwen3_local_vanilla_sample2.jsonl
============================================================
  Remaining: 140 rows
  Progress: 1/140 | Rate: 0.05/s | ETA: 49.1m
  Progress: 2/140 | Rate: 0.06/s | ETA: 35.7m
  Progress: 3/140 | Rate: 0.07/s | ETA: 31.8m
  Progress: 4/140 | Rate: 0.07/s | ETA: 31.5m
  Progress: 5/140 | Rate: 0.07/s | ETA: 30.4m
  Progress: 6/140 | Rate: 0.07/s | ETA: 30.3m
  Progress: 7/140 | Rate: 0.07/s | ETA: 30.9m
  Progress: 8/140 | Rate: 0.06/s | ETA: 34.3m
  Progress: 9/140 | Rate: 0.06/s | ETA: 35.5m
  Progress: 10/140 | Rate: 0.06/s | ETA: 36.5m
  Progress: 11/140 | Rate: 0.06/s | ETA: 36.2m
  Progress: 12/140 | Rate: 0.06/s | ETA: 35.7m
  Progress: 13/140 | Rate: 0.06/s | ETA: 34.6m
  Progress: 14/140 | Rate: 0.06/s | ETA: 36.4m
  Progress: 15/140 | Rate: 0.06/s | ETA: 36.1m
  Progress: 16/140 | Rate: 0.06/s | ETA: 35.7m
  Progress: 17/140 | Rate: 0.06/s | ETA: 34.9m
  Progress: 18/140 | Rate: 0.06/s | ETA: 34.1m
  Progress: 19/140 | Rate: 0.06/s | ETA: 34.2m
  Progress: 20/140 | Rate: 0.06/s | ETA: 34.4m
  Progress: 21/140 | Rate: 0.06/s | ETA: 34.2m
  Progress: 22/140 | Rate: 0.06/s | ETA: 33.7m
  Progress: 23/140 | Rate: 0.06/s | ETA: 34.3m
  Progress: 24/140 | Rate: 0.06/s | ETA: 33.8m
  Progress: 25/140 | Rate: 0.06/s | ETA: 34.4m
  Progress: 26/140 | Rate: 0.05/s | ETA: 35.6m
  Progress: 27/140 | Rate: 0.05/s | ETA: 35.7m
  Progress: 28/140 | Rate: 0.05/s | ETA: 35.3m
  Progress: 29/140 | Rate: 0.05/s | ETA: 34.7m
  Progress: 30/140 | Rate: 0.05/s | ETA: 34.9m
  Progress: 31/140 | Rate: 0.05/s | ETA: 36.9m
  Progress: 32/140 | Rate: 0.04/s | ETA: 40.4m
  Progress: 33/140 | Rate: 0.04/s | ETA: 41.4m
  Progress: 34/140 | Rate: 0.04/s | ETA: 40.5m
  Progress: 35/140 | Rate: 0.04/s | ETA: 41.0m
  Progress: 36/140 | Rate: 0.04/s | ETA: 41.3m
  Progress: 37/140 | Rate: 0.04/s | ETA: 41.0m
  Progress: 38/140 | Rate: 0.04/s | ETA: 40.8m
  Progress: 39/140 | Rate: 0.04/s | ETA: 40.7m
  Progress: 40/140 | Rate: 0.04/s | ETA: 40.2m
  Progress: 41/140 | Rate: 0.04/s | ETA: 40.3m
  Progress: 42/140 | Rate: 0.04/s | ETA: 39.7m
  Progress: 43/140 | Rate: 0.04/s | ETA: 40.4m
  Progress: 44/140 | Rate: 0.04/s | ETA: 40.8m
  Progress: 45/140 | Rate: 0.04/s | ETA: 40.0m
  Progress: 46/140 | Rate: 0.04/s | ETA: 39.2m
  Progress: 47/140 | Rate: 0.04/s | ETA: 38.5m
  Progress: 48/140 | Rate: 0.04/s | ETA: 37.8m
  Progress: 49/140 | Rate: 0.04/s | ETA: 37.5m
  Progress: 50/140 | Rate: 0.04/s | ETA: 36.7m
  Progress: 51/140 | Rate: 0.04/s | ETA: 36.1m
  Progress: 52/140 | Rate: 0.04/s | ETA: 35.7m
  Progress: 53/140 | Rate: 0.04/s | ETA: 35.1m
  Progress: 54/140 | Rate: 0.04/s | ETA: 34.8m
  Progress: 55/140 | Rate: 0.04/s | ETA: 34.3m
  Progress: 56/140 | Rate: 0.04/s | ETA: 33.6m
  Progress: 57/140 | Rate: 0.04/s | ETA: 33.0m
  Progress: 58/140 | Rate: 0.04/s | ETA: 32.6m
  Progress: 59/140 | Rate: 0.04/s | ETA: 31.9m
  Progress: 60/140 | Rate: 0.04/s | ETA: 31.3m
  Progress: 61/140 | Rate: 0.04/s | ETA: 30.7m
  Progress: 62/140 | Rate: 0.04/s | ETA: 30.2m
  Progress: 63/140 | Rate: 0.04/s | ETA: 29.5m
  Progress: 64/140 | Rate: 0.04/s | ETA: 28.9m
  Progress: 65/140 | Rate: 0.04/s | ETA: 28.2m
  Progress: 66/140 | Rate: 0.04/s | ETA: 27.7m
  Progress: 67/140 | Rate: 0.04/s | ETA: 27.1m
  Progress: 68/140 | Rate: 0.04/s | ETA: 27.4m
  Progress: 69/140 | Rate: 0.04/s | ETA: 27.0m
  Progress: 70/140 | Rate: 0.04/s | ETA: 26.4m
  Progress: 71/140 | Rate: 0.04/s | ETA: 25.9m
  Progress: 72/140 | Rate: 0.04/s | ETA: 25.4m
  Progress: 73/140 | Rate: 0.04/s | ETA: 24.9m
  Progress: 74/140 | Rate: 0.04/s | ETA: 24.5m
  Progress: 75/140 | Rate: 0.05/s | ETA: 23.9m
  Progress: 76/140 | Rate: 0.05/s | ETA: 23.4m
  Progress: 77/140 | Rate: 0.05/s | ETA: 22.9m
  Progress: 78/140 | Rate: 0.05/s | ETA: 22.5m
  Progress: 79/140 | Rate: 0.05/s | ETA: 22.1m
  Progress: 80/140 | Rate: 0.05/s | ETA: 21.8m
  Progress: 81/140 | Rate: 0.05/s | ETA: 21.3m
  Progress: 82/140 | Rate: 0.05/s | ETA: 21.0m
  Progress: 83/140 | Rate: 0.05/s | ETA: 20.6m
  Progress: 84/140 | Rate: 0.05/s | ETA: 20.2m
  Progress: 85/140 | Rate: 0.05/s | ETA: 19.9m
  Progress: 86/140 | Rate: 0.05/s | ETA: 19.7m
  Progress: 87/140 | Rate: 0.05/s | ETA: 19.3m
  Progress: 88/140 | Rate: 0.05/s | ETA: 18.9m
  Progress: 89/140 | Rate: 0.05/s | ETA: 18.5m
  Progress: 90/140 | Rate: 0.05/s | ETA: 18.0m
  Progress: 91/140 | Rate: 0.05/s | ETA: 17.6m
  Progress: 92/140 | Rate: 0.05/s | ETA: 17.2m
  Progress: 93/140 | Rate: 0.05/s | ETA: 16.7m
  Progress: 94/140 | Rate: 0.05/s | ETA: 16.3m
  Progress: 95/140 | Rate: 0.05/s | ETA: 15.9m
  Progress: 96/140 | Rate: 0.05/s | ETA: 15.5m
  Progress: 97/140 | Rate: 0.05/s | ETA: 15.1m
  Progress: 98/140 | Rate: 0.05/s | ETA: 14.7m
  Progress: 99/140 | Rate: 0.05/s | ETA: 14.5m
  Progress: 100/140 | Rate: 0.05/s | ETA: 14.1m
  Progress: 101/140 | Rate: 0.05/s | ETA: 13.7m
  Progress: 102/140 | Rate: 0.05/s | ETA: 13.3m
  Progress: 103/140 | Rate: 0.05/s | ETA: 12.9m
  Progress: 104/140 | Rate: 0.05/s | ETA: 12.6m
  Progress: 105/140 | Rate: 0.05/s | ETA: 12.3m
  Progress: 106/140 | Rate: 0.05/s | ETA: 11.9m
  Progress: 107/140 | Rate: 0.05/s | ETA: 11.5m
  Progress: 108/140 | Rate: 0.05/s | ETA: 11.1m
  Progress: 109/140 | Rate: 0.05/s | ETA: 10.7m
  Progress: 110/140 | Rate: 0.05/s | ETA: 10.3m
  Progress: 111/140 | Rate: 0.05/s | ETA: 10.0m
  Progress: 112/140 | Rate: 0.05/s | ETA: 9.6m
  Progress: 113/140 | Rate: 0.05/s | ETA: 9.3m
  Progress: 114/140 | Rate: 0.05/s | ETA: 8.9m
  Progress: 115/140 | Rate: 0.05/s | ETA: 8.6m
  Progress: 116/140 | Rate: 0.05/s | ETA: 8.2m
  Progress: 117/140 | Rate: 0.05/s | ETA: 7.9m
  Progress: 118/140 | Rate: 0.05/s | ETA: 7.6m
  Progress: 119/140 | Rate: 0.05/s | ETA: 7.2m
  Progress: 120/140 | Rate: 0.05/s | ETA: 6.9m
  Progress: 121/140 | Rate: 0.05/s | ETA: 6.5m
  Progress: 122/140 | Rate: 0.05/s | ETA: 6.2m
  Progress: 123/140 | Rate: 0.05/s | ETA: 5.9m
  Progress: 124/140 | Rate: 0.05/s | ETA: 5.5m
  [cat6_adapted_005] [Attempt 1] HTTP 429: [{
  "error": {
    "code": 429,
    "message": "Resource exhausted. Please try again later. Please refer to https://clo — waiting 60s
  Progress: 125/140 | Rate: 0.05/s | ETA: 5.3m
  Progress: 126/140 | Rate: 0.05/s | ETA: 5.0m
  Progress: 127/140 | Rate: 0.05/s | ETA: 4.6m
  Progress: 128/140 | Rate: 0.05/s | ETA: 4.3m
  Progress: 129/140 | Rate: 0.05/s | ETA: 3.9m
  Progress: 130/140 | Rate: 0.05/s | ETA: 3.6m
  Progress: 131/140 | Rate: 0.05/s | ETA: 3.2m
  Progress: 132/140 | Rate: 0.05/s | ETA: 2.9m
  Progress: 133/140 | Rate: 0.05/s | ETA: 2.5m
  Progress: 134/140 | Rate: 0.05/s | ETA: 2.1m
  Progress: 135/140 | Rate: 0.05/s | ETA: 1.8m
  Progress: 136/140 | Rate: 0.05/s | ETA: 1.4m
  Progress: 137/140 | Rate: 0.05/s | ETA: 1.1m
  Progress: 138/140 | Rate: 0.05/s | ETA: 0.7m
  Progress: 139/140 | Rate: 0.05/s | ETA: 0.4m
  Progress: 140/140 | Rate: 0.05/s | ETA: 0.0m

✔ Done. 140 evaluations in 3092.9s (0.05/s)
=== kimi COMPLETE at 2026-05-25T13:35:23Z ===
