=== Judge: deepseek | run_id=run_20260521 ===
>>> gemma4_e4b_clarification_first_sample0_responses.jsonl  10:25:42Z

============================================================
  Judge:  deepseek (deepseek-ai/deepseek-v3.2-maas)
  Input:  runs/run_20260521/responses/gemma4_e4b_clarification_first_sample0_responses.jsonl
  Output: /home/satvik/Documents/CIKM/runs/run_20260521/evaluations/deepseek_evaluations_gemma4_e4b_clarification_first_sample0.jsonl
============================================================
  Resuming: 42 (prompt_id, sample_idx) pairs already done.
  Remaining: 98 rows
  Progress: 1/98 | Rate: 0.22/s | ETA: 7.3m
  Progress: 2/98 | Rate: 0.33/s | ETA: 4.8m
  Progress: 3/98 | Rate: 0.40/s | ETA: 4.0m
  Progress: 4/98 | Rate: 0.38/s | ETA: 4.1m
  Progress: 5/98 | Rate: 0.40/s | ETA: 3.8m
  Progress: 6/98 | Rate: 0.36/s | ETA: 4.3m
  Progress: 7/98 | Rate: 0.37/s | ETA: 4.1m
  Progress: 8/98 | Rate: 0.36/s | ETA: 4.2m
  Progress: 9/98 | Rate: 0.37/s | ETA: 4.0m
  Progress: 10/98 | Rate: 0.38/s | ETA: 3.9m
  Progress: 11/98 | Rate: 0.39/s | ETA: 3.7m
  Progress: 12/98 | Rate: 0.40/s | ETA: 3.6m
  Progress: 13/98 | Rate: 0.41/s | ETA: 3.5m
  Progress: 14/98 | Rate: 0.42/s | ETA: 3.4m
  Progress: 15/98 | Rate: 0.42/s | ETA: 3.3m
  Progress: 16/98 | Rate: 0.43/s | ETA: 3.2m
  Progress: 17/98 | Rate: 0.43/s | ETA: 3.1m
  Progress: 18/98 | Rate: 0.40/s | ETA: 3.4m
  Progress: 19/98 | Rate: 0.40/s | ETA: 3.3m
  Progress: 20/98 | Rate: 0.38/s | ETA: 3.4m
  Progress: 21/98 | Rate: 0.39/s | ETA: 3.3m
  Progress: 22/98 | Rate: 0.36/s | ETA: 3.5m
  Progress: 23/98 | Rate: 0.27/s | ETA: 4.6m
  Progress: 24/98 | Rate: 0.25/s | ETA: 5.0m
  Progress: 25/98 | Rate: 0.21/s | ETA: 5.8m
  Progress: 26/98 | Rate: 0.21/s | ETA: 5.6m
  Progress: 27/98 | Rate: 0.22/s | ETA: 5.4m
  Progress: 28/98 | Rate: 0.22/s | ETA: 5.2m
  Progress: 29/98 | Rate: 0.23/s | ETA: 5.0m
  Progress: 30/98 | Rate: 0.23/s | ETA: 4.9m
  Progress: 31/98 | Rate: 0.24/s | ETA: 4.7m
  Progress: 32/98 | Rate: 0.24/s | ETA: 4.6m
  Progress: 33/98 | Rate: 0.15/s | ETA: 7.2m
  Progress: 34/98 | Rate: 0.15/s | ETA: 6.9m
  Progress: 35/98 | Rate: 0.15/s | ETA: 6.9m
  Progress: 36/98 | Rate: 0.15/s | ETA: 6.8m
  Progress: 37/98 | Rate: 0.15/s | ETA: 6.9m
  Progress: 38/98 | Rate: 0.15/s | ETA: 6.7m
  Progress: 39/98 | Rate: 0.15/s | ETA: 6.5m
  Progress: 40/98 | Rate: 0.15/s | ETA: 6.4m
  Progress: 41/98 | Rate: 0.16/s | ETA: 6.1m
  Progress: 42/98 | Rate: 0.15/s | ETA: 6.1m
  Progress: 43/98 | Rate: 0.15/s | ETA: 6.0m
  Progress: 44/98 | Rate: 0.16/s | ETA: 5.8m
  Progress: 45/98 | Rate: 0.15/s | ETA: 5.7m
  Progress: 46/98 | Rate: 0.15/s | ETA: 5.6m
  Progress: 47/98 | Rate: 0.16/s | ETA: 5.4m
  Progress: 48/98 | Rate: 0.16/s | ETA: 5.3m
  Progress: 49/98 | Rate: 0.16/s | ETA: 5.1m
  Progress: 50/98 | Rate: 0.16/s | ETA: 5.0m
  Progress: 51/98 | Rate: 0.16/s | ETA: 4.8m
  Progress: 52/98 | Rate: 0.17/s | ETA: 4.6m
  Progress: 53/98 | Rate: 0.17/s | ETA: 4.5m
  [cat3_real_001] [Attempt 1] HTTP 429: [{
  "error": {
    "code": 429,
    "message": "Resource exhausted. Please try again later. Please refer to https://clo — waiting 60s
  Progress: 54/98 | Rate: 0.14/s | ETA: 5.1m
  Progress: 55/98 | Rate: 0.14/s | ETA: 5.2m
  Progress: 56/98 | Rate: 0.12/s | ETA: 5.9m
  [cat3_real_004] [Attempt 1] HTTP 429: [{
  "error": {
    "code": 429,
    "message": "Resource exhausted. Please try again later. Please refer to https://clo — waiting 60s
  Progress: 57/98 | Rate: 0.11/s | ETA: 6.4m
  Progress: 58/98 | Rate: 0.11/s | ETA: 6.2m
  Progress: 59/98 | Rate: 0.11/s | ETA: 6.0m
  Progress: 60/98 | Rate: 0.11/s | ETA: 5.8m
  Progress: 61/98 | Rate: 0.09/s | ETA: 6.7m
  Progress: 62/98 | Rate: 0.09/s | ETA: 6.4m
  Progress: 63/98 | Rate: 0.09/s | ETA: 6.2m
  Progress: 64/98 | Rate: 0.10/s | ETA: 5.9m
  Progress: 65/98 | Rate: 0.10/s | ETA: 5.7m
  Progress: 66/98 | Rate: 0.10/s | ETA: 5.5m
  Progress: 67/98 | Rate: 0.10/s | ETA: 5.2m
  Progress: 68/98 | Rate: 0.10/s | ETA: 5.0m
  Progress: 69/98 | Rate: 0.10/s | ETA: 4.8m
  Progress: 70/98 | Rate: 0.10/s | ETA: 4.6m
  Progress: 71/98 | Rate: 0.10/s | ETA: 4.4m
  Progress: 72/98 | Rate: 0.10/s | ETA: 4.2m
  Progress: 73/98 | Rate: 0.10/s | ETA: 4.0m
  Progress: 74/98 | Rate: 0.10/s | ETA: 3.8m
  Progress: 75/98 | Rate: 0.11/s | ETA: 3.6m
  Progress: 76/98 | Rate: 0.11/s | ETA: 3.4m
  Progress: 77/98 | Rate: 0.11/s | ETA: 3.3m
  Progress: 78/98 | Rate: 0.11/s | ETA: 3.1m
  Progress: 79/98 | Rate: 0.11/s | ETA: 2.9m
  Progress: 80/98 | Rate: 0.11/s | ETA: 2.7m
  Progress: 81/98 | Rate: 0.11/s | ETA: 2.5m
  Progress: 82/98 | Rate: 0.11/s | ETA: 2.4m
  Progress: 83/98 | Rate: 0.11/s | ETA: 2.2m
  Progress: 84/98 | Rate: 0.12/s | ETA: 2.0m
  Progress: 85/98 | Rate: 0.12/s | ETA: 1.9m
  Progress: 86/98 | Rate: 0.12/s | ETA: 1.7m
  Progress: 87/98 | Rate: 0.12/s | ETA: 1.5m
  Progress: 88/98 | Rate: 0.12/s | ETA: 1.4m
  Progress: 89/98 | Rate: 0.12/s | ETA: 1.2m
  Progress: 90/98 | Rate: 0.12/s | ETA: 1.1m
  Progress: 91/98 | Rate: 0.12/s | ETA: 0.9m
  Progress: 92/98 | Rate: 0.12/s | ETA: 0.8m
  Progress: 93/98 | Rate: 0.12/s | ETA: 0.7m
  Progress: 94/98 | Rate: 0.12/s | ETA: 0.5m
  Progress: 95/98 | Rate: 0.12/s | ETA: 0.4m
  Progress: 96/98 | Rate: 0.13/s | ETA: 0.3m
  Progress: 97/98 | Rate: 0.13/s | ETA: 0.1m
  Progress: 98/98 | Rate: 0.13/s | ETA: 0.0m

✔ Done. 98 evaluations in 766.8s (0.13/s)
>>> gemma4_e4b_clarification_first_sample1_responses.jsonl  10:38:30Z

============================================================
  Judge:  deepseek (deepseek-ai/deepseek-v3.2-maas)
  Input:  runs/run_20260521/responses/gemma4_e4b_clarification_first_sample1_responses.jsonl
  Output: /home/satvik/Documents/CIKM/runs/run_20260521/evaluations/deepseek_evaluations_gemma4_e4b_clarification_first_sample1.jsonl
============================================================
  Remaining: 140 rows
  Progress: 1/140 | Rate: 0.51/s | ETA: 4.6m
  Progress: 2/140 | Rate: 0.50/s | ETA: 4.6m
  Progress: 3/140 | Rate: 0.53/s | ETA: 4.3m
  Progress: 4/140 | Rate: 0.54/s | ETA: 4.2m
  Progress: 5/140 | Rate: 0.54/s | ETA: 4.1m
  Progress: 6/140 | Rate: 0.39/s | ETA: 5.7m
  Progress: 7/140 | Rate: 0.33/s | ETA: 6.7m
  Progress: 8/140 | Rate: 0.28/s | ETA: 7.9m
  Progress: 9/140 | Rate: 0.29/s | ETA: 7.6m
  Progress: 10/140 | Rate: 0.30/s | ETA: 7.2m
  Progress: 11/140 | Rate: 0.31/s | ETA: 6.9m
  Progress: 12/140 | Rate: 0.28/s | ETA: 7.6m
  Progress: 13/140 | Rate: 0.27/s | ETA: 7.7m
  Progress: 14/140 | Rate: 0.29/s | ETA: 7.3m
  Progress: 15/140 | Rate: 0.30/s | ETA: 7.0m
  Progress: 16/140 | Rate: 0.29/s | ETA: 7.2m
  Progress: 17/140 | Rate: 0.30/s | ETA: 6.9m
  Progress: 18/140 | Rate: 0.31/s | ETA: 6.6m
  Progress: 19/140 | Rate: 0.31/s | ETA: 6.5m
  Progress: 20/140 | Rate: 0.30/s | ETA: 6.7m
  Progress: 21/140 | Rate: 0.31/s | ETA: 6.5m
  Progress: 22/140 | Rate: 0.31/s | ETA: 6.4m
  Progress: 23/140 | Rate: 0.31/s | ETA: 6.2m
  Progress: 24/140 | Rate: 0.32/s | ETA: 6.1m
  Progress: 25/140 | Rate: 0.33/s | ETA: 5.9m
  Progress: 26/140 | Rate: 0.33/s | ETA: 5.7m
  Progress: 27/140 | Rate: 0.34/s | ETA: 5.6m
  Progress: 28/140 | Rate: 0.34/s | ETA: 5.4m
  Progress: 29/140 | Rate: 0.35/s | ETA: 5.3m
  Progress: 30/140 | Rate: 0.36/s | ETA: 5.2m
  Progress: 31/140 | Rate: 0.36/s | ETA: 5.1m
  Progress: 32/140 | Rate: 0.34/s | ETA: 5.3m
  [cat4_orig_003] [Attempt 1] HTTP 429: [{
  "error": {
    "code": 429,
    "message": "Resource exhausted. Please try again later. Please refer to https://clo — waiting 60s
  Progress: 33/140 | Rate: 0.21/s | ETA: 8.4m
  Progress: 34/140 | Rate: 0.21/s | ETA: 8.3m
  Progress: 35/140 | Rate: 0.22/s | ETA: 8.0m
  Progress: 36/140 | Rate: 0.22/s | ETA: 7.8m
  Progress: 37/140 | Rate: 0.23/s | ETA: 7.6m
  Progress: 38/140 | Rate: 0.23/s | ETA: 7.4m
  Progress: 39/140 | Rate: 0.23/s | ETA: 7.4m
  Progress: 40/140 | Rate: 0.22/s | ETA: 7.5m
  Progress: 41/140 | Rate: 0.22/s | ETA: 7.4m
  Progress: 42/140 | Rate: 0.23/s | ETA: 7.2m
  Progress: 43/140 | Rate: 0.23/s | ETA: 7.0m
  Progress: 44/140 | Rate: 0.23/s | ETA: 6.8m
  Progress: 45/140 | Rate: 0.24/s | ETA: 6.7m
  Progress: 46/140 | Rate: 0.24/s | ETA: 6.6m
  Progress: 47/140 | Rate: 0.24/s | ETA: 6.4m
  Progress: 48/140 | Rate: 0.24/s | ETA: 6.3m
  Progress: 49/140 | Rate: 0.25/s | ETA: 6.1m
  Progress: 50/140 | Rate: 0.24/s | ETA: 6.2m
  Progress: 51/140 | Rate: 0.24/s | ETA: 6.3m
  Progress: 52/140 | Rate: 0.20/s | ETA: 7.3m
  Progress: 53/140 | Rate: 0.20/s | ETA: 7.2m
  Progress: 54/140 | Rate: 0.20/s | ETA: 7.0m
  Progress: 55/140 | Rate: 0.20/s | ETA: 6.9m
  Progress: 56/140 | Rate: 0.20/s | ETA: 6.9m
  Progress: 57/140 | Rate: 0.21/s | ETA: 6.7m
  Progress: 58/140 | Rate: 0.21/s | ETA: 6.6m
  Progress: 59/140 | Rate: 0.21/s | ETA: 6.5m
  Progress: 60/140 | Rate: 0.21/s | ETA: 6.5m
  Progress: 61/140 | Rate: 0.21/s | ETA: 6.3m
  Progress: 62/140 | Rate: 0.21/s | ETA: 6.2m
  Progress: 63/140 | Rate: 0.21/s | ETA: 6.1m
  Progress: 64/140 | Rate: 0.21/s | ETA: 6.0m
  Progress: 65/140 | Rate: 0.21/s | ETA: 5.9m
  Progress: 66/140 | Rate: 0.21/s | ETA: 5.8m
  Progress: 67/140 | Rate: 0.21/s | ETA: 5.7m
  Progress: 68/140 | Rate: 0.21/s | ETA: 5.6m
  Progress: 69/140 | Rate: 0.22/s | ETA: 5.5m
  Progress: 70/140 | Rate: 0.22/s | ETA: 5.4m
  Progress: 71/140 | Rate: 0.22/s | ETA: 5.3m
  Progress: 72/140 | Rate: 0.22/s | ETA: 5.1m
  Progress: 73/140 | Rate: 0.22/s | ETA: 5.0m
  Progress: 74/140 | Rate: 0.22/s | ETA: 4.9m
  Progress: 75/140 | Rate: 0.22/s | ETA: 4.8m
  Progress: 76/140 | Rate: 0.19/s | ETA: 5.6m
  Progress: 77/140 | Rate: 0.19/s | ETA: 5.5m
  Progress: 78/140 | Rate: 0.19/s | ETA: 5.3m
  Progress: 79/140 | Rate: 0.19/s | ETA: 5.2m
  Progress: 80/140 | Rate: 0.19/s | ETA: 5.1m
  Progress: 81/140 | Rate: 0.19/s | ETA: 5.1m
  Progress: 82/140 | Rate: 0.20/s | ETA: 4.9m
  Progress: 83/140 | Rate: 0.20/s | ETA: 4.8m
  Progress: 84/140 | Rate: 0.20/s | ETA: 4.7m
  Progress: 85/140 | Rate: 0.20/s | ETA: 4.6m
  Progress: 86/140 | Rate: 0.20/s | ETA: 4.5m
  Progress: 87/140 | Rate: 0.20/s | ETA: 4.4m
  Progress: 88/140 | Rate: 0.20/s | ETA: 4.3m
  Progress: 89/140 | Rate: 0.20/s | ETA: 4.2m
  Progress: 90/140 | Rate: 0.20/s | ETA: 4.2m
  Progress: 91/140 | Rate: 0.20/s | ETA: 4.0m
  Progress: 92/140 | Rate: 0.20/s | ETA: 3.9m
  Progress: 93/140 | Rate: 0.20/s | ETA: 3.8m
  Progress: 94/140 | Rate: 0.21/s | ETA: 3.7m
  Progress: 95/140 | Rate: 0.20/s | ETA: 3.7m
  Progress: 96/140 | Rate: 0.20/s | ETA: 3.6m
  Progress: 97/140 | Rate: 0.20/s | ETA: 3.5m
  Progress: 98/140 | Rate: 0.20/s | ETA: 3.4m
  Progress: 99/140 | Rate: 0.20/s | ETA: 3.3m
  Progress: 100/140 | Rate: 0.21/s | ETA: 3.2m
  Progress: 101/140 | Rate: 0.21/s | ETA: 3.1m
  Progress: 102/140 | Rate: 0.21/s | ETA: 3.0m
  Progress: 103/140 | Rate: 0.21/s | ETA: 3.0m
  Progress: 104/140 | Rate: 0.21/s | ETA: 2.9m
  Progress: 105/140 | Rate: 0.21/s | ETA: 2.8m
  Progress: 106/140 | Rate: 0.21/s | ETA: 2.7m
  Progress: 107/140 | Rate: 0.21/s | ETA: 2.6m
  Progress: 108/140 | Rate: 0.21/s | ETA: 2.5m
  Progress: 109/140 | Rate: 0.21/s | ETA: 2.5m
  Progress: 110/140 | Rate: 0.21/s | ETA: 2.4m
  Progress: 111/140 | Rate: 0.21/s | ETA: 2.3m
  Progress: 112/140 | Rate: 0.21/s | ETA: 2.2m
  Progress: 113/140 | Rate: 0.21/s | ETA: 2.1m
  Progress: 114/140 | Rate: 0.21/s | ETA: 2.0m
  Progress: 115/140 | Rate: 0.21/s | ETA: 1.9m
  Progress: 116/140 | Rate: 0.21/s | ETA: 1.9m
  Progress: 117/140 | Rate: 0.22/s | ETA: 1.8m
  Progress: 118/140 | Rate: 0.22/s | ETA: 1.7m
  Progress: 119/140 | Rate: 0.22/s | ETA: 1.6m
  Progress: 120/140 | Rate: 0.21/s | ETA: 1.6m
  Progress: 121/140 | Rate: 0.22/s | ETA: 1.5m
  Progress: 122/140 | Rate: 0.21/s | ETA: 1.4m
  Progress: 123/140 | Rate: 0.21/s | ETA: 1.3m
  Progress: 124/140 | Rate: 0.22/s | ETA: 1.2m
  Progress: 125/140 | Rate: 0.22/s | ETA: 1.2m
  Progress: 126/140 | Rate: 0.22/s | ETA: 1.1m
  Progress: 127/140 | Rate: 0.22/s | ETA: 1.0m
  Progress: 128/140 | Rate: 0.21/s | ETA: 1.0m
  Progress: 129/140 | Rate: 0.21/s | ETA: 0.9m
  Progress: 130/140 | Rate: 0.21/s | ETA: 0.8m
  Progress: 131/140 | Rate: 0.21/s | ETA: 0.7m
  Progress: 132/140 | Rate: 0.21/s | ETA: 0.6m
  Progress: 133/140 | Rate: 0.21/s | ETA: 0.6m
  Progress: 134/140 | Rate: 0.21/s | ETA: 0.5m
  Progress: 135/140 | Rate: 0.21/s | ETA: 0.4m
  Progress: 136/140 | Rate: 0.21/s | ETA: 0.3m
  Progress: 137/140 | Rate: 0.21/s | ETA: 0.2m
  Progress: 138/140 | Rate: 0.21/s | ETA: 0.2m
  Progress: 139/140 | Rate: 0.21/s | ETA: 0.1m
  Progress: 140/140 | Rate: 0.21/s | ETA: 0.0m

✔ Done. 140 evaluations in 665.6s (0.21/s)
>>> gemma4_e4b_clarification_first_sample2_responses.jsonl  10:49:36Z

============================================================
  Judge:  deepseek (deepseek-ai/deepseek-v3.2-maas)
  Input:  runs/run_20260521/responses/gemma4_e4b_clarification_first_sample2_responses.jsonl
  Output: /home/satvik/Documents/CIKM/runs/run_20260521/evaluations/deepseek_evaluations_gemma4_e4b_clarification_first_sample2.jsonl
============================================================
  Remaining: 140 rows
  Progress: 1/140 | Rate: 0.50/s | ETA: 4.6m
  Progress: 2/140 | Rate: 0.40/s | ETA: 5.8m
  Progress: 3/140 | Rate: 0.35/s | ETA: 6.5m
  Progress: 4/140 | Rate: 0.19/s | ETA: 12.2m
  Progress: 5/140 | Rate: 0.19/s | ETA: 11.8m
  Progress: 6/140 | Rate: 0.21/s | ETA: 10.4m
  Progress: 7/140 | Rate: 0.20/s | ETA: 11.3m
  Progress: 8/140 | Rate: 0.20/s | ETA: 11.2m
  Progress: 9/140 | Rate: 0.21/s | ETA: 10.5m
  Progress: 10/140 | Rate: 0.18/s | ETA: 11.8m
  Progress: 11/140 | Rate: 0.20/s | ETA: 11.0m
  Progress: 12/140 | Rate: 0.20/s | ETA: 10.6m
  Progress: 13/140 | Rate: 0.19/s | ETA: 11.1m
  Progress: 14/140 | Rate: 0.20/s | ETA: 10.7m
  Progress: 15/140 | Rate: 0.20/s | ETA: 10.5m
  Progress: 16/140 | Rate: 0.21/s | ETA: 9.9m
  Progress: 17/140 | Rate: 0.22/s | ETA: 9.5m
  Progress: 18/140 | Rate: 0.20/s | ETA: 10.0m
  Progress: 19/140 | Rate: 0.21/s | ETA: 9.6m
  Progress: 20/140 | Rate: 0.21/s | ETA: 9.5m
  Progress: 21/140 | Rate: 0.22/s | ETA: 9.1m
  Progress: 22/140 | Rate: 0.22/s | ETA: 8.8m
  Progress: 23/140 | Rate: 0.23/s | ETA: 8.6m
  Progress: 24/140 | Rate: 0.23/s | ETA: 8.4m
  Progress: 25/140 | Rate: 0.24/s | ETA: 8.1m
  Progress: 26/140 | Rate: 0.24/s | ETA: 7.9m
  Progress: 27/140 | Rate: 0.25/s | ETA: 7.7m
  Progress: 28/140 | Rate: 0.25/s | ETA: 7.5m
  Progress: 29/140 | Rate: 0.26/s | ETA: 7.2m
  Progress: 30/140 | Rate: 0.25/s | ETA: 7.4m
  Progress: 31/140 | Rate: 0.24/s | ETA: 7.6m
  Progress: 32/140 | Rate: 0.24/s | ETA: 7.4m
  Progress: 33/140 | Rate: 0.25/s | ETA: 7.2m
  Progress: 34/140 | Rate: 0.25/s | ETA: 7.1m
  Progress: 35/140 | Rate: 0.25/s | ETA: 7.1m
  Progress: 36/140 | Rate: 0.24/s | ETA: 7.1m
  [cat4_orig_007] [Attempt 1] HTTP 429: [{
  "error": {
    "code": 429,
    "message": "Resource exhausted. Please try again later. Please refer to https://clo — waiting 60s
  Progress: 37/140 | Rate: 0.17/s | ETA: 10.0m
  Progress: 38/140 | Rate: 0.17/s | ETA: 9.8m
  Progress: 39/140 | Rate: 0.17/s | ETA: 9.7m
  Progress: 40/140 | Rate: 0.18/s | ETA: 9.4m
  [cat5_orig_001] [Attempt 1] HTTP 429: [{
  "error": {
    "code": 429,
    "message": "Resource exhausted. Please try again later. Please refer to https://clo — waiting 60s
  Progress: 41/140 | Rate: 0.14/s | ETA: 11.6m
  Progress: 42/140 | Rate: 0.14/s | ETA: 11.3m
  Progress: 43/140 | Rate: 0.15/s | ETA: 11.0m
  Progress: 44/140 | Rate: 0.15/s | ETA: 10.7m
  Progress: 45/140 | Rate: 0.14/s | ETA: 11.2m
  Progress: 46/140 | Rate: 0.14/s | ETA: 10.9m
  Progress: 47/140 | Rate: 0.15/s | ETA: 10.7m
  Progress: 48/140 | Rate: 0.15/s | ETA: 10.4m
  Progress: 49/140 | Rate: 0.15/s | ETA: 10.1m
  Progress: 50/140 | Rate: 0.14/s | ETA: 10.4m
  Progress: 51/140 | Rate: 0.15/s | ETA: 10.2m
  Progress: 52/140 | Rate: 0.15/s | ETA: 9.9m
  Progress: 53/140 | Rate: 0.15/s | ETA: 9.7m
  Progress: 54/140 | Rate: 0.15/s | ETA: 9.4m
  Progress: 55/140 | Rate: 0.15/s | ETA: 9.2m
  Progress: 56/140 | Rate: 0.16/s | ETA: 9.0m
  Progress: 57/140 | Rate: 0.16/s | ETA: 8.8m
  Progress: 58/140 | Rate: 0.16/s | ETA: 8.6m
  Progress: 59/140 | Rate: 0.16/s | ETA: 8.4m
  Progress: 60/140 | Rate: 0.16/s | ETA: 8.2m
  Progress: 61/140 | Rate: 0.16/s | ETA: 8.0m
  Progress: 62/140 | Rate: 0.16/s | ETA: 8.0m
  Progress: 63/140 | Rate: 0.17/s | ETA: 7.8m
  Progress: 64/140 | Rate: 0.16/s | ETA: 7.7m
  Progress: 65/140 | Rate: 0.17/s | ETA: 7.6m
  Progress: 66/140 | Rate: 0.16/s | ETA: 7.6m
  Progress: 67/140 | Rate: 0.16/s | ETA: 7.4m
  Progress: 68/140 | Rate: 0.17/s | ETA: 7.3m
  Progress: 69/140 | Rate: 0.17/s | ETA: 7.1m
  Progress: 70/140 | Rate: 0.17/s | ETA: 7.0m
  Progress: 71/140 | Rate: 0.17/s | ETA: 6.8m
  Progress: 72/140 | Rate: 0.17/s | ETA: 6.8m
  Progress: 73/140 | Rate: 0.17/s | ETA: 6.6m
  Progress: 74/140 | Rate: 0.17/s | ETA: 6.6m
  Progress: 75/140 | Rate: 0.17/s | ETA: 6.5m
  Progress: 76/140 | Rate: 0.17/s | ETA: 6.4m
  Progress: 77/140 | Rate: 0.16/s | ETA: 6.4m
  Progress: 78/140 | Rate: 0.16/s | ETA: 6.3m
  Progress: 79/140 | Rate: 0.16/s | ETA: 6.2m
  Progress: 80/140 | Rate: 0.17/s | ETA: 6.0m
  Progress: 81/140 | Rate: 0.17/s | ETA: 5.9m
  Progress: 82/140 | Rate: 0.17/s | ETA: 5.7m
  Progress: 83/140 | Rate: 0.17/s | ETA: 5.6m
  [cat2_adapted_004] [Attempt 1] Error: 'choices' — waiting 2s
  Progress: 84/140 | Rate: 0.17/s | ETA: 5.5m
  Progress: 85/140 | Rate: 0.17/s | ETA: 5.3m
  Progress: 86/140 | Rate: 0.17/s | ETA: 5.2m
  Progress: 87/140 | Rate: 0.18/s | ETA: 5.0m
  Progress: 88/140 | Rate: 0.18/s | ETA: 4.9m
  Progress: 89/140 | Rate: 0.18/s | ETA: 4.8m
  Progress: 90/140 | Rate: 0.18/s | ETA: 4.7m
  Progress: 91/140 | Rate: 0.18/s | ETA: 4.6m
  Progress: 92/140 | Rate: 0.18/s | ETA: 4.5m
  Progress: 93/140 | Rate: 0.18/s | ETA: 4.3m
  Progress: 94/140 | Rate: 0.18/s | ETA: 4.2m
  Progress: 95/140 | Rate: 0.18/s | ETA: 4.1m
  Progress: 96/140 | Rate: 0.18/s | ETA: 4.0m
  Progress: 97/140 | Rate: 0.18/s | ETA: 3.9m
  Progress: 98/140 | Rate: 0.19/s | ETA: 3.8m
  Progress: 99/140 | Rate: 0.19/s | ETA: 3.7m
  Progress: 100/140 | Rate: 0.19/s | ETA: 3.6m
  Progress: 101/140 | Rate: 0.19/s | ETA: 3.5m
  Progress: 102/140 | Rate: 0.19/s | ETA: 3.4m
  Progress: 103/140 | Rate: 0.19/s | ETA: 3.2m
  Progress: 104/140 | Rate: 0.19/s | ETA: 3.1m
  Progress: 105/140 | Rate: 0.19/s | ETA: 3.0m
  Progress: 106/140 | Rate: 0.19/s | ETA: 2.9m
  Progress: 107/140 | Rate: 0.19/s | ETA: 2.8m
  Progress: 108/140 | Rate: 0.19/s | ETA: 2.8m
  Progress: 109/140 | Rate: 0.19/s | ETA: 2.7m
  Progress: 110/140 | Rate: 0.19/s | ETA: 2.6m
  Progress: 111/140 | Rate: 0.19/s | ETA: 2.5m
  Progress: 112/140 | Rate: 0.19/s | ETA: 2.4m
  Progress: 113/140 | Rate: 0.19/s | ETA: 2.3m
  Progress: 114/140 | Rate: 0.19/s | ETA: 2.2m
  Progress: 115/140 | Rate: 0.20/s | ETA: 2.1m
  Progress: 116/140 | Rate: 0.19/s | ETA: 2.1m
  Progress: 117/140 | Rate: 0.19/s | ETA: 2.0m
  Progress: 118/140 | Rate: 0.20/s | ETA: 1.9m
  Progress: 119/140 | Rate: 0.20/s | ETA: 1.8m
  Progress: 120/140 | Rate: 0.20/s | ETA: 1.7m
  Progress: 121/140 | Rate: 0.20/s | ETA: 1.6m
  Progress: 122/140 | Rate: 0.20/s | ETA: 1.5m
  Progress: 123/140 | Rate: 0.20/s | ETA: 1.4m
  Progress: 124/140 | Rate: 0.20/s | ETA: 1.3m
  Progress: 125/140 | Rate: 0.20/s | ETA: 1.2m
  Progress: 126/140 | Rate: 0.20/s | ETA: 1.2m
  Progress: 127/140 | Rate: 0.20/s | ETA: 1.1m
  Progress: 128/140 | Rate: 0.20/s | ETA: 1.0m
  Progress: 129/140 | Rate: 0.20/s | ETA: 0.9m
  Progress: 130/140 | Rate: 0.20/s | ETA: 0.8m
  Progress: 131/140 | Rate: 0.20/s | ETA: 0.7m
  Progress: 132/140 | Rate: 0.20/s | ETA: 0.7m
  Progress: 133/140 | Rate: 0.20/s | ETA: 0.6m
  Progress: 134/140 | Rate: 0.20/s | ETA: 0.5m
  Progress: 135/140 | Rate: 0.21/s | ETA: 0.4m
  Progress: 136/140 | Rate: 0.21/s | ETA: 0.3m
  Progress: 137/140 | Rate: 0.21/s | ETA: 0.2m
  Progress: 138/140 | Rate: 0.21/s | ETA: 0.2m
  Progress: 139/140 | Rate: 0.21/s | ETA: 0.1m
  Progress: 140/140 | Rate: 0.21/s | ETA: 0.0m

✔ Done. 140 evaluations in 669.2s (0.21/s)
>>> gemma4_e4b_neutrality_oriented_sample0_responses.jsonl  11:00:46Z

============================================================
  Judge:  deepseek (deepseek-ai/deepseek-v3.2-maas)
  Input:  runs/run_20260521/responses/gemma4_e4b_neutrality_oriented_sample0_responses.jsonl
  Output: /home/satvik/Documents/CIKM/runs/run_20260521/evaluations/deepseek_evaluations_gemma4_e4b_neutrality_oriented_sample0.jsonl
============================================================
  Remaining: 140 rows
  Progress: 1/140 | Rate: 0.11/s | ETA: 21.5m
  Progress: 2/140 | Rate: 0.15/s | ETA: 15.1m
  Progress: 3/140 | Rate: 0.20/s | ETA: 11.3m
  Progress: 4/140 | Rate: 0.20/s | ETA: 11.4m
  Progress: 5/140 | Rate: 0.20/s | ETA: 11.3m
  Progress: 6/140 | Rate: 0.22/s | ETA: 10.1m
  Progress: 7/140 | Rate: 0.19/s | ETA: 11.6m
  Progress: 8/140 | Rate: 0.21/s | ETA: 10.5m
  Progress: 9/140 | Rate: 0.22/s | ETA: 9.9m
  Progress: 10/140 | Rate: 0.23/s | ETA: 9.3m
  Progress: 11/140 | Rate: 0.24/s | ETA: 8.8m
  Progress: 12/140 | Rate: 0.24/s | ETA: 9.0m
  Progress: 13/140 | Rate: 0.24/s | ETA: 8.8m
  Progress: 14/140 | Rate: 0.25/s | ETA: 8.4m
  Progress: 15/140 | Rate: 0.24/s | ETA: 8.6m
  Progress: 16/140 | Rate: 0.25/s | ETA: 8.3m
  Progress: 17/140 | Rate: 0.25/s | ETA: 8.1m
  Progress: 18/140 | Rate: 0.26/s | ETA: 7.9m
  Progress: 19/140 | Rate: 0.26/s | ETA: 7.6m
  Progress: 20/140 | Rate: 0.26/s | ETA: 7.7m
  Progress: 21/140 | Rate: 0.26/s | ETA: 7.6m
  Progress: 22/140 | Rate: 0.27/s | ETA: 7.4m
  Progress: 23/140 | Rate: 0.26/s | ETA: 7.6m
  Progress: 24/140 | Rate: 0.26/s | ETA: 7.4m
  Progress: 25/140 | Rate: 0.27/s | ETA: 7.2m
  Progress: 26/140 | Rate: 0.26/s | ETA: 7.2m
  Progress: 27/140 | Rate: 0.25/s | ETA: 7.4m
  Progress: 28/140 | Rate: 0.23/s | ETA: 8.1m
  Progress: 29/140 | Rate: 0.24/s | ETA: 7.8m
  Progress: 30/140 | Rate: 0.24/s | ETA: 7.6m
  Progress: 31/140 | Rate: 0.25/s | ETA: 7.4m
  Progress: 32/140 | Rate: 0.25/s | ETA: 7.2m
  Progress: 33/140 | Rate: 0.25/s | ETA: 7.0m
  [cat4_orig_004] [Attempt 1] HTTP 429: [{
  "error": {
    "code": 429,
    "message": "Resource exhausted. Please try again later. Please refer to https://clo — waiting 60s
  Progress: 34/140 | Rate: 0.18/s | ETA: 10.0m
  Progress: 35/140 | Rate: 0.18/s | ETA: 9.9m
  Progress: 36/140 | Rate: 0.18/s | ETA: 9.6m
  Progress: 37/140 | Rate: 0.18/s | ETA: 9.4m
  Progress: 38/140 | Rate: 0.19/s | ETA: 9.1m
  Progress: 39/140 | Rate: 0.19/s | ETA: 9.0m
  Progress: 40/140 | Rate: 0.19/s | ETA: 9.0m
  Progress: 41/140 | Rate: 0.19/s | ETA: 8.8m
  Progress: 42/140 | Rate: 0.19/s | ETA: 8.6m
  Progress: 43/140 | Rate: 0.19/s | ETA: 8.3m
  Progress: 44/140 | Rate: 0.20/s | ETA: 8.1m
  Progress: 45/140 | Rate: 0.20/s | ETA: 7.9m
  Progress: 46/140 | Rate: 0.20/s | ETA: 7.8m
  Progress: 47/140 | Rate: 0.20/s | ETA: 7.7m
  Progress: 48/140 | Rate: 0.20/s | ETA: 7.5m
  Progress: 49/140 | Rate: 0.21/s | ETA: 7.3m
  Progress: 50/140 | Rate: 0.21/s | ETA: 7.2m
  Progress: 51/140 | Rate: 0.21/s | ETA: 7.1m
  Progress: 52/140 | Rate: 0.21/s | ETA: 7.0m
  Progress: 53/140 | Rate: 0.21/s | ETA: 6.8m
  Progress: 54/140 | Rate: 0.22/s | ETA: 6.7m
  Progress: 55/140 | Rate: 0.21/s | ETA: 6.7m
  Progress: 56/140 | Rate: 0.21/s | ETA: 6.5m
  Progress: 57/140 | Rate: 0.22/s | ETA: 6.4m
  Progress: 58/140 | Rate: 0.22/s | ETA: 6.2m
  Progress: 59/140 | Rate: 0.22/s | ETA: 6.1m
  Progress: 60/140 | Rate: 0.22/s | ETA: 5.9m
  Progress: 61/140 | Rate: 0.22/s | ETA: 6.0m
  Progress: 62/140 | Rate: 0.22/s | ETA: 5.9m
  Progress: 63/140 | Rate: 0.22/s | ETA: 5.7m
  Progress: 64/140 | Rate: 0.23/s | ETA: 5.6m
  Progress: 65/140 | Rate: 0.22/s | ETA: 5.6m
  Progress: 66/140 | Rate: 0.23/s | ETA: 5.5m
  Progress: 67/140 | Rate: 0.23/s | ETA: 5.3m
  Progress: 68/140 | Rate: 0.23/s | ETA: 5.2m
  Progress: 69/140 | Rate: 0.23/s | ETA: 5.1m
  Progress: 70/140 | Rate: 0.23/s | ETA: 5.0m
  Progress: 71/140 | Rate: 0.24/s | ETA: 4.9m
  Progress: 72/140 | Rate: 0.23/s | ETA: 4.8m
  Progress: 73/140 | Rate: 0.23/s | ETA: 4.8m
  Progress: 74/140 | Rate: 0.23/s | ETA: 4.7m
  Progress: 75/140 | Rate: 0.23/s | ETA: 4.6m
  Progress: 76/140 | Rate: 0.24/s | ETA: 4.5m
  Progress: 77/140 | Rate: 0.23/s | ETA: 4.5m
  Progress: 78/140 | Rate: 0.23/s | ETA: 4.4m
  Progress: 79/140 | Rate: 0.23/s | ETA: 4.4m
  Progress: 80/140 | Rate: 0.23/s | ETA: 4.3m
  Progress: 81/140 | Rate: 0.24/s | ETA: 4.2m
  Progress: 82/140 | Rate: 0.24/s | ETA: 4.1m
  Progress: 83/140 | Rate: 0.23/s | ETA: 4.0m
  Progress: 84/140 | Rate: 0.24/s | ETA: 4.0m
  Progress: 85/140 | Rate: 0.24/s | ETA: 3.9m
  Progress: 86/140 | Rate: 0.24/s | ETA: 3.8m
  Progress: 87/140 | Rate: 0.24/s | ETA: 3.7m
  Progress: 88/140 | Rate: 0.24/s | ETA: 3.6m
  Progress: 89/140 | Rate: 0.24/s | ETA: 3.6m
  Progress: 90/140 | Rate: 0.24/s | ETA: 3.5m
  Progress: 91/140 | Rate: 0.24/s | ETA: 3.4m
  Progress: 92/140 | Rate: 0.24/s | ETA: 3.3m
  Progress: 93/140 | Rate: 0.24/s | ETA: 3.3m
  Progress: 94/140 | Rate: 0.24/s | ETA: 3.2m
  Progress: 95/140 | Rate: 0.24/s | ETA: 3.1m
  Progress: 96/140 | Rate: 0.24/s | ETA: 3.1m
  Progress: 97/140 | Rate: 0.24/s | ETA: 3.0m
  Progress: 98/140 | Rate: 0.24/s | ETA: 2.9m
  Progress: 99/140 | Rate: 0.24/s | ETA: 2.8m
  Progress: 100/140 | Rate: 0.24/s | ETA: 2.7m
  Progress: 101/140 | Rate: 0.24/s | ETA: 2.7m
  Progress: 102/140 | Rate: 0.24/s | ETA: 2.7m
  Progress: 103/140 | Rate: 0.24/s | ETA: 2.6m
  Progress: 104/140 | Rate: 0.24/s | ETA: 2.5m
  Progress: 105/140 | Rate: 0.24/s | ETA: 2.4m
  Progress: 106/140 | Rate: 0.24/s | ETA: 2.4m
  Progress: 107/140 | Rate: 0.24/s | ETA: 2.3m
  Progress: 108/140 | Rate: 0.24/s | ETA: 2.2m
  Progress: 109/140 | Rate: 0.24/s | ETA: 2.1m
  Progress: 110/140 | Rate: 0.24/s | ETA: 2.1m
  Progress: 111/140 | Rate: 0.24/s | ETA: 2.0m
  Progress: 112/140 | Rate: 0.24/s | ETA: 1.9m
  Progress: 113/140 | Rate: 0.24/s | ETA: 1.8m
  Progress: 114/140 | Rate: 0.24/s | ETA: 1.8m
  Progress: 115/140 | Rate: 0.24/s | ETA: 1.7m
  Progress: 116/140 | Rate: 0.24/s | ETA: 1.6m
  Progress: 117/140 | Rate: 0.24/s | ETA: 1.6m
  Progress: 118/140 | Rate: 0.24/s | ETA: 1.5m
  Progress: 119/140 | Rate: 0.25/s | ETA: 1.4m
  Progress: 120/140 | Rate: 0.25/s | ETA: 1.4m
  Progress: 121/140 | Rate: 0.25/s | ETA: 1.3m
  Progress: 122/140 | Rate: 0.25/s | ETA: 1.2m
  Progress: 123/140 | Rate: 0.25/s | ETA: 1.1m
  Progress: 124/140 | Rate: 0.25/s | ETA: 1.1m
  Progress: 125/140 | Rate: 0.25/s | ETA: 1.0m
  Progress: 126/140 | Rate: 0.25/s | ETA: 0.9m
  Progress: 127/140 | Rate: 0.25/s | ETA: 0.9m
  Progress: 128/140 | Rate: 0.25/s | ETA: 0.8m
  Progress: 129/140 | Rate: 0.22/s | ETA: 0.8m
  Progress: 130/140 | Rate: 0.22/s | ETA: 0.8m
  Progress: 131/140 | Rate: 0.22/s | ETA: 0.7m
  Progress: 132/140 | Rate: 0.22/s | ETA: 0.6m
  Progress: 133/140 | Rate: 0.22/s | ETA: 0.5m
  Progress: 134/140 | Rate: 0.22/s | ETA: 0.4m
  Progress: 135/140 | Rate: 0.23/s | ETA: 0.4m
  Progress: 136/140 | Rate: 0.22/s | ETA: 0.3m
  Progress: 137/140 | Rate: 0.22/s | ETA: 0.2m
  Progress: 138/140 | Rate: 0.22/s | ETA: 0.2m
  Progress: 139/140 | Rate: 0.22/s | ETA: 0.1m
  Progress: 140/140 | Rate: 0.22/s | ETA: 0.0m

✔ Done. 140 evaluations in 625.7s (0.22/s)
>>> gemma4_e4b_neutrality_oriented_sample1_responses.jsonl  11:11:13Z

============================================================
  Judge:  deepseek (deepseek-ai/deepseek-v3.2-maas)
  Input:  runs/run_20260521/responses/gemma4_e4b_neutrality_oriented_sample1_responses.jsonl
  Output: /home/satvik/Documents/CIKM/runs/run_20260521/evaluations/deepseek_evaluations_gemma4_e4b_neutrality_oriented_sample1.jsonl
============================================================
  Remaining: 140 rows
  Progress: 1/140 | Rate: 0.18/s | ETA: 13.2m
  Progress: 2/140 | Rate: 0.21/s | ETA: 11.2m
  Progress: 3/140 | Rate: 0.25/s | ETA: 9.2m
  Progress: 4/140 | Rate: 0.29/s | ETA: 7.8m
  Progress: 5/140 | Rate: 0.21/s | ETA: 10.7m
  Progress: 6/140 | Rate: 0.21/s | ETA: 10.8m
  Progress: 7/140 | Rate: 0.23/s | ETA: 9.7m
  Progress: 8/140 | Rate: 0.25/s | ETA: 9.0m
  Progress: 9/140 | Rate: 0.26/s | ETA: 8.2m
  Progress: 10/140 | Rate: 0.27/s | ETA: 8.1m
  Progress: 11/140 | Rate: 0.28/s | ETA: 7.7m
  Progress: 12/140 | Rate: 0.29/s | ETA: 7.3m
  Progress: 13/140 | Rate: 0.29/s | ETA: 7.2m
  Progress: 14/140 | Rate: 0.30/s | ETA: 7.0m
  Progress: 15/140 | Rate: 0.31/s | ETA: 6.8m
  Progress: 16/140 | Rate: 0.32/s | ETA: 6.5m
  Progress: 17/140 | Rate: 0.29/s | ETA: 7.0m
  Progress: 18/140 | Rate: 0.29/s | ETA: 7.1m
  Progress: 19/140 | Rate: 0.29/s | ETA: 7.0m
  Progress: 20/140 | Rate: 0.29/s | ETA: 6.8m
  Progress: 21/140 | Rate: 0.30/s | ETA: 6.6m
  Progress: 22/140 | Rate: 0.30/s | ETA: 6.6m
  Progress: 23/140 | Rate: 0.29/s | ETA: 6.7m
  Progress: 24/140 | Rate: 0.29/s | ETA: 6.6m
  Progress: 25/140 | Rate: 0.28/s | ETA: 6.7m
  Progress: 26/140 | Rate: 0.28/s | ETA: 6.9m
  Progress: 27/140 | Rate: 0.28/s | ETA: 6.8m
  Progress: 28/140 | Rate: 0.28/s | ETA: 6.6m
  Progress: 29/140 | Rate: 0.28/s | ETA: 6.6m
  Progress: 30/140 | Rate: 0.28/s | ETA: 6.4m
  Progress: 31/140 | Rate: 0.29/s | ETA: 6.3m
  Progress: 32/140 | Rate: 0.28/s | ETA: 6.5m
  Progress: 33/140 | Rate: 0.28/s | ETA: 6.3m
  Progress: 34/140 | Rate: 0.28/s | ETA: 6.3m
  Progress: 35/140 | Rate: 0.29/s | ETA: 6.1m
  Progress: 36/140 | Rate: 0.29/s | ETA: 6.0m
  Progress: 37/140 | Rate: 0.29/s | ETA: 5.9m
  Progress: 38/140 | Rate: 0.29/s | ETA: 5.8m
  Progress: 39/140 | Rate: 0.28/s | ETA: 6.0m
  Progress: 40/140 | Rate: 0.28/s | ETA: 5.9m
  Progress: 41/140 | Rate: 0.28/s | ETA: 5.8m
  Progress: 42/140 | Rate: 0.29/s | ETA: 5.7m
  Progress: 43/140 | Rate: 0.29/s | ETA: 5.7m
  Progress: 44/140 | Rate: 0.29/s | ETA: 5.6m
  Progress: 45/140 | Rate: 0.29/s | ETA: 5.5m
  Progress: 46/140 | Rate: 0.29/s | ETA: 5.4m
  Progress: 47/140 | Rate: 0.29/s | ETA: 5.3m
  Progress: 48/140 | Rate: 0.30/s | ETA: 5.2m
  Progress: 49/140 | Rate: 0.30/s | ETA: 5.1m
  Progress: 50/140 | Rate: 0.30/s | ETA: 5.0m
  Progress: 51/140 | Rate: 0.30/s | ETA: 4.9m
  Progress: 52/140 | Rate: 0.29/s | ETA: 5.0m
  Progress: 53/140 | Rate: 0.29/s | ETA: 5.0m
  Progress: 54/140 | Rate: 0.29/s | ETA: 4.9m
  Progress: 55/140 | Rate: 0.28/s | ETA: 5.0m
  Progress: 56/140 | Rate: 0.29/s | ETA: 4.9m
  Progress: 57/140 | Rate: 0.28/s | ETA: 4.9m
  Progress: 58/140 | Rate: 0.24/s | ETA: 5.6m
  Progress: 59/140 | Rate: 0.24/s | ETA: 5.7m
  Progress: 60/140 | Rate: 0.24/s | ETA: 5.6m
  Progress: 61/140 | Rate: 0.24/s | ETA: 5.5m
  Progress: 62/140 | Rate: 0.24/s | ETA: 5.4m
  Progress: 63/140 | Rate: 0.24/s | ETA: 5.3m
  Progress: 64/140 | Rate: 0.25/s | ETA: 5.1m
  Progress: 65/140 | Rate: 0.25/s | ETA: 5.0m
  Progress: 66/140 | Rate: 0.25/s | ETA: 4.9m
  Progress: 67/140 | Rate: 0.25/s | ETA: 4.8m
  Progress: 68/140 | Rate: 0.26/s | ETA: 4.7m
  Progress: 69/140 | Rate: 0.26/s | ETA: 4.6m
  Progress: 70/140 | Rate: 0.26/s | ETA: 4.5m
  Progress: 71/140 | Rate: 0.26/s | ETA: 4.4m
  Progress: 72/140 | Rate: 0.26/s | ETA: 4.3m
  Progress: 73/140 | Rate: 0.26/s | ETA: 4.3m
  Progress: 74/140 | Rate: 0.26/s | ETA: 4.3m
  Progress: 75/140 | Rate: 0.26/s | ETA: 4.2m
  Progress: 76/140 | Rate: 0.21/s | ETA: 5.0m
  Progress: 77/140 | Rate: 0.21/s | ETA: 4.9m
  Progress: 78/140 | Rate: 0.22/s | ETA: 4.8m
  Progress: 79/140 | Rate: 0.22/s | ETA: 4.7m
  Progress: 80/140 | Rate: 0.22/s | ETA: 4.6m
  Progress: 81/140 | Rate: 0.22/s | ETA: 4.5m
  Progress: 82/140 | Rate: 0.22/s | ETA: 4.4m
  Progress: 83/140 | Rate: 0.22/s | ETA: 4.3m
  Progress: 84/140 | Rate: 0.22/s | ETA: 4.2m
  Progress: 85/140 | Rate: 0.22/s | ETA: 4.1m
  Progress: 86/140 | Rate: 0.22/s | ETA: 4.0m
  Progress: 87/140 | Rate: 0.22/s | ETA: 4.0m
  Progress: 88/140 | Rate: 0.22/s | ETA: 3.9m
  Progress: 89/140 | Rate: 0.22/s | ETA: 3.8m
  Progress: 90/140 | Rate: 0.23/s | ETA: 3.7m
  Progress: 91/140 | Rate: 0.23/s | ETA: 3.6m
  Progress: 92/140 | Rate: 0.23/s | ETA: 3.5m
  Progress: 93/140 | Rate: 0.23/s | ETA: 3.4m
  Progress: 94/140 | Rate: 0.23/s | ETA: 3.3m
  Progress: 95/140 | Rate: 0.23/s | ETA: 3.3m
  Progress: 96/140 | Rate: 0.23/s | ETA: 3.2m
  Progress: 97/140 | Rate: 0.23/s | ETA: 3.1m
  Progress: 98/140 | Rate: 0.23/s | ETA: 3.0m
  Progress: 99/140 | Rate: 0.19/s | ETA: 3.7m
  Progress: 100/140 | Rate: 0.19/s | ETA: 3.6m
  Progress: 101/140 | Rate: 0.19/s | ETA: 3.5m
  Progress: 102/140 | Rate: 0.19/s | ETA: 3.4m
  Progress: 103/140 | Rate: 0.19/s | ETA: 3.3m
  Progress: 104/140 | Rate: 0.19/s | ETA: 3.2m
  Progress: 105/140 | Rate: 0.19/s | ETA: 3.1m
  Progress: 106/140 | Rate: 0.16/s | ETA: 3.4m
  Progress: 107/140 | Rate: 0.17/s | ETA: 3.3m
  Progress: 108/140 | Rate: 0.17/s | ETA: 3.2m
  Progress: 109/140 | Rate: 0.17/s | ETA: 3.1m
  Progress: 110/140 | Rate: 0.17/s | ETA: 3.0m
  Progress: 111/140 | Rate: 0.17/s | ETA: 2.9m
  Progress: 112/140 | Rate: 0.17/s | ETA: 2.8m
  Progress: 113/140 | Rate: 0.17/s | ETA: 2.7m
  Progress: 114/140 | Rate: 0.17/s | ETA: 2.6m
  Progress: 115/140 | Rate: 0.17/s | ETA: 2.5m
  Progress: 116/140 | Rate: 0.17/s | ETA: 2.4m
  Progress: 117/140 | Rate: 0.17/s | ETA: 2.2m
  Progress: 118/140 | Rate: 0.17/s | ETA: 2.2m
  Progress: 119/140 | Rate: 0.17/s | ETA: 2.0m
  Progress: 120/140 | Rate: 0.17/s | ETA: 1.9m
  Progress: 121/140 | Rate: 0.17/s | ETA: 1.8m
  Progress: 122/140 | Rate: 0.17/s | ETA: 1.7m
  Progress: 123/140 | Rate: 0.17/s | ETA: 1.6m
  Progress: 124/140 | Rate: 0.17/s | ETA: 1.5m
  Progress: 125/140 | Rate: 0.18/s | ETA: 1.4m
  Progress: 126/140 | Rate: 0.17/s | ETA: 1.3m
  Progress: 127/140 | Rate: 0.18/s | ETA: 1.2m
  Progress: 128/140 | Rate: 0.18/s | ETA: 1.1m
  Progress: 129/140 | Rate: 0.18/s | ETA: 1.0m
  Progress: 130/140 | Rate: 0.18/s | ETA: 0.9m
  Progress: 131/140 | Rate: 0.18/s | ETA: 0.8m
  Progress: 132/140 | Rate: 0.18/s | ETA: 0.7m
  Progress: 133/140 | Rate: 0.18/s | ETA: 0.7m
  Progress: 134/140 | Rate: 0.18/s | ETA: 0.6m
  Progress: 135/140 | Rate: 0.18/s | ETA: 0.5m
  Progress: 136/140 | Rate: 0.18/s | ETA: 0.4m
  Progress: 137/140 | Rate: 0.18/s | ETA: 0.3m
  Progress: 138/140 | Rate: 0.18/s | ETA: 0.2m
  Progress: 139/140 | Rate: 0.18/s | ETA: 0.1m
  Progress: 140/140 | Rate: 0.18/s | ETA: 0.0m

✔ Done. 140 evaluations in 767.2s (0.18/s)
>>> gemma4_e4b_neutrality_oriented_sample2_responses.jsonl  11:24:00Z

============================================================
  Judge:  deepseek (deepseek-ai/deepseek-v3.2-maas)
  Input:  runs/run_20260521/responses/gemma4_e4b_neutrality_oriented_sample2_responses.jsonl
  Output: /home/satvik/Documents/CIKM/runs/run_20260521/evaluations/deepseek_evaluations_gemma4_e4b_neutrality_oriented_sample2.jsonl
============================================================
  Remaining: 140 rows
  Progress: 1/140 | Rate: 0.73/s | ETA: 3.2m
  Progress: 2/140 | Rate: 0.59/s | ETA: 3.9m
  Progress: 3/140 | Rate: 0.63/s | ETA: 3.7m
  Progress: 4/140 | Rate: 0.64/s | ETA: 3.5m
  Progress: 5/140 | Rate: 0.66/s | ETA: 3.4m
  Progress: 6/140 | Rate: 0.64/s | ETA: 3.5m
  Progress: 7/140 | Rate: 0.62/s | ETA: 3.6m
  Progress: 8/140 | Rate: 0.62/s | ETA: 3.6m
  Progress: 9/140 | Rate: 0.54/s | ETA: 4.1m
  Progress: 10/140 | Rate: 0.49/s | ETA: 4.4m
  Progress: 11/140 | Rate: 0.45/s | ETA: 4.8m
  Progress: 12/140 | Rate: 0.45/s | ETA: 4.7m
  Progress: 13/140 | Rate: 0.45/s | ETA: 4.7m
  Progress: 14/140 | Rate: 0.45/s | ETA: 4.7m
  Progress: 15/140 | Rate: 0.45/s | ETA: 4.6m
  Progress: 16/140 | Rate: 0.45/s | ETA: 4.6m
  Progress: 17/140 | Rate: 0.45/s | ETA: 4.6m
  Progress: 18/140 | Rate: 0.45/s | ETA: 4.5m
  Progress: 19/140 | Rate: 0.38/s | ETA: 5.4m
  Progress: 20/140 | Rate: 0.37/s | ETA: 5.4m
  Progress: 21/140 | Rate: 0.38/s | ETA: 5.2m
  Progress: 22/140 | Rate: 0.39/s | ETA: 5.1m
  Progress: 23/140 | Rate: 0.38/s | ETA: 5.2m
  Progress: 24/140 | Rate: 0.36/s | ETA: 5.3m
  Progress: 25/140 | Rate: 0.36/s | ETA: 5.3m
  Progress: 26/140 | Rate: 0.36/s | ETA: 5.2m
  Progress: 27/140 | Rate: 0.36/s | ETA: 5.3m
  Progress: 28/140 | Rate: 0.36/s | ETA: 5.2m
  Progress: 29/140 | Rate: 0.36/s | ETA: 5.1m
  Progress: 30/140 | Rate: 0.37/s | ETA: 5.0m
  Progress: 31/140 | Rate: 0.35/s | ETA: 5.2m
  Progress: 32/140 | Rate: 0.35/s | ETA: 5.1m
  Progress: 33/140 | Rate: 0.36/s | ETA: 5.0m
  Progress: 34/140 | Rate: 0.36/s | ETA: 4.9m
  Progress: 35/140 | Rate: 0.34/s | ETA: 5.1m
  Progress: 36/140 | Rate: 0.34/s | ETA: 5.0m
  Progress: 37/140 | Rate: 0.31/s | ETA: 5.5m
  Progress: 38/140 | Rate: 0.32/s | ETA: 5.4m
  Progress: 39/140 | Rate: 0.32/s | ETA: 5.3m
  Progress: 40/140 | Rate: 0.32/s | ETA: 5.2m
  Progress: 41/140 | Rate: 0.32/s | ETA: 5.1m
  Progress: 42/140 | Rate: 0.32/s | ETA: 5.0m
  Progress: 43/140 | Rate: 0.33/s | ETA: 5.0m
  Progress: 44/140 | Rate: 0.33/s | ETA: 4.9m
  Progress: 45/140 | Rate: 0.32/s | ETA: 4.9m
  Progress: 46/140 | Rate: 0.33/s | ETA: 4.8m
  Progress: 47/140 | Rate: 0.32/s | ETA: 4.8m
  Progress: 48/140 | Rate: 0.31/s | ETA: 4.9m
  Progress: 49/140 | Rate: 0.32/s | ETA: 4.8m
  Progress: 50/140 | Rate: 0.32/s | ETA: 4.7m
  Progress: 51/140 | Rate: 0.31/s | ETA: 4.7m
  Progress: 52/140 | Rate: 0.32/s | ETA: 4.6m
  Progress: 53/140 | Rate: 0.32/s | ETA: 4.6m
  Progress: 54/140 | Rate: 0.32/s | ETA: 4.5m
  Progress: 55/140 | Rate: 0.32/s | ETA: 4.4m
  Progress: 56/140 | Rate: 0.32/s | ETA: 4.4m
  Progress: 57/140 | Rate: 0.31/s | ETA: 4.4m
  Progress: 58/140 | Rate: 0.32/s | ETA: 4.3m
  Progress: 59/140 | Rate: 0.30/s | ETA: 4.4m
  Progress: 60/140 | Rate: 0.30/s | ETA: 4.4m
  Progress: 61/140 | Rate: 0.31/s | ETA: 4.3m
  Progress: 62/140 | Rate: 0.30/s | ETA: 4.3m
  Progress: 63/140 | Rate: 0.30/s | ETA: 4.2m
  Progress: 64/140 | Rate: 0.30/s | ETA: 4.2m
  Progress: 65/140 | Rate: 0.30/s | ETA: 4.1m
  Progress: 66/140 | Rate: 0.30/s | ETA: 4.1m
  Progress: 67/140 | Rate: 0.30/s | ETA: 4.1m
  Progress: 68/140 | Rate: 0.30/s | ETA: 4.0m
  Progress: 69/140 | Rate: 0.30/s | ETA: 4.0m
  Progress: 70/140 | Rate: 0.30/s | ETA: 3.9m
  Progress: 71/140 | Rate: 0.30/s | ETA: 3.8m
  Progress: 72/140 | Rate: 0.29/s | ETA: 3.9m
  Progress: 73/140 | Rate: 0.26/s | ETA: 4.2m
  Progress: 74/140 | Rate: 0.27/s | ETA: 4.1m
  Progress: 75/140 | Rate: 0.26/s | ETA: 4.2m
  Progress: 76/140 | Rate: 0.26/s | ETA: 4.1m
  Progress: 77/140 | Rate: 0.26/s | ETA: 4.0m
  Progress: 78/140 | Rate: 0.27/s | ETA: 3.9m
  Progress: 79/140 | Rate: 0.27/s | ETA: 3.8m
  Progress: 80/140 | Rate: 0.27/s | ETA: 3.7m
  Progress: 81/140 | Rate: 0.27/s | ETA: 3.6m
  Progress: 82/140 | Rate: 0.27/s | ETA: 3.6m
  Progress: 83/140 | Rate: 0.27/s | ETA: 3.5m
  Progress: 84/140 | Rate: 0.27/s | ETA: 3.4m
  Progress: 85/140 | Rate: 0.27/s | ETA: 3.4m
  Progress: 86/140 | Rate: 0.27/s | ETA: 3.3m
  Progress: 87/140 | Rate: 0.27/s | ETA: 3.2m
  Progress: 88/140 | Rate: 0.27/s | ETA: 3.2m
  Progress: 89/140 | Rate: 0.28/s | ETA: 3.1m
  Progress: 90/140 | Rate: 0.28/s | ETA: 3.0m
  Progress: 91/140 | Rate: 0.28/s | ETA: 2.9m
  Progress: 92/140 | Rate: 0.28/s | ETA: 2.9m
  Progress: 93/140 | Rate: 0.28/s | ETA: 2.8m
  Progress: 94/140 | Rate: 0.22/s | ETA: 3.4m
  Progress: 95/140 | Rate: 0.21/s | ETA: 3.5m
  Progress: 96/140 | Rate: 0.21/s | ETA: 3.4m
  Progress: 97/140 | Rate: 0.22/s | ETA: 3.3m
  Progress: 98/140 | Rate: 0.22/s | ETA: 3.2m
  Progress: 99/140 | Rate: 0.22/s | ETA: 3.1m
  Progress: 100/140 | Rate: 0.22/s | ETA: 3.1m
  Progress: 101/140 | Rate: 0.22/s | ETA: 3.0m
  Progress: 102/140 | Rate: 0.22/s | ETA: 2.9m
  Progress: 103/140 | Rate: 0.22/s | ETA: 2.8m
  Progress: 104/140 | Rate: 0.22/s | ETA: 2.7m
  Progress: 105/140 | Rate: 0.22/s | ETA: 2.6m
  Progress: 106/140 | Rate: 0.22/s | ETA: 2.5m
  Progress: 107/140 | Rate: 0.21/s | ETA: 2.6m
  Progress: 108/140 | Rate: 0.21/s | ETA: 2.5m
  Progress: 109/140 | Rate: 0.21/s | ETA: 2.4m
  Progress: 110/140 | Rate: 0.21/s | ETA: 2.3m
  Progress: 111/140 | Rate: 0.22/s | ETA: 2.2m
  Progress: 112/140 | Rate: 0.22/s | ETA: 2.2m
  Progress: 113/140 | Rate: 0.22/s | ETA: 2.1m
  Progress: 114/140 | Rate: 0.22/s | ETA: 2.0m
  Progress: 115/140 | Rate: 0.22/s | ETA: 1.9m
  Progress: 116/140 | Rate: 0.21/s | ETA: 1.9m
  Progress: 117/140 | Rate: 0.21/s | ETA: 1.8m
  Progress: 118/140 | Rate: 0.22/s | ETA: 1.7m
  Progress: 119/140 | Rate: 0.22/s | ETA: 1.6m
  Progress: 120/140 | Rate: 0.22/s | ETA: 1.5m
  Progress: 121/140 | Rate: 0.22/s | ETA: 1.5m
  Progress: 122/140 | Rate: 0.22/s | ETA: 1.4m
  Progress: 123/140 | Rate: 0.22/s | ETA: 1.3m
  Progress: 124/140 | Rate: 0.22/s | ETA: 1.2m
  Progress: 125/140 | Rate: 0.22/s | ETA: 1.1m
  Progress: 126/140 | Rate: 0.22/s | ETA: 1.1m
  Progress: 127/140 | Rate: 0.22/s | ETA: 1.0m
  Progress: 128/140 | Rate: 0.22/s | ETA: 0.9m
  Progress: 129/140 | Rate: 0.22/s | ETA: 0.8m
  Progress: 130/140 | Rate: 0.22/s | ETA: 0.8m
  Progress: 131/140 | Rate: 0.22/s | ETA: 0.7m
  Progress: 132/140 | Rate: 0.22/s | ETA: 0.6m
  Progress: 133/140 | Rate: 0.22/s | ETA: 0.5m
  Progress: 134/140 | Rate: 0.22/s | ETA: 0.4m
  Progress: 135/140 | Rate: 0.22/s | ETA: 0.4m
  Progress: 136/140 | Rate: 0.22/s | ETA: 0.3m
  Progress: 137/140 | Rate: 0.22/s | ETA: 0.2m
  Progress: 138/140 | Rate: 0.22/s | ETA: 0.1m
  Progress: 139/140 | Rate: 0.22/s | ETA: 0.1m
  Progress: 140/140 | Rate: 0.22/s | ETA: 0.0m

✔ Done. 140 evaluations in 623.0s (0.22/s)
>>> gemma4_e4b_utility_first_sample0_responses.jsonl  11:34:24Z

============================================================
  Judge:  deepseek (deepseek-ai/deepseek-v3.2-maas)
  Input:  runs/run_20260521/responses/gemma4_e4b_utility_first_sample0_responses.jsonl
  Output: /home/satvik/Documents/CIKM/runs/run_20260521/evaluations/deepseek_evaluations_gemma4_e4b_utility_first_sample0.jsonl
============================================================
  Remaining: 140 rows
  Progress: 1/140 | Rate: 0.21/s | ETA: 11.2m
  Progress: 2/140 | Rate: 0.20/s | ETA: 11.6m
  Progress: 3/140 | Rate: 0.23/s | ETA: 9.7m
  Progress: 4/140 | Rate: 0.24/s | ETA: 9.3m
  Progress: 5/140 | Rate: 0.23/s | ETA: 9.9m
  Progress: 6/140 | Rate: 0.22/s | ETA: 10.3m
  Progress: 7/140 | Rate: 0.22/s | ETA: 10.1m
  Progress: 8/140 | Rate: 0.23/s | ETA: 9.6m
  Progress: 9/140 | Rate: 0.24/s | ETA: 9.0m
  Progress: 10/140 | Rate: 0.25/s | ETA: 8.6m
  Progress: 11/140 | Rate: 0.27/s | ETA: 8.1m
  Progress: 12/140 | Rate: 0.27/s | ETA: 7.8m
  Progress: 13/140 | Rate: 0.22/s | ETA: 9.8m
  Progress: 14/140 | Rate: 0.22/s | ETA: 9.4m
  Progress: 15/140 | Rate: 0.23/s | ETA: 9.0m
  Progress: 16/140 | Rate: 0.23/s | ETA: 9.0m
  Progress: 17/140 | Rate: 0.21/s | ETA: 9.8m
  Progress: 18/140 | Rate: 0.17/s | ETA: 12.2m
  Progress: 19/140 | Rate: 0.16/s | ETA: 12.3m
  Progress: 20/140 | Rate: 0.17/s | ETA: 11.8m
  Progress: 21/140 | Rate: 0.17/s | ETA: 11.5m
  Progress: 22/140 | Rate: 0.18/s | ETA: 11.2m
  Progress: 23/140 | Rate: 0.17/s | ETA: 11.3m
  Progress: 24/140 | Rate: 0.18/s | ETA: 10.9m
  Progress: 25/140 | Rate: 0.18/s | ETA: 10.7m
  Progress: 26/140 | Rate: 0.18/s | ETA: 10.3m
  Progress: 27/140 | Rate: 0.19/s | ETA: 10.0m
  Progress: 28/140 | Rate: 0.19/s | ETA: 9.7m
  Progress: 29/140 | Rate: 0.20/s | ETA: 9.4m
  Progress: 30/140 | Rate: 0.19/s | ETA: 9.6m
  Progress: 31/140 | Rate: 0.19/s | ETA: 9.3m
  Progress: 32/140 | Rate: 0.20/s | ETA: 9.1m
  Progress: 33/140 | Rate: 0.18/s | ETA: 9.8m
  Progress: 34/140 | Rate: 0.18/s | ETA: 9.6m
  Progress: 35/140 | Rate: 0.19/s | ETA: 9.3m
  Progress: 36/140 | Rate: 0.19/s | ETA: 9.1m
  Progress: 37/140 | Rate: 0.19/s | ETA: 9.1m
  Progress: 38/140 | Rate: 0.19/s | ETA: 9.1m
  Progress: 39/140 | Rate: 0.19/s | ETA: 8.8m
  Progress: 40/140 | Rate: 0.19/s | ETA: 8.6m
  Progress: 41/140 | Rate: 0.20/s | ETA: 8.4m
  Progress: 42/140 | Rate: 0.20/s | ETA: 8.2m
  Progress: 43/140 | Rate: 0.20/s | ETA: 8.0m
  Progress: 44/140 | Rate: 0.21/s | ETA: 7.8m
  Progress: 45/140 | Rate: 0.21/s | ETA: 7.6m
  Progress: 46/140 | Rate: 0.21/s | ETA: 7.4m
  Progress: 47/140 | Rate: 0.21/s | ETA: 7.2m
  Progress: 48/140 | Rate: 0.21/s | ETA: 7.2m
  Progress: 49/140 | Rate: 0.21/s | ETA: 7.1m
  Progress: 50/140 | Rate: 0.22/s | ETA: 6.9m
  Progress: 51/140 | Rate: 0.22/s | ETA: 6.8m
  Progress: 52/140 | Rate: 0.21/s | ETA: 6.9m
  Progress: 53/140 | Rate: 0.21/s | ETA: 6.9m
  Progress: 54/140 | Rate: 0.21/s | ETA: 6.7m
  Progress: 55/140 | Rate: 0.22/s | ETA: 6.6m
  Progress: 56/140 | Rate: 0.22/s | ETA: 6.4m
  Progress: 57/140 | Rate: 0.21/s | ETA: 6.5m
  Progress: 58/140 | Rate: 0.21/s | ETA: 6.4m
  Progress: 59/140 | Rate: 0.22/s | ETA: 6.2m
  Progress: 60/140 | Rate: 0.22/s | ETA: 6.1m
  Progress: 61/140 | Rate: 0.22/s | ETA: 6.0m
  Progress: 62/140 | Rate: 0.22/s | ETA: 5.9m
  Progress: 63/140 | Rate: 0.22/s | ETA: 5.8m
  Progress: 64/140 | Rate: 0.22/s | ETA: 5.7m
  Progress: 65/140 | Rate: 0.22/s | ETA: 5.6m
  Progress: 66/140 | Rate: 0.23/s | ETA: 5.5m
  Progress: 67/140 | Rate: 0.23/s | ETA: 5.4m
  Progress: 68/140 | Rate: 0.23/s | ETA: 5.2m
  Progress: 69/140 | Rate: 0.23/s | ETA: 5.1m
  Progress: 70/140 | Rate: 0.23/s | ETA: 5.0m
  Progress: 71/140 | Rate: 0.23/s | ETA: 5.0m
  Progress: 72/140 | Rate: 0.23/s | ETA: 4.9m
  Progress: 73/140 | Rate: 0.23/s | ETA: 4.8m
  Progress: 74/140 | Rate: 0.23/s | ETA: 4.8m
  Progress: 75/140 | Rate: 0.23/s | ETA: 4.7m
  Progress: 76/140 | Rate: 0.23/s | ETA: 4.6m
  Progress: 77/140 | Rate: 0.24/s | ETA: 4.5m
  Progress: 78/140 | Rate: 0.24/s | ETA: 4.4m
  Progress: 79/140 | Rate: 0.24/s | ETA: 4.3m
  Progress: 80/140 | Rate: 0.24/s | ETA: 4.2m
  Progress: 81/140 | Rate: 0.24/s | ETA: 4.1m
  Progress: 82/140 | Rate: 0.24/s | ETA: 4.1m
  Progress: 83/140 | Rate: 0.19/s | ETA: 5.1m
  Progress: 84/140 | Rate: 0.19/s | ETA: 4.9m
  Progress: 85/140 | Rate: 0.19/s | ETA: 4.8m
  Progress: 86/140 | Rate: 0.19/s | ETA: 4.8m
  Progress: 87/140 | Rate: 0.19/s | ETA: 4.7m
  Progress: 88/140 | Rate: 0.19/s | ETA: 4.6m
  Progress: 89/140 | Rate: 0.19/s | ETA: 4.5m
  Progress: 90/140 | Rate: 0.19/s | ETA: 4.4m
  Progress: 91/140 | Rate: 0.19/s | ETA: 4.3m
  Progress: 92/140 | Rate: 0.19/s | ETA: 4.2m
  Progress: 93/140 | Rate: 0.19/s | ETA: 4.1m
  Progress: 94/140 | Rate: 0.19/s | ETA: 4.0m
  Progress: 95/140 | Rate: 0.20/s | ETA: 3.8m
  Progress: 96/140 | Rate: 0.20/s | ETA: 3.8m
  Progress: 97/140 | Rate: 0.20/s | ETA: 3.6m
  Progress: 98/140 | Rate: 0.20/s | ETA: 3.5m
  Progress: 99/140 | Rate: 0.20/s | ETA: 3.4m
  Progress: 100/140 | Rate: 0.19/s | ETA: 3.5m
  Progress: 101/140 | Rate: 0.18/s | ETA: 3.6m
  Progress: 102/140 | Rate: 0.18/s | ETA: 3.5m
  Progress: 103/140 | Rate: 0.18/s | ETA: 3.4m
  Progress: 104/140 | Rate: 0.18/s | ETA: 3.3m
  Progress: 105/140 | Rate: 0.18/s | ETA: 3.2m
  Progress: 106/140 | Rate: 0.18/s | ETA: 3.1m
  Progress: 107/140 | Rate: 0.18/s | ETA: 3.0m
  Progress: 108/140 | Rate: 0.18/s | ETA: 2.9m
  Progress: 109/140 | Rate: 0.18/s | ETA: 2.8m
  Progress: 110/140 | Rate: 0.18/s | ETA: 2.7m
  Progress: 111/140 | Rate: 0.19/s | ETA: 2.6m
  Progress: 112/140 | Rate: 0.19/s | ETA: 2.5m
  Progress: 113/140 | Rate: 0.19/s | ETA: 2.4m
  Progress: 114/140 | Rate: 0.19/s | ETA: 2.3m
  Progress: 115/140 | Rate: 0.19/s | ETA: 2.2m
  Progress: 116/140 | Rate: 0.19/s | ETA: 2.1m
  Progress: 117/140 | Rate: 0.19/s | ETA: 2.0m
  Progress: 118/140 | Rate: 0.19/s | ETA: 2.0m
  Progress: 119/140 | Rate: 0.19/s | ETA: 1.9m
  Progress: 120/140 | Rate: 0.19/s | ETA: 1.8m
  Progress: 121/140 | Rate: 0.19/s | ETA: 1.7m
  Progress: 122/140 | Rate: 0.19/s | ETA: 1.6m
  Progress: 123/140 | Rate: 0.18/s | ETA: 1.6m
  Progress: 124/140 | Rate: 0.18/s | ETA: 1.5m
  Progress: 125/140 | Rate: 0.18/s | ETA: 1.4m
  Progress: 126/140 | Rate: 0.18/s | ETA: 1.3m
  Progress: 127/140 | Rate: 0.18/s | ETA: 1.2m
  Progress: 128/140 | Rate: 0.18/s | ETA: 1.1m
  Progress: 129/140 | Rate: 0.18/s | ETA: 1.0m
  Progress: 130/140 | Rate: 0.18/s | ETA: 0.9m
  Progress: 131/140 | Rate: 0.19/s | ETA: 0.8m
  Progress: 132/140 | Rate: 0.19/s | ETA: 0.7m
  Progress: 133/140 | Rate: 0.19/s | ETA: 0.6m
  Progress: 134/140 | Rate: 0.18/s | ETA: 0.5m
  Progress: 135/140 | Rate: 0.18/s | ETA: 0.5m
  Progress: 136/140 | Rate: 0.18/s | ETA: 0.4m
  Progress: 137/140 | Rate: 0.18/s | ETA: 0.3m
  Progress: 138/140 | Rate: 0.18/s | ETA: 0.2m
  Progress: 139/140 | Rate: 0.18/s | ETA: 0.1m
  Progress: 140/140 | Rate: 0.18/s | ETA: 0.0m

✔ Done. 140 evaluations in 776.3s (0.18/s)
>>> gemma4_e4b_utility_first_sample1_responses.jsonl  11:47:21Z

============================================================
  Judge:  deepseek (deepseek-ai/deepseek-v3.2-maas)
  Input:  runs/run_20260521/responses/gemma4_e4b_utility_first_sample1_responses.jsonl
  Output: /home/satvik/Documents/CIKM/runs/run_20260521/evaluations/deepseek_evaluations_gemma4_e4b_utility_first_sample1.jsonl
============================================================
  Remaining: 140 rows
  Progress: 1/140 | Rate: 0.60/s | ETA: 3.9m
  Progress: 2/140 | Rate: 0.08/s | ETA: 29.4m
  Progress: 3/140 | Rate: 0.10/s | ETA: 22.3m
  Progress: 4/140 | Rate: 0.06/s | ETA: 41.0m
  Progress: 5/140 | Rate: 0.07/s | ETA: 34.1m
  Progress: 6/140 | Rate: 0.08/s | ETA: 29.5m
  Progress: 7/140 | Rate: 0.09/s | ETA: 25.5m
  Progress: 8/140 | Rate: 0.10/s | ETA: 22.6m
  Progress: 9/140 | Rate: 0.11/s | ETA: 20.3m
  Progress: 10/140 | Rate: 0.11/s | ETA: 18.9m
  Progress: 11/140 | Rate: 0.12/s | ETA: 18.5m
  Progress: 12/140 | Rate: 0.12/s | ETA: 17.1m
  Progress: 13/140 | Rate: 0.13/s | ETA: 16.0m
  Progress: 14/140 | Rate: 0.13/s | ETA: 16.2m
  Progress: 15/140 | Rate: 0.14/s | ETA: 15.3m
  Progress: 16/140 | Rate: 0.14/s | ETA: 14.6m
  Progress: 17/140 | Rate: 0.14/s | ETA: 14.7m
  Progress: 18/140 | Rate: 0.14/s | ETA: 14.1m
  Progress: 19/140 | Rate: 0.15/s | ETA: 13.5m
  Progress: 20/140 | Rate: 0.15/s | ETA: 13.3m
  Progress: 21/140 | Rate: 0.16/s | ETA: 12.7m
  Progress: 22/140 | Rate: 0.16/s | ETA: 12.2m
  Progress: 23/140 | Rate: 0.16/s | ETA: 11.9m
  Progress: 24/140 | Rate: 0.17/s | ETA: 11.4m
  Progress: 25/140 | Rate: 0.17/s | ETA: 11.0m
  Progress: 26/140 | Rate: 0.18/s | ETA: 10.6m
  Progress: 27/140 | Rate: 0.18/s | ETA: 10.2m
  Progress: 28/140 | Rate: 0.19/s | ETA: 9.9m
  Progress: 29/140 | Rate: 0.19/s | ETA: 9.7m
  Progress: 30/140 | Rate: 0.19/s | ETA: 9.4m
  Progress: 31/140 | Rate: 0.20/s | ETA: 9.1m
  Progress: 32/140 | Rate: 0.20/s | ETA: 8.8m
  Progress: 33/140 | Rate: 0.21/s | ETA: 8.6m
  Progress: 34/140 | Rate: 0.21/s | ETA: 8.4m
  Progress: 35/140 | Rate: 0.20/s | ETA: 8.5m
  Progress: 36/140 | Rate: 0.21/s | ETA: 8.4m
  Progress: 37/140 | Rate: 0.21/s | ETA: 8.2m
  Progress: 38/140 | Rate: 0.21/s | ETA: 8.2m
  Progress: 39/140 | Rate: 0.21/s | ETA: 8.0m
  Progress: 40/140 | Rate: 0.21/s | ETA: 8.1m
  Progress: 41/140 | Rate: 0.21/s | ETA: 7.9m
  Progress: 42/140 | Rate: 0.21/s | ETA: 7.9m
  Progress: 43/140 | Rate: 0.21/s | ETA: 7.8m
  Progress: 44/140 | Rate: 0.21/s | ETA: 7.6m
  Progress: 45/140 | Rate: 0.21/s | ETA: 7.6m
  Progress: 46/140 | Rate: 0.21/s | ETA: 7.4m
  Progress: 47/140 | Rate: 0.21/s | ETA: 7.2m
  Progress: 48/140 | Rate: 0.22/s | ETA: 7.1m
  Progress: 49/140 | Rate: 0.22/s | ETA: 6.9m
  Progress: 50/140 | Rate: 0.22/s | ETA: 6.8m
  Progress: 51/140 | Rate: 0.22/s | ETA: 6.7m
  Progress: 52/140 | Rate: 0.23/s | ETA: 6.5m
  Progress: 53/140 | Rate: 0.23/s | ETA: 6.4m
  Progress: 54/140 | Rate: 0.23/s | ETA: 6.3m
  Progress: 55/140 | Rate: 0.23/s | ETA: 6.2m
  Progress: 56/140 | Rate: 0.23/s | ETA: 6.1m
  Progress: 57/140 | Rate: 0.23/s | ETA: 5.9m
  Progress: 58/140 | Rate: 0.23/s | ETA: 5.8m
  Progress: 59/140 | Rate: 0.23/s | ETA: 5.8m
  Progress: 60/140 | Rate: 0.24/s | ETA: 5.6m
  Progress: 61/140 | Rate: 0.24/s | ETA: 5.5m
  Progress: 62/140 | Rate: 0.23/s | ETA: 5.8m
  Progress: 63/140 | Rate: 0.23/s | ETA: 5.7m
  Progress: 64/140 | Rate: 0.23/s | ETA: 5.6m
  Progress: 65/140 | Rate: 0.23/s | ETA: 5.4m
  Progress: 66/140 | Rate: 0.23/s | ETA: 5.4m
  [cat7_orig_007] [Attempt 1] HTTP 429: [{
  "error": {
    "code": 429,
    "message": "Resource exhausted. Please try again later. Please refer to https://clo — waiting 60s
  Progress: 67/140 | Rate: 0.19/s | ETA: 6.3m
  [cat7_orig_008] [Attempt 1] HTTP 429: [{
  "error": {
    "code": 429,
    "message": "Resource exhausted. Please try again later. Please refer to https://clo — waiting 60s
  Progress: 68/140 | Rate: 0.15/s | ETA: 7.8m
  Progress: 69/140 | Rate: 0.16/s | ETA: 7.6m
  Progress: 70/140 | Rate: 0.16/s | ETA: 7.5m
  Progress: 71/140 | Rate: 0.16/s | ETA: 7.3m
  Progress: 72/140 | Rate: 0.16/s | ETA: 7.2m
  Progress: 73/140 | Rate: 0.16/s | ETA: 7.1m
  Progress: 74/140 | Rate: 0.16/s | ETA: 6.9m
  Progress: 75/140 | Rate: 0.16/s | ETA: 6.7m
  Progress: 76/140 | Rate: 0.16/s | ETA: 6.6m
  Progress: 77/140 | Rate: 0.16/s | ETA: 6.4m
  Progress: 78/140 | Rate: 0.17/s | ETA: 6.2m
  Progress: 79/140 | Rate: 0.17/s | ETA: 6.1m
  Progress: 80/140 | Rate: 0.17/s | ETA: 6.0m
  Progress: 81/140 | Rate: 0.15/s | ETA: 6.6m
  Progress: 82/140 | Rate: 0.15/s | ETA: 6.4m
  Progress: 83/140 | Rate: 0.15/s | ETA: 6.2m
  Progress: 84/140 | Rate: 0.15/s | ETA: 6.1m
  Progress: 85/140 | Rate: 0.15/s | ETA: 5.9m
  Progress: 86/140 | Rate: 0.16/s | ETA: 5.8m
  Progress: 87/140 | Rate: 0.16/s | ETA: 5.7m
  Progress: 88/140 | Rate: 0.16/s | ETA: 5.5m
  Progress: 89/140 | Rate: 0.16/s | ETA: 5.4m
  Progress: 90/140 | Rate: 0.16/s | ETA: 5.2m
  Progress: 91/140 | Rate: 0.16/s | ETA: 5.1m
  Progress: 92/140 | Rate: 0.16/s | ETA: 4.9m
  Progress: 93/140 | Rate: 0.16/s | ETA: 4.8m
  [cat3_adapted_004] [Attempt 1] HTTP 429: [{
  "error": {
    "code": 429,
    "message": "Resource exhausted. Please try again later. Please refer to https://clo — waiting 60s
  Progress: 94/140 | Rate: 0.15/s | ETA: 5.1m
  [cat3_adapted_005] [Attempt 1] HTTP 429: [{
  "error": {
    "code": 429,
    "message": "Resource exhausted. Please try again later. Please refer to https://clo — waiting 60s
  Progress: 95/140 | Rate: 0.12/s | ETA: 6.1m
  Progress: 96/140 | Rate: 0.12/s | ETA: 6.0m
  Progress: 97/140 | Rate: 0.12/s | ETA: 5.8m
  Progress: 98/140 | Rate: 0.12/s | ETA: 5.6m
  Progress: 99/140 | Rate: 0.12/s | ETA: 5.5m
  Progress: 100/140 | Rate: 0.13/s | ETA: 5.3m
  Progress: 101/140 | Rate: 0.13/s | ETA: 5.2m
  Progress: 102/140 | Rate: 0.13/s | ETA: 5.0m
  Progress: 103/140 | Rate: 0.13/s | ETA: 4.8m
  Progress: 104/140 | Rate: 0.13/s | ETA: 4.7m
  Progress: 105/140 | Rate: 0.13/s | ETA: 4.5m
  Progress: 106/140 | Rate: 0.13/s | ETA: 4.4m
  Progress: 107/140 | Rate: 0.13/s | ETA: 4.2m
  Progress: 108/140 | Rate: 0.13/s | ETA: 4.1m
  Progress: 109/140 | Rate: 0.13/s | ETA: 4.0m
  Progress: 110/140 | Rate: 0.13/s | ETA: 3.8m
  Progress: 111/140 | Rate: 0.13/s | ETA: 3.7m
  Progress: 112/140 | Rate: 0.13/s | ETA: 3.5m
  Progress: 113/140 | Rate: 0.13/s | ETA: 3.5m
  Progress: 114/140 | Rate: 0.13/s | ETA: 3.4m
  Progress: 115/140 | Rate: 0.13/s | ETA: 3.2m
  Progress: 116/140 | Rate: 0.13/s | ETA: 3.1m
  Progress: 117/140 | Rate: 0.13/s | ETA: 2.9m
  Progress: 118/140 | Rate: 0.13/s | ETA: 2.8m
  Progress: 119/140 | Rate: 0.13/s | ETA: 2.7m
  Progress: 120/140 | Rate: 0.13/s | ETA: 2.5m
  Progress: 121/140 | Rate: 0.13/s | ETA: 2.4m
  Progress: 122/140 | Rate: 0.13/s | ETA: 2.3m
  Progress: 123/140 | Rate: 0.13/s | ETA: 2.1m
  Progress: 124/140 | Rate: 0.13/s | ETA: 2.0m
  Progress: 125/140 | Rate: 0.13/s | ETA: 1.9m
  Progress: 126/140 | Rate: 0.13/s | ETA: 1.8m
  Progress: 127/140 | Rate: 0.13/s | ETA: 1.6m
  Progress: 128/140 | Rate: 0.13/s | ETA: 1.5m
  Progress: 129/140 | Rate: 0.13/s | ETA: 1.4m
  Progress: 130/140 | Rate: 0.13/s | ETA: 1.3m
  Progress: 131/140 | Rate: 0.13/s | ETA: 1.1m
  Progress: 132/140 | Rate: 0.13/s | ETA: 1.0m
  Progress: 133/140 | Rate: 0.13/s | ETA: 0.9m
  Progress: 134/140 | Rate: 0.13/s | ETA: 0.7m
  Progress: 135/140 | Rate: 0.14/s | ETA: 0.6m
  Progress: 136/140 | Rate: 0.14/s | ETA: 0.5m
  Progress: 137/140 | Rate: 0.14/s | ETA: 0.4m
  Progress: 138/140 | Rate: 0.14/s | ETA: 0.2m
  Progress: 139/140 | Rate: 0.14/s | ETA: 0.1m
  Progress: 140/140 | Rate: 0.14/s | ETA: 0.0m

✔ Done. 140 evaluations in 1011.8s (0.14/s)
>>> gemma4_e4b_utility_first_sample2_responses.jsonl  12:04:14Z

============================================================
  Judge:  deepseek (deepseek-ai/deepseek-v3.2-maas)
  Input:  runs/run_20260521/responses/gemma4_e4b_utility_first_sample2_responses.jsonl
  Output: /home/satvik/Documents/CIKM/runs/run_20260521/evaluations/deepseek_evaluations_gemma4_e4b_utility_first_sample2.jsonl
============================================================
  Remaining: 140 rows
  Progress: 1/140 | Rate: 0.30/s | ETA: 7.9m
  Progress: 2/140 | Rate: 0.26/s | ETA: 8.7m
  Progress: 3/140 | Rate: 0.30/s | ETA: 7.6m
  Progress: 4/140 | Rate: 0.35/s | ETA: 6.6m
  Progress: 5/140 | Rate: 0.38/s | ETA: 6.0m
  Progress: 6/140 | Rate: 0.34/s | ETA: 6.6m
  Progress: 7/140 | Rate: 0.34/s | ETA: 6.6m
  Progress: 8/140 | Rate: 0.36/s | ETA: 6.1m
  Progress: 9/140 | Rate: 0.34/s | ETA: 6.4m
  Progress: 10/140 | Rate: 0.35/s | ETA: 6.1m
  Progress: 11/140 | Rate: 0.36/s | ETA: 5.9m
  Progress: 12/140 | Rate: 0.37/s | ETA: 5.8m
  Progress: 13/140 | Rate: 0.36/s | ETA: 5.8m
  Progress: 14/140 | Rate: 0.38/s | ETA: 5.6m
  Progress: 15/140 | Rate: 0.35/s | ETA: 6.0m
  Progress: 16/140 | Rate: 0.36/s | ETA: 5.8m
  Progress: 17/140 | Rate: 0.36/s | ETA: 5.7m
  Progress: 18/140 | Rate: 0.37/s | ETA: 5.6m
  Progress: 19/140 | Rate: 0.36/s | ETA: 5.6m
  Progress: 20/140 | Rate: 0.32/s | ETA: 6.3m
  Progress: 21/140 | Rate: 0.21/s | ETA: 9.3m
  Progress: 22/140 | Rate: 0.22/s | ETA: 9.0m
  Progress: 23/140 | Rate: 0.22/s | ETA: 8.7m
  Progress: 24/140 | Rate: 0.22/s | ETA: 8.7m
  Progress: 25/140 | Rate: 0.22/s | ETA: 8.7m
  Progress: 26/140 | Rate: 0.22/s | ETA: 8.5m
  Progress: 27/140 | Rate: 0.23/s | ETA: 8.3m
  Progress: 28/140 | Rate: 0.23/s | ETA: 8.1m
  Progress: 29/140 | Rate: 0.22/s | ETA: 8.4m
  Progress: 30/140 | Rate: 0.22/s | ETA: 8.3m
  Progress: 31/140 | Rate: 0.22/s | ETA: 8.1m
  Progress: 32/140 | Rate: 0.23/s | ETA: 7.9m
  Progress: 33/140 | Rate: 0.23/s | ETA: 7.7m
  Progress: 34/140 | Rate: 0.24/s | ETA: 7.5m
  Progress: 35/140 | Rate: 0.23/s | ETA: 7.5m
  Progress: 36/140 | Rate: 0.21/s | ETA: 8.1m
  Progress: 37/140 | Rate: 0.15/s | ETA: 11.2m
  Progress: 38/140 | Rate: 0.16/s | ETA: 10.9m
  Progress: 39/140 | Rate: 0.16/s | ETA: 10.6m
  Progress: 40/140 | Rate: 0.16/s | ETA: 10.3m
  Progress: 41/140 | Rate: 0.16/s | ETA: 10.0m
  Progress: 42/140 | Rate: 0.17/s | ETA: 9.8m
  Progress: 43/140 | Rate: 0.17/s | ETA: 9.7m
  Progress: 44/140 | Rate: 0.17/s | ETA: 9.6m
  Progress: 45/140 | Rate: 0.17/s | ETA: 9.5m
  Progress: 46/140 | Rate: 0.17/s | ETA: 9.2m
  Progress: 47/140 | Rate: 0.17/s | ETA: 9.0m
  Progress: 48/140 | Rate: 0.17/s | ETA: 8.8m
  Progress: 49/140 | Rate: 0.18/s | ETA: 8.6m
  Progress: 50/140 | Rate: 0.18/s | ETA: 8.4m
  Progress: 51/140 | Rate: 0.18/s | ETA: 8.2m
  Progress: 52/140 | Rate: 0.18/s | ETA: 8.1m
  Progress: 53/140 | Rate: 0.18/s | ETA: 7.9m
  Progress: 54/140 | Rate: 0.19/s | ETA: 7.7m
  Progress: 55/140 | Rate: 0.19/s | ETA: 7.5m
  Progress: 56/140 | Rate: 0.19/s | ETA: 7.3m
  Progress: 57/140 | Rate: 0.19/s | ETA: 7.3m
  Progress: 58/140 | Rate: 0.19/s | ETA: 7.1m
  Progress: 59/140 | Rate: 0.19/s | ETA: 6.9m
  Progress: 60/140 | Rate: 0.20/s | ETA: 6.8m
  Progress: 61/140 | Rate: 0.17/s | ETA: 7.6m
  Progress: 62/140 | Rate: 0.17/s | ETA: 7.4m
  Progress: 63/140 | Rate: 0.18/s | ETA: 7.3m
  Progress: 64/140 | Rate: 0.18/s | ETA: 7.2m
  Progress: 65/140 | Rate: 0.18/s | ETA: 7.0m
  Progress: 66/140 | Rate: 0.18/s | ETA: 6.9m
  Progress: 67/140 | Rate: 0.18/s | ETA: 7.0m
  Progress: 68/140 | Rate: 0.18/s | ETA: 6.8m
  Progress: 69/140 | Rate: 0.18/s | ETA: 6.7m
  Progress: 70/140 | Rate: 0.18/s | ETA: 6.5m
  Progress: 71/140 | Rate: 0.18/s | ETA: 6.4m
  Progress: 72/140 | Rate: 0.18/s | ETA: 6.2m
  Progress: 73/140 | Rate: 0.18/s | ETA: 6.1m
  Progress: 74/140 | Rate: 0.19/s | ETA: 5.9m
  Progress: 75/140 | Rate: 0.18/s | ETA: 5.9m
  Progress: 76/140 | Rate: 0.19/s | ETA: 5.7m
  Progress: 77/140 | Rate: 0.19/s | ETA: 5.6m
  Progress: 78/140 | Rate: 0.19/s | ETA: 5.5m
  Progress: 79/140 | Rate: 0.19/s | ETA: 5.4m
  Progress: 80/140 | Rate: 0.19/s | ETA: 5.2m
  Progress: 81/140 | Rate: 0.19/s | ETA: 5.1m
  Progress: 82/140 | Rate: 0.19/s | ETA: 5.0m
  Progress: 83/140 | Rate: 0.19/s | ETA: 4.9m
  Progress: 84/140 | Rate: 0.19/s | ETA: 4.8m
  Progress: 85/140 | Rate: 0.20/s | ETA: 4.7m
  Progress: 86/140 | Rate: 0.20/s | ETA: 4.6m
  Progress: 87/140 | Rate: 0.20/s | ETA: 4.5m
  Progress: 88/140 | Rate: 0.20/s | ETA: 4.4m
  Progress: 89/140 | Rate: 0.20/s | ETA: 4.3m
  Progress: 90/140 | Rate: 0.20/s | ETA: 4.1m
  Progress: 91/140 | Rate: 0.20/s | ETA: 4.0m
  Progress: 92/140 | Rate: 0.20/s | ETA: 3.9m
  Progress: 93/140 | Rate: 0.20/s | ETA: 3.8m
  Progress: 94/140 | Rate: 0.20/s | ETA: 3.8m
  Progress: 95/140 | Rate: 0.21/s | ETA: 3.7m
  Progress: 96/140 | Rate: 0.21/s | ETA: 3.5m
  Progress: 97/140 | Rate: 0.21/s | ETA: 3.5m
  Progress: 98/140 | Rate: 0.21/s | ETA: 3.4m
  Progress: 99/140 | Rate: 0.21/s | ETA: 3.3m
  Progress: 100/140 | Rate: 0.21/s | ETA: 3.2m
  Progress: 101/140 | Rate: 0.21/s | ETA: 3.1m
  Progress: 102/140 | Rate: 0.21/s | ETA: 3.1m
  Progress: 103/140 | Rate: 0.21/s | ETA: 3.0m
  Progress: 104/140 | Rate: 0.21/s | ETA: 2.9m
  Progress: 105/140 | Rate: 0.21/s | ETA: 2.8m
  Progress: 106/140 | Rate: 0.21/s | ETA: 2.7m
  Progress: 107/140 | Rate: 0.21/s | ETA: 2.6m
  Progress: 108/140 | Rate: 0.21/s | ETA: 2.5m
  Progress: 109/140 | Rate: 0.21/s | ETA: 2.4m
  Progress: 110/140 | Rate: 0.21/s | ETA: 2.3m
  Progress: 111/140 | Rate: 0.22/s | ETA: 2.2m
  Progress: 112/140 | Rate: 0.22/s | ETA: 2.2m
  Progress: 113/140 | Rate: 0.22/s | ETA: 2.1m
  Progress: 114/140 | Rate: 0.22/s | ETA: 2.0m
  Progress: 115/140 | Rate: 0.22/s | ETA: 1.9m
  Progress: 116/140 | Rate: 0.22/s | ETA: 1.8m
  Progress: 117/140 | Rate: 0.22/s | ETA: 1.8m
  Progress: 118/140 | Rate: 0.22/s | ETA: 1.7m
  Progress: 119/140 | Rate: 0.22/s | ETA: 1.6m
  Progress: 120/140 | Rate: 0.22/s | ETA: 1.5m
  Progress: 121/140 | Rate: 0.22/s | ETA: 1.4m
  Progress: 122/140 | Rate: 0.21/s | ETA: 1.4m
  Progress: 123/140 | Rate: 0.21/s | ETA: 1.3m
  Progress: 124/140 | Rate: 0.21/s | ETA: 1.3m
  Progress: 125/140 | Rate: 0.21/s | ETA: 1.2m
  Progress: 126/140 | Rate: 0.21/s | ETA: 1.1m
  Progress: 127/140 | Rate: 0.22/s | ETA: 1.0m
  Progress: 128/140 | Rate: 0.22/s | ETA: 0.9m
  Progress: 129/140 | Rate: 0.22/s | ETA: 0.8m
  Progress: 130/140 | Rate: 0.22/s | ETA: 0.8m
  Progress: 131/140 | Rate: 0.22/s | ETA: 0.7m
  Progress: 132/140 | Rate: 0.22/s | ETA: 0.6m
  Progress: 133/140 | Rate: 0.22/s | ETA: 0.5m
  Progress: 134/140 | Rate: 0.22/s | ETA: 0.5m
  Progress: 135/140 | Rate: 0.22/s | ETA: 0.4m
  Progress: 136/140 | Rate: 0.22/s | ETA: 0.3m
  Progress: 137/140 | Rate: 0.22/s | ETA: 0.2m
  Progress: 138/140 | Rate: 0.22/s | ETA: 0.2m
  Progress: 139/140 | Rate: 0.22/s | ETA: 0.1m
  Progress: 140/140 | Rate: 0.22/s | ETA: 0.0m

✔ Done. 140 evaluations in 633.9s (0.22/s)
>>> gemma4_e4b_vanilla_sample0_responses.jsonl  12:14:49Z

============================================================
  Judge:  deepseek (deepseek-ai/deepseek-v3.2-maas)
  Input:  runs/run_20260521/responses/gemma4_e4b_vanilla_sample0_responses.jsonl
  Output: /home/satvik/Documents/CIKM/runs/run_20260521/evaluations/deepseek_evaluations_gemma4_e4b_vanilla_sample0.jsonl
============================================================
  Remaining: 140 rows
  Progress: 1/140 | Rate: 0.45/s | ETA: 5.1m
  Progress: 2/140 | Rate: 0.55/s | ETA: 4.2m
  Progress: 3/140 | Rate: 0.60/s | ETA: 3.8m
  Progress: 4/140 | Rate: 0.55/s | ETA: 4.2m
  Progress: 5/140 | Rate: 0.41/s | ETA: 5.5m
  Progress: 6/140 | Rate: 0.41/s | ETA: 5.5m
  Progress: 7/140 | Rate: 0.28/s | ETA: 8.0m
  Progress: 8/140 | Rate: 0.30/s | ETA: 7.4m
  Progress: 9/140 | Rate: 0.31/s | ETA: 7.0m
  Progress: 10/140 | Rate: 0.30/s | ETA: 7.3m
  Progress: 11/140 | Rate: 0.27/s | ETA: 7.9m
  Progress: 12/140 | Rate: 0.24/s | ETA: 8.8m
  Progress: 13/140 | Rate: 0.25/s | ETA: 8.3m
  Progress: 14/140 | Rate: 0.25/s | ETA: 8.3m
  Progress: 15/140 | Rate: 0.26/s | ETA: 8.0m
  Progress: 16/140 | Rate: 0.25/s | ETA: 8.3m
  Progress: 17/140 | Rate: 0.25/s | ETA: 8.3m
  Progress: 18/140 | Rate: 0.26/s | ETA: 8.0m
  Progress: 19/140 | Rate: 0.26/s | ETA: 7.9m
  Progress: 20/140 | Rate: 0.26/s | ETA: 7.7m
  Progress: 21/140 | Rate: 0.26/s | ETA: 7.7m
  Progress: 22/140 | Rate: 0.26/s | ETA: 7.5m
  Progress: 23/140 | Rate: 0.26/s | ETA: 7.4m
  Progress: 24/140 | Rate: 0.26/s | ETA: 7.6m
  Progress: 25/140 | Rate: 0.26/s | ETA: 7.3m
  Progress: 26/140 | Rate: 0.27/s | ETA: 7.1m
  Progress: 27/140 | Rate: 0.27/s | ETA: 6.9m
  Progress: 28/140 | Rate: 0.28/s | ETA: 6.8m
  Progress: 29/140 | Rate: 0.28/s | ETA: 6.6m
  Progress: 30/140 | Rate: 0.29/s | ETA: 6.4m
  Progress: 31/140 | Rate: 0.29/s | ETA: 6.3m
  Progress: 32/140 | Rate: 0.29/s | ETA: 6.2m
  Progress: 33/140 | Rate: 0.29/s | ETA: 6.1m
  Progress: 34/140 | Rate: 0.29/s | ETA: 6.2m
  Progress: 35/140 | Rate: 0.29/s | ETA: 6.0m
  Progress: 36/140 | Rate: 0.30/s | ETA: 5.9m
  Progress: 37/140 | Rate: 0.29/s | ETA: 6.0m
  Progress: 38/140 | Rate: 0.29/s | ETA: 5.8m
  Progress: 39/140 | Rate: 0.29/s | ETA: 5.7m
  Progress: 40/140 | Rate: 0.29/s | ETA: 5.7m
  Progress: 41/140 | Rate: 0.30/s | ETA: 5.6m
  Progress: 42/140 | Rate: 0.28/s | ETA: 5.8m
  Progress: 43/140 | Rate: 0.28/s | ETA: 5.7m
  Progress: 44/140 | Rate: 0.28/s | ETA: 5.6m
  Progress: 45/140 | Rate: 0.29/s | ETA: 5.5m
  Progress: 46/140 | Rate: 0.29/s | ETA: 5.4m
  Progress: 47/140 | Rate: 0.29/s | ETA: 5.3m
  Progress: 48/140 | Rate: 0.28/s | ETA: 5.6m
  Progress: 49/140 | Rate: 0.28/s | ETA: 5.4m
  Progress: 50/140 | Rate: 0.28/s | ETA: 5.3m
  Progress: 51/140 | Rate: 0.27/s | ETA: 5.6m
  Progress: 52/140 | Rate: 0.27/s | ETA: 5.4m
  Progress: 53/140 | Rate: 0.27/s | ETA: 5.3m
  Progress: 54/140 | Rate: 0.28/s | ETA: 5.2m
  Progress: 55/140 | Rate: 0.28/s | ETA: 5.1m
  Progress: 56/140 | Rate: 0.28/s | ETA: 5.0m
  Progress: 57/140 | Rate: 0.29/s | ETA: 4.9m
  Progress: 58/140 | Rate: 0.29/s | ETA: 4.7m
  Progress: 59/140 | Rate: 0.28/s | ETA: 4.8m
  Progress: 60/140 | Rate: 0.28/s | ETA: 4.8m
  Progress: 61/140 | Rate: 0.28/s | ETA: 4.7m
  Progress: 62/140 | Rate: 0.28/s | ETA: 4.6m
  Progress: 63/140 | Rate: 0.28/s | ETA: 4.5m
  Progress: 64/140 | Rate: 0.27/s | ETA: 4.6m
  Progress: 65/140 | Rate: 0.27/s | ETA: 4.5m
  Progress: 66/140 | Rate: 0.27/s | ETA: 4.6m
  Progress: 67/140 | Rate: 0.27/s | ETA: 4.5m
  Progress: 68/140 | Rate: 0.27/s | ETA: 4.4m
  Progress: 69/140 | Rate: 0.27/s | ETA: 4.3m
  Progress: 70/140 | Rate: 0.27/s | ETA: 4.3m
  Progress: 71/140 | Rate: 0.27/s | ETA: 4.3m
  Progress: 72/140 | Rate: 0.27/s | ETA: 4.2m
  Progress: 73/140 | Rate: 0.27/s | ETA: 4.1m
  Progress: 74/140 | Rate: 0.27/s | ETA: 4.0m
  Progress: 75/140 | Rate: 0.27/s | ETA: 4.0m
  Progress: 76/140 | Rate: 0.27/s | ETA: 3.9m
  Progress: 77/140 | Rate: 0.27/s | ETA: 3.9m
  Progress: 78/140 | Rate: 0.27/s | ETA: 3.8m
  Progress: 79/140 | Rate: 0.27/s | ETA: 3.7m
  Progress: 80/140 | Rate: 0.28/s | ETA: 3.6m
  Progress: 81/140 | Rate: 0.28/s | ETA: 3.5m
  Progress: 82/140 | Rate: 0.28/s | ETA: 3.5m
  Progress: 83/140 | Rate: 0.28/s | ETA: 3.4m
  Progress: 84/140 | Rate: 0.28/s | ETA: 3.3m
  Progress: 85/140 | Rate: 0.29/s | ETA: 3.2m
  Progress: 86/140 | Rate: 0.29/s | ETA: 3.1m
  Progress: 87/140 | Rate: 0.29/s | ETA: 3.1m
  Progress: 88/140 | Rate: 0.29/s | ETA: 3.0m
  Progress: 89/140 | Rate: 0.29/s | ETA: 2.9m
  Progress: 90/140 | Rate: 0.29/s | ETA: 2.8m
  [cat3_adapted_001] [Attempt 1] HTTP 429: [{
  "error": {
    "code": 429,
    "message": "Resource exhausted. Please try again later. Please refer to https://clo — waiting 60s
  Progress: 91/140 | Rate: 0.24/s | ETA: 3.4m
  Progress: 92/140 | Rate: 0.24/s | ETA: 3.3m
  Progress: 93/140 | Rate: 0.24/s | ETA: 3.3m
  Progress: 94/140 | Rate: 0.24/s | ETA: 3.2m
  Progress: 95/140 | Rate: 0.24/s | ETA: 3.1m
  Progress: 96/140 | Rate: 0.24/s | ETA: 3.0m
  Progress: 97/140 | Rate: 0.24/s | ETA: 3.0m
  Progress: 98/140 | Rate: 0.24/s | ETA: 2.9m
  Progress: 99/140 | Rate: 0.24/s | ETA: 2.9m
  Progress: 100/140 | Rate: 0.24/s | ETA: 2.8m
  Progress: 101/140 | Rate: 0.24/s | ETA: 2.8m
  Progress: 102/140 | Rate: 0.24/s | ETA: 2.7m
  Progress: 103/140 | Rate: 0.24/s | ETA: 2.6m
  Progress: 104/140 | Rate: 0.24/s | ETA: 2.5m
  Progress: 105/140 | Rate: 0.24/s | ETA: 2.4m
  Progress: 106/140 | Rate: 0.24/s | ETA: 2.3m
  Progress: 107/140 | Rate: 0.24/s | ETA: 2.3m
  Progress: 108/140 | Rate: 0.24/s | ETA: 2.2m
  Progress: 109/140 | Rate: 0.24/s | ETA: 2.1m
  Progress: 110/140 | Rate: 0.24/s | ETA: 2.1m
  Progress: 111/140 | Rate: 0.24/s | ETA: 2.0m
  Progress: 112/140 | Rate: 0.24/s | ETA: 1.9m
  Progress: 113/140 | Rate: 0.24/s | ETA: 1.9m
  Progress: 114/140 | Rate: 0.24/s | ETA: 1.8m
  Progress: 115/140 | Rate: 0.24/s | ETA: 1.7m
  Progress: 116/140 | Rate: 0.24/s | ETA: 1.6m
  Progress: 117/140 | Rate: 0.25/s | ETA: 1.6m
  Progress: 118/140 | Rate: 0.25/s | ETA: 1.5m
  Progress: 119/140 | Rate: 0.25/s | ETA: 1.4m
  Progress: 120/140 | Rate: 0.25/s | ETA: 1.3m
  Progress: 121/140 | Rate: 0.25/s | ETA: 1.3m
  Progress: 122/140 | Rate: 0.25/s | ETA: 1.2m
  Progress: 123/140 | Rate: 0.25/s | ETA: 1.1m
  Progress: 124/140 | Rate: 0.25/s | ETA: 1.1m
  Progress: 125/140 | Rate: 0.25/s | ETA: 1.0m
  Progress: 126/140 | Rate: 0.25/s | ETA: 0.9m
  Progress: 127/140 | Rate: 0.25/s | ETA: 0.9m
  Progress: 128/140 | Rate: 0.25/s | ETA: 0.8m
  Progress: 129/140 | Rate: 0.25/s | ETA: 0.7m
  Progress: 130/140 | Rate: 0.24/s | ETA: 0.7m
  Progress: 131/140 | Rate: 0.24/s | ETA: 0.6m
  Progress: 132/140 | Rate: 0.24/s | ETA: 0.5m
  Progress: 133/140 | Rate: 0.24/s | ETA: 0.5m
  Progress: 134/140 | Rate: 0.24/s | ETA: 0.4m
  Progress: 135/140 | Rate: 0.24/s | ETA: 0.3m
  Progress: 136/140 | Rate: 0.24/s | ETA: 0.3m
  Progress: 137/140 | Rate: 0.24/s | ETA: 0.2m
  Progress: 138/140 | Rate: 0.24/s | ETA: 0.1m
  Progress: 139/140 | Rate: 0.25/s | ETA: 0.1m
  Progress: 140/140 | Rate: 0.25/s | ETA: 0.0m

✔ Done. 140 evaluations in 567.3s (0.25/s)
>>> gemma4_e4b_vanilla_sample1_responses.jsonl  12:24:17Z

============================================================
  Judge:  deepseek (deepseek-ai/deepseek-v3.2-maas)
  Input:  runs/run_20260521/responses/gemma4_e4b_vanilla_sample1_responses.jsonl
  Output: /home/satvik/Documents/CIKM/runs/run_20260521/evaluations/deepseek_evaluations_gemma4_e4b_vanilla_sample1.jsonl
============================================================
  Remaining: 140 rows
  Progress: 1/140 | Rate: 0.46/s | ETA: 5.0m
  Progress: 2/140 | Rate: 0.49/s | ETA: 4.7m
  Progress: 3/140 | Rate: 0.53/s | ETA: 4.3m
  Progress: 4/140 | Rate: 0.52/s | ETA: 4.4m
  Progress: 5/140 | Rate: 0.46/s | ETA: 4.9m
  Progress: 6/140 | Rate: 0.43/s | ETA: 5.2m
  Progress: 7/140 | Rate: 0.42/s | ETA: 5.3m
  Progress: 8/140 | Rate: 0.40/s | ETA: 5.5m
  Progress: 9/140 | Rate: 0.42/s | ETA: 5.2m
  Progress: 10/140 | Rate: 0.43/s | ETA: 5.1m
  Progress: 11/140 | Rate: 0.42/s | ETA: 5.1m
  Progress: 12/140 | Rate: 0.40/s | ETA: 5.3m
  Progress: 13/140 | Rate: 0.41/s | ETA: 5.2m
  Progress: 14/140 | Rate: 0.41/s | ETA: 5.1m
  Progress: 15/140 | Rate: 0.42/s | ETA: 5.0m
  Progress: 16/140 | Rate: 0.36/s | ETA: 5.8m
  Progress: 17/140 | Rate: 0.36/s | ETA: 5.8m
  Progress: 18/140 | Rate: 0.36/s | ETA: 5.6m
  Progress: 19/140 | Rate: 0.37/s | ETA: 5.5m
  Progress: 20/140 | Rate: 0.37/s | ETA: 5.5m
  Progress: 21/140 | Rate: 0.37/s | ETA: 5.4m
  Progress: 22/140 | Rate: 0.35/s | ETA: 5.6m
  Progress: 23/140 | Rate: 0.34/s | ETA: 5.7m
  Progress: 24/140 | Rate: 0.34/s | ETA: 5.6m
  Progress: 25/140 | Rate: 0.35/s | ETA: 5.5m
  Progress: 26/140 | Rate: 0.35/s | ETA: 5.4m
  Progress: 27/140 | Rate: 0.36/s | ETA: 5.3m
  Progress: 28/140 | Rate: 0.31/s | ETA: 6.0m
  Progress: 29/140 | Rate: 0.32/s | ETA: 5.9m
  Progress: 30/140 | Rate: 0.32/s | ETA: 5.7m
  Progress: 31/140 | Rate: 0.32/s | ETA: 5.6m
  Progress: 32/140 | Rate: 0.33/s | ETA: 5.5m
  Progress: 33/140 | Rate: 0.33/s | ETA: 5.4m
  Progress: 34/140 | Rate: 0.33/s | ETA: 5.3m
  Progress: 35/140 | Rate: 0.34/s | ETA: 5.2m
  Progress: 36/140 | Rate: 0.34/s | ETA: 5.1m
  Progress: 37/140 | Rate: 0.34/s | ETA: 5.1m
  Progress: 38/140 | Rate: 0.34/s | ETA: 5.0m
  Progress: 39/140 | Rate: 0.33/s | ETA: 5.1m
  Progress: 40/140 | Rate: 0.32/s | ETA: 5.2m
  Progress: 41/140 | Rate: 0.29/s | ETA: 5.8m
  Progress: 42/140 | Rate: 0.29/s | ETA: 5.6m
  Progress: 43/140 | Rate: 0.29/s | ETA: 5.5m
  Progress: 44/140 | Rate: 0.29/s | ETA: 5.5m
  Progress: 45/140 | Rate: 0.28/s | ETA: 5.6m
  Progress: 46/140 | Rate: 0.28/s | ETA: 5.5m
  Progress: 47/140 | Rate: 0.28/s | ETA: 5.5m
  Progress: 48/140 | Rate: 0.28/s | ETA: 5.5m
  Progress: 49/140 | Rate: 0.28/s | ETA: 5.3m
  Progress: 50/140 | Rate: 0.27/s | ETA: 5.5m
  Progress: 51/140 | Rate: 0.28/s | ETA: 5.3m
  Progress: 52/140 | Rate: 0.28/s | ETA: 5.3m
  Progress: 53/140 | Rate: 0.28/s | ETA: 5.2m
  Progress: 54/140 | Rate: 0.28/s | ETA: 5.1m
  Progress: 55/140 | Rate: 0.28/s | ETA: 5.0m
  Progress: 56/140 | Rate: 0.28/s | ETA: 4.9m
  Progress: 57/140 | Rate: 0.29/s | ETA: 4.8m
  Progress: 58/140 | Rate: 0.29/s | ETA: 4.7m
  Progress: 59/140 | Rate: 0.29/s | ETA: 4.6m
  Progress: 60/140 | Rate: 0.29/s | ETA: 4.5m
  Progress: 61/140 | Rate: 0.30/s | ETA: 4.5m
  Progress: 62/140 | Rate: 0.30/s | ETA: 4.4m
  Progress: 63/140 | Rate: 0.29/s | ETA: 4.4m
  Progress: 64/140 | Rate: 0.29/s | ETA: 4.3m
  Progress: 65/140 | Rate: 0.30/s | ETA: 4.2m
  Progress: 66/140 | Rate: 0.29/s | ETA: 4.2m
  Progress: 67/140 | Rate: 0.29/s | ETA: 4.1m
  Progress: 68/140 | Rate: 0.30/s | ETA: 4.0m
  Progress: 69/140 | Rate: 0.30/s | ETA: 4.0m
  Progress: 70/140 | Rate: 0.30/s | ETA: 3.9m
  Progress: 71/140 | Rate: 0.30/s | ETA: 3.8m
  Progress: 72/140 | Rate: 0.30/s | ETA: 3.7m
  Progress: 73/140 | Rate: 0.30/s | ETA: 3.7m
  Progress: 74/140 | Rate: 0.30/s | ETA: 3.7m
  Progress: 75/140 | Rate: 0.30/s | ETA: 3.6m
  Progress: 76/140 | Rate: 0.30/s | ETA: 3.6m
  Progress: 77/140 | Rate: 0.30/s | ETA: 3.5m
  Progress: 78/140 | Rate: 0.30/s | ETA: 3.4m
  Progress: 79/140 | Rate: 0.30/s | ETA: 3.4m
  Progress: 80/140 | Rate: 0.26/s | ETA: 3.8m
  Progress: 81/140 | Rate: 0.26/s | ETA: 3.7m
  Progress: 82/140 | Rate: 0.27/s | ETA: 3.6m
  Progress: 83/140 | Rate: 0.27/s | ETA: 3.5m
  Progress: 84/140 | Rate: 0.27/s | ETA: 3.5m
  Progress: 85/140 | Rate: 0.27/s | ETA: 3.4m
  Progress: 86/140 | Rate: 0.27/s | ETA: 3.3m
  Progress: 87/140 | Rate: 0.27/s | ETA: 3.2m
  Progress: 88/140 | Rate: 0.28/s | ETA: 3.1m
  Progress: 89/140 | Rate: 0.28/s | ETA: 3.1m
  Progress: 90/140 | Rate: 0.28/s | ETA: 3.0m
  Progress: 91/140 | Rate: 0.28/s | ETA: 2.9m
  Progress: 92/140 | Rate: 0.28/s | ETA: 2.8m
  Progress: 93/140 | Rate: 0.28/s | ETA: 2.8m
  Progress: 94/140 | Rate: 0.28/s | ETA: 2.7m
  Progress: 95/140 | Rate: 0.29/s | ETA: 2.6m
  Progress: 96/140 | Rate: 0.29/s | ETA: 2.6m
  Progress: 97/140 | Rate: 0.29/s | ETA: 2.5m
  Progress: 98/140 | Rate: 0.29/s | ETA: 2.4m
  Progress: 99/140 | Rate: 0.28/s | ETA: 2.4m
  Progress: 100/140 | Rate: 0.28/s | ETA: 2.3m
  Progress: 101/140 | Rate: 0.23/s | ETA: 2.8m
  Progress: 102/140 | Rate: 0.24/s | ETA: 2.7m
  Progress: 103/140 | Rate: 0.24/s | ETA: 2.6m
  Progress: 104/140 | Rate: 0.23/s | ETA: 2.6m
  Progress: 105/140 | Rate: 0.23/s | ETA: 2.5m
  Progress: 106/140 | Rate: 0.24/s | ETA: 2.4m
  Progress: 107/140 | Rate: 0.24/s | ETA: 2.3m
  Progress: 108/140 | Rate: 0.24/s | ETA: 2.2m
  Progress: 109/140 | Rate: 0.24/s | ETA: 2.2m
  Progress: 110/140 | Rate: 0.24/s | ETA: 2.1m
  Progress: 111/140 | Rate: 0.24/s | ETA: 2.0m
  Progress: 112/140 | Rate: 0.24/s | ETA: 1.9m
  Progress: 113/140 | Rate: 0.24/s | ETA: 1.8m
  Progress: 114/140 | Rate: 0.25/s | ETA: 1.8m
  Progress: 115/140 | Rate: 0.25/s | ETA: 1.7m
  Progress: 116/140 | Rate: 0.25/s | ETA: 1.6m
  Progress: 117/140 | Rate: 0.25/s | ETA: 1.5m
  Progress: 118/140 | Rate: 0.25/s | ETA: 1.5m
  Progress: 119/140 | Rate: 0.25/s | ETA: 1.4m
  Progress: 120/140 | Rate: 0.25/s | ETA: 1.3m
  Progress: 121/140 | Rate: 0.25/s | ETA: 1.3m
  Progress: 122/140 | Rate: 0.25/s | ETA: 1.2m
  Progress: 123/140 | Rate: 0.25/s | ETA: 1.1m
  Progress: 124/140 | Rate: 0.25/s | ETA: 1.1m
  Progress: 125/140 | Rate: 0.25/s | ETA: 1.0m
  Progress: 126/140 | Rate: 0.25/s | ETA: 0.9m
  Progress: 127/140 | Rate: 0.25/s | ETA: 0.9m
  Progress: 128/140 | Rate: 0.25/s | ETA: 0.8m
  Progress: 129/140 | Rate: 0.25/s | ETA: 0.7m
  Progress: 130/140 | Rate: 0.25/s | ETA: 0.7m
  Progress: 131/140 | Rate: 0.25/s | ETA: 0.6m
  Progress: 132/140 | Rate: 0.25/s | ETA: 0.5m
  Progress: 133/140 | Rate: 0.25/s | ETA: 0.5m
  Progress: 134/140 | Rate: 0.26/s | ETA: 0.4m
  Progress: 135/140 | Rate: 0.26/s | ETA: 0.3m
  Progress: 136/140 | Rate: 0.26/s | ETA: 0.3m
  Progress: 137/140 | Rate: 0.26/s | ETA: 0.2m
  Progress: 138/140 | Rate: 0.26/s | ETA: 0.1m
  Progress: 139/140 | Rate: 0.26/s | ETA: 0.1m
  Progress: 140/140 | Rate: 0.26/s | ETA: 0.0m

✔ Done. 140 evaluations in 544.1s (0.26/s)
>>> gemma4_e4b_vanilla_sample2_responses.jsonl  12:33:21Z

============================================================
  Judge:  deepseek (deepseek-ai/deepseek-v3.2-maas)
  Input:  runs/run_20260521/responses/gemma4_e4b_vanilla_sample2_responses.jsonl
  Output: /home/satvik/Documents/CIKM/runs/run_20260521/evaluations/deepseek_evaluations_gemma4_e4b_vanilla_sample2.jsonl
============================================================
  Remaining: 140 rows
  Progress: 1/140 | Rate: 0.39/s | ETA: 6.0m
  Progress: 2/140 | Rate: 0.30/s | ETA: 7.8m
  Progress: 3/140 | Rate: 0.34/s | ETA: 6.8m
  Progress: 4/140 | Rate: 0.31/s | ETA: 7.2m
  Progress: 5/140 | Rate: 0.34/s | ETA: 6.7m
  Progress: 6/140 | Rate: 0.33/s | ETA: 6.8m
  Progress: 7/140 | Rate: 0.31/s | ETA: 7.2m
  Progress: 8/140 | Rate: 0.32/s | ETA: 6.9m
  Progress: 9/140 | Rate: 0.33/s | ETA: 6.6m
  Progress: 10/140 | Rate: 0.32/s | ETA: 6.8m
  Progress: 11/140 | Rate: 0.33/s | ETA: 6.6m
  Progress: 12/140 | Rate: 0.34/s | ETA: 6.3m
  Progress: 13/140 | Rate: 0.34/s | ETA: 6.3m
  Progress: 14/140 | Rate: 0.34/s | ETA: 6.2m
  Progress: 15/140 | Rate: 0.33/s | ETA: 6.3m
  Progress: 16/140 | Rate: 0.34/s | ETA: 6.2m
  Progress: 17/140 | Rate: 0.34/s | ETA: 6.1m
  Progress: 18/140 | Rate: 0.32/s | ETA: 6.3m
  Progress: 19/140 | Rate: 0.31/s | ETA: 6.6m
  Progress: 20/140 | Rate: 0.31/s | ETA: 6.4m
  Progress: 21/140 | Rate: 0.32/s | ETA: 6.2m
  Progress: 22/140 | Rate: 0.32/s | ETA: 6.1m
  Progress: 23/140 | Rate: 0.33/s | ETA: 6.0m
  Progress: 24/140 | Rate: 0.33/s | ETA: 5.9m
  Progress: 25/140 | Rate: 0.32/s | ETA: 6.0m
  Progress: 26/140 | Rate: 0.32/s | ETA: 5.9m
  Progress: 27/140 | Rate: 0.31/s | ETA: 6.1m
  Progress: 28/140 | Rate: 0.31/s | ETA: 6.0m
  Progress: 29/140 | Rate: 0.29/s | ETA: 6.3m
  Progress: 30/140 | Rate: 0.30/s | ETA: 6.1m
  Progress: 31/140 | Rate: 0.30/s | ETA: 6.1m
  Progress: 32/140 | Rate: 0.26/s | ETA: 7.0m
  Progress: 33/140 | Rate: 0.26/s | ETA: 7.0m
  Progress: 34/140 | Rate: 0.26/s | ETA: 6.9m
  Progress: 35/140 | Rate: 0.26/s | ETA: 6.8m
  Progress: 36/140 | Rate: 0.26/s | ETA: 6.7m
  Progress: 37/140 | Rate: 0.26/s | ETA: 6.6m
  Progress: 38/140 | Rate: 0.26/s | ETA: 6.4m
  Progress: 39/140 | Rate: 0.26/s | ETA: 6.4m
  Progress: 40/140 | Rate: 0.26/s | ETA: 6.4m
  Progress: 41/140 | Rate: 0.26/s | ETA: 6.3m
  Progress: 42/140 | Rate: 0.27/s | ETA: 6.2m
  Progress: 43/140 | Rate: 0.26/s | ETA: 6.1m
  Progress: 44/140 | Rate: 0.27/s | ETA: 6.0m
  Progress: 45/140 | Rate: 0.26/s | ETA: 6.0m
  Progress: 46/140 | Rate: 0.26/s | ETA: 6.0m
  Progress: 47/140 | Rate: 0.27/s | ETA: 5.8m
  Progress: 48/140 | Rate: 0.27/s | ETA: 5.8m
  Progress: 49/140 | Rate: 0.27/s | ETA: 5.7m
  Progress: 50/140 | Rate: 0.27/s | ETA: 5.6m
  Progress: 51/140 | Rate: 0.27/s | ETA: 5.5m
  Progress: 52/140 | Rate: 0.27/s | ETA: 5.5m
  Progress: 53/140 | Rate: 0.27/s | ETA: 5.4m
  Progress: 54/140 | Rate: 0.27/s | ETA: 5.4m
  Progress: 55/140 | Rate: 0.27/s | ETA: 5.3m
  Progress: 56/140 | Rate: 0.27/s | ETA: 5.2m
  Progress: 57/140 | Rate: 0.27/s | ETA: 5.1m
  Progress: 58/140 | Rate: 0.27/s | ETA: 5.0m
  Progress: 59/140 | Rate: 0.27/s | ETA: 5.0m
  Progress: 60/140 | Rate: 0.27/s | ETA: 5.0m
  Progress: 61/140 | Rate: 0.27/s | ETA: 5.0m
  Progress: 62/140 | Rate: 0.26/s | ETA: 4.9m
  Progress: 63/140 | Rate: 0.26/s | ETA: 4.8m
  Progress: 64/140 | Rate: 0.27/s | ETA: 4.8m
  Progress: 65/140 | Rate: 0.27/s | ETA: 4.7m
  Progress: 66/140 | Rate: 0.27/s | ETA: 4.6m
  Progress: 67/140 | Rate: 0.27/s | ETA: 4.5m
  Progress: 68/140 | Rate: 0.27/s | ETA: 4.5m
  Progress: 69/140 | Rate: 0.27/s | ETA: 4.4m
  Progress: 70/140 | Rate: 0.27/s | ETA: 4.3m
  Progress: 71/140 | Rate: 0.27/s | ETA: 4.2m
  Progress: 72/140 | Rate: 0.27/s | ETA: 4.2m
  Progress: 73/140 | Rate: 0.27/s | ETA: 4.1m
  Progress: 74/140 | Rate: 0.28/s | ETA: 4.0m
  Progress: 75/140 | Rate: 0.28/s | ETA: 3.9m
  Progress: 76/140 | Rate: 0.28/s | ETA: 3.8m
  Progress: 77/140 | Rate: 0.27/s | ETA: 3.9m
  Progress: 78/140 | Rate: 0.27/s | ETA: 3.8m
  Progress: 79/140 | Rate: 0.27/s | ETA: 3.7m
  Progress: 80/140 | Rate: 0.28/s | ETA: 3.6m
  Progress: 81/140 | Rate: 0.28/s | ETA: 3.6m
  Progress: 82/140 | Rate: 0.27/s | ETA: 3.5m
  Progress: 83/140 | Rate: 0.27/s | ETA: 3.5m
  Progress: 84/140 | Rate: 0.27/s | ETA: 3.4m
  Progress: 85/140 | Rate: 0.27/s | ETA: 3.3m
  Progress: 86/140 | Rate: 0.27/s | ETA: 3.3m
  Progress: 87/140 | Rate: 0.28/s | ETA: 3.2m
  Progress: 88/140 | Rate: 0.27/s | ETA: 3.2m
  Progress: 89/140 | Rate: 0.27/s | ETA: 3.1m
  Progress: 90/140 | Rate: 0.27/s | ETA: 3.0m
  Progress: 91/140 | Rate: 0.27/s | ETA: 3.0m
  Progress: 92/140 | Rate: 0.27/s | ETA: 2.9m
  Progress: 93/140 | Rate: 0.27/s | ETA: 2.9m
  Progress: 94/140 | Rate: 0.27/s | ETA: 2.8m
  Progress: 95/140 | Rate: 0.27/s | ETA: 2.7m
  Progress: 96/140 | Rate: 0.27/s | ETA: 2.7m
  Progress: 97/140 | Rate: 0.27/s | ETA: 2.6m
  Progress: 98/140 | Rate: 0.27/s | ETA: 2.5m
  Progress: 99/140 | Rate: 0.28/s | ETA: 2.5m
  Progress: 100/140 | Rate: 0.28/s | ETA: 2.4m
  Progress: 101/140 | Rate: 0.28/s | ETA: 2.3m
  Progress: 102/140 | Rate: 0.28/s | ETA: 2.3m
  Progress: 103/140 | Rate: 0.28/s | ETA: 2.2m
  Progress: 104/140 | Rate: 0.28/s | ETA: 2.1m
  Progress: 105/140 | Rate: 0.28/s | ETA: 2.1m
  Progress: 106/140 | Rate: 0.27/s | ETA: 2.1m
  Progress: 107/140 | Rate: 0.27/s | ETA: 2.0m
  Progress: 108/140 | Rate: 0.27/s | ETA: 2.0m
  Progress: 109/140 | Rate: 0.27/s | ETA: 1.9m
  Progress: 110/140 | Rate: 0.27/s | ETA: 1.8m
  Progress: 111/140 | Rate: 0.27/s | ETA: 1.8m
  Progress: 112/140 | Rate: 0.28/s | ETA: 1.7m
  Progress: 113/140 | Rate: 0.28/s | ETA: 1.6m
  Progress: 114/140 | Rate: 0.28/s | ETA: 1.6m
  Progress: 115/140 | Rate: 0.28/s | ETA: 1.5m
  Progress: 116/140 | Rate: 0.28/s | ETA: 1.4m
  Progress: 117/140 | Rate: 0.28/s | ETA: 1.4m
  Progress: 118/140 | Rate: 0.28/s | ETA: 1.3m
  Progress: 119/140 | Rate: 0.28/s | ETA: 1.2m
  Progress: 120/140 | Rate: 0.28/s | ETA: 1.2m
  Progress: 121/140 | Rate: 0.28/s | ETA: 1.1m
  Progress: 122/140 | Rate: 0.28/s | ETA: 1.1m
  Progress: 123/140 | Rate: 0.29/s | ETA: 1.0m
  Progress: 124/140 | Rate: 0.29/s | ETA: 0.9m
  Progress: 125/140 | Rate: 0.29/s | ETA: 0.9m
  Progress: 126/140 | Rate: 0.29/s | ETA: 0.8m
  Progress: 127/140 | Rate: 0.29/s | ETA: 0.8m
  Progress: 128/140 | Rate: 0.29/s | ETA: 0.7m
  Progress: 129/140 | Rate: 0.29/s | ETA: 0.6m
  Progress: 130/140 | Rate: 0.29/s | ETA: 0.6m
  Progress: 131/140 | Rate: 0.29/s | ETA: 0.5m
  Progress: 132/140 | Rate: 0.28/s | ETA: 0.5m
  Progress: 133/140 | Rate: 0.28/s | ETA: 0.4m
  Progress: 134/140 | Rate: 0.28/s | ETA: 0.4m
  Progress: 135/140 | Rate: 0.28/s | ETA: 0.3m
  Progress: 136/140 | Rate: 0.28/s | ETA: 0.2m
  Progress: 137/140 | Rate: 0.28/s | ETA: 0.2m
  Progress: 138/140 | Rate: 0.28/s | ETA: 0.1m
  Progress: 139/140 | Rate: 0.28/s | ETA: 0.1m
  Progress: 140/140 | Rate: 0.28/s | ETA: 0.0m

✔ Done. 140 evaluations in 498.6s (0.28/s)
>>> gpt_oss_120b_clarification_first_sample0_responses.jsonl  12:41:41Z

============================================================
  Judge:  deepseek (deepseek-ai/deepseek-v3.2-maas)
  Input:  runs/run_20260521/responses/gpt_oss_120b_clarification_first_sample0_responses.jsonl
  Output: /home/satvik/Documents/CIKM/runs/run_20260521/evaluations/deepseek_evaluations_gpt_oss_120b_clarification_first_sample0.jsonl
============================================================
  Remaining: 140 rows
  Progress: 1/140 | Rate: 0.48/s | ETA: 4.8m
  Progress: 2/140 | Rate: 0.53/s | ETA: 4.4m
  Progress: 3/140 | Rate: 0.51/s | ETA: 4.4m
  Progress: 4/140 | Rate: 0.53/s | ETA: 4.3m
  Progress: 5/140 | Rate: 0.57/s | ETA: 4.0m
  Progress: 6/140 | Rate: 0.57/s | ETA: 3.9m
  Progress: 7/140 | Rate: 0.54/s | ETA: 4.1m
  Progress: 8/140 | Rate: 0.56/s | ETA: 4.0m
  Progress: 9/140 | Rate: 0.54/s | ETA: 4.0m
  Progress: 10/140 | Rate: 0.50/s | ETA: 4.4m
  Progress: 11/140 | Rate: 0.51/s | ETA: 4.2m
  Progress: 12/140 | Rate: 0.52/s | ETA: 4.1m
  Progress: 13/140 | Rate: 0.52/s | ETA: 4.1m
  Progress: 14/140 | Rate: 0.51/s | ETA: 4.1m
  Progress: 15/140 | Rate: 0.51/s | ETA: 4.1m
  Progress: 16/140 | Rate: 0.51/s | ETA: 4.1m
  Progress: 17/140 | Rate: 0.51/s | ETA: 4.0m
  Progress: 18/140 | Rate: 0.51/s | ETA: 4.0m
  Progress: 19/140 | Rate: 0.38/s | ETA: 5.4m
  Progress: 20/140 | Rate: 0.37/s | ETA: 5.4m
  Progress: 21/140 | Rate: 0.38/s | ETA: 5.3m
  Progress: 22/140 | Rate: 0.38/s | ETA: 5.1m
  Progress: 23/140 | Rate: 0.39/s | ETA: 5.0m
  Progress: 24/140 | Rate: 0.39/s | ETA: 5.0m
  Progress: 25/140 | Rate: 0.39/s | ETA: 4.9m
  Progress: 26/140 | Rate: 0.40/s | ETA: 4.7m
  Progress: 27/140 | Rate: 0.40/s | ETA: 4.7m
  Progress: 28/140 | Rate: 0.41/s | ETA: 4.6m
  Progress: 29/140 | Rate: 0.41/s | ETA: 4.5m
  Progress: 30/140 | Rate: 0.42/s | ETA: 4.4m
  Progress: 31/140 | Rate: 0.41/s | ETA: 4.4m
  Progress: 32/140 | Rate: 0.41/s | ETA: 4.3m
  Progress: 33/140 | Rate: 0.39/s | ETA: 4.5m
  Progress: 34/140 | Rate: 0.40/s | ETA: 4.5m
  Progress: 35/140 | Rate: 0.39/s | ETA: 4.5m
  Progress: 36/140 | Rate: 0.39/s | ETA: 4.5m
  Progress: 37/140 | Rate: 0.39/s | ETA: 4.4m
  Progress: 38/140 | Rate: 0.39/s | ETA: 4.3m
  Progress: 39/140 | Rate: 0.39/s | ETA: 4.3m
  Progress: 40/140 | Rate: 0.39/s | ETA: 4.3m
  Progress: 41/140 | Rate: 0.39/s | ETA: 4.3m
  Progress: 42/140 | Rate: 0.38/s | ETA: 4.3m
  Progress: 43/140 | Rate: 0.37/s | ETA: 4.3m
  Progress: 44/140 | Rate: 0.28/s | ETA: 5.8m
  Progress: 45/140 | Rate: 0.28/s | ETA: 5.6m
  Progress: 46/140 | Rate: 0.28/s | ETA: 5.5m
  Progress: 47/140 | Rate: 0.29/s | ETA: 5.4m
  Progress: 48/140 | Rate: 0.28/s | ETA: 5.5m
  Progress: 49/140 | Rate: 0.25/s | ETA: 6.0m
  Progress: 50/140 | Rate: 0.24/s | ETA: 6.1m
  Progress: 51/140 | Rate: 0.25/s | ETA: 6.0m
  Progress: 52/140 | Rate: 0.25/s | ETA: 5.8m
  Progress: 53/140 | Rate: 0.25/s | ETA: 5.7m
  Progress: 54/140 | Rate: 0.25/s | ETA: 5.7m
  Progress: 55/140 | Rate: 0.25/s | ETA: 5.6m
  Progress: 56/140 | Rate: 0.25/s | ETA: 5.5m
  Progress: 57/140 | Rate: 0.26/s | ETA: 5.4m
  Progress: 58/140 | Rate: 0.25/s | ETA: 5.5m
  Progress: 59/140 | Rate: 0.25/s | ETA: 5.3m
  Progress: 60/140 | Rate: 0.25/s | ETA: 5.2m
  Progress: 61/140 | Rate: 0.25/s | ETA: 5.2m
  Progress: 62/140 | Rate: 0.25/s | ETA: 5.1m
  Progress: 63/140 | Rate: 0.24/s | ETA: 5.3m
  Progress: 64/140 | Rate: 0.25/s | ETA: 5.2m
  Progress: 65/140 | Rate: 0.25/s | ETA: 5.1m
  Progress: 66/140 | Rate: 0.21/s | ETA: 5.9m
  Progress: 67/140 | Rate: 0.21/s | ETA: 5.8m
  Progress: 68/140 | Rate: 0.19/s | ETA: 6.2m
  Progress: 69/140 | Rate: 0.19/s | ETA: 6.2m
  Progress: 70/140 | Rate: 0.19/s | ETA: 6.0m
  Progress: 71/140 | Rate: 0.18/s | ETA: 6.2m
  Progress: 72/140 | Rate: 0.19/s | ETA: 6.1m
  Progress: 73/140 | Rate: 0.19/s | ETA: 5.9m
  Progress: 74/140 | Rate: 0.19/s | ETA: 5.8m
  Progress: 75/140 | Rate: 0.19/s | ETA: 5.7m
  Progress: 76/140 | Rate: 0.19/s | ETA: 5.6m
  Progress: 77/140 | Rate: 0.19/s | ETA: 5.5m
  Progress: 78/140 | Rate: 0.19/s | ETA: 5.4m
  Progress: 79/140 | Rate: 0.19/s | ETA: 5.2m
  Progress: 80/140 | Rate: 0.19/s | ETA: 5.2m
  Progress: 81/140 | Rate: 0.19/s | ETA: 5.0m
  Progress: 82/140 | Rate: 0.19/s | ETA: 5.1m
  Progress: 83/140 | Rate: 0.19/s | ETA: 4.9m
  Progress: 84/140 | Rate: 0.19/s | ETA: 4.8m
  Progress: 85/140 | Rate: 0.19/s | ETA: 4.7m
  Progress: 86/140 | Rate: 0.20/s | ETA: 4.6m
  Progress: 87/140 | Rate: 0.20/s | ETA: 4.5m
  Progress: 88/140 | Rate: 0.19/s | ETA: 4.4m
  Progress: 89/140 | Rate: 0.20/s | ETA: 4.3m
  Progress: 90/140 | Rate: 0.20/s | ETA: 4.2m
  Progress: 91/140 | Rate: 0.20/s | ETA: 4.1m
  Progress: 92/140 | Rate: 0.20/s | ETA: 4.1m
  Progress: 93/140 | Rate: 0.20/s | ETA: 4.0m
  Progress: 94/140 | Rate: 0.20/s | ETA: 3.9m
  Progress: 95/140 | Rate: 0.20/s | ETA: 3.8m
  Progress: 96/140 | Rate: 0.20/s | ETA: 3.7m
  Progress: 97/140 | Rate: 0.20/s | ETA: 3.5m
  Progress: 98/140 | Rate: 0.20/s | ETA: 3.5m
  Progress: 99/140 | Rate: 0.20/s | ETA: 3.4m
  Progress: 100/140 | Rate: 0.21/s | ETA: 3.2m
  Progress: 101/140 | Rate: 0.21/s | ETA: 3.1m
  Progress: 102/140 | Rate: 0.21/s | ETA: 3.1m
  [cat4_adapted_003] [Attempt 1] HTTP 429: [{
  "error": {
    "code": 429,
    "message": "Resource exhausted. Please try again later. Please refer to https://clo — waiting 60s
  Progress: 103/140 | Rate: 0.19/s | ETA: 3.3m
  Progress: 104/140 | Rate: 0.19/s | ETA: 3.2m
  Progress: 105/140 | Rate: 0.18/s | ETA: 3.3m
  Progress: 106/140 | Rate: 0.18/s | ETA: 3.1m
  Progress: 107/140 | Rate: 0.18/s | ETA: 3.0m
  Progress: 108/140 | Rate: 0.18/s | ETA: 2.9m
  Progress: 109/140 | Rate: 0.18/s | ETA: 2.8m
  Progress: 110/140 | Rate: 0.18/s | ETA: 2.7m
  Progress: 111/140 | Rate: 0.18/s | ETA: 2.7m
  Progress: 112/140 | Rate: 0.18/s | ETA: 2.6m
  Progress: 113/140 | Rate: 0.18/s | ETA: 2.5m
  Progress: 114/140 | Rate: 0.18/s | ETA: 2.4m
  Progress: 115/140 | Rate: 0.18/s | ETA: 2.3m
  Progress: 116/140 | Rate: 0.18/s | ETA: 2.2m
  Progress: 117/140 | Rate: 0.19/s | ETA: 2.1m
  Progress: 118/140 | Rate: 0.16/s | ETA: 2.2m
  Progress: 119/140 | Rate: 0.16/s | ETA: 2.1m
  Progress: 120/140 | Rate: 0.16/s | ETA: 2.0m
  Progress: 121/140 | Rate: 0.16/s | ETA: 1.9m
  Progress: 122/140 | Rate: 0.17/s | ETA: 1.8m
  Progress: 123/140 | Rate: 0.17/s | ETA: 1.7m
  Progress: 124/140 | Rate: 0.17/s | ETA: 1.6m
  Progress: 125/140 | Rate: 0.17/s | ETA: 1.5m
  Progress: 126/140 | Rate: 0.17/s | ETA: 1.4m
  Progress: 127/140 | Rate: 0.17/s | ETA: 1.3m
  Progress: 128/140 | Rate: 0.17/s | ETA: 1.2m
  Progress: 129/140 | Rate: 0.17/s | ETA: 1.1m
  Progress: 130/140 | Rate: 0.17/s | ETA: 1.0m
  Progress: 131/140 | Rate: 0.17/s | ETA: 0.9m
  Progress: 132/140 | Rate: 0.17/s | ETA: 0.8m
  Progress: 133/140 | Rate: 0.17/s | ETA: 0.7m
  Progress: 134/140 | Rate: 0.17/s | ETA: 0.6m
  Progress: 135/140 | Rate: 0.17/s | ETA: 0.5m
  Progress: 136/140 | Rate: 0.17/s | ETA: 0.4m
  Progress: 137/140 | Rate: 0.17/s | ETA: 0.3m
  Progress: 138/140 | Rate: 0.17/s | ETA: 0.2m
  Progress: 139/140 | Rate: 0.17/s | ETA: 0.1m
  Progress: 140/140 | Rate: 0.17/s | ETA: 0.0m

✔ Done. 140 evaluations in 827.2s (0.17/s)
>>> gpt_oss_120b_clarification_first_sample1_responses.jsonl  12:55:29Z

============================================================
  Judge:  deepseek (deepseek-ai/deepseek-v3.2-maas)
  Input:  runs/run_20260521/responses/gpt_oss_120b_clarification_first_sample1_responses.jsonl
  Output: /home/satvik/Documents/CIKM/runs/run_20260521/evaluations/deepseek_evaluations_gpt_oss_120b_clarification_first_sample1.jsonl
============================================================
  Remaining: 140 rows
  Progress: 1/140 | Rate: 0.04/s | ETA: 53.9m
  Progress: 2/140 | Rate: 0.08/s | ETA: 28.7m
  Progress: 3/140 | Rate: 0.04/s | ETA: 54.7m
  Progress: 4/140 | Rate: 0.05/s | ETA: 43.3m
  Progress: 5/140 | Rate: 0.06/s | ETA: 35.3m
  Progress: 6/140 | Rate: 0.07/s | ETA: 30.0m
  Progress: 7/140 | Rate: 0.09/s | ETA: 26.0m
  Progress: 8/140 | Rate: 0.09/s | ETA: 23.3m
  Progress: 9/140 | Rate: 0.10/s | ETA: 21.0m
  Progress: 10/140 | Rate: 0.11/s | ETA: 20.1m
  Progress: 11/140 | Rate: 0.10/s | ETA: 20.6m
  Progress: 12/140 | Rate: 0.11/s | ETA: 19.4m
  Progress: 13/140 | Rate: 0.12/s | ETA: 18.0m
  Progress: 14/140 | Rate: 0.12/s | ETA: 16.9m
  Progress: 15/140 | Rate: 0.13/s | ETA: 15.9m
  Progress: 16/140 | Rate: 0.14/s | ETA: 15.1m
  Progress: 17/140 | Rate: 0.14/s | ETA: 14.3m
  Progress: 18/140 | Rate: 0.15/s | ETA: 13.6m
  Progress: 19/140 | Rate: 0.15/s | ETA: 13.2m
  Progress: 20/140 | Rate: 0.16/s | ETA: 12.6m
  Progress: 21/140 | Rate: 0.16/s | ETA: 12.2m
  Progress: 22/140 | Rate: 0.17/s | ETA: 11.7m
  Progress: 23/140 | Rate: 0.17/s | ETA: 11.2m
  Progress: 24/140 | Rate: 0.18/s | ETA: 10.9m
  Progress: 25/140 | Rate: 0.18/s | ETA: 10.6m
  Progress: 26/140 | Rate: 0.18/s | ETA: 10.3m
  Progress: 27/140 | Rate: 0.19/s | ETA: 10.0m
  Progress: 28/140 | Rate: 0.19/s | ETA: 9.7m
  Progress: 29/140 | Rate: 0.20/s | ETA: 9.5m
  Progress: 30/140 | Rate: 0.20/s | ETA: 9.2m
  Progress: 31/140 | Rate: 0.20/s | ETA: 8.9m
  Progress: 32/140 | Rate: 0.21/s | ETA: 8.7m
  Progress: 33/140 | Rate: 0.18/s | ETA: 9.7m
  Progress: 34/140 | Rate: 0.19/s | ETA: 9.4m
  Progress: 35/140 | Rate: 0.19/s | ETA: 9.2m
  Progress: 36/140 | Rate: 0.19/s | ETA: 8.9m
  Progress: 37/140 | Rate: 0.20/s | ETA: 8.7m
  Progress: 38/140 | Rate: 0.20/s | ETA: 8.4m
  Progress: 39/140 | Rate: 0.21/s | ETA: 8.2m
  Progress: 40/140 | Rate: 0.21/s | ETA: 8.0m
  Progress: 41/140 | Rate: 0.21/s | ETA: 8.0m
  Progress: 42/140 | Rate: 0.21/s | ETA: 7.8m
  Progress: 43/140 | Rate: 0.21/s | ETA: 7.6m
  Progress: 44/140 | Rate: 0.22/s | ETA: 7.4m
  Progress: 45/140 | Rate: 0.22/s | ETA: 7.2m
  Progress: 46/140 | Rate: 0.21/s | ETA: 7.4m
  Progress: 47/140 | Rate: 0.21/s | ETA: 7.2m
  Progress: 48/140 | Rate: 0.22/s | ETA: 7.1m
  Progress: 49/140 | Rate: 0.22/s | ETA: 7.0m
  Progress: 50/140 | Rate: 0.22/s | ETA: 6.8m
  Progress: 51/140 | Rate: 0.22/s | ETA: 6.6m
  Progress: 52/140 | Rate: 0.23/s | ETA: 6.5m
  Progress: 53/140 | Rate: 0.23/s | ETA: 6.4m
  Progress: 54/140 | Rate: 0.23/s | ETA: 6.3m
  Progress: 55/140 | Rate: 0.23/s | ETA: 6.3m
  Progress: 56/140 | Rate: 0.23/s | ETA: 6.1m
  Progress: 57/140 | Rate: 0.23/s | ETA: 6.0m
  Progress: 58/140 | Rate: 0.23/s | ETA: 5.9m
  Progress: 59/140 | Rate: 0.23/s | ETA: 5.8m
  Progress: 60/140 | Rate: 0.23/s | ETA: 5.7m
  Progress: 61/140 | Rate: 0.24/s | ETA: 5.6m
  Progress: 62/140 | Rate: 0.24/s | ETA: 5.5m
  Progress: 63/140 | Rate: 0.23/s | ETA: 5.5m
  Progress: 64/140 | Rate: 0.24/s | ETA: 5.3m
  Progress: 65/140 | Rate: 0.24/s | ETA: 5.2m
  Progress: 66/140 | Rate: 0.24/s | ETA: 5.1m
  Progress: 67/140 | Rate: 0.24/s | ETA: 5.0m
  Progress: 68/140 | Rate: 0.24/s | ETA: 4.9m
  Progress: 69/140 | Rate: 0.25/s | ETA: 4.8m
  Progress: 70/140 | Rate: 0.25/s | ETA: 4.7m
  Progress: 71/140 | Rate: 0.25/s | ETA: 4.6m
  Progress: 72/140 | Rate: 0.25/s | ETA: 4.6m
  Progress: 73/140 | Rate: 0.25/s | ETA: 4.5m
  Progress: 74/140 | Rate: 0.25/s | ETA: 4.4m
  Progress: 75/140 | Rate: 0.25/s | ETA: 4.3m
  Progress: 76/140 | Rate: 0.25/s | ETA: 4.3m
  Progress: 77/140 | Rate: 0.23/s | ETA: 4.5m
  Progress: 78/140 | Rate: 0.23/s | ETA: 4.5m
  Progress: 79/140 | Rate: 0.23/s | ETA: 4.5m
  Progress: 80/140 | Rate: 0.23/s | ETA: 4.4m
  Progress: 81/140 | Rate: 0.22/s | ETA: 4.4m
  Progress: 82/140 | Rate: 0.22/s | ETA: 4.4m
  Progress: 83/140 | Rate: 0.22/s | ETA: 4.2m
  Progress: 84/140 | Rate: 0.22/s | ETA: 4.2m
  Progress: 85/140 | Rate: 0.23/s | ETA: 4.1m
  Progress: 86/140 | Rate: 0.23/s | ETA: 4.0m
  Progress: 87/140 | Rate: 0.23/s | ETA: 3.9m
  Progress: 88/140 | Rate: 0.23/s | ETA: 3.8m
  Progress: 89/140 | Rate: 0.23/s | ETA: 3.7m
  Progress: 90/140 | Rate: 0.23/s | ETA: 3.6m
  Progress: 91/140 | Rate: 0.23/s | ETA: 3.5m
  Progress: 92/140 | Rate: 0.23/s | ETA: 3.4m
  Progress: 93/140 | Rate: 0.23/s | ETA: 3.4m
  Progress: 94/140 | Rate: 0.23/s | ETA: 3.3m
  Progress: 95/140 | Rate: 0.24/s | ETA: 3.2m
  Progress: 96/140 | Rate: 0.24/s | ETA: 3.1m
  Progress: 97/140 | Rate: 0.19/s | ETA: 3.7m
  Progress: 98/140 | Rate: 0.19/s | ETA: 3.6m
  Progress: 99/140 | Rate: 0.19/s | ETA: 3.5m
  Progress: 100/140 | Rate: 0.19/s | ETA: 3.4m
  Progress: 101/140 | Rate: 0.20/s | ETA: 3.3m
  Progress: 102/140 | Rate: 0.20/s | ETA: 3.2m
  Progress: 103/140 | Rate: 0.20/s | ETA: 3.1m
  Progress: 104/140 | Rate: 0.20/s | ETA: 3.0m
  Progress: 105/140 | Rate: 0.20/s | ETA: 3.0m
  Progress: 106/140 | Rate: 0.20/s | ETA: 2.9m
  Progress: 107/140 | Rate: 0.20/s | ETA: 2.8m
  Progress: 108/140 | Rate: 0.17/s | ETA: 3.2m
  Progress: 109/140 | Rate: 0.17/s | ETA: 3.1m
  Progress: 110/140 | Rate: 0.16/s | ETA: 3.0m
  Progress: 111/140 | Rate: 0.17/s | ETA: 2.9m
  Progress: 112/140 | Rate: 0.17/s | ETA: 2.8m
  Progress: 113/140 | Rate: 0.17/s | ETA: 2.7m
  Progress: 114/140 | Rate: 0.17/s | ETA: 2.6m
  Progress: 115/140 | Rate: 0.17/s | ETA: 2.5m
  Progress: 116/140 | Rate: 0.17/s | ETA: 2.4m
  Progress: 117/140 | Rate: 0.17/s | ETA: 2.3m
  Progress: 118/140 | Rate: 0.17/s | ETA: 2.2m
  Progress: 119/140 | Rate: 0.17/s | ETA: 2.1m
  Progress: 120/140 | Rate: 0.17/s | ETA: 2.0m
  Progress: 121/140 | Rate: 0.17/s | ETA: 1.9m
  Progress: 122/140 | Rate: 0.17/s | ETA: 1.7m
  Progress: 123/140 | Rate: 0.17/s | ETA: 1.7m
  Progress: 124/140 | Rate: 0.17/s | ETA: 1.6m
  Progress: 125/140 | Rate: 0.17/s | ETA: 1.5m
  Progress: 126/140 | Rate: 0.17/s | ETA: 1.4m
  Progress: 127/140 | Rate: 0.17/s | ETA: 1.3m
  Progress: 128/140 | Rate: 0.17/s | ETA: 1.2m
  Progress: 129/140 | Rate: 0.17/s | ETA: 1.1m
  Progress: 130/140 | Rate: 0.17/s | ETA: 1.0m
  Progress: 131/140 | Rate: 0.17/s | ETA: 0.9m
  Progress: 132/140 | Rate: 0.17/s | ETA: 0.8m
  Progress: 133/140 | Rate: 0.17/s | ETA: 0.7m
  Progress: 134/140 | Rate: 0.17/s | ETA: 0.6m
  Progress: 135/140 | Rate: 0.18/s | ETA: 0.5m
  Progress: 136/140 | Rate: 0.18/s | ETA: 0.4m
  Progress: 137/140 | Rate: 0.18/s | ETA: 0.3m
  Progress: 138/140 | Rate: 0.18/s | ETA: 0.2m
  [cat7_real_004] [Attempt 1] HTTP 429: [{
  "error": {
    "code": 429,
    "message": "Resource exhausted. Please try again later. Please refer to https://clo — waiting 60s
  Progress: 139/140 | Rate: 0.17/s | ETA: 0.1m
  Progress: 140/140 | Rate: 0.17/s | ETA: 0.0m

✔ Done. 140 evaluations in 844.1s (0.17/s)
>>> gpt_oss_120b_clarification_first_sample2_responses.jsonl  13:09:34Z

============================================================
  Judge:  deepseek (deepseek-ai/deepseek-v3.2-maas)
  Input:  runs/run_20260521/responses/gpt_oss_120b_clarification_first_sample2_responses.jsonl
  Output: /home/satvik/Documents/CIKM/runs/run_20260521/evaluations/deepseek_evaluations_gpt_oss_120b_clarification_first_sample2.jsonl
============================================================
  Remaining: 140 rows
  Progress: 1/140 | Rate: 0.39/s | ETA: 6.0m
  Progress: 2/140 | Rate: 0.44/s | ETA: 5.2m
  Progress: 3/140 | Rate: 0.50/s | ETA: 4.6m
  Progress: 4/140 | Rate: 0.43/s | ETA: 5.3m
  Progress: 5/140 | Rate: 0.31/s | ETA: 7.3m
  Progress: 6/140 | Rate: 0.28/s | ETA: 7.9m
  Progress: 7/140 | Rate: 0.30/s | ETA: 7.5m
  Progress: 8/140 | Rate: 0.31/s | ETA: 7.2m
  Progress: 9/140 | Rate: 0.32/s | ETA: 6.8m
  Progress: 10/140 | Rate: 0.34/s | ETA: 6.4m
  Progress: 11/140 | Rate: 0.36/s | ETA: 6.0m
  Progress: 12/140 | Rate: 0.37/s | ETA: 5.7m
  Progress: 13/140 | Rate: 0.36/s | ETA: 5.9m
  Progress: 14/140 | Rate: 0.36/s | ETA: 5.9m
  Progress: 15/140 | Rate: 0.36/s | ETA: 5.8m
  Progress: 16/140 | Rate: 0.36/s | ETA: 5.7m
  Progress: 17/140 | Rate: 0.36/s | ETA: 5.7m
  Progress: 18/140 | Rate: 0.36/s | ETA: 5.7m
  Progress: 19/140 | Rate: 0.36/s | ETA: 5.6m
  Progress: 20/140 | Rate: 0.36/s | ETA: 5.5m
  Progress: 21/140 | Rate: 0.36/s | ETA: 5.5m
  Progress: 22/140 | Rate: 0.36/s | ETA: 5.4m
  Progress: 23/140 | Rate: 0.37/s | ETA: 5.3m
  Progress: 24/140 | Rate: 0.37/s | ETA: 5.3m
  Progress: 25/140 | Rate: 0.37/s | ETA: 5.2m
  Progress: 26/140 | Rate: 0.36/s | ETA: 5.2m
  Progress: 27/140 | Rate: 0.36/s | ETA: 5.3m
  Progress: 28/140 | Rate: 0.36/s | ETA: 5.2m
  Progress: 29/140 | Rate: 0.35/s | ETA: 5.4m
  Progress: 30/140 | Rate: 0.25/s | ETA: 7.3m
  Progress: 31/140 | Rate: 0.26/s | ETA: 7.1m
  Progress: 32/140 | Rate: 0.26/s | ETA: 7.0m
  Progress: 33/140 | Rate: 0.26/s | ETA: 6.9m
  Progress: 34/140 | Rate: 0.26/s | ETA: 6.7m
  Progress: 35/140 | Rate: 0.27/s | ETA: 6.5m
  Progress: 36/140 | Rate: 0.27/s | ETA: 6.4m
  Progress: 37/140 | Rate: 0.28/s | ETA: 6.2m
  Progress: 38/140 | Rate: 0.28/s | ETA: 6.1m
  Progress: 39/140 | Rate: 0.28/s | ETA: 5.9m
  Progress: 40/140 | Rate: 0.29/s | ETA: 5.8m
  Progress: 41/140 | Rate: 0.29/s | ETA: 5.7m
  Progress: 42/140 | Rate: 0.29/s | ETA: 5.6m
  Progress: 43/140 | Rate: 0.29/s | ETA: 5.6m
  Progress: 44/140 | Rate: 0.29/s | ETA: 5.5m
  Progress: 45/140 | Rate: 0.29/s | ETA: 5.4m
  Progress: 46/140 | Rate: 0.30/s | ETA: 5.3m
  Progress: 47/140 | Rate: 0.30/s | ETA: 5.2m
  Progress: 48/140 | Rate: 0.30/s | ETA: 5.1m
  Progress: 49/140 | Rate: 0.30/s | ETA: 5.0m
  Progress: 50/140 | Rate: 0.31/s | ETA: 4.9m
  Progress: 51/140 | Rate: 0.30/s | ETA: 4.9m
  Progress: 52/140 | Rate: 0.30/s | ETA: 4.8m
  Progress: 53/140 | Rate: 0.30/s | ETA: 4.8m
  Progress: 54/140 | Rate: 0.30/s | ETA: 4.8m
  Progress: 55/140 | Rate: 0.30/s | ETA: 4.7m
  Progress: 56/140 | Rate: 0.30/s | ETA: 4.6m
  Progress: 57/140 | Rate: 0.30/s | ETA: 4.5m
  Progress: 58/140 | Rate: 0.31/s | ETA: 4.5m
  Progress: 59/140 | Rate: 0.31/s | ETA: 4.4m
  Progress: 60/140 | Rate: 0.31/s | ETA: 4.3m
  Progress: 61/140 | Rate: 0.31/s | ETA: 4.2m
  Progress: 62/140 | Rate: 0.31/s | ETA: 4.2m
  Progress: 63/140 | Rate: 0.31/s | ETA: 4.1m
  Progress: 64/140 | Rate: 0.31/s | ETA: 4.0m
  Progress: 65/140 | Rate: 0.32/s | ETA: 3.9m
  Progress: 66/140 | Rate: 0.32/s | ETA: 3.9m
  Progress: 67/140 | Rate: 0.32/s | ETA: 3.8m
  Progress: 68/140 | Rate: 0.32/s | ETA: 3.8m
  Progress: 69/140 | Rate: 0.32/s | ETA: 3.7m
  Progress: 70/140 | Rate: 0.31/s | ETA: 3.7m
  Progress: 71/140 | Rate: 0.31/s | ETA: 3.7m
  Progress: 72/140 | Rate: 0.31/s | ETA: 3.6m
  Progress: 73/140 | Rate: 0.32/s | ETA: 3.5m
  Progress: 74/140 | Rate: 0.32/s | ETA: 3.5m
  Progress: 75/140 | Rate: 0.32/s | ETA: 3.4m
  Progress: 76/140 | Rate: 0.32/s | ETA: 3.3m
  Progress: 77/140 | Rate: 0.32/s | ETA: 3.3m
  Progress: 78/140 | Rate: 0.32/s | ETA: 3.2m
  Progress: 79/140 | Rate: 0.32/s | ETA: 3.2m
  Progress: 80/140 | Rate: 0.32/s | ETA: 3.1m
  Progress: 81/140 | Rate: 0.32/s | ETA: 3.0m
  Progress: 82/140 | Rate: 0.32/s | ETA: 3.0m
  Progress: 83/140 | Rate: 0.33/s | ETA: 2.9m
  Progress: 84/140 | Rate: 0.33/s | ETA: 2.8m
  Progress: 85/140 | Rate: 0.33/s | ETA: 2.8m
  Progress: 86/140 | Rate: 0.33/s | ETA: 2.8m
  Progress: 87/140 | Rate: 0.33/s | ETA: 2.7m
  Progress: 88/140 | Rate: 0.33/s | ETA: 2.6m
  Progress: 89/140 | Rate: 0.33/s | ETA: 2.6m
  Progress: 90/140 | Rate: 0.33/s | ETA: 2.5m
  Progress: 91/140 | Rate: 0.33/s | ETA: 2.5m
  Progress: 92/140 | Rate: 0.33/s | ETA: 2.4m
  Progress: 93/140 | Rate: 0.33/s | ETA: 2.4m
  Progress: 94/140 | Rate: 0.33/s | ETA: 2.3m
  Progress: 95/140 | Rate: 0.33/s | ETA: 2.3m
  Progress: 96/140 | Rate: 0.33/s | ETA: 2.2m
  Progress: 97/140 | Rate: 0.33/s | ETA: 2.2m
  Progress: 98/140 | Rate: 0.33/s | ETA: 2.1m
  Progress: 99/140 | Rate: 0.33/s | ETA: 2.1m
  Progress: 100/140 | Rate: 0.32/s | ETA: 2.1m
  Progress: 101/140 | Rate: 0.33/s | ETA: 2.0m
  Progress: 102/140 | Rate: 0.32/s | ETA: 2.0m
  Progress: 103/140 | Rate: 0.32/s | ETA: 1.9m
  Progress: 104/140 | Rate: 0.32/s | ETA: 1.9m
  Progress: 105/140 | Rate: 0.32/s | ETA: 1.8m
  Progress: 106/140 | Rate: 0.32/s | ETA: 1.8m
  Progress: 107/140 | Rate: 0.32/s | ETA: 1.7m
  Progress: 108/140 | Rate: 0.32/s | ETA: 1.7m
  Progress: 109/140 | Rate: 0.32/s | ETA: 1.6m
  Progress: 110/140 | Rate: 0.32/s | ETA: 1.6m
  Progress: 111/140 | Rate: 0.32/s | ETA: 1.5m
  Progress: 112/140 | Rate: 0.32/s | ETA: 1.5m
  Progress: 113/140 | Rate: 0.32/s | ETA: 1.4m
  Progress: 114/140 | Rate: 0.32/s | ETA: 1.4m
  Progress: 115/140 | Rate: 0.32/s | ETA: 1.3m
  Progress: 116/140 | Rate: 0.32/s | ETA: 1.2m
  Progress: 117/140 | Rate: 0.32/s | ETA: 1.2m
  Progress: 118/140 | Rate: 0.32/s | ETA: 1.1m
  Progress: 119/140 | Rate: 0.32/s | ETA: 1.1m
  Progress: 120/140 | Rate: 0.32/s | ETA: 1.0m
  Progress: 121/140 | Rate: 0.32/s | ETA: 1.0m
  Progress: 122/140 | Rate: 0.32/s | ETA: 0.9m
  Progress: 123/140 | Rate: 0.32/s | ETA: 0.9m
  Progress: 124/140 | Rate: 0.32/s | ETA: 0.8m
  Progress: 125/140 | Rate: 0.32/s | ETA: 0.8m
  Progress: 126/140 | Rate: 0.33/s | ETA: 0.7m
  Progress: 127/140 | Rate: 0.33/s | ETA: 0.7m
  Progress: 128/140 | Rate: 0.33/s | ETA: 0.6m
  Progress: 129/140 | Rate: 0.33/s | ETA: 0.6m
  Progress: 130/140 | Rate: 0.33/s | ETA: 0.5m
  Progress: 131/140 | Rate: 0.30/s | ETA: 0.5m
  Progress: 132/140 | Rate: 0.30/s | ETA: 0.4m
  Progress: 133/140 | Rate: 0.30/s | ETA: 0.4m
  Progress: 134/140 | Rate: 0.30/s | ETA: 0.3m
  Progress: 135/140 | Rate: 0.30/s | ETA: 0.3m
  Progress: 136/140 | Rate: 0.30/s | ETA: 0.2m
  Progress: 137/140 | Rate: 0.29/s | ETA: 0.2m
  Progress: 138/140 | Rate: 0.29/s | ETA: 0.1m
  Progress: 139/140 | Rate: 0.29/s | ETA: 0.1m
  Progress: 140/140 | Rate: 0.29/s | ETA: 0.0m

✔ Done. 140 evaluations in 479.5s (0.29/s)
>>> gpt_oss_120b_neutrality_oriented_sample0_responses.jsonl  13:17:34Z

============================================================
  Judge:  deepseek (deepseek-ai/deepseek-v3.2-maas)
  Input:  runs/run_20260521/responses/gpt_oss_120b_neutrality_oriented_sample0_responses.jsonl
  Output: /home/satvik/Documents/CIKM/runs/run_20260521/evaluations/deepseek_evaluations_gpt_oss_120b_neutrality_oriented_sample0.jsonl
============================================================
  Remaining: 140 rows
  Progress: 1/140 | Rate: 0.27/s | ETA: 8.6m
  Progress: 2/140 | Rate: 0.36/s | ETA: 6.5m
  Progress: 3/140 | Rate: 0.38/s | ETA: 6.0m
  Progress: 4/140 | Rate: 0.41/s | ETA: 5.5m
  Progress: 5/140 | Rate: 0.41/s | ETA: 5.5m
  Progress: 6/140 | Rate: 0.42/s | ETA: 5.3m
  Progress: 7/140 | Rate: 0.42/s | ETA: 5.3m
  Progress: 8/140 | Rate: 0.37/s | ETA: 5.9m
  Progress: 9/140 | Rate: 0.38/s | ETA: 5.7m
  Progress: 10/140 | Rate: 0.38/s | ETA: 5.6m
  Progress: 11/140 | Rate: 0.40/s | ETA: 5.4m
  Progress: 12/140 | Rate: 0.40/s | ETA: 5.4m
  Progress: 13/140 | Rate: 0.40/s | ETA: 5.3m
  Progress: 14/140 | Rate: 0.36/s | ETA: 5.8m
  Progress: 15/140 | Rate: 0.37/s | ETA: 5.7m
  Progress: 16/140 | Rate: 0.37/s | ETA: 5.6m
  Progress: 17/140 | Rate: 0.37/s | ETA: 5.5m
  Progress: 18/140 | Rate: 0.37/s | ETA: 5.6m
  Progress: 19/140 | Rate: 0.37/s | ETA: 5.4m
  Progress: 20/140 | Rate: 0.38/s | ETA: 5.3m
  Progress: 21/140 | Rate: 0.37/s | ETA: 5.3m
  Progress: 22/140 | Rate: 0.38/s | ETA: 5.2m
  Progress: 23/140 | Rate: 0.39/s | ETA: 5.1m
  Progress: 24/140 | Rate: 0.38/s | ETA: 5.0m
  Progress: 25/140 | Rate: 0.39/s | ETA: 4.9m
  Progress: 26/140 | Rate: 0.39/s | ETA: 4.9m
  Progress: 27/140 | Rate: 0.39/s | ETA: 4.8m
  Progress: 28/140 | Rate: 0.39/s | ETA: 4.7m
  Progress: 29/140 | Rate: 0.39/s | ETA: 4.8m
  Progress: 30/140 | Rate: 0.39/s | ETA: 4.7m
  Progress: 31/140 | Rate: 0.39/s | ETA: 4.6m
  Progress: 32/140 | Rate: 0.40/s | ETA: 4.5m
  Progress: 33/140 | Rate: 0.39/s | ETA: 4.6m
  Progress: 34/140 | Rate: 0.39/s | ETA: 4.5m
  Progress: 35/140 | Rate: 0.36/s | ETA: 4.9m
  Progress: 36/140 | Rate: 0.36/s | ETA: 4.8m
  Progress: 37/140 | Rate: 0.36/s | ETA: 4.7m
  Progress: 38/140 | Rate: 0.36/s | ETA: 4.7m
  Progress: 39/140 | Rate: 0.36/s | ETA: 4.6m
  Progress: 40/140 | Rate: 0.36/s | ETA: 4.6m
  Progress: 41/140 | Rate: 0.37/s | ETA: 4.5m
  Progress: 42/140 | Rate: 0.37/s | ETA: 4.4m
  Progress: 43/140 | Rate: 0.37/s | ETA: 4.4m
  Progress: 44/140 | Rate: 0.37/s | ETA: 4.3m
  Progress: 45/140 | Rate: 0.37/s | ETA: 4.3m
  Progress: 46/140 | Rate: 0.38/s | ETA: 4.2m
  Progress: 47/140 | Rate: 0.37/s | ETA: 4.2m
  Progress: 48/140 | Rate: 0.37/s | ETA: 4.1m
  Progress: 49/140 | Rate: 0.37/s | ETA: 4.1m
  Progress: 50/140 | Rate: 0.37/s | ETA: 4.1m
  Progress: 51/140 | Rate: 0.35/s | ETA: 4.2m
  Progress: 52/140 | Rate: 0.35/s | ETA: 4.2m
  Progress: 53/140 | Rate: 0.34/s | ETA: 4.3m
  Progress: 54/140 | Rate: 0.34/s | ETA: 4.2m
  Progress: 55/140 | Rate: 0.31/s | ETA: 4.5m
  Progress: 56/140 | Rate: 0.31/s | ETA: 4.5m
  Progress: 57/140 | Rate: 0.31/s | ETA: 4.5m
  Progress: 58/140 | Rate: 0.30/s | ETA: 4.5m
  Progress: 59/140 | Rate: 0.30/s | ETA: 4.5m
  Progress: 60/140 | Rate: 0.31/s | ETA: 4.4m
  Progress: 61/140 | Rate: 0.31/s | ETA: 4.3m
  Progress: 62/140 | Rate: 0.30/s | ETA: 4.3m
  Progress: 63/140 | Rate: 0.30/s | ETA: 4.2m
  Progress: 64/140 | Rate: 0.30/s | ETA: 4.2m
  Progress: 65/140 | Rate: 0.31/s | ETA: 4.1m
  Progress: 66/140 | Rate: 0.31/s | ETA: 4.0m
  Progress: 67/140 | Rate: 0.31/s | ETA: 3.9m
  Progress: 68/140 | Rate: 0.31/s | ETA: 3.9m
  Progress: 69/140 | Rate: 0.31/s | ETA: 3.8m
  Progress: 70/140 | Rate: 0.31/s | ETA: 3.7m
  Progress: 71/140 | Rate: 0.31/s | ETA: 3.7m
  Progress: 72/140 | Rate: 0.31/s | ETA: 3.6m
  Progress: 73/140 | Rate: 0.31/s | ETA: 3.6m
  Progress: 74/140 | Rate: 0.31/s | ETA: 3.5m
  Progress: 75/140 | Rate: 0.32/s | ETA: 3.4m
  Progress: 76/140 | Rate: 0.32/s | ETA: 3.4m
  Progress: 77/140 | Rate: 0.32/s | ETA: 3.3m
  Progress: 78/140 | Rate: 0.32/s | ETA: 3.3m
  Progress: 79/140 | Rate: 0.32/s | ETA: 3.2m
  Progress: 80/140 | Rate: 0.32/s | ETA: 3.1m
  Progress: 81/140 | Rate: 0.32/s | ETA: 3.1m
  Progress: 82/140 | Rate: 0.31/s | ETA: 3.1m
  Progress: 83/140 | Rate: 0.29/s | ETA: 3.3m
  Progress: 84/140 | Rate: 0.29/s | ETA: 3.3m
  Progress: 85/140 | Rate: 0.29/s | ETA: 3.2m
  Progress: 86/140 | Rate: 0.29/s | ETA: 3.1m
  Progress: 87/140 | Rate: 0.29/s | ETA: 3.1m
  Progress: 88/140 | Rate: 0.29/s | ETA: 3.0m
  Progress: 89/140 | Rate: 0.29/s | ETA: 2.9m
  Progress: 90/140 | Rate: 0.28/s | ETA: 3.0m
  Progress: 91/140 | Rate: 0.28/s | ETA: 2.9m
  Progress: 92/140 | Rate: 0.28/s | ETA: 2.9m
  Progress: 93/140 | Rate: 0.28/s | ETA: 2.8m
  Progress: 94/140 | Rate: 0.28/s | ETA: 2.7m
  Progress: 95/140 | Rate: 0.28/s | ETA: 2.7m
  Progress: 96/140 | Rate: 0.28/s | ETA: 2.6m
  Progress: 97/140 | Rate: 0.28/s | ETA: 2.5m
  Progress: 98/140 | Rate: 0.28/s | ETA: 2.5m
  Progress: 99/140 | Rate: 0.29/s | ETA: 2.4m
  Progress: 100/140 | Rate: 0.29/s | ETA: 2.3m
  Progress: 101/140 | Rate: 0.28/s | ETA: 2.3m
  Progress: 102/140 | Rate: 0.29/s | ETA: 2.2m
  Progress: 103/140 | Rate: 0.29/s | ETA: 2.2m
  Progress: 104/140 | Rate: 0.29/s | ETA: 2.1m
  Progress: 105/140 | Rate: 0.29/s | ETA: 2.0m
  Progress: 106/140 | Rate: 0.28/s | ETA: 2.0m
  Progress: 107/140 | Rate: 0.28/s | ETA: 2.0m
  Progress: 108/140 | Rate: 0.28/s | ETA: 1.9m
  Progress: 109/140 | Rate: 0.28/s | ETA: 1.8m
  Progress: 110/140 | Rate: 0.28/s | ETA: 1.8m
  Progress: 111/140 | Rate: 0.28/s | ETA: 1.7m
  Progress: 112/140 | Rate: 0.28/s | ETA: 1.6m
  Progress: 113/140 | Rate: 0.29/s | ETA: 1.6m
  Progress: 114/140 | Rate: 0.29/s | ETA: 1.5m
  Progress: 115/140 | Rate: 0.29/s | ETA: 1.5m
  Progress: 116/140 | Rate: 0.29/s | ETA: 1.4m
  Progress: 117/140 | Rate: 0.29/s | ETA: 1.3m
  Progress: 118/140 | Rate: 0.28/s | ETA: 1.3m
  Progress: 119/140 | Rate: 0.29/s | ETA: 1.2m
  Progress: 120/140 | Rate: 0.29/s | ETA: 1.2m
  Progress: 121/140 | Rate: 0.29/s | ETA: 1.1m
  Progress: 122/140 | Rate: 0.29/s | ETA: 1.0m
  Progress: 123/140 | Rate: 0.29/s | ETA: 1.0m
  Progress: 124/140 | Rate: 0.29/s | ETA: 0.9m
  Progress: 125/140 | Rate: 0.29/s | ETA: 0.9m
  Progress: 126/140 | Rate: 0.28/s | ETA: 0.8m
  Progress: 127/140 | Rate: 0.28/s | ETA: 0.8m
  Progress: 128/140 | Rate: 0.29/s | ETA: 0.7m
  Progress: 129/140 | Rate: 0.28/s | ETA: 0.7m
  Progress: 130/140 | Rate: 0.28/s | ETA: 0.6m
  Progress: 131/140 | Rate: 0.28/s | ETA: 0.5m
  Progress: 132/140 | Rate: 0.28/s | ETA: 0.5m
  Progress: 133/140 | Rate: 0.28/s | ETA: 0.4m
  Progress: 134/140 | Rate: 0.28/s | ETA: 0.4m
  Progress: 135/140 | Rate: 0.28/s | ETA: 0.3m
  Progress: 136/140 | Rate: 0.28/s | ETA: 0.2m
  Progress: 137/140 | Rate: 0.28/s | ETA: 0.2m
  Progress: 138/140 | Rate: 0.28/s | ETA: 0.1m
  Progress: 139/140 | Rate: 0.29/s | ETA: 0.1m
  Progress: 140/140 | Rate: 0.29/s | ETA: 0.0m

✔ Done. 140 evaluations in 488.8s (0.29/s)
>>> gpt_oss_120b_neutrality_oriented_sample1_responses.jsonl  13:25:44Z

============================================================
  Judge:  deepseek (deepseek-ai/deepseek-v3.2-maas)
  Input:  runs/run_20260521/responses/gpt_oss_120b_neutrality_oriented_sample1_responses.jsonl
  Output: /home/satvik/Documents/CIKM/runs/run_20260521/evaluations/deepseek_evaluations_gpt_oss_120b_neutrality_oriented_sample1.jsonl
============================================================
  Remaining: 140 rows
  Progress: 1/140 | Rate: 0.63/s | ETA: 3.7m
  Progress: 2/140 | Rate: 0.48/s | ETA: 4.8m
  Progress: 3/140 | Rate: 0.52/s | ETA: 4.4m
  Progress: 4/140 | Rate: 0.31/s | ETA: 7.4m
  Progress: 5/140 | Rate: 0.31/s | ETA: 7.3m
  Progress: 6/140 | Rate: 0.33/s | ETA: 6.7m
  Progress: 7/140 | Rate: 0.35/s | ETA: 6.3m
  Progress: 8/140 | Rate: 0.38/s | ETA: 5.9m
  Progress: 9/140 | Rate: 0.39/s | ETA: 5.7m
  Progress: 10/140 | Rate: 0.40/s | ETA: 5.4m
  Progress: 11/140 | Rate: 0.41/s | ETA: 5.3m
  Progress: 12/140 | Rate: 0.42/s | ETA: 5.1m
  Progress: 13/140 | Rate: 0.42/s | ETA: 5.0m
  Progress: 14/140 | Rate: 0.43/s | ETA: 4.8m
  Progress: 15/140 | Rate: 0.44/s | ETA: 4.8m
  Progress: 16/140 | Rate: 0.43/s | ETA: 4.8m
  Progress: 17/140 | Rate: 0.44/s | ETA: 4.6m
  Progress: 18/140 | Rate: 0.41/s | ETA: 5.0m
  Progress: 19/140 | Rate: 0.41/s | ETA: 4.9m
  Progress: 20/140 | Rate: 0.42/s | ETA: 4.8m
  Progress: 21/140 | Rate: 0.42/s | ETA: 4.7m
  Progress: 22/140 | Rate: 0.42/s | ETA: 4.7m
  Progress: 23/140 | Rate: 0.41/s | ETA: 4.8m
  Progress: 24/140 | Rate: 0.41/s | ETA: 4.7m
  Progress: 25/140 | Rate: 0.42/s | ETA: 4.6m
  Progress: 26/140 | Rate: 0.42/s | ETA: 4.5m
  Progress: 27/140 | Rate: 0.42/s | ETA: 4.5m
  Progress: 28/140 | Rate: 0.42/s | ETA: 4.4m
  Progress: 29/140 | Rate: 0.42/s | ETA: 4.4m
  Progress: 30/140 | Rate: 0.43/s | ETA: 4.3m
  Progress: 31/140 | Rate: 0.40/s | ETA: 4.5m
  Progress: 32/140 | Rate: 0.41/s | ETA: 4.4m
  Progress: 33/140 | Rate: 0.41/s | ETA: 4.4m
  Progress: 34/140 | Rate: 0.40/s | ETA: 4.5m
  Progress: 35/140 | Rate: 0.40/s | ETA: 4.4m
  Progress: 36/140 | Rate: 0.40/s | ETA: 4.3m
  Progress: 37/140 | Rate: 0.41/s | ETA: 4.2m
  Progress: 38/140 | Rate: 0.41/s | ETA: 4.2m
  Progress: 39/140 | Rate: 0.40/s | ETA: 4.2m
  Progress: 40/140 | Rate: 0.40/s | ETA: 4.1m
  Progress: 41/140 | Rate: 0.36/s | ETA: 4.6m
  Progress: 42/140 | Rate: 0.37/s | ETA: 4.5m
  Progress: 43/140 | Rate: 0.37/s | ETA: 4.4m
  Progress: 44/140 | Rate: 0.37/s | ETA: 4.4m
  Progress: 45/140 | Rate: 0.37/s | ETA: 4.3m
  Progress: 46/140 | Rate: 0.37/s | ETA: 4.2m
  Progress: 47/140 | Rate: 0.37/s | ETA: 4.1m
  Progress: 48/140 | Rate: 0.38/s | ETA: 4.1m
  Progress: 49/140 | Rate: 0.38/s | ETA: 4.0m
  Progress: 50/140 | Rate: 0.38/s | ETA: 3.9m
  Progress: 51/140 | Rate: 0.39/s | ETA: 3.8m
  Progress: 52/140 | Rate: 0.39/s | ETA: 3.8m
  Progress: 53/140 | Rate: 0.36/s | ETA: 4.1m
  Progress: 54/140 | Rate: 0.35/s | ETA: 4.1m
  Progress: 55/140 | Rate: 0.34/s | ETA: 4.1m
  Progress: 56/140 | Rate: 0.35/s | ETA: 4.0m
  Progress: 57/140 | Rate: 0.35/s | ETA: 4.0m
  Progress: 58/140 | Rate: 0.35/s | ETA: 3.9m
  Progress: 59/140 | Rate: 0.35/s | ETA: 3.9m
  Progress: 60/140 | Rate: 0.34/s | ETA: 3.9m
  Progress: 61/140 | Rate: 0.35/s | ETA: 3.8m
  Progress: 62/140 | Rate: 0.35/s | ETA: 3.7m
  Progress: 63/140 | Rate: 0.35/s | ETA: 3.7m
  Progress: 64/140 | Rate: 0.35/s | ETA: 3.6m
  Progress: 65/140 | Rate: 0.36/s | ETA: 3.5m
  Progress: 66/140 | Rate: 0.36/s | ETA: 3.4m
  Progress: 67/140 | Rate: 0.36/s | ETA: 3.4m
  Progress: 68/140 | Rate: 0.36/s | ETA: 3.3m
  Progress: 69/140 | Rate: 0.36/s | ETA: 3.3m
  Progress: 70/140 | Rate: 0.37/s | ETA: 3.2m
  Progress: 71/140 | Rate: 0.37/s | ETA: 3.1m
  Progress: 72/140 | Rate: 0.37/s | ETA: 3.1m
  Progress: 73/140 | Rate: 0.37/s | ETA: 3.0m
  Progress: 74/140 | Rate: 0.37/s | ETA: 2.9m
  Progress: 75/140 | Rate: 0.38/s | ETA: 2.9m
  Progress: 76/140 | Rate: 0.38/s | ETA: 2.8m
  Progress: 77/140 | Rate: 0.38/s | ETA: 2.8m
  Progress: 78/140 | Rate: 0.38/s | ETA: 2.7m
  Progress: 79/140 | Rate: 0.38/s | ETA: 2.7m
  Progress: 80/140 | Rate: 0.38/s | ETA: 2.6m
  Progress: 81/140 | Rate: 0.38/s | ETA: 2.6m
  Progress: 82/140 | Rate: 0.38/s | ETA: 2.5m
  Progress: 83/140 | Rate: 0.38/s | ETA: 2.5m
  Progress: 84/140 | Rate: 0.38/s | ETA: 2.4m
  Progress: 85/140 | Rate: 0.39/s | ETA: 2.4m
  Progress: 86/140 | Rate: 0.39/s | ETA: 2.3m
  Progress: 87/140 | Rate: 0.39/s | ETA: 2.3m
  Progress: 88/140 | Rate: 0.39/s | ETA: 2.2m
  Progress: 89/140 | Rate: 0.39/s | ETA: 2.2m
  Progress: 90/140 | Rate: 0.39/s | ETA: 2.1m
  Progress: 91/140 | Rate: 0.39/s | ETA: 2.1m
  Progress: 92/140 | Rate: 0.39/s | ETA: 2.0m
  Progress: 93/140 | Rate: 0.39/s | ETA: 2.0m
  Progress: 94/140 | Rate: 0.39/s | ETA: 2.0m
  Progress: 95/140 | Rate: 0.39/s | ETA: 1.9m
  Progress: 96/140 | Rate: 0.40/s | ETA: 1.9m
  Progress: 97/140 | Rate: 0.40/s | ETA: 1.8m
  Progress: 98/140 | Rate: 0.40/s | ETA: 1.8m
  Progress: 99/140 | Rate: 0.40/s | ETA: 1.7m
  Progress: 100/140 | Rate: 0.40/s | ETA: 1.7m
  Progress: 101/140 | Rate: 0.40/s | ETA: 1.6m
  Progress: 102/140 | Rate: 0.40/s | ETA: 1.6m
  Progress: 103/140 | Rate: 0.40/s | ETA: 1.5m
  Progress: 104/140 | Rate: 0.40/s | ETA: 1.5m
  Progress: 105/140 | Rate: 0.40/s | ETA: 1.5m
  Progress: 106/140 | Rate: 0.40/s | ETA: 1.4m
  Progress: 107/140 | Rate: 0.40/s | ETA: 1.4m
  Progress: 108/140 | Rate: 0.40/s | ETA: 1.3m
  Progress: 109/140 | Rate: 0.40/s | ETA: 1.3m
  Progress: 110/140 | Rate: 0.40/s | ETA: 1.3m
  Progress: 111/140 | Rate: 0.40/s | ETA: 1.2m
  Progress: 112/140 | Rate: 0.40/s | ETA: 1.2m
  Progress: 113/140 | Rate: 0.40/s | ETA: 1.1m
  Progress: 114/140 | Rate: 0.39/s | ETA: 1.1m
  Progress: 115/140 | Rate: 0.39/s | ETA: 1.1m
  Progress: 116/140 | Rate: 0.39/s | ETA: 1.0m
  Progress: 117/140 | Rate: 0.39/s | ETA: 1.0m
  Progress: 118/140 | Rate: 0.39/s | ETA: 0.9m
  Progress: 119/140 | Rate: 0.39/s | ETA: 0.9m
  Progress: 120/140 | Rate: 0.40/s | ETA: 0.8m
  Progress: 121/140 | Rate: 0.40/s | ETA: 0.8m
  Progress: 122/140 | Rate: 0.40/s | ETA: 0.8m
  Progress: 123/140 | Rate: 0.40/s | ETA: 0.7m
  Progress: 124/140 | Rate: 0.40/s | ETA: 0.7m
  Progress: 125/140 | Rate: 0.40/s | ETA: 0.6m
  Progress: 126/140 | Rate: 0.40/s | ETA: 0.6m
  Progress: 127/140 | Rate: 0.40/s | ETA: 0.5m
  Progress: 128/140 | Rate: 0.40/s | ETA: 0.5m
  Progress: 129/140 | Rate: 0.41/s | ETA: 0.5m
  Progress: 130/140 | Rate: 0.41/s | ETA: 0.4m
  Progress: 131/140 | Rate: 0.41/s | ETA: 0.4m
  Progress: 132/140 | Rate: 0.41/s | ETA: 0.3m
  Progress: 133/140 | Rate: 0.40/s | ETA: 0.3m
  Progress: 134/140 | Rate: 0.40/s | ETA: 0.2m
  Progress: 135/140 | Rate: 0.40/s | ETA: 0.2m
  Progress: 136/140 | Rate: 0.40/s | ETA: 0.2m
  Progress: 137/140 | Rate: 0.40/s | ETA: 0.1m
  Progress: 138/140 | Rate: 0.40/s | ETA: 0.1m
  Progress: 139/140 | Rate: 0.40/s | ETA: 0.0m
  Progress: 140/140 | Rate: 0.40/s | ETA: 0.0m

✔ Done. 140 evaluations in 353.0s (0.40/s)
>>> gpt_oss_120b_neutrality_oriented_sample2_responses.jsonl  13:31:37Z

============================================================
  Judge:  deepseek (deepseek-ai/deepseek-v3.2-maas)
  Input:  runs/run_20260521/responses/gpt_oss_120b_neutrality_oriented_sample2_responses.jsonl
  Output: /home/satvik/Documents/CIKM/runs/run_20260521/evaluations/deepseek_evaluations_gpt_oss_120b_neutrality_oriented_sample2.jsonl
============================================================
  Remaining: 140 rows
  Progress: 1/140 | Rate: 0.51/s | ETA: 4.5m
  Progress: 2/140 | Rate: 0.56/s | ETA: 4.1m
  Progress: 3/140 | Rate: 0.49/s | ETA: 4.7m
  Progress: 4/140 | Rate: 0.53/s | ETA: 4.3m
  Progress: 5/140 | Rate: 0.55/s | ETA: 4.1m
  [cat1_orig_006] [Attempt 1] HTTP 429: [{
  "error": {
    "code": 429,
    "message": "Resource exhausted. Please try again later. Please refer to https://clo — waiting 60s
  Progress: 6/140 | Rate: 0.08/s | ETA: 26.4m
  Progress: 7/140 | Rate: 0.10/s | ETA: 23.0m
  Progress: 8/140 | Rate: 0.11/s | ETA: 20.4m
  Progress: 9/140 | Rate: 0.12/s | ETA: 18.4m
  Progress: 10/140 | Rate: 0.13/s | ETA: 16.7m
  Progress: 11/140 | Rate: 0.13/s | ETA: 16.5m
  Progress: 12/140 | Rate: 0.13/s | ETA: 17.0m
  Progress: 13/140 | Rate: 0.13/s | ETA: 15.9m
  Progress: 14/140 | Rate: 0.14/s | ETA: 14.9m
  Progress: 15/140 | Rate: 0.15/s | ETA: 14.0m
  Progress: 16/140 | Rate: 0.16/s | ETA: 13.2m
  Progress: 17/140 | Rate: 0.16/s | ETA: 12.6m
  Progress: 18/140 | Rate: 0.17/s | ETA: 12.0m
  Progress: 19/140 | Rate: 0.17/s | ETA: 11.9m
  Progress: 20/140 | Rate: 0.17/s | ETA: 11.5m
  Progress: 21/140 | Rate: 0.18/s | ETA: 11.0m
  [cat3_orig_002] [Attempt 1] HTTP 429: [{
  "error": {
    "code": 429,
    "message": "Resource exhausted. Please try again later. Please refer to https://clo — waiting 60s
  Progress: 22/140 | Rate: 0.12/s | ETA: 15.9m
  Progress: 23/140 | Rate: 0.13/s | ETA: 15.2m
  Progress: 24/140 | Rate: 0.13/s | ETA: 14.6m
  Progress: 25/140 | Rate: 0.14/s | ETA: 14.0m
  Progress: 26/140 | Rate: 0.14/s | ETA: 13.5m
  Progress: 27/140 | Rate: 0.15/s | ETA: 13.0m
  Progress: 28/140 | Rate: 0.15/s | ETA: 12.6m
  Progress: 29/140 | Rate: 0.15/s | ETA: 12.2m
  Progress: 30/140 | Rate: 0.16/s | ETA: 11.8m
  Progress: 31/140 | Rate: 0.16/s | ETA: 11.4m
  Progress: 32/140 | Rate: 0.16/s | ETA: 11.0m
  Progress: 33/140 | Rate: 0.17/s | ETA: 10.7m
  Progress: 34/140 | Rate: 0.17/s | ETA: 10.4m
  Progress: 35/140 | Rate: 0.17/s | ETA: 10.3m
  Progress: 36/140 | Rate: 0.17/s | ETA: 10.0m
  Progress: 37/140 | Rate: 0.18/s | ETA: 9.7m
  Progress: 38/140 | Rate: 0.18/s | ETA: 9.5m
  Progress: 39/140 | Rate: 0.18/s | ETA: 9.2m
  Progress: 40/140 | Rate: 0.19/s | ETA: 9.0m
  Progress: 41/140 | Rate: 0.19/s | ETA: 8.7m
  Progress: 42/140 | Rate: 0.19/s | ETA: 8.5m
  Progress: 43/140 | Rate: 0.19/s | ETA: 8.3m
  Progress: 44/140 | Rate: 0.20/s | ETA: 8.1m
  Progress: 45/140 | Rate: 0.20/s | ETA: 7.9m
  Progress: 46/140 | Rate: 0.20/s | ETA: 7.7m
  Progress: 47/140 | Rate: 0.21/s | ETA: 7.5m
  Progress: 48/140 | Rate: 0.21/s | ETA: 7.4m
  Progress: 49/140 | Rate: 0.21/s | ETA: 7.2m
  Progress: 50/140 | Rate: 0.21/s | ETA: 7.1m
  Progress: 51/140 | Rate: 0.21/s | ETA: 6.9m
  Progress: 52/140 | Rate: 0.22/s | ETA: 6.8m
  Progress: 53/140 | Rate: 0.22/s | ETA: 6.6m
  Progress: 54/140 | Rate: 0.22/s | ETA: 6.5m
  Progress: 55/140 | Rate: 0.22/s | ETA: 6.3m
  Progress: 56/140 | Rate: 0.23/s | ETA: 6.2m
  Progress: 57/140 | Rate: 0.23/s | ETA: 6.1m
  Progress: 58/140 | Rate: 0.23/s | ETA: 5.9m
  Progress: 59/140 | Rate: 0.23/s | ETA: 5.8m
  Progress: 60/140 | Rate: 0.23/s | ETA: 5.7m
  Progress: 61/140 | Rate: 0.24/s | ETA: 5.6m
  Progress: 62/140 | Rate: 0.24/s | ETA: 5.4m
  Progress: 63/140 | Rate: 0.24/s | ETA: 5.3m
  Progress: 64/140 | Rate: 0.24/s | ETA: 5.3m
  Progress: 65/140 | Rate: 0.24/s | ETA: 5.2m
  Progress: 66/140 | Rate: 0.24/s | ETA: 5.1m
  Progress: 67/140 | Rate: 0.25/s | ETA: 4.9m
  Progress: 68/140 | Rate: 0.25/s | ETA: 4.8m
  Progress: 69/140 | Rate: 0.25/s | ETA: 4.8m
  Progress: 70/140 | Rate: 0.25/s | ETA: 4.7m
  Progress: 71/140 | Rate: 0.25/s | ETA: 4.6m
  Progress: 72/140 | Rate: 0.25/s | ETA: 4.5m
  Progress: 73/140 | Rate: 0.25/s | ETA: 4.4m
  Progress: 74/140 | Rate: 0.25/s | ETA: 4.4m
  Progress: 75/140 | Rate: 0.25/s | ETA: 4.3m
  Progress: 76/140 | Rate: 0.26/s | ETA: 4.2m
  Progress: 77/140 | Rate: 0.26/s | ETA: 4.1m
  Progress: 78/140 | Rate: 0.26/s | ETA: 4.0m
  Progress: 79/140 | Rate: 0.26/s | ETA: 3.9m
  Progress: 80/140 | Rate: 0.26/s | ETA: 3.8m
  Progress: 81/140 | Rate: 0.26/s | ETA: 3.8m
  Progress: 82/140 | Rate: 0.26/s | ETA: 3.7m
  Progress: 83/140 | Rate: 0.26/s | ETA: 3.6m
  Progress: 84/140 | Rate: 0.27/s | ETA: 3.5m
  Progress: 85/140 | Rate: 0.27/s | ETA: 3.4m
  Progress: 86/140 | Rate: 0.27/s | ETA: 3.4m
  Progress: 87/140 | Rate: 0.27/s | ETA: 3.3m
  Progress: 88/140 | Rate: 0.27/s | ETA: 3.2m
  Progress: 89/140 | Rate: 0.27/s | ETA: 3.1m
  Progress: 90/140 | Rate: 0.27/s | ETA: 3.1m
  Progress: 91/140 | Rate: 0.27/s | ETA: 3.0m
  Progress: 92/140 | Rate: 0.27/s | ETA: 2.9m
  Progress: 93/140 | Rate: 0.27/s | ETA: 2.9m
  Progress: 94/140 | Rate: 0.27/s | ETA: 2.8m
  Progress: 95/140 | Rate: 0.27/s | ETA: 2.7m
  Progress: 96/140 | Rate: 0.27/s | ETA: 2.7m
  Progress: 97/140 | Rate: 0.27/s | ETA: 2.7m
  Progress: 98/140 | Rate: 0.26/s | ETA: 2.6m
  Progress: 99/140 | Rate: 0.27/s | ETA: 2.6m
  Progress: 100/140 | Rate: 0.27/s | ETA: 2.5m
  Progress: 101/140 | Rate: 0.27/s | ETA: 2.4m
  Progress: 102/140 | Rate: 0.27/s | ETA: 2.4m
  Progress: 103/140 | Rate: 0.27/s | ETA: 2.3m
  Progress: 104/140 | Rate: 0.27/s | ETA: 2.2m
  Progress: 105/140 | Rate: 0.27/s | ETA: 2.2m
  Progress: 106/140 | Rate: 0.27/s | ETA: 2.1m
  Progress: 107/140 | Rate: 0.27/s | ETA: 2.0m
  Progress: 108/140 | Rate: 0.28/s | ETA: 1.9m
  Progress: 109/140 | Rate: 0.27/s | ETA: 1.9m
  Progress: 110/140 | Rate: 0.28/s | ETA: 1.8m
  Progress: 111/140 | Rate: 0.28/s | ETA: 1.7m
  Progress: 112/140 | Rate: 0.28/s | ETA: 1.7m
  Progress: 113/140 | Rate: 0.28/s | ETA: 1.6m
  Progress: 114/140 | Rate: 0.28/s | ETA: 1.5m
  Progress: 115/140 | Rate: 0.28/s | ETA: 1.5m
  Progress: 116/140 | Rate: 0.28/s | ETA: 1.4m
  Progress: 117/140 | Rate: 0.28/s | ETA: 1.4m
  Progress: 118/140 | Rate: 0.28/s | ETA: 1.3m
  Progress: 119/140 | Rate: 0.28/s | ETA: 1.2m
  Progress: 120/140 | Rate: 0.28/s | ETA: 1.2m
  Progress: 121/140 | Rate: 0.29/s | ETA: 1.1m
  Progress: 122/140 | Rate: 0.28/s | ETA: 1.1m
  Progress: 123/140 | Rate: 0.28/s | ETA: 1.0m
  Progress: 124/140 | Rate: 0.28/s | ETA: 0.9m
  Progress: 125/140 | Rate: 0.28/s | ETA: 0.9m
  Progress: 126/140 | Rate: 0.28/s | ETA: 0.8m
  Progress: 127/140 | Rate: 0.28/s | ETA: 0.8m
  Progress: 128/140 | Rate: 0.28/s | ETA: 0.7m
  Progress: 129/140 | Rate: 0.28/s | ETA: 0.6m
  Progress: 130/140 | Rate: 0.28/s | ETA: 0.6m
  Progress: 131/140 | Rate: 0.29/s | ETA: 0.5m
  Progress: 132/140 | Rate: 0.28/s | ETA: 0.5m
  Progress: 133/140 | Rate: 0.29/s | ETA: 0.4m
  Progress: 134/140 | Rate: 0.29/s | ETA: 0.3m
  Progress: 135/140 | Rate: 0.29/s | ETA: 0.3m
  Progress: 136/140 | Rate: 0.29/s | ETA: 0.2m
  Progress: 137/140 | Rate: 0.29/s | ETA: 0.2m
  Progress: 138/140 | Rate: 0.29/s | ETA: 0.1m
  Progress: 139/140 | Rate: 0.29/s | ETA: 0.1m
  Progress: 140/140 | Rate: 0.29/s | ETA: 0.0m

✔ Done. 140 evaluations in 490.3s (0.29/s)
>>> gpt_oss_120b_utility_first_sample0_responses.jsonl  13:40:03Z

============================================================
  Judge:  deepseek (deepseek-ai/deepseek-v3.2-maas)
  Input:  runs/run_20260521/responses/gpt_oss_120b_utility_first_sample0_responses.jsonl
  Output: /home/satvik/Documents/CIKM/runs/run_20260521/evaluations/deepseek_evaluations_gpt_oss_120b_utility_first_sample0.jsonl
============================================================
  Remaining: 140 rows
  Progress: 1/140 | Rate: 0.38/s | ETA: 6.2m
  Progress: 2/140 | Rate: 0.48/s | ETA: 4.8m
  Progress: 3/140 | Rate: 0.53/s | ETA: 4.3m
  Progress: 4/140 | Rate: 0.45/s | ETA: 5.0m
  Progress: 5/140 | Rate: 0.48/s | ETA: 4.7m
  Progress: 6/140 | Rate: 0.45/s | ETA: 4.9m
  Progress: 7/140 | Rate: 0.48/s | ETA: 4.6m
  Progress: 8/140 | Rate: 0.45/s | ETA: 4.9m
  Progress: 9/140 | Rate: 0.46/s | ETA: 4.7m
  Progress: 10/140 | Rate: 0.46/s | ETA: 4.8m
  Progress: 11/140 | Rate: 0.45/s | ETA: 4.8m
  Progress: 12/140 | Rate: 0.46/s | ETA: 4.7m
  Progress: 13/140 | Rate: 0.47/s | ETA: 4.5m
  Progress: 14/140 | Rate: 0.47/s | ETA: 4.5m
  Progress: 15/140 | Rate: 0.48/s | ETA: 4.3m
  Progress: 16/140 | Rate: 0.45/s | ETA: 4.6m
  Progress: 17/140 | Rate: 0.46/s | ETA: 4.4m
  Progress: 18/140 | Rate: 0.47/s | ETA: 4.3m
  Progress: 19/140 | Rate: 0.48/s | ETA: 4.2m
  Progress: 20/140 | Rate: 0.48/s | ETA: 4.2m
  Progress: 21/140 | Rate: 0.49/s | ETA: 4.1m
  Progress: 22/140 | Rate: 0.47/s | ETA: 4.2m
  Progress: 23/140 | Rate: 0.47/s | ETA: 4.1m
  Progress: 24/140 | Rate: 0.48/s | ETA: 4.0m
  Progress: 25/140 | Rate: 0.48/s | ETA: 4.0m
  Progress: 26/140 | Rate: 0.47/s | ETA: 4.1m
  Progress: 27/140 | Rate: 0.46/s | ETA: 4.1m
  Progress: 28/140 | Rate: 0.46/s | ETA: 4.0m
  Progress: 29/140 | Rate: 0.47/s | ETA: 3.9m
  Progress: 30/140 | Rate: 0.47/s | ETA: 3.9m
  Progress: 31/140 | Rate: 0.48/s | ETA: 3.8m
  Progress: 32/140 | Rate: 0.48/s | ETA: 3.7m
  Progress: 33/140 | Rate: 0.48/s | ETA: 3.7m
  Progress: 34/140 | Rate: 0.45/s | ETA: 3.9m
  Progress: 35/140 | Rate: 0.44/s | ETA: 4.0m
  Progress: 36/140 | Rate: 0.44/s | ETA: 4.0m
  Progress: 37/140 | Rate: 0.44/s | ETA: 3.9m
  Progress: 38/140 | Rate: 0.45/s | ETA: 3.8m
  Progress: 39/140 | Rate: 0.45/s | ETA: 3.7m
  Progress: 40/140 | Rate: 0.42/s | ETA: 4.0m
  Progress: 41/140 | Rate: 0.42/s | ETA: 3.9m
  Progress: 42/140 | Rate: 0.42/s | ETA: 3.9m
  Progress: 43/140 | Rate: 0.43/s | ETA: 3.8m
  Progress: 44/140 | Rate: 0.43/s | ETA: 3.7m
  Progress: 45/140 | Rate: 0.41/s | ETA: 3.8m
  Progress: 46/140 | Rate: 0.42/s | ETA: 3.8m
  Progress: 47/140 | Rate: 0.42/s | ETA: 3.7m
  Progress: 48/140 | Rate: 0.42/s | ETA: 3.6m
  Progress: 49/140 | Rate: 0.43/s | ETA: 3.6m
  Progress: 50/140 | Rate: 0.43/s | ETA: 3.5m
  Progress: 51/140 | Rate: 0.43/s | ETA: 3.4m
  Progress: 52/140 | Rate: 0.43/s | ETA: 3.4m
  Progress: 53/140 | Rate: 0.44/s | ETA: 3.3m
  Progress: 54/140 | Rate: 0.40/s | ETA: 3.6m
  Progress: 55/140 | Rate: 0.39/s | ETA: 3.6m
  Progress: 56/140 | Rate: 0.38/s | ETA: 3.7m
  Progress: 57/140 | Rate: 0.38/s | ETA: 3.6m
  Progress: 58/140 | Rate: 0.39/s | ETA: 3.5m
  Progress: 59/140 | Rate: 0.37/s | ETA: 3.6m
  Progress: 60/140 | Rate: 0.38/s | ETA: 3.5m
  Progress: 61/140 | Rate: 0.38/s | ETA: 3.5m
  Progress: 62/140 | Rate: 0.38/s | ETA: 3.4m
  Progress: 63/140 | Rate: 0.38/s | ETA: 3.3m
  Progress: 64/140 | Rate: 0.38/s | ETA: 3.4m
  Progress: 65/140 | Rate: 0.38/s | ETA: 3.3m
  Progress: 66/140 | Rate: 0.38/s | ETA: 3.2m
  Progress: 67/140 | Rate: 0.38/s | ETA: 3.2m
  Progress: 68/140 | Rate: 0.38/s | ETA: 3.1m
  Progress: 69/140 | Rate: 0.36/s | ETA: 3.3m
  Progress: 70/140 | Rate: 0.37/s | ETA: 3.2m
  Progress: 71/140 | Rate: 0.37/s | ETA: 3.1m
  Progress: 72/140 | Rate: 0.37/s | ETA: 3.1m
  Progress: 73/140 | Rate: 0.37/s | ETA: 3.0m
  Progress: 74/140 | Rate: 0.37/s | ETA: 2.9m
  Progress: 75/140 | Rate: 0.36/s | ETA: 3.0m
  Progress: 76/140 | Rate: 0.37/s | ETA: 2.9m
  Progress: 77/140 | Rate: 0.37/s | ETA: 2.9m
  Progress: 78/140 | Rate: 0.36/s | ETA: 2.8m
  Progress: 79/140 | Rate: 0.36/s | ETA: 2.8m
  Progress: 80/140 | Rate: 0.37/s | ETA: 2.7m
  Progress: 81/140 | Rate: 0.37/s | ETA: 2.7m
  Progress: 82/140 | Rate: 0.37/s | ETA: 2.6m
  Progress: 83/140 | Rate: 0.37/s | ETA: 2.6m
  Progress: 84/140 | Rate: 0.37/s | ETA: 2.5m
  Progress: 85/140 | Rate: 0.37/s | ETA: 2.4m
  Progress: 86/140 | Rate: 0.37/s | ETA: 2.4m
  Progress: 87/140 | Rate: 0.37/s | ETA: 2.4m
  Progress: 88/140 | Rate: 0.38/s | ETA: 2.3m
  Progress: 89/140 | Rate: 0.38/s | ETA: 2.3m
  Progress: 90/140 | Rate: 0.38/s | ETA: 2.2m
  Progress: 91/140 | Rate: 0.38/s | ETA: 2.2m
  Progress: 92/140 | Rate: 0.38/s | ETA: 2.1m
  Progress: 93/140 | Rate: 0.38/s | ETA: 2.1m
  Progress: 94/140 | Rate: 0.38/s | ETA: 2.0m
  Progress: 95/140 | Rate: 0.38/s | ETA: 2.0m
  Progress: 96/140 | Rate: 0.38/s | ETA: 1.9m
  Progress: 97/140 | Rate: 0.38/s | ETA: 1.9m
  Progress: 98/140 | Rate: 0.38/s | ETA: 1.8m
  Progress: 99/140 | Rate: 0.38/s | ETA: 1.8m
  Progress: 100/140 | Rate: 0.38/s | ETA: 1.7m
  Progress: 101/140 | Rate: 0.39/s | ETA: 1.7m
  Progress: 102/140 | Rate: 0.39/s | ETA: 1.6m
  Progress: 103/140 | Rate: 0.39/s | ETA: 1.6m
  Progress: 104/140 | Rate: 0.39/s | ETA: 1.5m
  Progress: 105/140 | Rate: 0.39/s | ETA: 1.5m
  Progress: 106/140 | Rate: 0.39/s | ETA: 1.5m
  Progress: 107/140 | Rate: 0.39/s | ETA: 1.4m
  Progress: 108/140 | Rate: 0.39/s | ETA: 1.4m
  Progress: 109/140 | Rate: 0.39/s | ETA: 1.3m
  Progress: 110/140 | Rate: 0.39/s | ETA: 1.3m
  Progress: 111/140 | Rate: 0.39/s | ETA: 1.2m
  Progress: 112/140 | Rate: 0.39/s | ETA: 1.2m
  Progress: 113/140 | Rate: 0.39/s | ETA: 1.2m
  Progress: 114/140 | Rate: 0.39/s | ETA: 1.1m
  Progress: 115/140 | Rate: 0.39/s | ETA: 1.1m
  Progress: 116/140 | Rate: 0.38/s | ETA: 1.0m
  Progress: 117/140 | Rate: 0.39/s | ETA: 1.0m
  Progress: 118/140 | Rate: 0.39/s | ETA: 0.9m
  Progress: 119/140 | Rate: 0.39/s | ETA: 0.9m
  Progress: 120/140 | Rate: 0.39/s | ETA: 0.9m
  Progress: 121/140 | Rate: 0.39/s | ETA: 0.8m
  Progress: 122/140 | Rate: 0.39/s | ETA: 0.8m
  Progress: 123/140 | Rate: 0.39/s | ETA: 0.7m
  Progress: 124/140 | Rate: 0.39/s | ETA: 0.7m
  Progress: 125/140 | Rate: 0.39/s | ETA: 0.6m
  Progress: 126/140 | Rate: 0.39/s | ETA: 0.6m
  Progress: 127/140 | Rate: 0.39/s | ETA: 0.6m
  Progress: 128/140 | Rate: 0.39/s | ETA: 0.5m
  Progress: 129/140 | Rate: 0.39/s | ETA: 0.5m
  [cat6_real_005] [Attempt 1] HTTP 429: [{
  "error": {
    "code": 429,
    "message": "Resource exhausted. Please try again later. Please refer to https://clo — waiting 60s
  Progress: 130/140 | Rate: 0.32/s | ETA: 0.5m
  Progress: 131/140 | Rate: 0.33/s | ETA: 0.5m
  Progress: 132/140 | Rate: 0.33/s | ETA: 0.4m
  Progress: 133/140 | Rate: 0.33/s | ETA: 0.4m
  Progress: 134/140 | Rate: 0.33/s | ETA: 0.3m
  Progress: 135/140 | Rate: 0.33/s | ETA: 0.3m
  Progress: 136/140 | Rate: 0.33/s | ETA: 0.2m
  Progress: 137/140 | Rate: 0.33/s | ETA: 0.2m
  Progress: 138/140 | Rate: 0.33/s | ETA: 0.1m
  Progress: 139/140 | Rate: 0.33/s | ETA: 0.1m
  Progress: 140/140 | Rate: 0.33/s | ETA: 0.0m

✔ Done. 140 evaluations in 424.6s (0.33/s)
>>> gpt_oss_120b_utility_first_sample1_responses.jsonl  13:47:09Z

============================================================
  Judge:  deepseek (deepseek-ai/deepseek-v3.2-maas)
  Input:  runs/run_20260521/responses/gpt_oss_120b_utility_first_sample1_responses.jsonl
  Output: /home/satvik/Documents/CIKM/runs/run_20260521/evaluations/deepseek_evaluations_gpt_oss_120b_utility_first_sample1.jsonl
============================================================
  Remaining: 140 rows
  Progress: 1/140 | Rate: 0.15/s | ETA: 15.4m
  Progress: 2/140 | Rate: 0.21/s | ETA: 11.0m
  Progress: 3/140 | Rate: 0.27/s | ETA: 8.3m
  Progress: 4/140 | Rate: 0.32/s | ETA: 7.1m
  [cat1_orig_005] [Attempt 1] HTTP 429: [{
  "error": {
    "code": 429,
    "message": "Resource exhausted. Please try again later. Please refer to https://clo — waiting 60s
  Progress: 5/140 | Rate: 0.06/s | ETA: 35.3m
  Progress: 6/140 | Rate: 0.08/s | ETA: 29.7m
  Progress: 7/140 | Rate: 0.08/s | ETA: 26.6m
  Progress: 8/140 | Rate: 0.09/s | ETA: 23.6m
  Progress: 9/140 | Rate: 0.10/s | ETA: 21.2m
  Progress: 10/140 | Rate: 0.11/s | ETA: 19.2m
  Progress: 11/140 | Rate: 0.12/s | ETA: 17.7m
  Progress: 12/140 | Rate: 0.13/s | ETA: 16.9m
  Progress: 13/140 | Rate: 0.13/s | ETA: 15.7m
  Progress: 14/140 | Rate: 0.14/s | ETA: 14.7m
  Progress: 15/140 | Rate: 0.14/s | ETA: 14.4m
  Progress: 16/140 | Rate: 0.15/s | ETA: 13.6m
  Progress: 17/140 | Rate: 0.16/s | ETA: 12.9m
  Progress: 18/140 | Rate: 0.16/s | ETA: 12.5m
  Progress: 19/140 | Rate: 0.17/s | ETA: 12.0m
  Progress: 20/140 | Rate: 0.17/s | ETA: 11.5m
  Progress: 21/140 | Rate: 0.18/s | ETA: 11.1m
  Progress: 22/140 | Rate: 0.19/s | ETA: 10.6m
  Progress: 23/140 | Rate: 0.18/s | ETA: 10.6m
  Progress: 24/140 | Rate: 0.19/s | ETA: 10.2m
  Progress: 25/140 | Rate: 0.20/s | ETA: 9.8m
  Progress: 26/140 | Rate: 0.20/s | ETA: 9.5m
  [cat3_orig_007] [Attempt 1] HTTP 429: [{
  "error": {
    "code": 429,
    "message": "Resource exhausted. Please try again later. Please refer to https://clo — waiting 60s
  Progress: 27/140 | Rate: 0.14/s | ETA: 13.3m
  Progress: 28/140 | Rate: 0.14/s | ETA: 12.9m
  Progress: 29/140 | Rate: 0.15/s | ETA: 12.5m
  Progress: 30/140 | Rate: 0.15/s | ETA: 12.0m
  Progress: 31/140 | Rate: 0.16/s | ETA: 11.7m
  Progress: 32/140 | Rate: 0.16/s | ETA: 11.3m
  Progress: 33/140 | Rate: 0.16/s | ETA: 11.0m
  Progress: 34/140 | Rate: 0.17/s | ETA: 10.7m
  Progress: 35/140 | Rate: 0.16/s | ETA: 11.0m
  Progress: 36/140 | Rate: 0.16/s | ETA: 10.7m
  Progress: 37/140 | Rate: 0.17/s | ETA: 10.4m
  Progress: 38/140 | Rate: 0.17/s | ETA: 10.1m
  Progress: 39/140 | Rate: 0.17/s | ETA: 9.8m
  Progress: 40/140 | Rate: 0.18/s | ETA: 9.5m
  Progress: 41/140 | Rate: 0.18/s | ETA: 9.3m
  Progress: 42/140 | Rate: 0.18/s | ETA: 9.1m
  Progress: 43/140 | Rate: 0.18/s | ETA: 9.1m
  Progress: 44/140 | Rate: 0.18/s | ETA: 8.9m
  Progress: 45/140 | Rate: 0.18/s | ETA: 8.6m
  Progress: 46/140 | Rate: 0.19/s | ETA: 8.4m
  Progress: 47/140 | Rate: 0.19/s | ETA: 8.2m
  Progress: 48/140 | Rate: 0.19/s | ETA: 8.0m
  Progress: 49/140 | Rate: 0.19/s | ETA: 7.8m
  Progress: 50/140 | Rate: 0.20/s | ETA: 7.6m
  Progress: 51/140 | Rate: 0.20/s | ETA: 7.6m
  Progress: 52/140 | Rate: 0.20/s | ETA: 7.4m
  Progress: 53/140 | Rate: 0.20/s | ETA: 7.2m
  Progress: 54/140 | Rate: 0.20/s | ETA: 7.1m
  Progress: 55/140 | Rate: 0.21/s | ETA: 6.9m
  Progress: 56/140 | Rate: 0.21/s | ETA: 6.7m
  Progress: 57/140 | Rate: 0.21/s | ETA: 6.6m
  Progress: 58/140 | Rate: 0.21/s | ETA: 6.4m
  Progress: 59/140 | Rate: 0.21/s | ETA: 6.3m
  Progress: 60/140 | Rate: 0.22/s | ETA: 6.2m
  Progress: 61/140 | Rate: 0.22/s | ETA: 6.0m
  Progress: 62/140 | Rate: 0.22/s | ETA: 5.9m
  Progress: 63/140 | Rate: 0.22/s | ETA: 5.8m
  Progress: 64/140 | Rate: 0.22/s | ETA: 5.6m
  Progress: 65/140 | Rate: 0.23/s | ETA: 5.5m
  Progress: 66/140 | Rate: 0.23/s | ETA: 5.4m
  Progress: 67/140 | Rate: 0.23/s | ETA: 5.3m
  Progress: 68/140 | Rate: 0.23/s | ETA: 5.2m
  Progress: 69/140 | Rate: 0.23/s | ETA: 5.0m
  Progress: 70/140 | Rate: 0.24/s | ETA: 4.9m
  Progress: 71/140 | Rate: 0.24/s | ETA: 4.8m
  Progress: 72/140 | Rate: 0.24/s | ETA: 4.7m
  Progress: 73/140 | Rate: 0.24/s | ETA: 4.7m
  Progress: 74/140 | Rate: 0.24/s | ETA: 4.6m
  Progress: 75/140 | Rate: 0.24/s | ETA: 4.5m
  Progress: 76/140 | Rate: 0.24/s | ETA: 4.4m
  Progress: 77/140 | Rate: 0.25/s | ETA: 4.3m
  Progress: 78/140 | Rate: 0.25/s | ETA: 4.2m
  Progress: 79/140 | Rate: 0.25/s | ETA: 4.1m
  Progress: 80/140 | Rate: 0.24/s | ETA: 4.2m
  Progress: 81/140 | Rate: 0.24/s | ETA: 4.1m
  Progress: 82/140 | Rate: 0.24/s | ETA: 4.0m
  Progress: 83/140 | Rate: 0.24/s | ETA: 3.9m
  Progress: 84/140 | Rate: 0.25/s | ETA: 3.8m
  Progress: 85/140 | Rate: 0.25/s | ETA: 3.7m
  Progress: 86/140 | Rate: 0.25/s | ETA: 3.6m
  Progress: 87/140 | Rate: 0.25/s | ETA: 3.5m
  Progress: 88/140 | Rate: 0.25/s | ETA: 3.4m
  Progress: 89/140 | Rate: 0.25/s | ETA: 3.4m
  Progress: 90/140 | Rate: 0.25/s | ETA: 3.3m
  Progress: 91/140 | Rate: 0.26/s | ETA: 3.2m
  Progress: 92/140 | Rate: 0.25/s | ETA: 3.1m
  Progress: 93/140 | Rate: 0.26/s | ETA: 3.1m
  Progress: 94/140 | Rate: 0.26/s | ETA: 3.0m
  Progress: 95/140 | Rate: 0.26/s | ETA: 2.9m
  Progress: 96/140 | Rate: 0.26/s | ETA: 2.8m
  Progress: 97/140 | Rate: 0.26/s | ETA: 2.7m
  Progress: 98/140 | Rate: 0.26/s | ETA: 2.7m
  Progress: 99/140 | Rate: 0.26/s | ETA: 2.6m
  Progress: 100/140 | Rate: 0.26/s | ETA: 2.5m
  Progress: 101/140 | Rate: 0.26/s | ETA: 2.5m
  Progress: 102/140 | Rate: 0.27/s | ETA: 2.4m
  Progress: 103/140 | Rate: 0.27/s | ETA: 2.3m
  Progress: 104/140 | Rate: 0.27/s | ETA: 2.3m
  Progress: 105/140 | Rate: 0.27/s | ETA: 2.2m
  Progress: 106/140 | Rate: 0.27/s | ETA: 2.1m
  Progress: 107/140 | Rate: 0.27/s | ETA: 2.0m
  Progress: 108/140 | Rate: 0.27/s | ETA: 2.0m
  Progress: 109/140 | Rate: 0.27/s | ETA: 1.9m
  Progress: 110/140 | Rate: 0.27/s | ETA: 1.8m
  Progress: 111/140 | Rate: 0.27/s | ETA: 1.8m
  Progress: 112/140 | Rate: 0.27/s | ETA: 1.7m
  Progress: 113/140 | Rate: 0.28/s | ETA: 1.6m
  Progress: 114/140 | Rate: 0.28/s | ETA: 1.6m
  Progress: 115/140 | Rate: 0.27/s | ETA: 1.5m
  Progress: 116/140 | Rate: 0.27/s | ETA: 1.5m
  Progress: 117/140 | Rate: 0.27/s | ETA: 1.4m
  Progress: 118/140 | Rate: 0.28/s | ETA: 1.3m
  Progress: 119/140 | Rate: 0.28/s | ETA: 1.3m
  Progress: 120/140 | Rate: 0.28/s | ETA: 1.2m
  Progress: 121/140 | Rate: 0.28/s | ETA: 1.1m
  Progress: 122/140 | Rate: 0.28/s | ETA: 1.1m
  Progress: 123/140 | Rate: 0.28/s | ETA: 1.0m
  Progress: 124/140 | Rate: 0.28/s | ETA: 1.0m
  Progress: 125/140 | Rate: 0.28/s | ETA: 0.9m
  Progress: 126/140 | Rate: 0.28/s | ETA: 0.8m
  Progress: 127/140 | Rate: 0.28/s | ETA: 0.8m
  Progress: 128/140 | Rate: 0.28/s | ETA: 0.7m
  Progress: 129/140 | Rate: 0.29/s | ETA: 0.6m
  Progress: 130/140 | Rate: 0.29/s | ETA: 0.6m
  Progress: 131/140 | Rate: 0.29/s | ETA: 0.5m
  Progress: 132/140 | Rate: 0.29/s | ETA: 0.5m
  Progress: 133/140 | Rate: 0.29/s | ETA: 0.4m
  Progress: 134/140 | Rate: 0.29/s | ETA: 0.3m
  Progress: 135/140 | Rate: 0.29/s | ETA: 0.3m
  Progress: 136/140 | Rate: 0.29/s | ETA: 0.2m
  Progress: 137/140 | Rate: 0.29/s | ETA: 0.2m
  Progress: 138/140 | Rate: 0.29/s | ETA: 0.1m
  Progress: 139/140 | Rate: 0.30/s | ETA: 0.1m
  Progress: 140/140 | Rate: 0.30/s | ETA: 0.0m

✔ Done. 140 evaluations in 471.8s (0.30/s)
>>> gpt_oss_120b_utility_first_sample2_responses.jsonl  13:55:05Z

============================================================
  Judge:  deepseek (deepseek-ai/deepseek-v3.2-maas)
  Input:  runs/run_20260521/responses/gpt_oss_120b_utility_first_sample2_responses.jsonl
  Output: /home/satvik/Documents/CIKM/runs/run_20260521/evaluations/deepseek_evaluations_gpt_oss_120b_utility_first_sample2.jsonl
============================================================
  Remaining: 140 rows
  Progress: 1/140 | Rate: 0.61/s | ETA: 3.8m
  Progress: 2/140 | Rate: 0.73/s | ETA: 3.2m
  Progress: 3/140 | Rate: 0.42/s | ETA: 5.4m
  Progress: 4/140 | Rate: 0.45/s | ETA: 5.0m
  Progress: 5/140 | Rate: 0.44/s | ETA: 5.1m
  Progress: 6/140 | Rate: 0.44/s | ETA: 5.0m
  Progress: 7/140 | Rate: 0.45/s | ETA: 5.0m
  Progress: 8/140 | Rate: 0.46/s | ETA: 4.8m
  Progress: 9/140 | Rate: 0.48/s | ETA: 4.6m
  Progress: 10/140 | Rate: 0.49/s | ETA: 4.4m
  Progress: 11/140 | Rate: 0.42/s | ETA: 5.2m
  Progress: 12/140 | Rate: 0.43/s | ETA: 5.0m
  Progress: 13/140 | Rate: 0.43/s | ETA: 4.9m
  Progress: 14/140 | Rate: 0.32/s | ETA: 6.5m
  Progress: 15/140 | Rate: 0.33/s | ETA: 6.4m
  Progress: 16/140 | Rate: 0.32/s | ETA: 6.4m
  Progress: 17/140 | Rate: 0.33/s | ETA: 6.2m
  Progress: 18/140 | Rate: 0.33/s | ETA: 6.2m
  Progress: 19/140 | Rate: 0.34/s | ETA: 6.0m
  Progress: 20/140 | Rate: 0.35/s | ETA: 5.8m
  Progress: 21/140 | Rate: 0.35/s | ETA: 5.6m
  Progress: 22/140 | Rate: 0.36/s | ETA: 5.4m
  Progress: 23/140 | Rate: 0.37/s | ETA: 5.3m
  Progress: 24/140 | Rate: 0.37/s | ETA: 5.3m
  Progress: 25/140 | Rate: 0.37/s | ETA: 5.2m
  Progress: 26/140 | Rate: 0.38/s | ETA: 5.0m
  Progress: 27/140 | Rate: 0.38/s | ETA: 4.9m
  Progress: 28/140 | Rate: 0.38/s | ETA: 4.9m
  Progress: 29/140 | Rate: 0.39/s | ETA: 4.8m
  Progress: 30/140 | Rate: 0.39/s | ETA: 4.7m
  Progress: 31/140 | Rate: 0.39/s | ETA: 4.7m
  Progress: 32/140 | Rate: 0.39/s | ETA: 4.6m
  Progress: 33/140 | Rate: 0.38/s | ETA: 4.6m
  Progress: 34/140 | Rate: 0.39/s | ETA: 4.5m
  Progress: 35/140 | Rate: 0.38/s | ETA: 4.6m
  Progress: 36/140 | Rate: 0.38/s | ETA: 4.5m
  Progress: 37/140 | Rate: 0.38/s | ETA: 4.5m
  Progress: 38/140 | Rate: 0.38/s | ETA: 4.5m
  Progress: 39/140 | Rate: 0.38/s | ETA: 4.4m
  Progress: 40/140 | Rate: 0.37/s | ETA: 4.5m
  Progress: 41/140 | Rate: 0.37/s | ETA: 4.4m
  Progress: 42/140 | Rate: 0.37/s | ETA: 4.4m
  Progress: 43/140 | Rate: 0.37/s | ETA: 4.3m
  Progress: 44/140 | Rate: 0.38/s | ETA: 4.3m
  Progress: 45/140 | Rate: 0.38/s | ETA: 4.2m
  Progress: 46/140 | Rate: 0.38/s | ETA: 4.1m
  Progress: 47/140 | Rate: 0.38/s | ETA: 4.1m
  Progress: 48/140 | Rate: 0.38/s | ETA: 4.1m
  Progress: 49/140 | Rate: 0.38/s | ETA: 4.0m
  Progress: 50/140 | Rate: 0.38/s | ETA: 3.9m
  Progress: 51/140 | Rate: 0.38/s | ETA: 3.9m
  Progress: 52/140 | Rate: 0.39/s | ETA: 3.8m
  Progress: 53/140 | Rate: 0.37/s | ETA: 3.9m
  Progress: 54/140 | Rate: 0.37/s | ETA: 3.8m
  Progress: 55/140 | Rate: 0.37/s | ETA: 3.8m
  Progress: 56/140 | Rate: 0.37/s | ETA: 3.8m
  Progress: 57/140 | Rate: 0.37/s | ETA: 3.7m
  Progress: 58/140 | Rate: 0.38/s | ETA: 3.6m
  Progress: 59/140 | Rate: 0.38/s | ETA: 3.6m
  Progress: 60/140 | Rate: 0.38/s | ETA: 3.5m
  Progress: 61/140 | Rate: 0.37/s | ETA: 3.6m
  Progress: 62/140 | Rate: 0.37/s | ETA: 3.5m
  Progress: 63/140 | Rate: 0.37/s | ETA: 3.5m
  Progress: 64/140 | Rate: 0.37/s | ETA: 3.4m
  Progress: 65/140 | Rate: 0.38/s | ETA: 3.3m
  Progress: 66/140 | Rate: 0.38/s | ETA: 3.3m
  Progress: 67/140 | Rate: 0.38/s | ETA: 3.2m
  Progress: 68/140 | Rate: 0.38/s | ETA: 3.1m
  Progress: 69/140 | Rate: 0.38/s | ETA: 3.1m
  [cat7_orig_010] [Attempt 1] HTTP 429: [{
  "error": {
    "code": 429,
    "message": "Resource exhausted. Please try again later. Please refer to https://clo — waiting 60s
  Progress: 70/140 | Rate: 0.29/s | ETA: 4.0m
  Progress: 71/140 | Rate: 0.29/s | ETA: 4.0m
  Progress: 72/140 | Rate: 0.29/s | ETA: 3.9m
  Progress: 73/140 | Rate: 0.29/s | ETA: 3.8m
  Progress: 74/140 | Rate: 0.29/s | ETA: 3.8m
  Progress: 75/140 | Rate: 0.29/s | ETA: 3.7m
  Progress: 76/140 | Rate: 0.30/s | ETA: 3.6m
  Progress: 77/140 | Rate: 0.30/s | ETA: 3.5m
  Progress: 78/140 | Rate: 0.29/s | ETA: 3.5m
  Progress: 79/140 | Rate: 0.29/s | ETA: 3.5m
  Progress: 80/140 | Rate: 0.30/s | ETA: 3.4m
  Progress: 81/140 | Rate: 0.30/s | ETA: 3.3m
  Progress: 82/140 | Rate: 0.30/s | ETA: 3.2m
  Progress: 83/140 | Rate: 0.29/s | ETA: 3.3m
  Progress: 84/140 | Rate: 0.29/s | ETA: 3.2m
  Progress: 85/140 | Rate: 0.29/s | ETA: 3.1m
  Progress: 86/140 | Rate: 0.30/s | ETA: 3.0m
  Progress: 87/140 | Rate: 0.30/s | ETA: 3.0m
  Progress: 88/140 | Rate: 0.30/s | ETA: 2.9m
  Progress: 89/140 | Rate: 0.30/s | ETA: 2.9m
  Progress: 90/140 | Rate: 0.30/s | ETA: 2.8m
  Progress: 91/140 | Rate: 0.30/s | ETA: 2.7m
  Progress: 92/140 | Rate: 0.30/s | ETA: 2.7m
  Progress: 93/140 | Rate: 0.30/s | ETA: 2.6m
  Progress: 94/140 | Rate: 0.30/s | ETA: 2.5m
  Progress: 95/140 | Rate: 0.31/s | ETA: 2.5m
  Progress: 96/140 | Rate: 0.31/s | ETA: 2.4m
  Progress: 97/140 | Rate: 0.31/s | ETA: 2.3m
  Progress: 98/140 | Rate: 0.31/s | ETA: 2.3m
  Progress: 99/140 | Rate: 0.31/s | ETA: 2.2m
  Progress: 100/140 | Rate: 0.30/s | ETA: 2.2m
  Progress: 101/140 | Rate: 0.30/s | ETA: 2.2m
  Progress: 102/140 | Rate: 0.30/s | ETA: 2.1m
  Progress: 103/140 | Rate: 0.30/s | ETA: 2.0m
  Progress: 104/140 | Rate: 0.31/s | ETA: 2.0m
  Progress: 105/140 | Rate: 0.31/s | ETA: 1.9m
  Progress: 106/140 | Rate: 0.31/s | ETA: 1.8m
  Progress: 107/140 | Rate: 0.31/s | ETA: 1.8m
  Progress: 108/140 | Rate: 0.31/s | ETA: 1.7m
  Progress: 109/140 | Rate: 0.30/s | ETA: 1.7m
  Progress: 110/140 | Rate: 0.30/s | ETA: 1.6m
  Progress: 111/140 | Rate: 0.30/s | ETA: 1.6m
  Progress: 112/140 | Rate: 0.31/s | ETA: 1.5m
  Progress: 113/140 | Rate: 0.31/s | ETA: 1.5m
  Progress: 114/140 | Rate: 0.31/s | ETA: 1.4m
  Progress: 115/140 | Rate: 0.31/s | ETA: 1.3m
  Progress: 116/140 | Rate: 0.31/s | ETA: 1.3m
  Progress: 117/140 | Rate: 0.31/s | ETA: 1.2m
  Progress: 118/140 | Rate: 0.31/s | ETA: 1.2m
  Progress: 119/140 | Rate: 0.31/s | ETA: 1.1m
  Progress: 120/140 | Rate: 0.31/s | ETA: 1.1m
  Progress: 121/140 | Rate: 0.32/s | ETA: 1.0m
  Progress: 122/140 | Rate: 0.32/s | ETA: 0.9m
  Progress: 123/140 | Rate: 0.32/s | ETA: 0.9m
  Progress: 124/140 | Rate: 0.32/s | ETA: 0.8m
  Progress: 125/140 | Rate: 0.32/s | ETA: 0.8m
  Progress: 126/140 | Rate: 0.32/s | ETA: 0.7m
  Progress: 127/140 | Rate: 0.32/s | ETA: 0.7m
  Progress: 128/140 | Rate: 0.32/s | ETA: 0.6m
  Progress: 129/140 | Rate: 0.32/s | ETA: 0.6m
  Progress: 130/140 | Rate: 0.32/s | ETA: 0.5m
  Progress: 131/140 | Rate: 0.33/s | ETA: 0.5m
  Progress: 132/140 | Rate: 0.33/s | ETA: 0.4m
  Progress: 133/140 | Rate: 0.33/s | ETA: 0.4m
  Progress: 134/140 | Rate: 0.33/s | ETA: 0.3m
  Progress: 135/140 | Rate: 0.33/s | ETA: 0.3m
  Progress: 136/140 | Rate: 0.33/s | ETA: 0.2m
  Progress: 137/140 | Rate: 0.33/s | ETA: 0.2m
  Progress: 138/140 | Rate: 0.32/s | ETA: 0.1m
  Progress: 139/140 | Rate: 0.32/s | ETA: 0.1m
  Progress: 140/140 | Rate: 0.32/s | ETA: 0.0m

✔ Done. 140 evaluations in 442.4s (0.32/s)
>>> gpt_oss_120b_vanilla_sample0_responses.jsonl  14:02:28Z

============================================================
  Judge:  deepseek (deepseek-ai/deepseek-v3.2-maas)
  Input:  runs/run_20260521/responses/gpt_oss_120b_vanilla_sample0_responses.jsonl
  Output: /home/satvik/Documents/CIKM/runs/run_20260521/evaluations/deepseek_evaluations_gpt_oss_120b_vanilla_sample0.jsonl
============================================================
  Remaining: 140 rows
  Progress: 1/140 | Rate: 0.56/s | ETA: 4.2m
  Progress: 2/140 | Rate: 0.58/s | ETA: 4.0m
  Progress: 3/140 | Rate: 0.38/s | ETA: 5.9m
  Progress: 4/140 | Rate: 0.42/s | ETA: 5.4m
  Progress: 5/140 | Rate: 0.45/s | ETA: 4.9m
  Progress: 6/140 | Rate: 0.47/s | ETA: 4.7m
  Progress: 7/140 | Rate: 0.48/s | ETA: 4.6m
  Progress: 8/140 | Rate: 0.49/s | ETA: 4.5m
  Progress: 9/140 | Rate: 0.49/s | ETA: 4.4m
  Progress: 10/140 | Rate: 0.49/s | ETA: 4.4m
  Progress: 11/140 | Rate: 0.50/s | ETA: 4.3m
  Progress: 12/140 | Rate: 0.51/s | ETA: 4.2m
  Progress: 13/140 | Rate: 0.45/s | ETA: 4.7m
  Progress: 14/140 | Rate: 0.45/s | ETA: 4.7m
  Progress: 15/140 | Rate: 0.46/s | ETA: 4.5m
  Progress: 16/140 | Rate: 0.44/s | ETA: 4.7m
  Progress: 17/140 | Rate: 0.45/s | ETA: 4.6m
  Progress: 18/140 | Rate: 0.42/s | ETA: 4.8m
  Progress: 19/140 | Rate: 0.43/s | ETA: 4.7m
  Progress: 20/140 | Rate: 0.43/s | ETA: 4.6m
  Progress: 21/140 | Rate: 0.40/s | ETA: 5.0m
  Progress: 22/140 | Rate: 0.40/s | ETA: 4.9m
  Progress: 23/140 | Rate: 0.40/s | ETA: 4.9m
  Progress: 24/140 | Rate: 0.40/s | ETA: 4.8m
  Progress: 25/140 | Rate: 0.40/s | ETA: 4.8m
  Progress: 26/140 | Rate: 0.41/s | ETA: 4.6m
  Progress: 27/140 | Rate: 0.41/s | ETA: 4.5m
  Progress: 28/140 | Rate: 0.42/s | ETA: 4.5m
  Progress: 29/140 | Rate: 0.35/s | ETA: 5.2m
  Progress: 30/140 | Rate: 0.34/s | ETA: 5.4m
  Progress: 31/140 | Rate: 0.34/s | ETA: 5.3m
  Progress: 32/140 | Rate: 0.35/s | ETA: 5.2m
  Progress: 33/140 | Rate: 0.35/s | ETA: 5.1m
  Progress: 34/140 | Rate: 0.35/s | ETA: 5.0m
  Progress: 35/140 | Rate: 0.36/s | ETA: 4.9m
  Progress: 36/140 | Rate: 0.36/s | ETA: 4.8m
  Progress: 37/140 | Rate: 0.36/s | ETA: 4.7m
  Progress: 38/140 | Rate: 0.37/s | ETA: 4.6m
  Progress: 39/140 | Rate: 0.37/s | ETA: 4.6m
  Progress: 40/140 | Rate: 0.37/s | ETA: 4.5m
  Progress: 41/140 | Rate: 0.36/s | ETA: 4.6m
  Progress: 42/140 | Rate: 0.36/s | ETA: 4.6m
  Progress: 43/140 | Rate: 0.36/s | ETA: 4.5m
  Progress: 44/140 | Rate: 0.36/s | ETA: 4.4m
  Progress: 45/140 | Rate: 0.37/s | ETA: 4.3m
  Progress: 46/140 | Rate: 0.36/s | ETA: 4.4m
  Progress: 47/140 | Rate: 0.36/s | ETA: 4.3m
  Progress: 48/140 | Rate: 0.36/s | ETA: 4.2m
  Progress: 49/140 | Rate: 0.36/s | ETA: 4.2m
  Progress: 50/140 | Rate: 0.37/s | ETA: 4.1m
  Progress: 51/140 | Rate: 0.37/s | ETA: 4.1m
  Progress: 52/140 | Rate: 0.37/s | ETA: 4.0m
  Progress: 53/140 | Rate: 0.37/s | ETA: 3.9m
  Progress: 54/140 | Rate: 0.37/s | ETA: 3.8m
  Progress: 55/140 | Rate: 0.37/s | ETA: 3.8m
  Progress: 56/140 | Rate: 0.37/s | ETA: 3.8m
  Progress: 57/140 | Rate: 0.37/s | ETA: 3.7m
  Progress: 58/140 | Rate: 0.37/s | ETA: 3.7m
  Progress: 59/140 | Rate: 0.38/s | ETA: 3.6m
  Progress: 60/140 | Rate: 0.38/s | ETA: 3.5m
  Progress: 61/140 | Rate: 0.37/s | ETA: 3.5m
  Progress: 62/140 | Rate: 0.38/s | ETA: 3.5m
  Progress: 63/140 | Rate: 0.38/s | ETA: 3.4m
  Progress: 64/140 | Rate: 0.38/s | ETA: 3.3m
  Progress: 65/140 | Rate: 0.38/s | ETA: 3.3m
  Progress: 66/140 | Rate: 0.38/s | ETA: 3.3m
  Progress: 67/140 | Rate: 0.38/s | ETA: 3.2m
  Progress: 68/140 | Rate: 0.38/s | ETA: 3.2m
  Progress: 69/140 | Rate: 0.38/s | ETA: 3.1m
  Progress: 70/140 | Rate: 0.38/s | ETA: 3.0m
  Progress: 71/140 | Rate: 0.39/s | ETA: 3.0m
  Progress: 72/140 | Rate: 0.38/s | ETA: 3.0m
  Progress: 73/140 | Rate: 0.39/s | ETA: 2.9m
  Progress: 74/140 | Rate: 0.39/s | ETA: 2.8m
  Progress: 75/140 | Rate: 0.39/s | ETA: 2.8m
  Progress: 76/140 | Rate: 0.39/s | ETA: 2.7m
  Progress: 77/140 | Rate: 0.39/s | ETA: 2.7m
  Progress: 78/140 | Rate: 0.39/s | ETA: 2.6m
  Progress: 79/140 | Rate: 0.39/s | ETA: 2.6m
  Progress: 80/140 | Rate: 0.40/s | ETA: 2.5m
  Progress: 81/140 | Rate: 0.40/s | ETA: 2.5m
  Progress: 82/140 | Rate: 0.40/s | ETA: 2.4m
  Progress: 83/140 | Rate: 0.40/s | ETA: 2.4m
  Progress: 84/140 | Rate: 0.40/s | ETA: 2.3m
  Progress: 85/140 | Rate: 0.40/s | ETA: 2.3m
  Progress: 86/140 | Rate: 0.40/s | ETA: 2.3m
  Progress: 87/140 | Rate: 0.40/s | ETA: 2.2m
  Progress: 88/140 | Rate: 0.40/s | ETA: 2.2m
  Progress: 89/140 | Rate: 0.40/s | ETA: 2.1m
  Progress: 90/140 | Rate: 0.40/s | ETA: 2.1m
  Progress: 91/140 | Rate: 0.41/s | ETA: 2.0m
  Progress: 92/140 | Rate: 0.41/s | ETA: 2.0m
  Progress: 93/140 | Rate: 0.41/s | ETA: 1.9m
  Progress: 94/140 | Rate: 0.41/s | ETA: 1.9m
  Progress: 95/140 | Rate: 0.41/s | ETA: 1.8m
  Progress: 96/140 | Rate: 0.41/s | ETA: 1.8m
  Progress: 97/140 | Rate: 0.41/s | ETA: 1.7m
  Progress: 98/140 | Rate: 0.41/s | ETA: 1.7m
  Progress: 99/140 | Rate: 0.41/s | ETA: 1.7m
  Progress: 100/140 | Rate: 0.41/s | ETA: 1.6m
  Progress: 101/140 | Rate: 0.41/s | ETA: 1.6m
  Progress: 102/140 | Rate: 0.41/s | ETA: 1.5m
  Progress: 103/140 | Rate: 0.41/s | ETA: 1.5m
  Progress: 104/140 | Rate: 0.41/s | ETA: 1.5m
  Progress: 105/140 | Rate: 0.41/s | ETA: 1.4m
  Progress: 106/140 | Rate: 0.41/s | ETA: 1.4m
  Progress: 107/140 | Rate: 0.41/s | ETA: 1.4m
  Progress: 108/140 | Rate: 0.41/s | ETA: 1.3m
  Progress: 109/140 | Rate: 0.41/s | ETA: 1.3m
  Progress: 110/140 | Rate: 0.41/s | ETA: 1.2m
  Progress: 111/140 | Rate: 0.41/s | ETA: 1.2m
  Progress: 112/140 | Rate: 0.40/s | ETA: 1.2m
  Progress: 113/140 | Rate: 0.40/s | ETA: 1.1m
  Progress: 114/140 | Rate: 0.40/s | ETA: 1.1m
  Progress: 115/140 | Rate: 0.40/s | ETA: 1.0m
  Progress: 116/140 | Rate: 0.40/s | ETA: 1.0m
  Progress: 117/140 | Rate: 0.40/s | ETA: 1.0m
  Progress: 118/140 | Rate: 0.40/s | ETA: 0.9m
  Progress: 119/140 | Rate: 0.40/s | ETA: 0.9m
  Progress: 120/140 | Rate: 0.40/s | ETA: 0.8m
  Progress: 121/140 | Rate: 0.40/s | ETA: 0.8m
  Progress: 122/140 | Rate: 0.41/s | ETA: 0.7m
  Progress: 123/140 | Rate: 0.41/s | ETA: 0.7m
  Progress: 124/140 | Rate: 0.41/s | ETA: 0.7m
  Progress: 125/140 | Rate: 0.41/s | ETA: 0.6m
  Progress: 126/140 | Rate: 0.41/s | ETA: 0.6m
  Progress: 127/140 | Rate: 0.41/s | ETA: 0.5m
  Progress: 128/140 | Rate: 0.41/s | ETA: 0.5m
  Progress: 129/140 | Rate: 0.41/s | ETA: 0.4m
  Progress: 130/140 | Rate: 0.40/s | ETA: 0.4m
  Progress: 131/140 | Rate: 0.40/s | ETA: 0.4m
  Progress: 132/140 | Rate: 0.40/s | ETA: 0.3m
  Progress: 133/140 | Rate: 0.40/s | ETA: 0.3m
  Progress: 134/140 | Rate: 0.40/s | ETA: 0.2m
  Progress: 135/140 | Rate: 0.41/s | ETA: 0.2m
  Progress: 136/140 | Rate: 0.40/s | ETA: 0.2m
  Progress: 137/140 | Rate: 0.40/s | ETA: 0.1m
  Progress: 138/140 | Rate: 0.40/s | ETA: 0.1m
  Progress: 139/140 | Rate: 0.41/s | ETA: 0.0m
  Progress: 140/140 | Rate: 0.40/s | ETA: 0.0m

✔ Done. 140 evaluations in 346.5s (0.40/s)
>>> gpt_oss_120b_vanilla_sample1_responses.jsonl  14:08:19Z

============================================================
  Judge:  deepseek (deepseek-ai/deepseek-v3.2-maas)
  Input:  runs/run_20260521/responses/gpt_oss_120b_vanilla_sample1_responses.jsonl
  Output: /home/satvik/Documents/CIKM/runs/run_20260521/evaluations/deepseek_evaluations_gpt_oss_120b_vanilla_sample1.jsonl
============================================================
  Remaining: 140 rows
  Progress: 1/140 | Rate: 0.51/s | ETA: 4.5m
  Progress: 2/140 | Rate: 0.59/s | ETA: 3.9m
  Progress: 3/140 | Rate: 0.37/s | ETA: 6.2m
  Progress: 4/140 | Rate: 0.38/s | ETA: 5.9m
  Progress: 5/140 | Rate: 0.41/s | ETA: 5.5m
  Progress: 6/140 | Rate: 0.41/s | ETA: 5.5m
  Progress: 7/140 | Rate: 0.42/s | ETA: 5.2m
  Progress: 8/140 | Rate: 0.44/s | ETA: 5.1m
  Progress: 9/140 | Rate: 0.45/s | ETA: 4.8m
  Progress: 10/140 | Rate: 0.46/s | ETA: 4.7m
  Progress: 11/140 | Rate: 0.47/s | ETA: 4.6m
  Progress: 12/140 | Rate: 0.45/s | ETA: 4.7m
  Progress: 13/140 | Rate: 0.42/s | ETA: 5.0m
  Progress: 14/140 | Rate: 0.42/s | ETA: 5.0m
  Progress: 15/140 | Rate: 0.41/s | ETA: 5.0m
  Progress: 16/140 | Rate: 0.42/s | ETA: 4.9m
  Progress: 17/140 | Rate: 0.43/s | ETA: 4.8m
  Progress: 18/140 | Rate: 0.43/s | ETA: 4.7m
  Progress: 19/140 | Rate: 0.44/s | ETA: 4.6m
  Progress: 20/140 | Rate: 0.44/s | ETA: 4.5m
  Progress: 21/140 | Rate: 0.45/s | ETA: 4.4m
  Progress: 22/140 | Rate: 0.45/s | ETA: 4.4m
  Progress: 23/140 | Rate: 0.46/s | ETA: 4.3m
  Progress: 24/140 | Rate: 0.46/s | ETA: 4.2m
  Progress: 25/140 | Rate: 0.46/s | ETA: 4.1m
  Progress: 26/140 | Rate: 0.47/s | ETA: 4.1m
  Progress: 27/140 | Rate: 0.47/s | ETA: 4.0m
  Progress: 28/140 | Rate: 0.47/s | ETA: 3.9m
  Progress: 29/140 | Rate: 0.47/s | ETA: 3.9m
  Progress: 30/140 | Rate: 0.47/s | ETA: 3.9m
  Progress: 31/140 | Rate: 0.47/s | ETA: 3.9m
  Progress: 32/140 | Rate: 0.41/s | ETA: 4.4m
  Progress: 33/140 | Rate: 0.42/s | ETA: 4.3m
  Progress: 34/140 | Rate: 0.40/s | ETA: 4.4m
  Progress: 35/140 | Rate: 0.39/s | ETA: 4.5m
  Progress: 36/140 | Rate: 0.39/s | ETA: 4.4m
  Progress: 37/140 | Rate: 0.38/s | ETA: 4.5m
  Progress: 38/140 | Rate: 0.39/s | ETA: 4.4m
  Progress: 39/140 | Rate: 0.39/s | ETA: 4.3m
  Progress: 40/140 | Rate: 0.40/s | ETA: 4.2m
  Progress: 41/140 | Rate: 0.39/s | ETA: 4.2m
  Progress: 42/140 | Rate: 0.39/s | ETA: 4.2m
  Progress: 43/140 | Rate: 0.39/s | ETA: 4.2m
  Progress: 44/140 | Rate: 0.39/s | ETA: 4.1m
  Progress: 45/140 | Rate: 0.39/s | ETA: 4.1m
  Progress: 46/140 | Rate: 0.39/s | ETA: 4.0m
  Progress: 47/140 | Rate: 0.39/s | ETA: 3.9m
  Progress: 48/140 | Rate: 0.39/s | ETA: 4.0m
  Progress: 49/140 | Rate: 0.39/s | ETA: 3.9m
  Progress: 50/140 | Rate: 0.39/s | ETA: 3.9m
  Progress: 51/140 | Rate: 0.39/s | ETA: 3.8m
  Progress: 52/140 | Rate: 0.39/s | ETA: 3.8m
  Progress: 53/140 | Rate: 0.39/s | ETA: 3.7m
  Progress: 54/140 | Rate: 0.39/s | ETA: 3.7m
  Progress: 55/140 | Rate: 0.39/s | ETA: 3.6m
  Progress: 56/140 | Rate: 0.37/s | ETA: 3.8m
  Progress: 57/140 | Rate: 0.37/s | ETA: 3.7m
  Progress: 58/140 | Rate: 0.38/s | ETA: 3.6m
  Progress: 59/140 | Rate: 0.38/s | ETA: 3.6m
  Progress: 60/140 | Rate: 0.36/s | ETA: 3.7m
  Progress: 61/140 | Rate: 0.37/s | ETA: 3.6m
  Progress: 62/140 | Rate: 0.37/s | ETA: 3.5m
  Progress: 63/140 | Rate: 0.37/s | ETA: 3.5m
  Progress: 64/140 | Rate: 0.37/s | ETA: 3.4m
  Progress: 65/140 | Rate: 0.37/s | ETA: 3.3m
  Progress: 66/140 | Rate: 0.37/s | ETA: 3.3m
  Progress: 67/140 | Rate: 0.37/s | ETA: 3.2m
  Progress: 68/140 | Rate: 0.38/s | ETA: 3.2m
  Progress: 69/140 | Rate: 0.38/s | ETA: 3.1m
  Progress: 70/140 | Rate: 0.38/s | ETA: 3.1m
  Progress: 71/140 | Rate: 0.38/s | ETA: 3.0m
  Progress: 72/140 | Rate: 0.38/s | ETA: 3.0m
  Progress: 73/140 | Rate: 0.38/s | ETA: 2.9m
  Progress: 74/140 | Rate: 0.39/s | ETA: 2.9m
  Progress: 75/140 | Rate: 0.39/s | ETA: 2.8m
  Progress: 76/140 | Rate: 0.39/s | ETA: 2.8m
  Progress: 77/140 | Rate: 0.39/s | ETA: 2.7m
  Progress: 78/140 | Rate: 0.39/s | ETA: 2.7m
  Progress: 79/140 | Rate: 0.39/s | ETA: 2.6m
  Progress: 80/140 | Rate: 0.39/s | ETA: 2.5m
  Progress: 81/140 | Rate: 0.39/s | ETA: 2.5m
  Progress: 82/140 | Rate: 0.39/s | ETA: 2.5m
  Progress: 83/140 | Rate: 0.40/s | ETA: 2.4m
  Progress: 84/140 | Rate: 0.40/s | ETA: 2.3m
  Progress: 85/140 | Rate: 0.40/s | ETA: 2.3m
  Progress: 86/140 | Rate: 0.40/s | ETA: 2.2m
  Progress: 87/140 | Rate: 0.40/s | ETA: 2.2m
  Progress: 88/140 | Rate: 0.40/s | ETA: 2.1m
  Progress: 89/140 | Rate: 0.40/s | ETA: 2.1m
  Progress: 90/140 | Rate: 0.40/s | ETA: 2.1m
  Progress: 91/140 | Rate: 0.40/s | ETA: 2.0m
  Progress: 92/140 | Rate: 0.40/s | ETA: 2.0m
  Progress: 93/140 | Rate: 0.40/s | ETA: 1.9m
  Progress: 94/140 | Rate: 0.40/s | ETA: 1.9m
  Progress: 95/140 | Rate: 0.40/s | ETA: 1.9m
  Progress: 96/140 | Rate: 0.41/s | ETA: 1.8m
  Progress: 97/140 | Rate: 0.41/s | ETA: 1.8m
  Progress: 98/140 | Rate: 0.40/s | ETA: 1.7m
  Progress: 99/140 | Rate: 0.40/s | ETA: 1.7m
  Progress: 100/140 | Rate: 0.41/s | ETA: 1.6m
  Progress: 101/140 | Rate: 0.41/s | ETA: 1.6m
  Progress: 102/140 | Rate: 0.41/s | ETA: 1.5m
  Progress: 103/140 | Rate: 0.41/s | ETA: 1.5m
  Progress: 104/140 | Rate: 0.41/s | ETA: 1.5m
  Progress: 105/140 | Rate: 0.41/s | ETA: 1.4m
  Progress: 106/140 | Rate: 0.41/s | ETA: 1.4m
  Progress: 107/140 | Rate: 0.41/s | ETA: 1.3m
  Progress: 108/140 | Rate: 0.41/s | ETA: 1.3m
  Progress: 109/140 | Rate: 0.41/s | ETA: 1.3m
  Progress: 110/140 | Rate: 0.41/s | ETA: 1.2m
  Progress: 111/140 | Rate: 0.41/s | ETA: 1.2m
  Progress: 112/140 | Rate: 0.41/s | ETA: 1.1m
  Progress: 113/140 | Rate: 0.42/s | ETA: 1.1m
  Progress: 114/140 | Rate: 0.42/s | ETA: 1.0m
  Progress: 115/140 | Rate: 0.42/s | ETA: 1.0m
  Progress: 116/140 | Rate: 0.42/s | ETA: 1.0m
  Progress: 117/140 | Rate: 0.42/s | ETA: 0.9m
  Progress: 118/140 | Rate: 0.42/s | ETA: 0.9m
  Progress: 119/140 | Rate: 0.42/s | ETA: 0.8m
  Progress: 120/140 | Rate: 0.42/s | ETA: 0.8m
  Progress: 121/140 | Rate: 0.42/s | ETA: 0.8m
  Progress: 122/140 | Rate: 0.42/s | ETA: 0.7m
  Progress: 123/140 | Rate: 0.41/s | ETA: 0.7m
  Progress: 124/140 | Rate: 0.41/s | ETA: 0.6m
  Progress: 125/140 | Rate: 0.41/s | ETA: 0.6m
  Progress: 126/140 | Rate: 0.41/s | ETA: 0.6m
  Progress: 127/140 | Rate: 0.41/s | ETA: 0.5m
  Progress: 128/140 | Rate: 0.41/s | ETA: 0.5m
  Progress: 129/140 | Rate: 0.41/s | ETA: 0.4m
  Progress: 130/140 | Rate: 0.41/s | ETA: 0.4m
  Progress: 131/140 | Rate: 0.42/s | ETA: 0.4m
  Progress: 132/140 | Rate: 0.41/s | ETA: 0.3m
  Progress: 133/140 | Rate: 0.42/s | ETA: 0.3m
  Progress: 134/140 | Rate: 0.42/s | ETA: 0.2m
  Progress: 135/140 | Rate: 0.42/s | ETA: 0.2m
  Progress: 136/140 | Rate: 0.42/s | ETA: 0.2m
  Progress: 137/140 | Rate: 0.42/s | ETA: 0.1m
  Progress: 138/140 | Rate: 0.42/s | ETA: 0.1m
  Progress: 139/140 | Rate: 0.42/s | ETA: 0.0m
  Progress: 140/140 | Rate: 0.42/s | ETA: 0.0m

✔ Done. 140 evaluations in 333.0s (0.42/s)
>>> gpt_oss_120b_vanilla_sample2_responses.jsonl  14:13:53Z

============================================================
  Judge:  deepseek (deepseek-ai/deepseek-v3.2-maas)
  Input:  runs/run_20260521/responses/gpt_oss_120b_vanilla_sample2_responses.jsonl
  Output: /home/satvik/Documents/CIKM/runs/run_20260521/evaluations/deepseek_evaluations_gpt_oss_120b_vanilla_sample2.jsonl
============================================================
  Remaining: 140 rows
  Progress: 1/140 | Rate: 0.30/s | ETA: 7.6m
  Progress: 2/140 | Rate: 0.40/s | ETA: 5.7m
  Progress: 3/140 | Rate: 0.41/s | ETA: 5.5m
  Progress: 4/140 | Rate: 0.40/s | ETA: 5.7m
  Progress: 5/140 | Rate: 0.42/s | ETA: 5.4m
  Progress: 6/140 | Rate: 0.45/s | ETA: 4.9m
  Progress: 7/140 | Rate: 0.41/s | ETA: 5.5m
  Progress: 8/140 | Rate: 0.42/s | ETA: 5.2m
  Progress: 9/140 | Rate: 0.43/s | ETA: 5.0m
  Progress: 10/140 | Rate: 0.45/s | ETA: 4.9m
  Progress: 11/140 | Rate: 0.46/s | ETA: 4.7m
  Progress: 12/140 | Rate: 0.47/s | ETA: 4.5m
  Progress: 13/140 | Rate: 0.39/s | ETA: 5.5m
  Progress: 14/140 | Rate: 0.39/s | ETA: 5.3m
  Progress: 15/140 | Rate: 0.41/s | ETA: 5.1m
  Progress: 16/140 | Rate: 0.41/s | ETA: 5.0m
  Progress: 17/140 | Rate: 0.42/s | ETA: 4.9m
  Progress: 18/140 | Rate: 0.43/s | ETA: 4.7m
  Progress: 19/140 | Rate: 0.43/s | ETA: 4.7m
  Progress: 20/140 | Rate: 0.43/s | ETA: 4.7m
  Progress: 21/140 | Rate: 0.44/s | ETA: 4.6m
  Progress: 22/140 | Rate: 0.44/s | ETA: 4.5m
  Progress: 23/140 | Rate: 0.42/s | ETA: 4.6m
  Progress: 24/140 | Rate: 0.42/s | ETA: 4.6m
  Progress: 25/140 | Rate: 0.43/s | ETA: 4.5m
  Progress: 26/140 | Rate: 0.43/s | ETA: 4.4m
  Progress: 27/140 | Rate: 0.43/s | ETA: 4.4m
  Progress: 28/140 | Rate: 0.43/s | ETA: 4.3m
  Progress: 29/140 | Rate: 0.42/s | ETA: 4.4m
  Progress: 30/140 | Rate: 0.43/s | ETA: 4.3m
  Progress: 31/140 | Rate: 0.43/s | ETA: 4.2m
  Progress: 32/140 | Rate: 0.43/s | ETA: 4.2m
  Progress: 33/140 | Rate: 0.44/s | ETA: 4.1m
  Progress: 34/140 | Rate: 0.44/s | ETA: 4.0m
  Progress: 35/140 | Rate: 0.45/s | ETA: 3.9m
  Progress: 36/140 | Rate: 0.45/s | ETA: 3.8m
  Progress: 37/140 | Rate: 0.45/s | ETA: 3.8m
  Progress: 38/140 | Rate: 0.45/s | ETA: 3.8m
  Progress: 39/140 | Rate: 0.45/s | ETA: 3.8m
  Progress: 40/140 | Rate: 0.45/s | ETA: 3.7m
  Progress: 41/140 | Rate: 0.45/s | ETA: 3.6m
  Progress: 42/140 | Rate: 0.46/s | ETA: 3.6m
  Progress: 43/140 | Rate: 0.46/s | ETA: 3.5m
  Progress: 44/140 | Rate: 0.46/s | ETA: 3.5m
  Progress: 45/140 | Rate: 0.46/s | ETA: 3.4m
  Progress: 46/140 | Rate: 0.46/s | ETA: 3.4m
  Progress: 47/140 | Rate: 0.46/s | ETA: 3.4m
  Progress: 48/140 | Rate: 0.46/s | ETA: 3.3m
  Progress: 49/140 | Rate: 0.47/s | ETA: 3.3m
  Progress: 50/140 | Rate: 0.46/s | ETA: 3.3m
  Progress: 51/140 | Rate: 0.46/s | ETA: 3.2m
  Progress: 52/140 | Rate: 0.46/s | ETA: 3.2m
  Progress: 53/140 | Rate: 0.46/s | ETA: 3.1m
  Progress: 54/140 | Rate: 0.46/s | ETA: 3.1m
  Progress: 55/140 | Rate: 0.46/s | ETA: 3.0m
  Progress: 56/140 | Rate: 0.45/s | ETA: 3.1m
  Progress: 57/140 | Rate: 0.46/s | ETA: 3.0m
  Progress: 58/140 | Rate: 0.45/s | ETA: 3.0m
  Progress: 59/140 | Rate: 0.45/s | ETA: 3.0m
  Progress: 60/140 | Rate: 0.46/s | ETA: 2.9m
  Progress: 61/140 | Rate: 0.46/s | ETA: 2.9m
  Progress: 62/140 | Rate: 0.46/s | ETA: 2.8m
  Progress: 63/140 | Rate: 0.46/s | ETA: 2.8m
  Progress: 64/140 | Rate: 0.46/s | ETA: 2.8m
  Progress: 65/140 | Rate: 0.46/s | ETA: 2.7m
  Progress: 66/140 | Rate: 0.45/s | ETA: 2.8m
  Progress: 67/140 | Rate: 0.45/s | ETA: 2.7m
  Progress: 68/140 | Rate: 0.45/s | ETA: 2.7m
  Progress: 69/140 | Rate: 0.45/s | ETA: 2.6m
  Progress: 70/140 | Rate: 0.43/s | ETA: 2.7m
  Progress: 71/140 | Rate: 0.43/s | ETA: 2.7m
  Progress: 72/140 | Rate: 0.43/s | ETA: 2.6m
  Progress: 73/140 | Rate: 0.43/s | ETA: 2.6m
  Progress: 74/140 | Rate: 0.43/s | ETA: 2.6m
  Progress: 75/140 | Rate: 0.41/s | ETA: 2.6m
  Progress: 76/140 | Rate: 0.41/s | ETA: 2.6m
  Progress: 77/140 | Rate: 0.42/s | ETA: 2.5m
  Progress: 78/140 | Rate: 0.42/s | ETA: 2.5m
  Progress: 79/140 | Rate: 0.42/s | ETA: 2.4m
  Progress: 80/140 | Rate: 0.42/s | ETA: 2.4m
  Progress: 81/140 | Rate: 0.42/s | ETA: 2.4m
  Progress: 82/140 | Rate: 0.42/s | ETA: 2.3m
  Progress: 83/140 | Rate: 0.41/s | ETA: 2.3m
  Progress: 84/140 | Rate: 0.42/s | ETA: 2.2m
  Progress: 85/140 | Rate: 0.42/s | ETA: 2.2m
  Progress: 86/140 | Rate: 0.42/s | ETA: 2.1m
  Progress: 87/140 | Rate: 0.42/s | ETA: 2.1m
  Progress: 88/140 | Rate: 0.42/s | ETA: 2.1m
  Progress: 89/140 | Rate: 0.42/s | ETA: 2.0m
  Progress: 90/140 | Rate: 0.42/s | ETA: 2.0m
  Progress: 91/140 | Rate: 0.42/s | ETA: 1.9m
  Progress: 92/140 | Rate: 0.42/s | ETA: 1.9m
  Progress: 93/140 | Rate: 0.42/s | ETA: 1.8m
  Progress: 94/140 | Rate: 0.43/s | ETA: 1.8m
  Progress: 95/140 | Rate: 0.43/s | ETA: 1.8m
  Progress: 96/140 | Rate: 0.43/s | ETA: 1.7m
  Progress: 97/140 | Rate: 0.43/s | ETA: 1.7m
  Progress: 98/140 | Rate: 0.43/s | ETA: 1.6m
  Progress: 99/140 | Rate: 0.43/s | ETA: 1.6m
  Progress: 100/140 | Rate: 0.43/s | ETA: 1.6m
  Progress: 101/140 | Rate: 0.43/s | ETA: 1.5m
  Progress: 102/140 | Rate: 0.43/s | ETA: 1.5m
  Progress: 103/140 | Rate: 0.43/s | ETA: 1.4m
  Progress: 104/140 | Rate: 0.43/s | ETA: 1.4m
  Progress: 105/140 | Rate: 0.43/s | ETA: 1.4m
  Progress: 106/140 | Rate: 0.43/s | ETA: 1.3m
  Progress: 107/140 | Rate: 0.43/s | ETA: 1.3m
  Progress: 108/140 | Rate: 0.43/s | ETA: 1.2m
  Progress: 109/140 | Rate: 0.43/s | ETA: 1.2m
  Progress: 110/140 | Rate: 0.44/s | ETA: 1.1m
  Progress: 111/140 | Rate: 0.44/s | ETA: 1.1m
  Progress: 112/140 | Rate: 0.44/s | ETA: 1.1m
  Progress: 113/140 | Rate: 0.44/s | ETA: 1.0m
  Progress: 114/140 | Rate: 0.44/s | ETA: 1.0m
  Progress: 115/140 | Rate: 0.44/s | ETA: 0.9m
  Progress: 116/140 | Rate: 0.44/s | ETA: 0.9m
  Progress: 117/140 | Rate: 0.44/s | ETA: 0.9m
  Progress: 118/140 | Rate: 0.44/s | ETA: 0.8m
  Progress: 119/140 | Rate: 0.44/s | ETA: 0.8m
  Progress: 120/140 | Rate: 0.44/s | ETA: 0.8m
  Progress: 121/140 | Rate: 0.44/s | ETA: 0.7m
  Progress: 122/140 | Rate: 0.45/s | ETA: 0.7m
  Progress: 123/140 | Rate: 0.44/s | ETA: 0.6m
  Progress: 124/140 | Rate: 0.44/s | ETA: 0.6m
  Progress: 125/140 | Rate: 0.44/s | ETA: 0.6m
  Progress: 126/140 | Rate: 0.42/s | ETA: 0.6m
  Progress: 127/140 | Rate: 0.42/s | ETA: 0.5m
  Progress: 128/140 | Rate: 0.42/s | ETA: 0.5m
  Progress: 129/140 | Rate: 0.42/s | ETA: 0.4m
  Progress: 130/140 | Rate: 0.42/s | ETA: 0.4m
  Progress: 131/140 | Rate: 0.42/s | ETA: 0.4m
  Progress: 132/140 | Rate: 0.42/s | ETA: 0.3m
  Progress: 133/140 | Rate: 0.43/s | ETA: 0.3m
  Progress: 134/140 | Rate: 0.43/s | ETA: 0.2m
  Progress: 135/140 | Rate: 0.43/s | ETA: 0.2m
  Progress: 136/140 | Rate: 0.43/s | ETA: 0.2m
  Progress: 137/140 | Rate: 0.43/s | ETA: 0.1m
  Progress: 138/140 | Rate: 0.43/s | ETA: 0.1m
  Progress: 139/140 | Rate: 0.43/s | ETA: 0.0m
  Progress: 140/140 | Rate: 0.43/s | ETA: 0.0m

✔ Done. 140 evaluations in 325.3s (0.43/s)
>>> grok_4_20_clarification_first_sample0_responses.jsonl  14:19:19Z

============================================================
  Judge:  deepseek (deepseek-ai/deepseek-v3.2-maas)
  Input:  runs/run_20260521/responses/grok_4_20_clarification_first_sample0_responses.jsonl
  Output: /home/satvik/Documents/CIKM/runs/run_20260521/evaluations/deepseek_evaluations_grok_4_20_clarification_first_sample0.jsonl
============================================================
  Remaining: 140 rows
  Progress: 1/140 | Rate: 0.25/s | ETA: 9.2m
  Progress: 2/140 | Rate: 0.33/s | ETA: 6.9m
  Progress: 3/140 | Rate: 0.40/s | ETA: 5.6m
  Progress: 4/140 | Rate: 0.47/s | ETA: 4.8m
  Progress: 5/140 | Rate: 0.47/s | ETA: 4.7m
  Progress: 6/140 | Rate: 0.29/s | ETA: 7.8m
  Progress: 7/140 | Rate: 0.31/s | ETA: 7.1m
  Progress: 8/140 | Rate: 0.33/s | ETA: 6.6m
  Progress: 9/140 | Rate: 0.35/s | ETA: 6.2m
  Progress: 10/140 | Rate: 0.37/s | ETA: 5.8m
  Progress: 11/140 | Rate: 0.38/s | ETA: 5.6m
  Progress: 12/140 | Rate: 0.40/s | ETA: 5.3m
  Progress: 13/140 | Rate: 0.38/s | ETA: 5.6m
  Progress: 14/140 | Rate: 0.38/s | ETA: 5.5m
  Progress: 15/140 | Rate: 0.39/s | ETA: 5.3m
  Progress: 16/140 | Rate: 0.40/s | ETA: 5.1m
  Progress: 17/140 | Rate: 0.41/s | ETA: 5.0m
  Progress: 18/140 | Rate: 0.42/s | ETA: 4.9m
  Progress: 19/140 | Rate: 0.42/s | ETA: 4.8m
  Progress: 20/140 | Rate: 0.43/s | ETA: 4.7m
  Progress: 21/140 | Rate: 0.44/s | ETA: 4.5m
  Progress: 22/140 | Rate: 0.42/s | ETA: 4.7m
  Progress: 23/140 | Rate: 0.43/s | ETA: 4.6m
  Progress: 24/140 | Rate: 0.43/s | ETA: 4.5m
  Progress: 25/140 | Rate: 0.44/s | ETA: 4.4m
  Progress: 26/140 | Rate: 0.44/s | ETA: 4.3m
  Progress: 27/140 | Rate: 0.45/s | ETA: 4.2m
  Progress: 28/140 | Rate: 0.46/s | ETA: 4.1m
  Progress: 29/140 | Rate: 0.45/s | ETA: 4.1m
  Progress: 30/140 | Rate: 0.45/s | ETA: 4.0m
  Progress: 31/140 | Rate: 0.46/s | ETA: 4.0m
  Progress: 32/140 | Rate: 0.46/s | ETA: 3.9m
  Progress: 33/140 | Rate: 0.47/s | ETA: 3.8m
  Progress: 34/140 | Rate: 0.47/s | ETA: 3.8m
  Progress: 35/140 | Rate: 0.47/s | ETA: 3.7m
  Progress: 36/140 | Rate: 0.47/s | ETA: 3.7m
  Progress: 37/140 | Rate: 0.46/s | ETA: 3.7m
  Progress: 38/140 | Rate: 0.47/s | ETA: 3.6m
  Progress: 39/140 | Rate: 0.47/s | ETA: 3.6m
  Progress: 40/140 | Rate: 0.47/s | ETA: 3.5m
  Progress: 41/140 | Rate: 0.42/s | ETA: 4.0m
  Progress: 42/140 | Rate: 0.42/s | ETA: 3.9m
  Progress: 43/140 | Rate: 0.42/s | ETA: 3.8m
  Progress: 44/140 | Rate: 0.42/s | ETA: 3.8m
  Progress: 45/140 | Rate: 0.42/s | ETA: 3.7m
  Progress: 46/140 | Rate: 0.43/s | ETA: 3.7m
  Progress: 47/140 | Rate: 0.43/s | ETA: 3.6m
  Progress: 48/140 | Rate: 0.43/s | ETA: 3.5m
  Progress: 49/140 | Rate: 0.44/s | ETA: 3.5m
  Progress: 50/140 | Rate: 0.44/s | ETA: 3.4m
  Progress: 51/140 | Rate: 0.43/s | ETA: 3.5m
  Progress: 52/140 | Rate: 0.43/s | ETA: 3.4m
  Progress: 53/140 | Rate: 0.42/s | ETA: 3.5m
  Progress: 54/140 | Rate: 0.42/s | ETA: 3.4m
  Progress: 55/140 | Rate: 0.42/s | ETA: 3.3m
  Progress: 56/140 | Rate: 0.43/s | ETA: 3.3m
  Progress: 57/140 | Rate: 0.43/s | ETA: 3.2m
  Progress: 58/140 | Rate: 0.43/s | ETA: 3.2m
  Progress: 59/140 | Rate: 0.44/s | ETA: 3.1m
  Progress: 60/140 | Rate: 0.44/s | ETA: 3.0m
  Progress: 61/140 | Rate: 0.43/s | ETA: 3.0m
  Progress: 62/140 | Rate: 0.43/s | ETA: 3.0m
  Progress: 63/140 | Rate: 0.44/s | ETA: 2.9m
  Progress: 64/140 | Rate: 0.44/s | ETA: 2.9m
  Progress: 65/140 | Rate: 0.44/s | ETA: 2.8m
  Progress: 66/140 | Rate: 0.44/s | ETA: 2.8m
  Progress: 67/140 | Rate: 0.45/s | ETA: 2.7m
  Progress: 68/140 | Rate: 0.45/s | ETA: 2.7m
  Progress: 69/140 | Rate: 0.45/s | ETA: 2.6m
  Progress: 70/140 | Rate: 0.45/s | ETA: 2.6m
  Progress: 71/140 | Rate: 0.43/s | ETA: 2.7m
  Progress: 72/140 | Rate: 0.43/s | ETA: 2.6m
  Progress: 73/140 | Rate: 0.44/s | ETA: 2.6m
  Progress: 74/140 | Rate: 0.44/s | ETA: 2.5m
  Progress: 75/140 | Rate: 0.41/s | ETA: 2.6m
  Progress: 76/140 | Rate: 0.41/s | ETA: 2.6m
  Progress: 77/140 | Rate: 0.41/s | ETA: 2.5m
  Progress: 78/140 | Rate: 0.42/s | ETA: 2.5m
  Progress: 79/140 | Rate: 0.42/s | ETA: 2.4m
  Progress: 80/140 | Rate: 0.42/s | ETA: 2.4m
  Progress: 81/140 | Rate: 0.42/s | ETA: 2.3m
  Progress: 82/140 | Rate: 0.42/s | ETA: 2.3m
  Progress: 83/140 | Rate: 0.42/s | ETA: 2.3m
  Progress: 84/140 | Rate: 0.42/s | ETA: 2.2m
  Progress: 85/140 | Rate: 0.42/s | ETA: 2.2m
  Progress: 86/140 | Rate: 0.43/s | ETA: 2.1m
  Progress: 87/140 | Rate: 0.43/s | ETA: 2.1m
  Progress: 88/140 | Rate: 0.43/s | ETA: 2.0m
  Progress: 89/140 | Rate: 0.43/s | ETA: 2.0m
  Progress: 90/140 | Rate: 0.42/s | ETA: 2.0m
  Progress: 91/140 | Rate: 0.41/s | ETA: 2.0m
  Progress: 92/140 | Rate: 0.42/s | ETA: 1.9m
  Progress: 93/140 | Rate: 0.42/s | ETA: 1.9m
  Progress: 94/140 | Rate: 0.42/s | ETA: 1.8m
  Progress: 95/140 | Rate: 0.42/s | ETA: 1.8m
  Progress: 96/140 | Rate: 0.41/s | ETA: 1.8m
  Progress: 97/140 | Rate: 0.41/s | ETA: 1.8m
  Progress: 98/140 | Rate: 0.41/s | ETA: 1.7m
  Progress: 99/140 | Rate: 0.41/s | ETA: 1.7m
  Progress: 100/140 | Rate: 0.41/s | ETA: 1.6m
  Progress: 101/140 | Rate: 0.41/s | ETA: 1.6m
  Progress: 102/140 | Rate: 0.41/s | ETA: 1.5m
  Progress: 103/140 | Rate: 0.41/s | ETA: 1.5m
  Progress: 104/140 | Rate: 0.41/s | ETA: 1.5m
  Progress: 105/140 | Rate: 0.41/s | ETA: 1.4m
  Progress: 106/140 | Rate: 0.41/s | ETA: 1.4m
  Progress: 107/140 | Rate: 0.41/s | ETA: 1.3m
  Progress: 108/140 | Rate: 0.41/s | ETA: 1.3m
  Progress: 109/140 | Rate: 0.41/s | ETA: 1.3m
  Progress: 110/140 | Rate: 0.41/s | ETA: 1.2m
  Progress: 111/140 | Rate: 0.41/s | ETA: 1.2m
  Progress: 112/140 | Rate: 0.41/s | ETA: 1.1m
  Progress: 113/140 | Rate: 0.41/s | ETA: 1.1m
  Progress: 114/140 | Rate: 0.41/s | ETA: 1.1m
  Progress: 115/140 | Rate: 0.41/s | ETA: 1.0m
  Progress: 116/140 | Rate: 0.41/s | ETA: 1.0m
  Progress: 117/140 | Rate: 0.41/s | ETA: 0.9m
  Progress: 118/140 | Rate: 0.41/s | ETA: 0.9m
  Progress: 119/140 | Rate: 0.40/s | ETA: 0.9m
  Progress: 120/140 | Rate: 0.40/s | ETA: 0.8m
  Progress: 121/140 | Rate: 0.41/s | ETA: 0.8m
  Progress: 122/140 | Rate: 0.41/s | ETA: 0.7m
  Progress: 123/140 | Rate: 0.41/s | ETA: 0.7m
  Progress: 124/140 | Rate: 0.41/s | ETA: 0.7m
  Progress: 125/140 | Rate: 0.41/s | ETA: 0.6m
  Progress: 126/140 | Rate: 0.41/s | ETA: 0.6m
  Progress: 127/140 | Rate: 0.41/s | ETA: 0.5m
  Progress: 128/140 | Rate: 0.40/s | ETA: 0.5m
  Progress: 129/140 | Rate: 0.40/s | ETA: 0.5m
  Progress: 130/140 | Rate: 0.40/s | ETA: 0.4m
  Progress: 131/140 | Rate: 0.40/s | ETA: 0.4m
  Progress: 132/140 | Rate: 0.40/s | ETA: 0.3m
  Progress: 133/140 | Rate: 0.40/s | ETA: 0.3m
  Progress: 134/140 | Rate: 0.40/s | ETA: 0.2m
  Progress: 135/140 | Rate: 0.40/s | ETA: 0.2m
  Progress: 136/140 | Rate: 0.40/s | ETA: 0.2m
  Progress: 137/140 | Rate: 0.40/s | ETA: 0.1m
  Progress: 138/140 | Rate: 0.40/s | ETA: 0.1m
  Progress: 139/140 | Rate: 0.40/s | ETA: 0.0m
  Progress: 140/140 | Rate: 0.40/s | ETA: 0.0m

✔ Done. 140 evaluations in 346.9s (0.40/s)
>>> grok_4_20_clarification_first_sample1_responses.jsonl  14:25:07Z

============================================================
  Judge:  deepseek (deepseek-ai/deepseek-v3.2-maas)
  Input:  runs/run_20260521/responses/grok_4_20_clarification_first_sample1_responses.jsonl
  Output: /home/satvik/Documents/CIKM/runs/run_20260521/evaluations/deepseek_evaluations_grok_4_20_clarification_first_sample1.jsonl
============================================================
  Remaining: 140 rows
  Progress: 1/140 | Rate: 0.39/s | ETA: 5.9m
  Progress: 2/140 | Rate: 0.51/s | ETA: 4.5m
  Progress: 3/140 | Rate: 0.28/s | ETA: 8.2m
  Progress: 4/140 | Rate: 0.32/s | ETA: 7.1m
  Progress: 5/140 | Rate: 0.35/s | ETA: 6.4m
  Progress: 6/140 | Rate: 0.31/s | ETA: 7.1m
  Progress: 7/140 | Rate: 0.34/s | ETA: 6.5m
  Progress: 8/140 | Rate: 0.36/s | ETA: 6.1m
  Progress: 9/140 | Rate: 0.37/s | ETA: 5.9m
  Progress: 10/140 | Rate: 0.39/s | ETA: 5.5m
  Progress: 11/140 | Rate: 0.41/s | ETA: 5.3m
  Progress: 12/140 | Rate: 0.42/s | ETA: 5.1m
  Progress: 13/140 | Rate: 0.43/s | ETA: 4.9m
  Progress: 14/140 | Rate: 0.44/s | ETA: 4.8m
  Progress: 15/140 | Rate: 0.44/s | ETA: 4.8m
  Progress: 16/140 | Rate: 0.41/s | ETA: 5.1m
  Progress: 17/140 | Rate: 0.41/s | ETA: 5.0m
  Progress: 18/140 | Rate: 0.41/s | ETA: 5.0m
  Progress: 19/140 | Rate: 0.42/s | ETA: 4.8m
  Progress: 20/140 | Rate: 0.42/s | ETA: 4.7m
  Progress: 21/140 | Rate: 0.43/s | ETA: 4.6m
  Progress: 22/140 | Rate: 0.43/s | ETA: 4.5m
  Progress: 23/140 | Rate: 0.44/s | ETA: 4.5m
  Progress: 24/140 | Rate: 0.44/s | ETA: 4.4m
  Progress: 25/140 | Rate: 0.44/s | ETA: 4.3m
  Progress: 26/140 | Rate: 0.45/s | ETA: 4.3m
  Progress: 27/140 | Rate: 0.45/s | ETA: 4.2m
  Progress: 28/140 | Rate: 0.45/s | ETA: 4.1m
  Progress: 29/140 | Rate: 0.46/s | ETA: 4.1m
  Progress: 30/140 | Rate: 0.46/s | ETA: 4.0m
  Progress: 31/140 | Rate: 0.47/s | ETA: 3.9m
  Progress: 32/140 | Rate: 0.47/s | ETA: 3.8m
  Progress: 33/140 | Rate: 0.47/s | ETA: 3.8m
  Progress: 34/140 | Rate: 0.48/s | ETA: 3.7m
  Progress: 35/140 | Rate: 0.48/s | ETA: 3.6m
  Progress: 36/140 | Rate: 0.48/s | ETA: 3.6m
  Progress: 37/140 | Rate: 0.48/s | ETA: 3.5m
  Progress: 38/140 | Rate: 0.49/s | ETA: 3.5m
  Progress: 39/140 | Rate: 0.49/s | ETA: 3.4m
  Progress: 40/140 | Rate: 0.49/s | ETA: 3.4m
  Progress: 41/140 | Rate: 0.41/s | ETA: 4.0m
  Progress: 42/140 | Rate: 0.41/s | ETA: 4.0m
  Progress: 43/140 | Rate: 0.42/s | ETA: 3.9m
  Progress: 44/140 | Rate: 0.42/s | ETA: 3.8m
  Progress: 45/140 | Rate: 0.42/s | ETA: 3.8m
  Progress: 46/140 | Rate: 0.42/s | ETA: 3.7m
  Progress: 47/140 | Rate: 0.42/s | ETA: 3.7m
  Progress: 48/140 | Rate: 0.43/s | ETA: 3.6m
  Progress: 49/140 | Rate: 0.43/s | ETA: 3.5m
  Progress: 50/140 | Rate: 0.42/s | ETA: 3.5m
  Progress: 51/140 | Rate: 0.43/s | ETA: 3.5m
  Progress: 52/140 | Rate: 0.43/s | ETA: 3.4m
  Progress: 53/140 | Rate: 0.43/s | ETA: 3.3m
  Progress: 54/140 | Rate: 0.44/s | ETA: 3.3m
  Progress: 55/140 | Rate: 0.44/s | ETA: 3.2m
  Progress: 56/140 | Rate: 0.43/s | ETA: 3.2m
  Progress: 57/140 | Rate: 0.43/s | ETA: 3.2m
  Progress: 58/140 | Rate: 0.41/s | ETA: 3.3m
  Progress: 59/140 | Rate: 0.41/s | ETA: 3.3m
  Progress: 60/140 | Rate: 0.42/s | ETA: 3.2m
  Progress: 61/140 | Rate: 0.42/s | ETA: 3.1m
  Progress: 62/140 | Rate: 0.39/s | ETA: 3.3m
  Progress: 63/140 | Rate: 0.39/s | ETA: 3.3m
  Progress: 64/140 | Rate: 0.39/s | ETA: 3.2m
  Progress: 65/140 | Rate: 0.39/s | ETA: 3.2m
  Progress: 66/140 | Rate: 0.39/s | ETA: 3.1m
  Progress: 67/140 | Rate: 0.40/s | ETA: 3.1m
  Progress: 68/140 | Rate: 0.40/s | ETA: 3.0m
  Progress: 69/140 | Rate: 0.40/s | ETA: 3.0m
  Progress: 70/140 | Rate: 0.40/s | ETA: 2.9m
  Progress: 71/140 | Rate: 0.40/s | ETA: 2.9m
  Progress: 72/140 | Rate: 0.40/s | ETA: 2.8m
  Progress: 73/140 | Rate: 0.40/s | ETA: 2.8m
  Progress: 74/140 | Rate: 0.41/s | ETA: 2.7m
  Progress: 75/140 | Rate: 0.41/s | ETA: 2.7m
  Progress: 76/140 | Rate: 0.41/s | ETA: 2.6m
  Progress: 77/140 | Rate: 0.41/s | ETA: 2.6m
  Progress: 78/140 | Rate: 0.41/s | ETA: 2.5m
  Progress: 79/140 | Rate: 0.41/s | ETA: 2.5m
  Progress: 80/140 | Rate: 0.41/s | ETA: 2.4m
  Progress: 81/140 | Rate: 0.41/s | ETA: 2.4m
  Progress: 82/140 | Rate: 0.41/s | ETA: 2.4m
  Progress: 83/140 | Rate: 0.41/s | ETA: 2.3m
  Progress: 84/140 | Rate: 0.41/s | ETA: 2.3m
  Progress: 85/140 | Rate: 0.42/s | ETA: 2.2m
  Progress: 86/140 | Rate: 0.42/s | ETA: 2.2m
  Progress: 87/140 | Rate: 0.42/s | ETA: 2.1m
  Progress: 88/140 | Rate: 0.42/s | ETA: 2.1m
  Progress: 89/140 | Rate: 0.42/s | ETA: 2.0m
  Progress: 90/140 | Rate: 0.42/s | ETA: 2.0m
  Progress: 91/140 | Rate: 0.42/s | ETA: 1.9m
  Progress: 92/140 | Rate: 0.43/s | ETA: 1.9m
  Progress: 93/140 | Rate: 0.43/s | ETA: 1.8m
  Progress: 94/140 | Rate: 0.43/s | ETA: 1.8m
  Progress: 95/140 | Rate: 0.43/s | ETA: 1.8m
  Progress: 96/140 | Rate: 0.43/s | ETA: 1.7m
  Progress: 97/140 | Rate: 0.43/s | ETA: 1.7m
  Progress: 98/140 | Rate: 0.43/s | ETA: 1.6m
  Progress: 99/140 | Rate: 0.43/s | ETA: 1.6m
  Progress: 100/140 | Rate: 0.43/s | ETA: 1.5m
  Progress: 101/140 | Rate: 0.43/s | ETA: 1.5m
  Progress: 102/140 | Rate: 0.43/s | ETA: 1.5m
  Progress: 103/140 | Rate: 0.43/s | ETA: 1.4m
  Progress: 104/140 | Rate: 0.44/s | ETA: 1.4m
  Progress: 105/140 | Rate: 0.44/s | ETA: 1.3m
  Progress: 106/140 | Rate: 0.44/s | ETA: 1.3m
  Progress: 107/140 | Rate: 0.44/s | ETA: 1.3m
  Progress: 108/140 | Rate: 0.44/s | ETA: 1.2m
  Progress: 109/140 | Rate: 0.44/s | ETA: 1.2m
  Progress: 110/140 | Rate: 0.44/s | ETA: 1.1m
  Progress: 111/140 | Rate: 0.44/s | ETA: 1.1m
  Progress: 112/140 | Rate: 0.44/s | ETA: 1.1m
  Progress: 113/140 | Rate: 0.44/s | ETA: 1.0m
  Progress: 114/140 | Rate: 0.44/s | ETA: 1.0m
  Progress: 115/140 | Rate: 0.44/s | ETA: 0.9m
  Progress: 116/140 | Rate: 0.44/s | ETA: 0.9m
  Progress: 117/140 | Rate: 0.44/s | ETA: 0.9m
  Progress: 118/140 | Rate: 0.44/s | ETA: 0.8m
  Progress: 119/140 | Rate: 0.44/s | ETA: 0.8m
  Progress: 120/140 | Rate: 0.44/s | ETA: 0.8m
  Progress: 121/140 | Rate: 0.44/s | ETA: 0.7m
  Progress: 122/140 | Rate: 0.45/s | ETA: 0.7m
  Progress: 123/140 | Rate: 0.45/s | ETA: 0.6m
  Progress: 124/140 | Rate: 0.43/s | ETA: 0.6m
  Progress: 125/140 | Rate: 0.43/s | ETA: 0.6m
  Progress: 126/140 | Rate: 0.43/s | ETA: 0.5m
  Progress: 127/140 | Rate: 0.43/s | ETA: 0.5m
  Progress: 128/140 | Rate: 0.43/s | ETA: 0.5m
  Progress: 129/140 | Rate: 0.44/s | ETA: 0.4m
  Progress: 130/140 | Rate: 0.43/s | ETA: 0.4m
  Progress: 131/140 | Rate: 0.43/s | ETA: 0.3m
  Progress: 132/140 | Rate: 0.44/s | ETA: 0.3m
  Progress: 133/140 | Rate: 0.44/s | ETA: 0.3m
  Progress: 134/140 | Rate: 0.44/s | ETA: 0.2m
  Progress: 135/140 | Rate: 0.44/s | ETA: 0.2m
  Progress: 136/140 | Rate: 0.44/s | ETA: 0.2m
  Progress: 137/140 | Rate: 0.44/s | ETA: 0.1m
  Progress: 138/140 | Rate: 0.44/s | ETA: 0.1m
  Progress: 139/140 | Rate: 0.44/s | ETA: 0.0m
  Progress: 140/140 | Rate: 0.44/s | ETA: 0.0m

✔ Done. 140 evaluations in 319.8s (0.44/s)
>>> grok_4_20_clarification_first_sample2_responses.jsonl  14:30:31Z

============================================================
  Judge:  deepseek (deepseek-ai/deepseek-v3.2-maas)
  Input:  runs/run_20260521/responses/grok_4_20_clarification_first_sample2_responses.jsonl
  Output: /home/satvik/Documents/CIKM/runs/run_20260521/evaluations/deepseek_evaluations_grok_4_20_clarification_first_sample2.jsonl
============================================================
  Remaining: 140 rows
  Progress: 1/140 | Rate: 0.43/s | ETA: 5.4m
  Progress: 2/140 | Rate: 0.57/s | ETA: 4.1m
  Progress: 3/140 | Rate: 0.57/s | ETA: 4.0m
  Progress: 4/140 | Rate: 0.55/s | ETA: 4.1m
  Progress: 5/140 | Rate: 0.55/s | ETA: 4.1m
  Progress: 6/140 | Rate: 0.57/s | ETA: 3.9m
  Progress: 7/140 | Rate: 0.54/s | ETA: 4.1m
  Progress: 8/140 | Rate: 0.38/s | ETA: 5.8m
  Progress: 9/140 | Rate: 0.38/s | ETA: 5.7m
  Progress: 10/140 | Rate: 0.40/s | ETA: 5.4m
  Progress: 11/140 | Rate: 0.42/s | ETA: 5.1m
  Progress: 12/140 | Rate: 0.43/s | ETA: 5.0m
  Progress: 13/140 | Rate: 0.24/s | ETA: 9.0m
  Progress: 14/140 | Rate: 0.25/s | ETA: 8.5m
  Progress: 15/140 | Rate: 0.26/s | ETA: 8.1m
  Progress: 16/140 | Rate: 0.27/s | ETA: 7.8m
  Progress: 17/140 | Rate: 0.23/s | ETA: 8.9m
  Progress: 18/140 | Rate: 0.24/s | ETA: 8.6m
  Progress: 19/140 | Rate: 0.25/s | ETA: 8.2m
  Progress: 20/140 | Rate: 0.25/s | ETA: 7.9m
  Progress: 21/140 | Rate: 0.26/s | ETA: 7.6m
  Progress: 22/140 | Rate: 0.27/s | ETA: 7.3m
  Progress: 23/140 | Rate: 0.28/s | ETA: 7.1m
  Progress: 24/140 | Rate: 0.28/s | ETA: 6.9m
  Progress: 25/140 | Rate: 0.29/s | ETA: 6.6m
  Progress: 26/140 | Rate: 0.29/s | ETA: 6.4m
  Progress: 27/140 | Rate: 0.30/s | ETA: 6.2m
  Progress: 28/140 | Rate: 0.31/s | ETA: 6.1m
  Progress: 29/140 | Rate: 0.31/s | ETA: 5.9m
  Progress: 30/140 | Rate: 0.32/s | ETA: 5.8m
  Progress: 31/140 | Rate: 0.32/s | ETA: 5.7m
  Progress: 32/140 | Rate: 0.31/s | ETA: 5.9m
  Progress: 33/140 | Rate: 0.31/s | ETA: 5.8m
  Progress: 34/140 | Rate: 0.31/s | ETA: 5.7m
  Progress: 35/140 | Rate: 0.31/s | ETA: 5.7m
  Progress: 36/140 | Rate: 0.31/s | ETA: 5.6m
  Progress: 37/140 | Rate: 0.32/s | ETA: 5.4m
  Progress: 38/140 | Rate: 0.32/s | ETA: 5.4m
  Progress: 39/140 | Rate: 0.30/s | ETA: 5.5m
  Progress: 40/140 | Rate: 0.31/s | ETA: 5.4m
  Progress: 41/140 | Rate: 0.31/s | ETA: 5.3m
  Progress: 42/140 | Rate: 0.31/s | ETA: 5.2m
  Progress: 43/140 | Rate: 0.32/s | ETA: 5.1m
  Progress: 44/140 | Rate: 0.32/s | ETA: 5.0m
  Progress: 45/140 | Rate: 0.33/s | ETA: 4.9m
  Progress: 46/140 | Rate: 0.33/s | ETA: 4.8m
  Progress: 47/140 | Rate: 0.30/s | ETA: 5.1m
  Progress: 48/140 | Rate: 0.30/s | ETA: 5.1m
  Progress: 49/140 | Rate: 0.30/s | ETA: 5.0m
  Progress: 50/140 | Rate: 0.31/s | ETA: 4.9m
  Progress: 51/140 | Rate: 0.31/s | ETA: 4.8m
  Progress: 52/140 | Rate: 0.31/s | ETA: 4.8m
  Progress: 53/140 | Rate: 0.31/s | ETA: 4.7m
  Progress: 54/140 | Rate: 0.31/s | ETA: 4.6m
  Progress: 55/140 | Rate: 0.31/s | ETA: 4.6m
  Progress: 56/140 | Rate: 0.31/s | ETA: 4.5m
  Progress: 57/140 | Rate: 0.31/s | ETA: 4.4m
  Progress: 58/140 | Rate: 0.31/s | ETA: 4.4m
  Progress: 59/140 | Rate: 0.32/s | ETA: 4.3m
  Progress: 60/140 | Rate: 0.32/s | ETA: 4.2m
  Progress: 61/140 | Rate: 0.31/s | ETA: 4.2m
  Progress: 62/140 | Rate: 0.32/s | ETA: 4.1m
  Progress: 63/140 | Rate: 0.32/s | ETA: 4.0m
  Progress: 64/140 | Rate: 0.32/s | ETA: 4.0m
  Progress: 65/140 | Rate: 0.32/s | ETA: 3.9m
  Progress: 66/140 | Rate: 0.32/s | ETA: 3.9m
  Progress: 67/140 | Rate: 0.32/s | ETA: 3.8m
  Progress: 68/140 | Rate: 0.32/s | ETA: 3.7m
  Progress: 69/140 | Rate: 0.31/s | ETA: 3.8m
  Progress: 70/140 | Rate: 0.31/s | ETA: 3.7m
  Progress: 71/140 | Rate: 0.32/s | ETA: 3.6m
  Progress: 72/140 | Rate: 0.32/s | ETA: 3.6m
  Progress: 73/140 | Rate: 0.31/s | ETA: 3.6m
  Progress: 74/140 | Rate: 0.32/s | ETA: 3.5m
  Progress: 75/140 | Rate: 0.32/s | ETA: 3.4m
  Progress: 76/140 | Rate: 0.32/s | ETA: 3.3m
  Progress: 77/140 | Rate: 0.32/s | ETA: 3.3m
  Progress: 78/140 | Rate: 0.32/s | ETA: 3.2m
  Progress: 79/140 | Rate: 0.32/s | ETA: 3.1m
  Progress: 80/140 | Rate: 0.33/s | ETA: 3.1m
  Progress: 81/140 | Rate: 0.32/s | ETA: 3.1m
  Progress: 82/140 | Rate: 0.32/s | ETA: 3.0m
  Progress: 83/140 | Rate: 0.33/s | ETA: 2.9m
  Progress: 84/140 | Rate: 0.33/s | ETA: 2.9m
  Progress: 85/140 | Rate: 0.32/s | ETA: 2.9m
  Progress: 86/140 | Rate: 0.32/s | ETA: 2.8m
  Progress: 87/140 | Rate: 0.32/s | ETA: 2.7m
  Progress: 88/140 | Rate: 0.33/s | ETA: 2.7m
  Progress: 89/140 | Rate: 0.33/s | ETA: 2.6m
  Progress: 90/140 | Rate: 0.32/s | ETA: 2.6m
  Progress: 91/140 | Rate: 0.32/s | ETA: 2.5m
  Progress: 92/140 | Rate: 0.32/s | ETA: 2.5m
  Progress: 93/140 | Rate: 0.32/s | ETA: 2.4m
  Progress: 94/140 | Rate: 0.32/s | ETA: 2.4m
  Progress: 95/140 | Rate: 0.32/s | ETA: 2.3m
  Progress: 96/140 | Rate: 0.32/s | ETA: 2.3m
  Progress: 97/140 | Rate: 0.32/s | ETA: 2.2m
  Progress: 98/140 | Rate: 0.32/s | ETA: 2.2m
  Progress: 99/140 | Rate: 0.32/s | ETA: 2.1m
  Progress: 100/140 | Rate: 0.32/s | ETA: 2.1m
  Progress: 101/140 | Rate: 0.32/s | ETA: 2.0m
  Progress: 102/140 | Rate: 0.32/s | ETA: 2.0m
  Progress: 103/140 | Rate: 0.32/s | ETA: 1.9m
  Progress: 104/140 | Rate: 0.31/s | ETA: 1.9m
  Progress: 105/140 | Rate: 0.31/s | ETA: 1.9m
  Progress: 106/140 | Rate: 0.31/s | ETA: 1.8m
  Progress: 107/140 | Rate: 0.32/s | ETA: 1.7m
  Progress: 108/140 | Rate: 0.32/s | ETA: 1.7m
  [cat4_real_004] [Attempt 1] Error: 'choices' — waiting 2s
  Progress: 109/140 | Rate: 0.31/s | ETA: 1.6m
  Progress: 110/140 | Rate: 0.32/s | ETA: 1.6m
  Progress: 111/140 | Rate: 0.32/s | ETA: 1.5m
  Progress: 112/140 | Rate: 0.32/s | ETA: 1.5m
  Progress: 113/140 | Rate: 0.32/s | ETA: 1.4m
  Progress: 114/140 | Rate: 0.32/s | ETA: 1.4m
  Progress: 115/140 | Rate: 0.32/s | ETA: 1.3m
  Progress: 116/140 | Rate: 0.32/s | ETA: 1.2m
  Progress: 117/140 | Rate: 0.32/s | ETA: 1.2m
  Progress: 118/140 | Rate: 0.32/s | ETA: 1.1m
  Progress: 119/140 | Rate: 0.32/s | ETA: 1.1m
  Progress: 120/140 | Rate: 0.32/s | ETA: 1.0m
  Progress: 121/140 | Rate: 0.32/s | ETA: 1.0m
  Progress: 122/140 | Rate: 0.31/s | ETA: 1.0m
  Progress: 123/140 | Rate: 0.31/s | ETA: 0.9m
  Progress: 124/140 | Rate: 0.32/s | ETA: 0.8m
  Progress: 125/140 | Rate: 0.32/s | ETA: 0.8m
  Progress: 126/140 | Rate: 0.32/s | ETA: 0.7m
  Progress: 127/140 | Rate: 0.32/s | ETA: 0.7m
  Progress: 128/140 | Rate: 0.32/s | ETA: 0.6m
  Progress: 129/140 | Rate: 0.32/s | ETA: 0.6m
  Progress: 130/140 | Rate: 0.32/s | ETA: 0.5m
  Progress: 131/140 | Rate: 0.32/s | ETA: 0.5m
  Progress: 132/140 | Rate: 0.32/s | ETA: 0.4m
  Progress: 133/140 | Rate: 0.32/s | ETA: 0.4m
  Progress: 134/140 | Rate: 0.32/s | ETA: 0.3m
  Progress: 135/140 | Rate: 0.33/s | ETA: 0.3m
  Progress: 136/140 | Rate: 0.33/s | ETA: 0.2m
  Progress: 137/140 | Rate: 0.33/s | ETA: 0.2m
  Progress: 138/140 | Rate: 0.33/s | ETA: 0.1m
  Progress: 139/140 | Rate: 0.33/s | ETA: 0.1m
  Progress: 140/140 | Rate: 0.33/s | ETA: 0.0m

✔ Done. 140 evaluations in 424.2s (0.33/s)
>>> grok_4_20_neutrality_oriented_sample0_responses.jsonl  14:37:36Z

============================================================
  Judge:  deepseek (deepseek-ai/deepseek-v3.2-maas)
  Input:  runs/run_20260521/responses/grok_4_20_neutrality_oriented_sample0_responses.jsonl
  Output: /home/satvik/Documents/CIKM/runs/run_20260521/evaluations/deepseek_evaluations_grok_4_20_neutrality_oriented_sample0.jsonl
============================================================
  Remaining: 140 rows
  Progress: 1/140 | Rate: 0.53/s | ETA: 4.4m
  Progress: 2/140 | Rate: 0.60/s | ETA: 3.9m
  Progress: 3/140 | Rate: 0.59/s | ETA: 3.9m
  Progress: 4/140 | Rate: 0.59/s | ETA: 3.8m
  Progress: 5/140 | Rate: 0.59/s | ETA: 3.8m
  Progress: 6/140 | Rate: 0.41/s | ETA: 5.5m
  Progress: 7/140 | Rate: 0.44/s | ETA: 5.1m
  Progress: 8/140 | Rate: 0.42/s | ETA: 5.3m
  Progress: 9/140 | Rate: 0.43/s | ETA: 5.0m
  Progress: 10/140 | Rate: 0.44/s | ETA: 4.9m
  Progress: 11/140 | Rate: 0.45/s | ETA: 4.8m
  Progress: 12/140 | Rate: 0.45/s | ETA: 4.7m
  Progress: 13/140 | Rate: 0.45/s | ETA: 4.7m
  Progress: 14/140 | Rate: 0.45/s | ETA: 4.7m
  Progress: 15/140 | Rate: 0.46/s | ETA: 4.5m
  Progress: 16/140 | Rate: 0.47/s | ETA: 4.4m
  Progress: 17/140 | Rate: 0.47/s | ETA: 4.4m
  Progress: 18/140 | Rate: 0.48/s | ETA: 4.3m
  Progress: 19/140 | Rate: 0.45/s | ETA: 4.5m
  Progress: 20/140 | Rate: 0.45/s | ETA: 4.4m
  Progress: 21/140 | Rate: 0.45/s | ETA: 4.4m
  Progress: 22/140 | Rate: 0.46/s | ETA: 4.3m
  Progress: 23/140 | Rate: 0.46/s | ETA: 4.3m
  [cat3_orig_004] [Attempt 1] HTTP 429: [{
  "error": {
    "code": 429,
    "message": "Resource exhausted. Please try again later. Please refer to https://clo — waiting 60s
  Progress: 24/140 | Rate: 0.21/s | ETA: 9.3m
  Progress: 25/140 | Rate: 0.21/s | ETA: 9.0m
  Progress: 26/140 | Rate: 0.22/s | ETA: 8.8m
  Progress: 27/140 | Rate: 0.22/s | ETA: 8.5m
  Progress: 28/140 | Rate: 0.23/s | ETA: 8.2m
  Progress: 29/140 | Rate: 0.23/s | ETA: 8.0m
  Progress: 30/140 | Rate: 0.24/s | ETA: 7.7m
  Progress: 31/140 | Rate: 0.24/s | ETA: 7.5m
  Progress: 32/140 | Rate: 0.24/s | ETA: 7.4m
  Progress: 33/140 | Rate: 0.25/s | ETA: 7.2m
  Progress: 34/140 | Rate: 0.25/s | ETA: 7.2m
  Progress: 35/140 | Rate: 0.25/s | ETA: 7.0m
  Progress: 36/140 | Rate: 0.25/s | ETA: 6.9m
  Progress: 37/140 | Rate: 0.26/s | ETA: 6.7m
  Progress: 38/140 | Rate: 0.26/s | ETA: 6.7m
  Progress: 39/140 | Rate: 0.26/s | ETA: 6.5m
  Progress: 40/140 | Rate: 0.26/s | ETA: 6.5m
  Progress: 41/140 | Rate: 0.25/s | ETA: 6.5m
  Progress: 42/140 | Rate: 0.25/s | ETA: 6.7m
  Progress: 43/140 | Rate: 0.25/s | ETA: 6.5m
  Progress: 44/140 | Rate: 0.23/s | ETA: 6.9m
  Progress: 45/140 | Rate: 0.24/s | ETA: 6.7m
  Progress: 46/140 | Rate: 0.23/s | ETA: 6.8m
  Progress: 47/140 | Rate: 0.23/s | ETA: 6.7m
  Progress: 48/140 | Rate: 0.23/s | ETA: 6.5m
  Progress: 49/140 | Rate: 0.24/s | ETA: 6.4m
  Progress: 50/140 | Rate: 0.24/s | ETA: 6.3m
  Progress: 51/140 | Rate: 0.24/s | ETA: 6.1m
  Progress: 52/140 | Rate: 0.24/s | ETA: 6.0m
  Progress: 53/140 | Rate: 0.25/s | ETA: 5.9m
  Progress: 54/140 | Rate: 0.25/s | ETA: 5.8m
  [cat6_orig_005] [Attempt 1] HTTP 429: [{
  "error": {
    "code": 429,
    "message": "Resource exhausted. Please try again later. Please refer to https://clo — waiting 60s
  Progress: 55/140 | Rate: 0.20/s | ETA: 7.2m
  Progress: 56/140 | Rate: 0.20/s | ETA: 7.1m
  Progress: 57/140 | Rate: 0.20/s | ETA: 6.9m
  Progress: 58/140 | Rate: 0.20/s | ETA: 6.8m
  Progress: 59/140 | Rate: 0.20/s | ETA: 6.7m
  Progress: 60/140 | Rate: 0.20/s | ETA: 6.5m
  Progress: 61/140 | Rate: 0.21/s | ETA: 6.4m
  Progress: 62/140 | Rate: 0.21/s | ETA: 6.2m
  Progress: 63/140 | Rate: 0.21/s | ETA: 6.1m
  Progress: 64/140 | Rate: 0.20/s | ETA: 6.3m
  Progress: 65/140 | Rate: 0.19/s | ETA: 6.4m
  Progress: 66/140 | Rate: 0.20/s | ETA: 6.3m
  Progress: 67/140 | Rate: 0.20/s | ETA: 6.2m
  Progress: 68/140 | Rate: 0.20/s | ETA: 6.0m
  Progress: 69/140 | Rate: 0.20/s | ETA: 5.9m
  Progress: 70/140 | Rate: 0.20/s | ETA: 5.7m
  Progress: 71/140 | Rate: 0.21/s | ETA: 5.6m
  Progress: 72/140 | Rate: 0.21/s | ETA: 5.5m
  Progress: 73/140 | Rate: 0.21/s | ETA: 5.3m
  Progress: 74/140 | Rate: 0.21/s | ETA: 5.2m
  Progress: 75/140 | Rate: 0.21/s | ETA: 5.1m
  Progress: 76/140 | Rate: 0.21/s | ETA: 5.0m
  Progress: 77/140 | Rate: 0.22/s | ETA: 4.9m
  Progress: 78/140 | Rate: 0.21/s | ETA: 4.9m
  Progress: 79/140 | Rate: 0.21/s | ETA: 4.8m
  Progress: 80/140 | Rate: 0.22/s | ETA: 4.6m
  Progress: 81/140 | Rate: 0.22/s | ETA: 4.5m
  Progress: 82/140 | Rate: 0.22/s | ETA: 4.4m
  Progress: 83/140 | Rate: 0.22/s | ETA: 4.3m
  Progress: 84/140 | Rate: 0.22/s | ETA: 4.2m
  Progress: 85/140 | Rate: 0.22/s | ETA: 4.1m
  Progress: 86/140 | Rate: 0.22/s | ETA: 4.0m
  Progress: 87/140 | Rate: 0.23/s | ETA: 3.9m
  Progress: 88/140 | Rate: 0.23/s | ETA: 3.8m
  Progress: 89/140 | Rate: 0.23/s | ETA: 3.7m
  Progress: 90/140 | Rate: 0.23/s | ETA: 3.6m
  Progress: 91/140 | Rate: 0.23/s | ETA: 3.5m
  Progress: 92/140 | Rate: 0.23/s | ETA: 3.4m
  Progress: 93/140 | Rate: 0.23/s | ETA: 3.3m
  Progress: 94/140 | Rate: 0.24/s | ETA: 3.2m
  Progress: 95/140 | Rate: 0.24/s | ETA: 3.2m
  Progress: 96/140 | Rate: 0.24/s | ETA: 3.1m
  Progress: 97/140 | Rate: 0.24/s | ETA: 3.0m
  Progress: 98/140 | Rate: 0.24/s | ETA: 2.9m
  Progress: 99/140 | Rate: 0.24/s | ETA: 2.8m
  Progress: 100/140 | Rate: 0.24/s | ETA: 2.8m
  Progress: 101/140 | Rate: 0.24/s | ETA: 2.7m
  Progress: 102/140 | Rate: 0.24/s | ETA: 2.6m
  Progress: 103/140 | Rate: 0.25/s | ETA: 2.5m
  Progress: 104/140 | Rate: 0.25/s | ETA: 2.4m
  Progress: 105/140 | Rate: 0.25/s | ETA: 2.3m
  Progress: 106/140 | Rate: 0.25/s | ETA: 2.3m
  Progress: 107/140 | Rate: 0.25/s | ETA: 2.2m
  Progress: 108/140 | Rate: 0.25/s | ETA: 2.1m
  Progress: 109/140 | Rate: 0.25/s | ETA: 2.1m
  Progress: 110/140 | Rate: 0.25/s | ETA: 2.0m
  Progress: 111/140 | Rate: 0.25/s | ETA: 1.9m
  Progress: 112/140 | Rate: 0.25/s | ETA: 1.8m
  Progress: 113/140 | Rate: 0.25/s | ETA: 1.8m
  Progress: 114/140 | Rate: 0.26/s | ETA: 1.7m
  Progress: 115/140 | Rate: 0.26/s | ETA: 1.6m
  Progress: 116/140 | Rate: 0.26/s | ETA: 1.6m
  Progress: 117/140 | Rate: 0.26/s | ETA: 1.5m
  Progress: 118/140 | Rate: 0.26/s | ETA: 1.4m
  Progress: 119/140 | Rate: 0.26/s | ETA: 1.3m
  Progress: 120/140 | Rate: 0.26/s | ETA: 1.3m
  Progress: 121/140 | Rate: 0.26/s | ETA: 1.2m
  Progress: 122/140 | Rate: 0.26/s | ETA: 1.1m
  Progress: 123/140 | Rate: 0.26/s | ETA: 1.1m
  Progress: 124/140 | Rate: 0.26/s | ETA: 1.0m
  Progress: 125/140 | Rate: 0.26/s | ETA: 1.0m
  Progress: 126/140 | Rate: 0.26/s | ETA: 0.9m
  Progress: 127/140 | Rate: 0.26/s | ETA: 0.8m
  Progress: 128/140 | Rate: 0.26/s | ETA: 0.8m
  Progress: 129/140 | Rate: 0.26/s | ETA: 0.7m
  Progress: 130/140 | Rate: 0.26/s | ETA: 0.6m
  Progress: 131/140 | Rate: 0.27/s | ETA: 0.6m
  Progress: 132/140 | Rate: 0.27/s | ETA: 0.5m
  Progress: 133/140 | Rate: 0.27/s | ETA: 0.4m
  Progress: 134/140 | Rate: 0.27/s | ETA: 0.4m
  Progress: 135/140 | Rate: 0.27/s | ETA: 0.3m
  Progress: 136/140 | Rate: 0.27/s | ETA: 0.2m
  Progress: 137/140 | Rate: 0.27/s | ETA: 0.2m
  Progress: 138/140 | Rate: 0.27/s | ETA: 0.1m
  Progress: 139/140 | Rate: 0.27/s | ETA: 0.1m
  Progress: 140/140 | Rate: 0.28/s | ETA: 0.0m

✔ Done. 140 evaluations in 508.9s (0.28/s)
>>> grok_4_20_neutrality_oriented_sample1_responses.jsonl  14:46:06Z

============================================================
  Judge:  deepseek (deepseek-ai/deepseek-v3.2-maas)
  Input:  runs/run_20260521/responses/grok_4_20_neutrality_oriented_sample1_responses.jsonl
  Output: /home/satvik/Documents/CIKM/runs/run_20260521/evaluations/deepseek_evaluations_grok_4_20_neutrality_oriented_sample1.jsonl
============================================================
  Remaining: 140 rows
  Progress: 1/140 | Rate: 0.16/s | ETA: 14.8m
  Progress: 2/140 | Rate: 0.26/s | ETA: 9.0m
  Progress: 3/140 | Rate: 0.32/s | ETA: 7.2m
  Progress: 4/140 | Rate: 0.25/s | ETA: 9.2m
  Progress: 5/140 | Rate: 0.28/s | ETA: 8.1m
  Progress: 6/140 | Rate: 0.29/s | ETA: 7.6m
  Progress: 7/140 | Rate: 0.32/s | ETA: 6.9m
  Progress: 8/140 | Rate: 0.27/s | ETA: 8.2m
  Progress: 9/140 | Rate: 0.28/s | ETA: 7.8m
  Progress: 10/140 | Rate: 0.30/s | ETA: 7.3m
  Progress: 11/140 | Rate: 0.31/s | ETA: 6.9m
  Progress: 12/140 | Rate: 0.32/s | ETA: 6.6m
  Progress: 13/140 | Rate: 0.33/s | ETA: 6.3m
  Progress: 14/140 | Rate: 0.35/s | ETA: 6.1m
  Progress: 15/140 | Rate: 0.36/s | ETA: 5.9m
  Progress: 16/140 | Rate: 0.37/s | ETA: 5.6m
  Progress: 17/140 | Rate: 0.37/s | ETA: 5.5m
  Progress: 18/140 | Rate: 0.37/s | ETA: 5.5m
  Progress: 19/140 | Rate: 0.38/s | ETA: 5.3m
  Progress: 20/140 | Rate: 0.39/s | ETA: 5.2m
  Progress: 21/140 | Rate: 0.40/s | ETA: 5.0m
  Progress: 22/140 | Rate: 0.40/s | ETA: 4.9m
  Progress: 23/140 | Rate: 0.41/s | ETA: 4.8m
  Progress: 24/140 | Rate: 0.42/s | ETA: 4.6m
  Progress: 25/140 | Rate: 0.42/s | ETA: 4.6m
  Progress: 26/140 | Rate: 0.42/s | ETA: 4.5m
  Progress: 27/140 | Rate: 0.43/s | ETA: 4.4m
  Progress: 28/140 | Rate: 0.43/s | ETA: 4.3m
  Progress: 29/140 | Rate: 0.43/s | ETA: 4.3m
  Progress: 30/140 | Rate: 0.44/s | ETA: 4.2m
  Progress: 31/140 | Rate: 0.44/s | ETA: 4.1m
  Progress: 32/140 | Rate: 0.44/s | ETA: 4.1m
  Progress: 33/140 | Rate: 0.44/s | ETA: 4.0m
  Progress: 34/140 | Rate: 0.45/s | ETA: 3.9m
  Progress: 35/140 | Rate: 0.44/s | ETA: 3.9m
  Progress: 36/140 | Rate: 0.45/s | ETA: 3.9m
  Progress: 37/140 | Rate: 0.45/s | ETA: 3.8m
  Progress: 38/140 | Rate: 0.44/s | ETA: 3.9m
  Progress: 39/140 | Rate: 0.44/s | ETA: 3.8m
  Progress: 40/140 | Rate: 0.44/s | ETA: 3.8m
  Progress: 41/140 | Rate: 0.45/s | ETA: 3.7m
  Progress: 42/140 | Rate: 0.45/s | ETA: 3.6m
  Progress: 43/140 | Rate: 0.45/s | ETA: 3.6m
  Progress: 44/140 | Rate: 0.45/s | ETA: 3.5m
  Progress: 45/140 | Rate: 0.46/s | ETA: 3.5m
  Progress: 46/140 | Rate: 0.45/s | ETA: 3.5m
  Progress: 47/140 | Rate: 0.46/s | ETA: 3.4m
  Progress: 48/140 | Rate: 0.46/s | ETA: 3.4m
  Progress: 49/140 | Rate: 0.46/s | ETA: 3.3m
  Progress: 50/140 | Rate: 0.46/s | ETA: 3.3m
  Progress: 51/140 | Rate: 0.46/s | ETA: 3.2m
  Progress: 52/140 | Rate: 0.46/s | ETA: 3.2m
  Progress: 53/140 | Rate: 0.46/s | ETA: 3.2m
  Progress: 54/140 | Rate: 0.46/s | ETA: 3.1m
  Progress: 55/140 | Rate: 0.46/s | ETA: 3.1m
  Progress: 56/140 | Rate: 0.47/s | ETA: 3.0m
  Progress: 57/140 | Rate: 0.47/s | ETA: 3.0m
  Progress: 58/140 | Rate: 0.47/s | ETA: 2.9m
  Progress: 59/140 | Rate: 0.47/s | ETA: 2.9m
  Progress: 60/140 | Rate: 0.47/s | ETA: 2.8m
  Progress: 61/140 | Rate: 0.47/s | ETA: 2.8m
  Progress: 62/140 | Rate: 0.47/s | ETA: 2.8m
  Progress: 63/140 | Rate: 0.47/s | ETA: 2.7m
  Progress: 64/140 | Rate: 0.44/s | ETA: 2.9m
  Progress: 65/140 | Rate: 0.44/s | ETA: 2.8m
  Progress: 66/140 | Rate: 0.45/s | ETA: 2.8m
  Progress: 67/140 | Rate: 0.45/s | ETA: 2.7m
  Progress: 68/140 | Rate: 0.45/s | ETA: 2.7m
  Progress: 69/140 | Rate: 0.45/s | ETA: 2.6m
  Progress: 70/140 | Rate: 0.45/s | ETA: 2.6m
  Progress: 71/140 | Rate: 0.45/s | ETA: 2.6m
  Progress: 72/140 | Rate: 0.45/s | ETA: 2.5m
  Progress: 73/140 | Rate: 0.45/s | ETA: 2.5m
  Progress: 74/140 | Rate: 0.42/s | ETA: 2.6m
  Progress: 75/140 | Rate: 0.42/s | ETA: 2.6m
  Progress: 76/140 | Rate: 0.43/s | ETA: 2.5m
  Progress: 77/140 | Rate: 0.43/s | ETA: 2.5m
  Progress: 78/140 | Rate: 0.43/s | ETA: 2.4m
  Progress: 79/140 | Rate: 0.42/s | ETA: 2.4m
  Progress: 80/140 | Rate: 0.42/s | ETA: 2.4m
  Progress: 81/140 | Rate: 0.42/s | ETA: 2.3m
  Progress: 82/140 | Rate: 0.41/s | ETA: 2.4m
  Progress: 83/140 | Rate: 0.41/s | ETA: 2.3m
  Progress: 84/140 | Rate: 0.41/s | ETA: 2.3m
  Progress: 85/140 | Rate: 0.41/s | ETA: 2.2m
  Progress: 86/140 | Rate: 0.41/s | ETA: 2.2m
  Progress: 87/140 | Rate: 0.41/s | ETA: 2.1m
  Progress: 88/140 | Rate: 0.41/s | ETA: 2.1m
  Progress: 89/140 | Rate: 0.42/s | ETA: 2.0m
  Progress: 90/140 | Rate: 0.42/s | ETA: 2.0m
  Progress: 91/140 | Rate: 0.42/s | ETA: 1.9m
  Progress: 92/140 | Rate: 0.42/s | ETA: 1.9m
  Progress: 93/140 | Rate: 0.40/s | ETA: 1.9m
  Progress: 94/140 | Rate: 0.40/s | ETA: 1.9m
  Progress: 95/140 | Rate: 0.41/s | ETA: 1.9m
  Progress: 96/140 | Rate: 0.41/s | ETA: 1.8m
  Progress: 97/140 | Rate: 0.41/s | ETA: 1.8m
  Progress: 98/140 | Rate: 0.41/s | ETA: 1.7m
  Progress: 99/140 | Rate: 0.41/s | ETA: 1.7m
  Progress: 100/140 | Rate: 0.41/s | ETA: 1.6m
  Progress: 101/140 | Rate: 0.41/s | ETA: 1.6m
  Progress: 102/140 | Rate: 0.41/s | ETA: 1.6m
  Progress: 103/140 | Rate: 0.41/s | ETA: 1.5m
  Progress: 104/140 | Rate: 0.41/s | ETA: 1.5m
  Progress: 105/140 | Rate: 0.41/s | ETA: 1.4m
  Progress: 106/140 | Rate: 0.41/s | ETA: 1.4m
  Progress: 107/140 | Rate: 0.42/s | ETA: 1.3m
  Progress: 108/140 | Rate: 0.41/s | ETA: 1.3m
  Progress: 109/140 | Rate: 0.42/s | ETA: 1.2m
  Progress: 110/140 | Rate: 0.41/s | ETA: 1.2m
  Progress: 111/140 | Rate: 0.41/s | ETA: 1.2m
  Progress: 112/140 | Rate: 0.42/s | ETA: 1.1m
  Progress: 113/140 | Rate: 0.42/s | ETA: 1.1m
  Progress: 114/140 | Rate: 0.42/s | ETA: 1.0m
  Progress: 115/140 | Rate: 0.42/s | ETA: 1.0m
  Progress: 116/140 | Rate: 0.42/s | ETA: 1.0m
  Progress: 117/140 | Rate: 0.34/s | ETA: 1.1m
  Progress: 118/140 | Rate: 0.34/s | ETA: 1.1m
  Progress: 119/140 | Rate: 0.34/s | ETA: 1.0m
  Progress: 120/140 | Rate: 0.35/s | ETA: 1.0m
  Progress: 121/140 | Rate: 0.35/s | ETA: 0.9m
  Progress: 122/140 | Rate: 0.35/s | ETA: 0.9m
  Progress: 123/140 | Rate: 0.35/s | ETA: 0.8m
  Progress: 124/140 | Rate: 0.35/s | ETA: 0.8m
  Progress: 125/140 | Rate: 0.35/s | ETA: 0.7m
  Progress: 126/140 | Rate: 0.35/s | ETA: 0.7m
  Progress: 127/140 | Rate: 0.35/s | ETA: 0.6m
  Progress: 128/140 | Rate: 0.35/s | ETA: 0.6m
  Progress: 129/140 | Rate: 0.35/s | ETA: 0.5m
  Progress: 130/140 | Rate: 0.35/s | ETA: 0.5m
  Progress: 131/140 | Rate: 0.35/s | ETA: 0.4m
  Progress: 132/140 | Rate: 0.35/s | ETA: 0.4m
  Progress: 133/140 | Rate: 0.35/s | ETA: 0.3m
  Progress: 134/140 | Rate: 0.35/s | ETA: 0.3m
  Progress: 135/140 | Rate: 0.35/s | ETA: 0.2m
  Progress: 136/140 | Rate: 0.35/s | ETA: 0.2m
  Progress: 137/140 | Rate: 0.36/s | ETA: 0.1m
  Progress: 138/140 | Rate: 0.36/s | ETA: 0.1m
  Progress: 139/140 | Rate: 0.36/s | ETA: 0.0m
  Progress: 140/140 | Rate: 0.36/s | ETA: 0.0m

✔ Done. 140 evaluations in 390.0s (0.36/s)
>>> grok_4_20_neutrality_oriented_sample2_responses.jsonl  14:52:37Z

============================================================
  Judge:  deepseek (deepseek-ai/deepseek-v3.2-maas)
  Input:  runs/run_20260521/responses/grok_4_20_neutrality_oriented_sample2_responses.jsonl
  Output: /home/satvik/Documents/CIKM/runs/run_20260521/evaluations/deepseek_evaluations_grok_4_20_neutrality_oriented_sample2.jsonl
============================================================
  Remaining: 140 rows
  Progress: 1/140 | Rate: 0.64/s | ETA: 3.6m
  Progress: 2/140 | Rate: 0.64/s | ETA: 3.6m
  Progress: 3/140 | Rate: 0.65/s | ETA: 3.5m
  Progress: 4/140 | Rate: 0.50/s | ETA: 4.5m
  Progress: 5/140 | Rate: 0.54/s | ETA: 4.1m
  Progress: 6/140 | Rate: 0.55/s | ETA: 4.1m
  Progress: 7/140 | Rate: 0.56/s | ETA: 3.9m
  Progress: 8/140 | Rate: 0.56/s | ETA: 3.9m
  Progress: 9/140 | Rate: 0.55/s | ETA: 4.0m
  Progress: 10/140 | Rate: 0.55/s | ETA: 3.9m
  Progress: 11/140 | Rate: 0.56/s | ETA: 3.8m
  Progress: 12/140 | Rate: 0.57/s | ETA: 3.8m
  Progress: 13/140 | Rate: 0.57/s | ETA: 3.7m
  Progress: 14/140 | Rate: 0.57/s | ETA: 3.7m
  Progress: 15/140 | Rate: 0.54/s | ETA: 3.9m
  Progress: 16/140 | Rate: 0.51/s | ETA: 4.0m
  Progress: 17/140 | Rate: 0.48/s | ETA: 4.2m
  Progress: 18/140 | Rate: 0.48/s | ETA: 4.2m
  Progress: 19/140 | Rate: 0.43/s | ETA: 4.7m
  Progress: 20/140 | Rate: 0.43/s | ETA: 4.7m
  Progress: 21/140 | Rate: 0.43/s | ETA: 4.6m
  Progress: 22/140 | Rate: 0.43/s | ETA: 4.6m
  Progress: 23/140 | Rate: 0.42/s | ETA: 4.6m
  Progress: 24/140 | Rate: 0.43/s | ETA: 4.5m
  Progress: 25/140 | Rate: 0.43/s | ETA: 4.4m
  Progress: 26/140 | Rate: 0.44/s | ETA: 4.4m
  Progress: 27/140 | Rate: 0.44/s | ETA: 4.3m
  Progress: 28/140 | Rate: 0.44/s | ETA: 4.3m
  Progress: 29/140 | Rate: 0.44/s | ETA: 4.2m
  Progress: 30/140 | Rate: 0.45/s | ETA: 4.1m
  Progress: 31/140 | Rate: 0.45/s | ETA: 4.0m
  Progress: 32/140 | Rate: 0.45/s | ETA: 4.0m
  Progress: 33/140 | Rate: 0.46/s | ETA: 3.9m
  Progress: 34/140 | Rate: 0.45/s | ETA: 3.9m
  Progress: 35/140 | Rate: 0.46/s | ETA: 3.8m
  Progress: 36/140 | Rate: 0.46/s | ETA: 3.8m
  Progress: 37/140 | Rate: 0.45/s | ETA: 3.8m
  Progress: 38/140 | Rate: 0.44/s | ETA: 3.8m
  Progress: 39/140 | Rate: 0.44/s | ETA: 3.9m
  Progress: 40/140 | Rate: 0.44/s | ETA: 3.8m
  Progress: 41/140 | Rate: 0.44/s | ETA: 3.8m
  Progress: 42/140 | Rate: 0.44/s | ETA: 3.7m
  Progress: 43/140 | Rate: 0.44/s | ETA: 3.7m
  Progress: 44/140 | Rate: 0.44/s | ETA: 3.6m
  Progress: 45/140 | Rate: 0.44/s | ETA: 3.6m
  Progress: 46/140 | Rate: 0.44/s | ETA: 3.6m
  Progress: 47/140 | Rate: 0.44/s | ETA: 3.5m
  Progress: 48/140 | Rate: 0.44/s | ETA: 3.5m
  Progress: 49/140 | Rate: 0.45/s | ETA: 3.4m
  Progress: 50/140 | Rate: 0.44/s | ETA: 3.4m
  Progress: 51/140 | Rate: 0.44/s | ETA: 3.3m
  Progress: 52/140 | Rate: 0.45/s | ETA: 3.3m
  Progress: 53/140 | Rate: 0.45/s | ETA: 3.2m
  Progress: 54/140 | Rate: 0.45/s | ETA: 3.2m
  Progress: 55/140 | Rate: 0.45/s | ETA: 3.1m
  Progress: 56/140 | Rate: 0.46/s | ETA: 3.1m
  Progress: 57/140 | Rate: 0.46/s | ETA: 3.0m
  Progress: 58/140 | Rate: 0.45/s | ETA: 3.1m
  Progress: 59/140 | Rate: 0.44/s | ETA: 3.1m
  Progress: 60/140 | Rate: 0.44/s | ETA: 3.1m
  Progress: 61/140 | Rate: 0.44/s | ETA: 3.0m
  [cat7_orig_002] [Attempt 1] HTTP 429: [{
  "error": {
    "code": 429,
    "message": "Resource exhausted. Please try again later. Please refer to https://clo — waiting 60s
  Progress: 62/140 | Rate: 0.31/s | ETA: 4.2m
  Progress: 63/140 | Rate: 0.31/s | ETA: 4.2m
  Progress: 64/140 | Rate: 0.31/s | ETA: 4.1m
  Progress: 65/140 | Rate: 0.31/s | ETA: 4.0m
  Progress: 66/140 | Rate: 0.32/s | ETA: 3.9m
  Progress: 67/140 | Rate: 0.32/s | ETA: 3.8m
  Progress: 68/140 | Rate: 0.32/s | ETA: 3.8m
  Progress: 69/140 | Rate: 0.32/s | ETA: 3.7m
  Progress: 70/140 | Rate: 0.32/s | ETA: 3.7m
  Progress: 71/140 | Rate: 0.32/s | ETA: 3.6m
  Progress: 72/140 | Rate: 0.32/s | ETA: 3.5m
  Progress: 73/140 | Rate: 0.32/s | ETA: 3.5m
  Progress: 74/140 | Rate: 0.33/s | ETA: 3.4m
  Progress: 75/140 | Rate: 0.33/s | ETA: 3.3m
  Progress: 76/140 | Rate: 0.33/s | ETA: 3.2m
  Progress: 77/140 | Rate: 0.33/s | ETA: 3.2m
  Progress: 78/140 | Rate: 0.33/s | ETA: 3.1m
  Progress: 79/140 | Rate: 0.34/s | ETA: 3.0m
  Progress: 80/140 | Rate: 0.34/s | ETA: 3.0m
  Progress: 81/140 | Rate: 0.34/s | ETA: 2.9m
  Progress: 82/140 | Rate: 0.34/s | ETA: 2.8m
  Progress: 83/140 | Rate: 0.34/s | ETA: 2.8m
  Progress: 84/140 | Rate: 0.34/s | ETA: 2.7m
  Progress: 85/140 | Rate: 0.34/s | ETA: 2.7m
  Progress: 86/140 | Rate: 0.34/s | ETA: 2.6m
  Progress: 87/140 | Rate: 0.35/s | ETA: 2.6m
  Progress: 88/140 | Rate: 0.35/s | ETA: 2.5m
  Progress: 89/140 | Rate: 0.35/s | ETA: 2.4m
  Progress: 90/140 | Rate: 0.35/s | ETA: 2.4m
  Progress: 91/140 | Rate: 0.35/s | ETA: 2.4m
  Progress: 92/140 | Rate: 0.35/s | ETA: 2.3m
  Progress: 93/140 | Rate: 0.35/s | ETA: 2.3m
  Progress: 94/140 | Rate: 0.35/s | ETA: 2.2m
  Progress: 95/140 | Rate: 0.35/s | ETA: 2.2m
  Progress: 96/140 | Rate: 0.35/s | ETA: 2.1m
  Progress: 97/140 | Rate: 0.35/s | ETA: 2.1m
  Progress: 98/140 | Rate: 0.35/s | ETA: 2.0m
  Progress: 99/140 | Rate: 0.35/s | ETA: 2.0m
  Progress: 100/140 | Rate: 0.35/s | ETA: 1.9m
  Progress: 101/140 | Rate: 0.35/s | ETA: 1.8m
  Progress: 102/140 | Rate: 0.35/s | ETA: 1.8m
  Progress: 103/140 | Rate: 0.35/s | ETA: 1.7m
  Progress: 104/140 | Rate: 0.35/s | ETA: 1.7m
  Progress: 105/140 | Rate: 0.36/s | ETA: 1.6m
  Progress: 106/140 | Rate: 0.36/s | ETA: 1.6m
  Progress: 107/140 | Rate: 0.36/s | ETA: 1.5m
  Progress: 108/140 | Rate: 0.36/s | ETA: 1.5m
  Progress: 109/140 | Rate: 0.36/s | ETA: 1.4m
  Progress: 110/140 | Rate: 0.36/s | ETA: 1.4m
  Progress: 111/140 | Rate: 0.36/s | ETA: 1.3m
  Progress: 112/140 | Rate: 0.36/s | ETA: 1.3m
  Progress: 113/140 | Rate: 0.36/s | ETA: 1.2m
  Progress: 114/140 | Rate: 0.37/s | ETA: 1.2m
  Progress: 115/140 | Rate: 0.37/s | ETA: 1.1m
  Progress: 116/140 | Rate: 0.37/s | ETA: 1.1m
  Progress: 117/140 | Rate: 0.37/s | ETA: 1.0m
  Progress: 118/140 | Rate: 0.37/s | ETA: 1.0m
  Progress: 119/140 | Rate: 0.37/s | ETA: 0.9m
  Progress: 120/140 | Rate: 0.37/s | ETA: 0.9m
  Progress: 121/140 | Rate: 0.37/s | ETA: 0.8m
  Progress: 122/140 | Rate: 0.38/s | ETA: 0.8m
  Progress: 123/140 | Rate: 0.38/s | ETA: 0.8m
  Progress: 124/140 | Rate: 0.38/s | ETA: 0.7m
  Progress: 125/140 | Rate: 0.38/s | ETA: 0.7m
  Progress: 126/140 | Rate: 0.38/s | ETA: 0.6m
  Progress: 127/140 | Rate: 0.38/s | ETA: 0.6m
  Progress: 128/140 | Rate: 0.38/s | ETA: 0.5m
  Progress: 129/140 | Rate: 0.38/s | ETA: 0.5m
  Progress: 130/140 | Rate: 0.38/s | ETA: 0.4m
  Progress: 131/140 | Rate: 0.38/s | ETA: 0.4m
  Progress: 132/140 | Rate: 0.38/s | ETA: 0.3m
  Progress: 133/140 | Rate: 0.38/s | ETA: 0.3m
  Progress: 134/140 | Rate: 0.38/s | ETA: 0.3m
  Progress: 135/140 | Rate: 0.38/s | ETA: 0.2m
  Progress: 136/140 | Rate: 0.38/s | ETA: 0.2m
  Progress: 137/140 | Rate: 0.38/s | ETA: 0.1m
  Progress: 138/140 | Rate: 0.38/s | ETA: 0.1m
  Progress: 139/140 | Rate: 0.38/s | ETA: 0.0m
  Progress: 140/140 | Rate: 0.38/s | ETA: 0.0m

✔ Done. 140 evaluations in 367.8s (0.38/s)
>>> grok_4_20_utility_first_sample0_responses.jsonl  14:58:45Z

============================================================
  Judge:  deepseek (deepseek-ai/deepseek-v3.2-maas)
  Input:  runs/run_20260521/responses/grok_4_20_utility_first_sample0_responses.jsonl
  Output: /home/satvik/Documents/CIKM/runs/run_20260521/evaluations/deepseek_evaluations_grok_4_20_utility_first_sample0.jsonl
============================================================
  Remaining: 140 rows
  Progress: 1/140 | Rate: 0.56/s | ETA: 4.1m
  Progress: 2/140 | Rate: 0.55/s | ETA: 4.2m
  Progress: 3/140 | Rate: 0.58/s | ETA: 3.9m
  Progress: 4/140 | Rate: 0.62/s | ETA: 3.6m
  Progress: 5/140 | Rate: 0.65/s | ETA: 3.5m
  Progress: 6/140 | Rate: 0.51/s | ETA: 4.4m
  Progress: 7/140 | Rate: 0.51/s | ETA: 4.4m
  Progress: 8/140 | Rate: 0.48/s | ETA: 4.5m
  Progress: 9/140 | Rate: 0.49/s | ETA: 4.5m
  Progress: 10/140 | Rate: 0.50/s | ETA: 4.3m
  [cat2_orig_001] [Attempt 1] HTTP 429: [{
  "error": {
    "code": 429,
    "message": "Resource exhausted. Please try again later. Please refer to https://clo — waiting 60s
  Progress: 11/140 | Rate: 0.13/s | ETA: 16.0m
  Progress: 12/140 | Rate: 0.14/s | ETA: 14.9m
  Progress: 13/140 | Rate: 0.15/s | ETA: 13.8m
  Progress: 14/140 | Rate: 0.16/s | ETA: 13.0m
  Progress: 15/140 | Rate: 0.17/s | ETA: 12.4m
  [cat2_orig_006] [Attempt 1] HTTP 429: [{
  "error": {
    "code": 429,
    "message": "Resource exhausted. Please try again later. Please refer to https://clo — waiting 60s
  Progress: 16/140 | Rate: 0.10/s | ETA: 19.8m
  Progress: 17/140 | Rate: 0.11/s | ETA: 19.5m
  Progress: 18/140 | Rate: 0.11/s | ETA: 18.4m
  Progress: 19/140 | Rate: 0.11/s | ETA: 17.6m
  Progress: 20/140 | Rate: 0.12/s | ETA: 17.0m
  Progress: 21/140 | Rate: 0.12/s | ETA: 16.2m
  Progress: 22/140 | Rate: 0.13/s | ETA: 15.6m
  Progress: 23/140 | Rate: 0.13/s | ETA: 15.0m
  Progress: 24/140 | Rate: 0.13/s | ETA: 14.3m
  Progress: 25/140 | Rate: 0.14/s | ETA: 14.0m
  Progress: 26/140 | Rate: 0.14/s | ETA: 13.4m
  Progress: 27/140 | Rate: 0.15/s | ETA: 12.9m
  Progress: 28/140 | Rate: 0.15/s | ETA: 12.5m
  Progress: 29/140 | Rate: 0.15/s | ETA: 12.0m
  Progress: 30/140 | Rate: 0.16/s | ETA: 11.6m
  Progress: 31/140 | Rate: 0.16/s | ETA: 11.2m
  Progress: 32/140 | Rate: 0.17/s | ETA: 10.8m
  Progress: 33/140 | Rate: 0.17/s | ETA: 10.5m
  Progress: 34/140 | Rate: 0.17/s | ETA: 10.2m
  Progress: 35/140 | Rate: 0.18/s | ETA: 9.9m
  Progress: 36/140 | Rate: 0.18/s | ETA: 9.6m
  Progress: 37/140 | Rate: 0.18/s | ETA: 9.5m
  Progress: 38/140 | Rate: 0.18/s | ETA: 9.2m
  Progress: 39/140 | Rate: 0.19/s | ETA: 8.9m
  Progress: 40/140 | Rate: 0.19/s | ETA: 8.7m
  Progress: 41/140 | Rate: 0.19/s | ETA: 8.5m
  Progress: 42/140 | Rate: 0.20/s | ETA: 8.3m
  Progress: 43/140 | Rate: 0.20/s | ETA: 8.1m
  Progress: 44/140 | Rate: 0.20/s | ETA: 7.8m
  Progress: 45/140 | Rate: 0.21/s | ETA: 7.6m
  Progress: 46/140 | Rate: 0.21/s | ETA: 7.6m
  Progress: 47/140 | Rate: 0.21/s | ETA: 7.4m
  Progress: 48/140 | Rate: 0.21/s | ETA: 7.2m
  Progress: 49/140 | Rate: 0.21/s | ETA: 7.1m
  Progress: 50/140 | Rate: 0.22/s | ETA: 6.9m
  Progress: 51/140 | Rate: 0.22/s | ETA: 6.8m
  Progress: 52/140 | Rate: 0.22/s | ETA: 6.6m
  Progress: 53/140 | Rate: 0.22/s | ETA: 6.4m
  Progress: 54/140 | Rate: 0.23/s | ETA: 6.3m
  Progress: 55/140 | Rate: 0.23/s | ETA: 6.2m
  Progress: 56/140 | Rate: 0.23/s | ETA: 6.0m
  Progress: 57/140 | Rate: 0.24/s | ETA: 5.9m
  Progress: 58/140 | Rate: 0.24/s | ETA: 5.8m
  Progress: 59/140 | Rate: 0.24/s | ETA: 5.6m
  Progress: 60/140 | Rate: 0.24/s | ETA: 5.5m
  Progress: 61/140 | Rate: 0.24/s | ETA: 5.4m
  Progress: 62/140 | Rate: 0.25/s | ETA: 5.3m
  Progress: 63/140 | Rate: 0.25/s | ETA: 5.2m
  Progress: 64/140 | Rate: 0.25/s | ETA: 5.1m
  Progress: 65/140 | Rate: 0.25/s | ETA: 4.9m
  Progress: 66/140 | Rate: 0.26/s | ETA: 4.8m
  Progress: 67/140 | Rate: 0.26/s | ETA: 4.7m
  Progress: 68/140 | Rate: 0.26/s | ETA: 4.6m
  Progress: 69/140 | Rate: 0.26/s | ETA: 4.5m
  Progress: 70/140 | Rate: 0.26/s | ETA: 4.4m
  Progress: 71/140 | Rate: 0.27/s | ETA: 4.3m
  Progress: 72/140 | Rate: 0.27/s | ETA: 4.2m
  Progress: 73/140 | Rate: 0.27/s | ETA: 4.1m
  Progress: 74/140 | Rate: 0.27/s | ETA: 4.0m
  Progress: 75/140 | Rate: 0.27/s | ETA: 3.9m
  Progress: 76/140 | Rate: 0.28/s | ETA: 3.9m
  Progress: 77/140 | Rate: 0.28/s | ETA: 3.8m
  Progress: 78/140 | Rate: 0.28/s | ETA: 3.7m
  Progress: 79/140 | Rate: 0.28/s | ETA: 3.7m
  Progress: 80/140 | Rate: 0.28/s | ETA: 3.6m
  Progress: 81/140 | Rate: 0.28/s | ETA: 3.5m
  Progress: 82/140 | Rate: 0.28/s | ETA: 3.4m
  Progress: 83/140 | Rate: 0.28/s | ETA: 3.3m
  Progress: 84/140 | Rate: 0.29/s | ETA: 3.3m
  Progress: 85/140 | Rate: 0.29/s | ETA: 3.2m
  Progress: 86/140 | Rate: 0.29/s | ETA: 3.1m
  Progress: 87/140 | Rate: 0.29/s | ETA: 3.0m
  Progress: 88/140 | Rate: 0.29/s | ETA: 3.0m
  Progress: 89/140 | Rate: 0.29/s | ETA: 2.9m
  Progress: 90/140 | Rate: 0.29/s | ETA: 2.8m
  Progress: 91/140 | Rate: 0.29/s | ETA: 2.8m
  Progress: 92/140 | Rate: 0.29/s | ETA: 2.8m
  Progress: 93/140 | Rate: 0.29/s | ETA: 2.7m
  Progress: 94/140 | Rate: 0.29/s | ETA: 2.6m
  Progress: 95/140 | Rate: 0.29/s | ETA: 2.6m
  Progress: 96/140 | Rate: 0.29/s | ETA: 2.6m
  Progress: 97/140 | Rate: 0.29/s | ETA: 2.5m
  Progress: 98/140 | Rate: 0.29/s | ETA: 2.4m
  Progress: 99/140 | Rate: 0.29/s | ETA: 2.3m
  Progress: 100/140 | Rate: 0.29/s | ETA: 2.3m
  Progress: 101/140 | Rate: 0.29/s | ETA: 2.2m
  Progress: 102/140 | Rate: 0.28/s | ETA: 2.2m
  Progress: 103/140 | Rate: 0.29/s | ETA: 2.2m
  Progress: 104/140 | Rate: 0.29/s | ETA: 2.1m
  Progress: 105/140 | Rate: 0.29/s | ETA: 2.0m
  Progress: 106/140 | Rate: 0.29/s | ETA: 2.0m
  Progress: 107/140 | Rate: 0.29/s | ETA: 1.9m
  Progress: 108/140 | Rate: 0.29/s | ETA: 1.8m
  Progress: 109/140 | Rate: 0.29/s | ETA: 1.8m
  Progress: 110/140 | Rate: 0.30/s | ETA: 1.7m
  Progress: 111/140 | Rate: 0.30/s | ETA: 1.6m
  Progress: 112/140 | Rate: 0.30/s | ETA: 1.6m
  Progress: 113/140 | Rate: 0.30/s | ETA: 1.5m
  Progress: 114/140 | Rate: 0.30/s | ETA: 1.4m
  Progress: 115/140 | Rate: 0.30/s | ETA: 1.4m
  Progress: 116/140 | Rate: 0.30/s | ETA: 1.3m
  Progress: 117/140 | Rate: 0.30/s | ETA: 1.3m
  Progress: 118/140 | Rate: 0.30/s | ETA: 1.2m
  Progress: 119/140 | Rate: 0.31/s | ETA: 1.1m
  Progress: 120/140 | Rate: 0.31/s | ETA: 1.1m
  Progress: 121/140 | Rate: 0.31/s | ETA: 1.0m
  Progress: 122/140 | Rate: 0.31/s | ETA: 1.0m
  Progress: 123/140 | Rate: 0.31/s | ETA: 0.9m
  Progress: 124/140 | Rate: 0.31/s | ETA: 0.9m
  Progress: 125/140 | Rate: 0.31/s | ETA: 0.8m
  Progress: 126/140 | Rate: 0.31/s | ETA: 0.7m
  Progress: 127/140 | Rate: 0.31/s | ETA: 0.7m
  Progress: 128/140 | Rate: 0.31/s | ETA: 0.6m
  Progress: 129/140 | Rate: 0.31/s | ETA: 0.6m
  Progress: 130/140 | Rate: 0.29/s | ETA: 0.6m
  Progress: 131/140 | Rate: 0.29/s | ETA: 0.5m
  Progress: 132/140 | Rate: 0.29/s | ETA: 0.5m
  Progress: 133/140 | Rate: 0.29/s | ETA: 0.4m
  Progress: 134/140 | Rate: 0.29/s | ETA: 0.3m
  Progress: 135/140 | Rate: 0.29/s | ETA: 0.3m
  Progress: 136/140 | Rate: 0.29/s | ETA: 0.2m
  Progress: 137/140 | Rate: 0.29/s | ETA: 0.2m
  Progress: 138/140 | Rate: 0.29/s | ETA: 0.1m
  Progress: 139/140 | Rate: 0.29/s | ETA: 0.1m
  Progress: 140/140 | Rate: 0.29/s | ETA: 0.0m

✔ Done. 140 evaluations in 484.2s (0.29/s)
>>> grok_4_20_utility_first_sample1_responses.jsonl  15:06:50Z

============================================================
  Judge:  deepseek (deepseek-ai/deepseek-v3.2-maas)
  Input:  runs/run_20260521/responses/grok_4_20_utility_first_sample1_responses.jsonl
  Output: /home/satvik/Documents/CIKM/runs/run_20260521/evaluations/deepseek_evaluations_grok_4_20_utility_first_sample1.jsonl
============================================================
  Remaining: 140 rows
  Progress: 1/140 | Rate: 0.69/s | ETA: 3.4m
  Progress: 2/140 | Rate: 0.45/s | ETA: 5.1m
  Progress: 3/140 | Rate: 0.45/s | ETA: 5.1m
  Progress: 4/140 | Rate: 0.43/s | ETA: 5.3m
  Progress: 5/140 | Rate: 0.45/s | ETA: 5.0m
  Progress: 6/140 | Rate: 0.46/s | ETA: 4.8m
  Progress: 7/140 | Rate: 0.46/s | ETA: 4.9m
  Progress: 8/140 | Rate: 0.47/s | ETA: 4.7m
  Progress: 9/140 | Rate: 0.48/s | ETA: 4.6m
  Progress: 10/140 | Rate: 0.50/s | ETA: 4.4m
  Progress: 11/140 | Rate: 0.50/s | ETA: 4.3m
  Progress: 12/140 | Rate: 0.51/s | ETA: 4.2m
  Progress: 13/140 | Rate: 0.40/s | ETA: 5.3m
  Progress: 14/140 | Rate: 0.35/s | ETA: 6.0m
  Progress: 15/140 | Rate: 0.36/s | ETA: 5.9m
  Progress: 16/140 | Rate: 0.36/s | ETA: 5.7m
  Progress: 17/140 | Rate: 0.37/s | ETA: 5.6m
  Progress: 18/140 | Rate: 0.38/s | ETA: 5.4m
  Progress: 19/140 | Rate: 0.38/s | ETA: 5.3m
  Progress: 20/140 | Rate: 0.39/s | ETA: 5.1m
  Progress: 21/140 | Rate: 0.37/s | ETA: 5.3m
  Progress: 22/140 | Rate: 0.38/s | ETA: 5.2m
  Progress: 23/140 | Rate: 0.38/s | ETA: 5.1m
  Progress: 24/140 | Rate: 0.38/s | ETA: 5.1m
  Progress: 25/140 | Rate: 0.39/s | ETA: 5.0m
  Progress: 26/140 | Rate: 0.39/s | ETA: 4.9m
  Progress: 27/140 | Rate: 0.40/s | ETA: 4.8m
  Progress: 28/140 | Rate: 0.38/s | ETA: 4.9m
  Progress: 29/140 | Rate: 0.39/s | ETA: 4.8m
  Progress: 30/140 | Rate: 0.39/s | ETA: 4.7m
  Progress: 31/140 | Rate: 0.40/s | ETA: 4.6m
  Progress: 32/140 | Rate: 0.40/s | ETA: 4.5m
  Progress: 33/140 | Rate: 0.41/s | ETA: 4.4m
  Progress: 34/140 | Rate: 0.40/s | ETA: 4.4m
  Progress: 35/140 | Rate: 0.40/s | ETA: 4.3m
  Progress: 36/140 | Rate: 0.41/s | ETA: 4.3m
  Progress: 37/140 | Rate: 0.41/s | ETA: 4.2m
  Progress: 38/140 | Rate: 0.39/s | ETA: 4.3m
  Progress: 39/140 | Rate: 0.40/s | ETA: 4.2m
  Progress: 40/140 | Rate: 0.40/s | ETA: 4.2m
  Progress: 41/140 | Rate: 0.40/s | ETA: 4.2m
  Progress: 42/140 | Rate: 0.39/s | ETA: 4.2m
  Progress: 43/140 | Rate: 0.39/s | ETA: 4.1m
  Progress: 44/140 | Rate: 0.39/s | ETA: 4.1m
  Progress: 45/140 | Rate: 0.37/s | ETA: 4.3m
  Progress: 46/140 | Rate: 0.37/s | ETA: 4.2m
  Progress: 47/140 | Rate: 0.37/s | ETA: 4.2m
  Progress: 48/140 | Rate: 0.37/s | ETA: 4.1m
  Progress: 49/140 | Rate: 0.38/s | ETA: 4.0m
  Progress: 50/140 | Rate: 0.36/s | ETA: 4.1m
  Progress: 51/140 | Rate: 0.37/s | ETA: 4.1m
  Progress: 52/140 | Rate: 0.36/s | ETA: 4.0m
  Progress: 53/140 | Rate: 0.37/s | ETA: 4.0m
  Progress: 54/140 | Rate: 0.37/s | ETA: 3.9m
  Progress: 55/140 | Rate: 0.37/s | ETA: 3.8m
  Progress: 56/140 | Rate: 0.37/s | ETA: 3.8m
  Progress: 57/140 | Rate: 0.37/s | ETA: 3.8m
  Progress: 58/140 | Rate: 0.36/s | ETA: 3.7m
  Progress: 59/140 | Rate: 0.37/s | ETA: 3.7m
  Progress: 60/140 | Rate: 0.37/s | ETA: 3.6m
  Progress: 61/140 | Rate: 0.37/s | ETA: 3.6m
  Progress: 62/140 | Rate: 0.37/s | ETA: 3.5m
  Progress: 63/140 | Rate: 0.38/s | ETA: 3.4m
  Progress: 64/140 | Rate: 0.38/s | ETA: 3.3m
  Progress: 65/140 | Rate: 0.38/s | ETA: 3.3m
  Progress: 66/140 | Rate: 0.38/s | ETA: 3.2m
  Progress: 67/140 | Rate: 0.38/s | ETA: 3.2m
  Progress: 68/140 | Rate: 0.38/s | ETA: 3.1m
  Progress: 69/140 | Rate: 0.38/s | ETA: 3.1m
  Progress: 70/140 | Rate: 0.38/s | ETA: 3.1m
  Progress: 71/140 | Rate: 0.38/s | ETA: 3.0m
  Progress: 72/140 | Rate: 0.38/s | ETA: 3.0m
  Progress: 73/140 | Rate: 0.38/s | ETA: 3.0m
  Progress: 74/140 | Rate: 0.38/s | ETA: 2.9m
  Progress: 75/140 | Rate: 0.38/s | ETA: 2.9m
  Progress: 76/140 | Rate: 0.38/s | ETA: 2.8m
  Progress: 77/140 | Rate: 0.38/s | ETA: 2.8m
  Progress: 78/140 | Rate: 0.38/s | ETA: 2.7m
  Progress: 79/140 | Rate: 0.38/s | ETA: 2.7m
  Progress: 80/140 | Rate: 0.38/s | ETA: 2.6m
  Progress: 81/140 | Rate: 0.38/s | ETA: 2.6m
  Progress: 82/140 | Rate: 0.39/s | ETA: 2.5m
  Progress: 83/140 | Rate: 0.38/s | ETA: 2.5m
  Progress: 84/140 | Rate: 0.38/s | ETA: 2.4m
  Progress: 85/140 | Rate: 0.38/s | ETA: 2.4m
  Progress: 86/140 | Rate: 0.38/s | ETA: 2.4m
  Progress: 87/140 | Rate: 0.38/s | ETA: 2.4m
  Progress: 88/140 | Rate: 0.38/s | ETA: 2.3m
  Progress: 89/140 | Rate: 0.38/s | ETA: 2.2m
  Progress: 90/140 | Rate: 0.38/s | ETA: 2.2m
  Progress: 91/140 | Rate: 0.38/s | ETA: 2.1m
  Progress: 92/140 | Rate: 0.38/s | ETA: 2.1m
  Progress: 93/140 | Rate: 0.38/s | ETA: 2.0m
  Progress: 94/140 | Rate: 0.38/s | ETA: 2.0m
  Progress: 95/140 | Rate: 0.38/s | ETA: 2.0m
  Progress: 96/140 | Rate: 0.38/s | ETA: 1.9m
  Progress: 97/140 | Rate: 0.39/s | ETA: 1.9m
  Progress: 98/140 | Rate: 0.39/s | ETA: 1.8m
  Progress: 99/140 | Rate: 0.39/s | ETA: 1.8m
  Progress: 100/140 | Rate: 0.39/s | ETA: 1.7m
  Progress: 101/140 | Rate: 0.39/s | ETA: 1.7m
  Progress: 102/140 | Rate: 0.39/s | ETA: 1.6m
  Progress: 103/140 | Rate: 0.39/s | ETA: 1.6m
  Progress: 104/140 | Rate: 0.39/s | ETA: 1.5m
  Progress: 105/140 | Rate: 0.39/s | ETA: 1.5m
  Progress: 106/140 | Rate: 0.40/s | ETA: 1.4m
  Progress: 107/140 | Rate: 0.40/s | ETA: 1.4m
  Progress: 108/140 | Rate: 0.40/s | ETA: 1.3m
  Progress: 109/140 | Rate: 0.40/s | ETA: 1.3m
  Progress: 110/140 | Rate: 0.40/s | ETA: 1.2m
  Progress: 111/140 | Rate: 0.40/s | ETA: 1.2m
  Progress: 112/140 | Rate: 0.40/s | ETA: 1.2m
  Progress: 113/140 | Rate: 0.40/s | ETA: 1.1m
  Progress: 114/140 | Rate: 0.40/s | ETA: 1.1m
  Progress: 115/140 | Rate: 0.41/s | ETA: 1.0m
  Progress: 116/140 | Rate: 0.41/s | ETA: 1.0m
  Progress: 117/140 | Rate: 0.41/s | ETA: 0.9m
  Progress: 118/140 | Rate: 0.41/s | ETA: 0.9m
  Progress: 119/140 | Rate: 0.41/s | ETA: 0.9m
  Progress: 120/140 | Rate: 0.41/s | ETA: 0.8m
  Progress: 121/140 | Rate: 0.41/s | ETA: 0.8m
  Progress: 122/140 | Rate: 0.41/s | ETA: 0.7m
  Progress: 123/140 | Rate: 0.41/s | ETA: 0.7m
  Progress: 124/140 | Rate: 0.41/s | ETA: 0.6m
  Progress: 125/140 | Rate: 0.41/s | ETA: 0.6m
  Progress: 126/140 | Rate: 0.41/s | ETA: 0.6m
  Progress: 127/140 | Rate: 0.41/s | ETA: 0.5m
  Progress: 128/140 | Rate: 0.41/s | ETA: 0.5m
  Progress: 129/140 | Rate: 0.41/s | ETA: 0.4m
  Progress: 130/140 | Rate: 0.41/s | ETA: 0.4m
  Progress: 131/140 | Rate: 0.41/s | ETA: 0.4m
  Progress: 132/140 | Rate: 0.41/s | ETA: 0.3m
  Progress: 133/140 | Rate: 0.41/s | ETA: 0.3m
  Progress: 134/140 | Rate: 0.41/s | ETA: 0.2m
  Progress: 135/140 | Rate: 0.41/s | ETA: 0.2m
  Progress: 136/140 | Rate: 0.41/s | ETA: 0.2m
  Progress: 137/140 | Rate: 0.40/s | ETA: 0.1m
  Progress: 138/140 | Rate: 0.39/s | ETA: 0.1m
  Progress: 139/140 | Rate: 0.39/s | ETA: 0.0m
  Progress: 140/140 | Rate: 0.40/s | ETA: 0.0m

✔ Done. 140 evaluations in 354.2s (0.40/s)
>>> grok_4_20_utility_first_sample2_responses.jsonl  15:12:55Z

============================================================
  Judge:  deepseek (deepseek-ai/deepseek-v3.2-maas)
  Input:  runs/run_20260521/responses/grok_4_20_utility_first_sample2_responses.jsonl
  Output: /home/satvik/Documents/CIKM/runs/run_20260521/evaluations/deepseek_evaluations_grok_4_20_utility_first_sample2.jsonl
============================================================
  Remaining: 140 rows
  Progress: 1/140 | Rate: 0.59/s | ETA: 3.9m
  Progress: 2/140 | Rate: 0.64/s | ETA: 3.6m
  Progress: 3/140 | Rate: 0.62/s | ETA: 3.7m
  Progress: 4/140 | Rate: 0.62/s | ETA: 3.6m
  Progress: 5/140 | Rate: 0.63/s | ETA: 3.6m
  Progress: 6/140 | Rate: 0.46/s | ETA: 4.8m
  Progress: 7/140 | Rate: 0.48/s | ETA: 4.6m
  Progress: 8/140 | Rate: 0.50/s | ETA: 4.4m
  Progress: 9/140 | Rate: 0.33/s | ETA: 6.7m
  Progress: 10/140 | Rate: 0.34/s | ETA: 6.3m
  Progress: 11/140 | Rate: 0.30/s | ETA: 7.1m
  Progress: 12/140 | Rate: 0.31/s | ETA: 6.8m
  Progress: 13/140 | Rate: 0.32/s | ETA: 6.5m
  Progress: 14/140 | Rate: 0.33/s | ETA: 6.3m
  Progress: 15/140 | Rate: 0.35/s | ETA: 6.0m
  Progress: 16/140 | Rate: 0.35/s | ETA: 5.9m
  Progress: 17/140 | Rate: 0.36/s | ETA: 5.8m
  Progress: 18/140 | Rate: 0.35/s | ETA: 5.8m
  Progress: 19/140 | Rate: 0.36/s | ETA: 5.6m
  Progress: 20/140 | Rate: 0.34/s | ETA: 5.8m
  Progress: 21/140 | Rate: 0.35/s | ETA: 5.7m
  Progress: 22/140 | Rate: 0.35/s | ETA: 5.6m
  Progress: 23/140 | Rate: 0.35/s | ETA: 5.6m
  Progress: 24/140 | Rate: 0.35/s | ETA: 5.5m
  Progress: 25/140 | Rate: 0.36/s | ETA: 5.3m
  Progress: 26/140 | Rate: 0.36/s | ETA: 5.2m
  Progress: 27/140 | Rate: 0.37/s | ETA: 5.1m
  Progress: 28/140 | Rate: 0.34/s | ETA: 5.6m
  Progress: 29/140 | Rate: 0.34/s | ETA: 5.4m
  Progress: 30/140 | Rate: 0.35/s | ETA: 5.3m
  Progress: 31/140 | Rate: 0.35/s | ETA: 5.2m
  Progress: 32/140 | Rate: 0.36/s | ETA: 5.1m
  Progress: 33/140 | Rate: 0.36/s | ETA: 5.0m
  Progress: 34/140 | Rate: 0.36/s | ETA: 4.8m
  Progress: 35/140 | Rate: 0.37/s | ETA: 4.8m
  Progress: 36/140 | Rate: 0.37/s | ETA: 4.7m
  Progress: 37/140 | Rate: 0.37/s | ETA: 4.6m
  Progress: 38/140 | Rate: 0.38/s | ETA: 4.5m
  Progress: 39/140 | Rate: 0.38/s | ETA: 4.4m
  Progress: 40/140 | Rate: 0.37/s | ETA: 4.5m
  Progress: 41/140 | Rate: 0.37/s | ETA: 4.4m
  Progress: 42/140 | Rate: 0.38/s | ETA: 4.3m
  Progress: 43/140 | Rate: 0.38/s | ETA: 4.2m
  Progress: 44/140 | Rate: 0.38/s | ETA: 4.2m
  Progress: 45/140 | Rate: 0.36/s | ETA: 4.5m
  Progress: 46/140 | Rate: 0.36/s | ETA: 4.4m
  Progress: 47/140 | Rate: 0.35/s | ETA: 4.4m
  Progress: 48/140 | Rate: 0.36/s | ETA: 4.3m
  Progress: 49/140 | Rate: 0.36/s | ETA: 4.2m
  Progress: 50/140 | Rate: 0.36/s | ETA: 4.1m
  Progress: 51/140 | Rate: 0.37/s | ETA: 4.1m
  Progress: 52/140 | Rate: 0.37/s | ETA: 4.0m
  Progress: 53/140 | Rate: 0.37/s | ETA: 3.9m
  Progress: 54/140 | Rate: 0.37/s | ETA: 3.8m
  Progress: 55/140 | Rate: 0.37/s | ETA: 3.8m
  Progress: 56/140 | Rate: 0.36/s | ETA: 3.8m
  Progress: 57/140 | Rate: 0.37/s | ETA: 3.8m
  Progress: 58/140 | Rate: 0.37/s | ETA: 3.7m
  Progress: 59/140 | Rate: 0.37/s | ETA: 3.6m
  Progress: 60/140 | Rate: 0.38/s | ETA: 3.5m
  Progress: 61/140 | Rate: 0.38/s | ETA: 3.5m
  Progress: 62/140 | Rate: 0.37/s | ETA: 3.5m
  Progress: 63/140 | Rate: 0.37/s | ETA: 3.4m
  Progress: 64/140 | Rate: 0.38/s | ETA: 3.4m
  Progress: 65/140 | Rate: 0.38/s | ETA: 3.3m
  Progress: 66/140 | Rate: 0.38/s | ETA: 3.2m
  Progress: 67/140 | Rate: 0.38/s | ETA: 3.2m
  Progress: 68/140 | Rate: 0.38/s | ETA: 3.1m
  Progress: 69/140 | Rate: 0.38/s | ETA: 3.1m
  Progress: 70/140 | Rate: 0.38/s | ETA: 3.1m
  Progress: 71/140 | Rate: 0.38/s | ETA: 3.0m
  Progress: 72/140 | Rate: 0.38/s | ETA: 3.0m
  Progress: 73/140 | Rate: 0.38/s | ETA: 2.9m
  Progress: 74/140 | Rate: 0.38/s | ETA: 2.9m
  Progress: 75/140 | Rate: 0.38/s | ETA: 2.9m
  Progress: 76/140 | Rate: 0.38/s | ETA: 2.8m
  Progress: 77/140 | Rate: 0.38/s | ETA: 2.8m
  Progress: 78/140 | Rate: 0.38/s | ETA: 2.7m
  Progress: 79/140 | Rate: 0.38/s | ETA: 2.7m
  Progress: 80/140 | Rate: 0.38/s | ETA: 2.6m
  Progress: 81/140 | Rate: 0.38/s | ETA: 2.6m
  Progress: 82/140 | Rate: 0.38/s | ETA: 2.6m
  Progress: 83/140 | Rate: 0.38/s | ETA: 2.5m
  Progress: 84/140 | Rate: 0.38/s | ETA: 2.4m
  Progress: 85/140 | Rate: 0.38/s | ETA: 2.4m
  Progress: 86/140 | Rate: 0.38/s | ETA: 2.4m
  Progress: 87/140 | Rate: 0.38/s | ETA: 2.3m
  Progress: 88/140 | Rate: 0.39/s | ETA: 2.2m
  Progress: 89/140 | Rate: 0.39/s | ETA: 2.2m
  Progress: 90/140 | Rate: 0.39/s | ETA: 2.1m
  Progress: 91/140 | Rate: 0.38/s | ETA: 2.2m
  Progress: 92/140 | Rate: 0.38/s | ETA: 2.1m
  Progress: 93/140 | Rate: 0.38/s | ETA: 2.1m
  Progress: 94/140 | Rate: 0.38/s | ETA: 2.0m
  Progress: 95/140 | Rate: 0.38/s | ETA: 2.0m
  Progress: 96/140 | Rate: 0.38/s | ETA: 1.9m
  Progress: 97/140 | Rate: 0.39/s | ETA: 1.9m
  Progress: 98/140 | Rate: 0.39/s | ETA: 1.8m
  Progress: 99/140 | Rate: 0.39/s | ETA: 1.8m
  Progress: 100/140 | Rate: 0.39/s | ETA: 1.7m
  Progress: 101/140 | Rate: 0.39/s | ETA: 1.7m
  Progress: 102/140 | Rate: 0.39/s | ETA: 1.6m
  Progress: 103/140 | Rate: 0.39/s | ETA: 1.6m
  Progress: 104/140 | Rate: 0.39/s | ETA: 1.5m
  Progress: 105/140 | Rate: 0.39/s | ETA: 1.5m
  Progress: 106/140 | Rate: 0.39/s | ETA: 1.5m
  Progress: 107/140 | Rate: 0.35/s | ETA: 1.6m
  Progress: 108/140 | Rate: 0.35/s | ETA: 1.5m
  Progress: 109/140 | Rate: 0.35/s | ETA: 1.5m
  [cat4_real_005] [Attempt 1] HTTP 429: [{
  "error": {
    "code": 429,
    "message": "Resource exhausted. Please try again later. Please refer to https://clo — waiting 60s
  Progress: 110/140 | Rate: 0.30/s | ETA: 1.7m
  Progress: 111/140 | Rate: 0.30/s | ETA: 1.6m
  Progress: 112/140 | Rate: 0.30/s | ETA: 1.6m
  Progress: 113/140 | Rate: 0.30/s | ETA: 1.5m
  Progress: 114/140 | Rate: 0.30/s | ETA: 1.5m
  Progress: 115/140 | Rate: 0.30/s | ETA: 1.4m
  Progress: 116/140 | Rate: 0.30/s | ETA: 1.3m
  Progress: 117/140 | Rate: 0.30/s | ETA: 1.3m
  Progress: 118/140 | Rate: 0.30/s | ETA: 1.2m
  Progress: 119/140 | Rate: 0.30/s | ETA: 1.2m
  Progress: 120/140 | Rate: 0.31/s | ETA: 1.1m
  Progress: 121/140 | Rate: 0.31/s | ETA: 1.0m
  Progress: 122/140 | Rate: 0.31/s | ETA: 1.0m
  Progress: 123/140 | Rate: 0.31/s | ETA: 0.9m
  Progress: 124/140 | Rate: 0.30/s | ETA: 0.9m
  Progress: 125/140 | Rate: 0.30/s | ETA: 0.8m
  Progress: 126/140 | Rate: 0.31/s | ETA: 0.8m
  Progress: 127/140 | Rate: 0.30/s | ETA: 0.7m
  Progress: 128/140 | Rate: 0.30/s | ETA: 0.7m
  Progress: 129/140 | Rate: 0.30/s | ETA: 0.6m
  Progress: 130/140 | Rate: 0.30/s | ETA: 0.5m
  Progress: 131/140 | Rate: 0.30/s | ETA: 0.5m
  Progress: 132/140 | Rate: 0.31/s | ETA: 0.4m
  Progress: 133/140 | Rate: 0.31/s | ETA: 0.4m
  Progress: 134/140 | Rate: 0.31/s | ETA: 0.3m
  Progress: 135/140 | Rate: 0.31/s | ETA: 0.3m
  Progress: 136/140 | Rate: 0.30/s | ETA: 0.2m
  Progress: 137/140 | Rate: 0.30/s | ETA: 0.2m
  Progress: 138/140 | Rate: 0.30/s | ETA: 0.1m
  Progress: 139/140 | Rate: 0.30/s | ETA: 0.1m
  Progress: 140/140 | Rate: 0.30/s | ETA: 0.0m

✔ Done. 140 evaluations in 461.7s (0.30/s)
>>> grok_4_20_vanilla_sample0_responses.jsonl  15:20:38Z

============================================================
  Judge:  deepseek (deepseek-ai/deepseek-v3.2-maas)
  Input:  runs/run_20260521/responses/grok_4_20_vanilla_sample0_responses.jsonl
  Output: /home/satvik/Documents/CIKM/runs/run_20260521/evaluations/deepseek_evaluations_grok_4_20_vanilla_sample0.jsonl
============================================================
  Remaining: 140 rows
  Progress: 1/140 | Rate: 0.59/s | ETA: 3.9m
  Progress: 2/140 | Rate: 0.59/s | ETA: 3.9m
  Progress: 3/140 | Rate: 0.54/s | ETA: 4.3m
  Progress: 4/140 | Rate: 0.50/s | ETA: 4.5m
  Progress: 5/140 | Rate: 0.52/s | ETA: 4.3m
  Progress: 6/140 | Rate: 0.53/s | ETA: 4.2m
  Progress: 7/140 | Rate: 0.55/s | ETA: 4.0m
  Progress: 8/140 | Rate: 0.56/s | ETA: 3.9m
  Progress: 9/140 | Rate: 0.58/s | ETA: 3.8m
  Progress: 10/140 | Rate: 0.57/s | ETA: 3.8m
  Progress: 11/140 | Rate: 0.57/s | ETA: 3.8m
  Progress: 12/140 | Rate: 0.57/s | ETA: 3.8m
  Progress: 13/140 | Rate: 0.54/s | ETA: 3.9m
  Progress: 14/140 | Rate: 0.49/s | ETA: 4.2m
  Progress: 15/140 | Rate: 0.50/s | ETA: 4.2m
  Progress: 16/140 | Rate: 0.47/s | ETA: 4.4m
  Progress: 17/140 | Rate: 0.47/s | ETA: 4.4m
  Progress: 18/140 | Rate: 0.47/s | ETA: 4.3m
  Progress: 19/140 | Rate: 0.47/s | ETA: 4.3m
  Progress: 20/140 | Rate: 0.47/s | ETA: 4.3m
  Progress: 21/140 | Rate: 0.40/s | ETA: 5.0m
  Progress: 22/140 | Rate: 0.40/s | ETA: 4.9m
  Progress: 23/140 | Rate: 0.38/s | ETA: 5.1m
  Progress: 24/140 | Rate: 0.35/s | ETA: 5.5m
  Progress: 25/140 | Rate: 0.28/s | ETA: 7.0m
  Progress: 26/140 | Rate: 0.28/s | ETA: 6.7m
  Progress: 27/140 | Rate: 0.29/s | ETA: 6.5m
  Progress: 28/140 | Rate: 0.29/s | ETA: 6.4m
  Progress: 29/140 | Rate: 0.30/s | ETA: 6.2m
  Progress: 30/140 | Rate: 0.30/s | ETA: 6.1m
  Progress: 31/140 | Rate: 0.30/s | ETA: 6.0m
  Progress: 32/140 | Rate: 0.31/s | ETA: 5.9m
  Progress: 33/140 | Rate: 0.31/s | ETA: 5.8m
  Progress: 34/140 | Rate: 0.31/s | ETA: 5.7m
  Progress: 35/140 | Rate: 0.30/s | ETA: 5.9m
  Progress: 36/140 | Rate: 0.30/s | ETA: 5.8m
  Progress: 37/140 | Rate: 0.30/s | ETA: 5.7m
  Progress: 38/140 | Rate: 0.31/s | ETA: 5.5m
  Progress: 39/140 | Rate: 0.31/s | ETA: 5.4m
  Progress: 40/140 | Rate: 0.31/s | ETA: 5.3m
  Progress: 41/140 | Rate: 0.32/s | ETA: 5.2m
  Progress: 42/140 | Rate: 0.30/s | ETA: 5.5m
  Progress: 43/140 | Rate: 0.30/s | ETA: 5.4m
  Progress: 44/140 | Rate: 0.30/s | ETA: 5.3m
  Progress: 45/140 | Rate: 0.31/s | ETA: 5.1m
  Progress: 46/140 | Rate: 0.31/s | ETA: 5.0m
  Progress: 47/140 | Rate: 0.31/s | ETA: 4.9m
  Progress: 48/140 | Rate: 0.32/s | ETA: 4.8m
  Progress: 49/140 | Rate: 0.31/s | ETA: 4.8m
  Progress: 50/140 | Rate: 0.32/s | ETA: 4.7m
  Progress: 51/140 | Rate: 0.31/s | ETA: 4.7m
  Progress: 52/140 | Rate: 0.32/s | ETA: 4.6m
  Progress: 53/140 | Rate: 0.32/s | ETA: 4.5m
  Progress: 54/140 | Rate: 0.32/s | ETA: 4.5m
  Progress: 55/140 | Rate: 0.32/s | ETA: 4.4m
  Progress: 56/140 | Rate: 0.32/s | ETA: 4.3m
  Progress: 57/140 | Rate: 0.33/s | ETA: 4.3m
  Progress: 58/140 | Rate: 0.33/s | ETA: 4.2m
  Progress: 59/140 | Rate: 0.33/s | ETA: 4.1m
  Progress: 60/140 | Rate: 0.33/s | ETA: 4.0m
  Progress: 61/140 | Rate: 0.34/s | ETA: 3.9m
  Progress: 62/140 | Rate: 0.34/s | ETA: 3.8m
  Progress: 63/140 | Rate: 0.32/s | ETA: 4.0m
  Progress: 64/140 | Rate: 0.32/s | ETA: 3.9m
  Progress: 65/140 | Rate: 0.33/s | ETA: 3.8m
  Progress: 66/140 | Rate: 0.33/s | ETA: 3.8m
  Progress: 67/140 | Rate: 0.33/s | ETA: 3.7m
  Progress: 68/140 | Rate: 0.33/s | ETA: 3.6m
  Progress: 69/140 | Rate: 0.33/s | ETA: 3.6m
  Progress: 70/140 | Rate: 0.33/s | ETA: 3.5m
  Progress: 71/140 | Rate: 0.34/s | ETA: 3.4m
  Progress: 72/140 | Rate: 0.34/s | ETA: 3.4m
  Progress: 73/140 | Rate: 0.34/s | ETA: 3.3m
  Progress: 74/140 | Rate: 0.34/s | ETA: 3.3m
  Progress: 75/140 | Rate: 0.34/s | ETA: 3.2m
  Progress: 76/140 | Rate: 0.34/s | ETA: 3.1m
  Progress: 77/140 | Rate: 0.34/s | ETA: 3.1m
  Progress: 78/140 | Rate: 0.34/s | ETA: 3.1m
  Progress: 79/140 | Rate: 0.34/s | ETA: 3.0m
  Progress: 80/140 | Rate: 0.34/s | ETA: 2.9m
  Progress: 81/140 | Rate: 0.34/s | ETA: 2.9m
  Progress: 82/140 | Rate: 0.34/s | ETA: 2.8m
  Progress: 83/140 | Rate: 0.34/s | ETA: 2.8m
  Progress: 84/140 | Rate: 0.35/s | ETA: 2.7m
  Progress: 85/140 | Rate: 0.35/s | ETA: 2.6m
  Progress: 86/140 | Rate: 0.34/s | ETA: 2.6m
  Progress: 87/140 | Rate: 0.35/s | ETA: 2.6m
  Progress: 88/140 | Rate: 0.35/s | ETA: 2.5m
  Progress: 89/140 | Rate: 0.35/s | ETA: 2.4m
  Progress: 90/140 | Rate: 0.35/s | ETA: 2.4m
  Progress: 91/140 | Rate: 0.35/s | ETA: 2.3m
  Progress: 92/140 | Rate: 0.35/s | ETA: 2.3m
  Progress: 93/140 | Rate: 0.35/s | ETA: 2.2m
  Progress: 94/140 | Rate: 0.36/s | ETA: 2.1m
  Progress: 95/140 | Rate: 0.36/s | ETA: 2.1m
  Progress: 96/140 | Rate: 0.36/s | ETA: 2.0m
  Progress: 97/140 | Rate: 0.36/s | ETA: 2.0m
  Progress: 98/140 | Rate: 0.36/s | ETA: 1.9m
  Progress: 99/140 | Rate: 0.36/s | ETA: 1.9m
  Progress: 100/140 | Rate: 0.37/s | ETA: 1.8m
  Progress: 101/140 | Rate: 0.37/s | ETA: 1.8m
  Progress: 102/140 | Rate: 0.37/s | ETA: 1.7m
  Progress: 103/140 | Rate: 0.37/s | ETA: 1.7m
  Progress: 104/140 | Rate: 0.37/s | ETA: 1.6m
  Progress: 105/140 | Rate: 0.37/s | ETA: 1.6m
  Progress: 106/140 | Rate: 0.37/s | ETA: 1.5m
  Progress: 107/140 | Rate: 0.37/s | ETA: 1.5m
  Progress: 108/140 | Rate: 0.37/s | ETA: 1.4m
  Progress: 109/140 | Rate: 0.36/s | ETA: 1.4m
  Progress: 110/140 | Rate: 0.36/s | ETA: 1.4m
  Progress: 111/140 | Rate: 0.36/s | ETA: 1.3m
  Progress: 112/140 | Rate: 0.36/s | ETA: 1.3m
  Progress: 113/140 | Rate: 0.37/s | ETA: 1.2m
  Progress: 114/140 | Rate: 0.37/s | ETA: 1.2m
  Progress: 115/140 | Rate: 0.37/s | ETA: 1.1m
  Progress: 116/140 | Rate: 0.37/s | ETA: 1.1m
  Progress: 117/140 | Rate: 0.37/s | ETA: 1.0m
  Progress: 118/140 | Rate: 0.37/s | ETA: 1.0m
  Progress: 119/140 | Rate: 0.37/s | ETA: 1.0m
  Progress: 120/140 | Rate: 0.37/s | ETA: 0.9m
  Progress: 121/140 | Rate: 0.37/s | ETA: 0.9m
  Progress: 122/140 | Rate: 0.37/s | ETA: 0.8m
  Progress: 123/140 | Rate: 0.37/s | ETA: 0.8m
  Progress: 124/140 | Rate: 0.37/s | ETA: 0.7m
  Progress: 125/140 | Rate: 0.37/s | ETA: 0.7m
  Progress: 126/140 | Rate: 0.37/s | ETA: 0.6m
  Progress: 127/140 | Rate: 0.38/s | ETA: 0.6m
  Progress: 128/140 | Rate: 0.38/s | ETA: 0.5m
  Progress: 129/140 | Rate: 0.38/s | ETA: 0.5m
  Progress: 130/140 | Rate: 0.38/s | ETA: 0.4m
  Progress: 131/140 | Rate: 0.38/s | ETA: 0.4m
  Progress: 132/140 | Rate: 0.38/s | ETA: 0.4m
  Progress: 133/140 | Rate: 0.38/s | ETA: 0.3m
  Progress: 134/140 | Rate: 0.38/s | ETA: 0.3m
  Progress: 135/140 | Rate: 0.38/s | ETA: 0.2m
  Progress: 136/140 | Rate: 0.38/s | ETA: 0.2m
  Progress: 137/140 | Rate: 0.38/s | ETA: 0.1m
  Progress: 138/140 | Rate: 0.38/s | ETA: 0.1m
  Progress: 139/140 | Rate: 0.38/s | ETA: 0.0m
  Progress: 140/140 | Rate: 0.38/s | ETA: 0.0m

✔ Done. 140 evaluations in 366.0s (0.38/s)
>>> grok_4_20_vanilla_sample1_responses.jsonl  15:26:44Z

============================================================
  Judge:  deepseek (deepseek-ai/deepseek-v3.2-maas)
  Input:  runs/run_20260521/responses/grok_4_20_vanilla_sample1_responses.jsonl
  Output: /home/satvik/Documents/CIKM/runs/run_20260521/evaluations/deepseek_evaluations_grok_4_20_vanilla_sample1.jsonl
============================================================
  Remaining: 140 rows
  Progress: 1/140 | Rate: 0.56/s | ETA: 4.1m
  Progress: 2/140 | Rate: 0.54/s | ETA: 4.2m
  Progress: 3/140 | Rate: 0.54/s | ETA: 4.2m
  Progress: 4/140 | Rate: 0.52/s | ETA: 4.4m
  Progress: 5/140 | Rate: 0.55/s | ETA: 4.1m
  Progress: 6/140 | Rate: 0.50/s | ETA: 4.5m
  Progress: 7/140 | Rate: 0.49/s | ETA: 4.5m
  Progress: 8/140 | Rate: 0.50/s | ETA: 4.4m
  Progress: 9/140 | Rate: 0.52/s | ETA: 4.2m
  Progress: 10/140 | Rate: 0.53/s | ETA: 4.1m
  Progress: 11/140 | Rate: 0.49/s | ETA: 4.4m
  Progress: 12/140 | Rate: 0.50/s | ETA: 4.3m
  Progress: 13/140 | Rate: 0.51/s | ETA: 4.1m
  Progress: 14/140 | Rate: 0.52/s | ETA: 4.0m
  Progress: 15/140 | Rate: 0.52/s | ETA: 4.0m
  Progress: 16/140 | Rate: 0.53/s | ETA: 3.9m
  Progress: 17/140 | Rate: 0.53/s | ETA: 3.9m
  Progress: 18/140 | Rate: 0.53/s | ETA: 3.9m
  Progress: 19/140 | Rate: 0.52/s | ETA: 3.8m
  Progress: 20/140 | Rate: 0.53/s | ETA: 3.8m
  Progress: 21/140 | Rate: 0.53/s | ETA: 3.7m
  Progress: 22/140 | Rate: 0.52/s | ETA: 3.8m
  Progress: 23/140 | Rate: 0.53/s | ETA: 3.7m
  Progress: 24/140 | Rate: 0.52/s | ETA: 3.7m
  Progress: 25/140 | Rate: 0.53/s | ETA: 3.6m
  Progress: 26/140 | Rate: 0.53/s | ETA: 3.6m
  Progress: 27/140 | Rate: 0.52/s | ETA: 3.6m
  Progress: 28/140 | Rate: 0.52/s | ETA: 3.6m
  Progress: 29/140 | Rate: 0.52/s | ETA: 3.5m
  Progress: 30/140 | Rate: 0.52/s | ETA: 3.5m
  Progress: 31/140 | Rate: 0.52/s | ETA: 3.5m
  Progress: 32/140 | Rate: 0.51/s | ETA: 3.5m
  Progress: 33/140 | Rate: 0.52/s | ETA: 3.5m
  Progress: 34/140 | Rate: 0.52/s | ETA: 3.4m
  Progress: 35/140 | Rate: 0.52/s | ETA: 3.4m
  Progress: 36/140 | Rate: 0.52/s | ETA: 3.3m
  Progress: 37/140 | Rate: 0.50/s | ETA: 3.5m
  Progress: 38/140 | Rate: 0.50/s | ETA: 3.4m
  Progress: 39/140 | Rate: 0.50/s | ETA: 3.4m
  Progress: 40/140 | Rate: 0.50/s | ETA: 3.3m
  Progress: 41/140 | Rate: 0.50/s | ETA: 3.3m
  Progress: 42/140 | Rate: 0.50/s | ETA: 3.3m
  Progress: 43/140 | Rate: 0.50/s | ETA: 3.2m
  Progress: 44/140 | Rate: 0.50/s | ETA: 3.2m
  Progress: 45/140 | Rate: 0.50/s | ETA: 3.2m
  Progress: 46/140 | Rate: 0.50/s | ETA: 3.1m
  Progress: 47/140 | Rate: 0.51/s | ETA: 3.1m
  Progress: 48/140 | Rate: 0.31/s | ETA: 5.0m
  Progress: 49/140 | Rate: 0.31/s | ETA: 4.9m
  Progress: 50/140 | Rate: 0.31/s | ETA: 4.8m
  Progress: 51/140 | Rate: 0.32/s | ETA: 4.7m
  Progress: 52/140 | Rate: 0.32/s | ETA: 4.6m
  Progress: 53/140 | Rate: 0.32/s | ETA: 4.5m
  Progress: 54/140 | Rate: 0.32/s | ETA: 4.4m
  Progress: 55/140 | Rate: 0.32/s | ETA: 4.4m
  Progress: 56/140 | Rate: 0.33/s | ETA: 4.3m
  Progress: 57/140 | Rate: 0.33/s | ETA: 4.2m
  Progress: 58/140 | Rate: 0.33/s | ETA: 4.1m
  Progress: 59/140 | Rate: 0.34/s | ETA: 4.0m
  Progress: 60/140 | Rate: 0.34/s | ETA: 3.9m
  Progress: 61/140 | Rate: 0.34/s | ETA: 3.9m
  Progress: 62/140 | Rate: 0.34/s | ETA: 3.8m
  Progress: 63/140 | Rate: 0.35/s | ETA: 3.7m
  Progress: 64/140 | Rate: 0.35/s | ETA: 3.6m
  Progress: 65/140 | Rate: 0.35/s | ETA: 3.6m
  Progress: 66/140 | Rate: 0.35/s | ETA: 3.5m
  Progress: 67/140 | Rate: 0.36/s | ETA: 3.4m
  Progress: 68/140 | Rate: 0.36/s | ETA: 3.3m
  Progress: 69/140 | Rate: 0.36/s | ETA: 3.3m
  Progress: 70/140 | Rate: 0.36/s | ETA: 3.2m
  Progress: 71/140 | Rate: 0.37/s | ETA: 3.1m
  Progress: 72/140 | Rate: 0.37/s | ETA: 3.1m
  Progress: 73/140 | Rate: 0.37/s | ETA: 3.0m
  Progress: 74/140 | Rate: 0.37/s | ETA: 3.0m
  Progress: 75/140 | Rate: 0.37/s | ETA: 2.9m
  Progress: 76/140 | Rate: 0.38/s | ETA: 2.8m
  Progress: 77/140 | Rate: 0.38/s | ETA: 2.8m
  Progress: 78/140 | Rate: 0.38/s | ETA: 2.7m
  Progress: 79/140 | Rate: 0.38/s | ETA: 2.7m
  Progress: 80/140 | Rate: 0.38/s | ETA: 2.6m
  Progress: 81/140 | Rate: 0.38/s | ETA: 2.6m
  Progress: 82/140 | Rate: 0.38/s | ETA: 2.5m
  Progress: 83/140 | Rate: 0.38/s | ETA: 2.5m
  Progress: 84/140 | Rate: 0.39/s | ETA: 2.4m
  Progress: 85/140 | Rate: 0.39/s | ETA: 2.4m
  Progress: 86/140 | Rate: 0.39/s | ETA: 2.3m
  Progress: 87/140 | Rate: 0.39/s | ETA: 2.3m
  Progress: 88/140 | Rate: 0.39/s | ETA: 2.2m
  Progress: 89/140 | Rate: 0.39/s | ETA: 2.2m
  Progress: 90/140 | Rate: 0.39/s | ETA: 2.1m
  Progress: 91/140 | Rate: 0.39/s | ETA: 2.1m
  Progress: 92/140 | Rate: 0.39/s | ETA: 2.0m
  Progress: 93/140 | Rate: 0.39/s | ETA: 2.0m
  Progress: 94/140 | Rate: 0.40/s | ETA: 1.9m
  Progress: 95/140 | Rate: 0.40/s | ETA: 1.9m
  Progress: 96/140 | Rate: 0.40/s | ETA: 1.8m
  Progress: 97/140 | Rate: 0.40/s | ETA: 1.8m
  Progress: 98/140 | Rate: 0.40/s | ETA: 1.8m
  Progress: 99/140 | Rate: 0.40/s | ETA: 1.7m
  Progress: 100/140 | Rate: 0.40/s | ETA: 1.7m
  Progress: 101/140 | Rate: 0.40/s | ETA: 1.6m
  Progress: 102/140 | Rate: 0.40/s | ETA: 1.6m
  Progress: 103/140 | Rate: 0.40/s | ETA: 1.5m
  Progress: 104/140 | Rate: 0.40/s | ETA: 1.5m
  Progress: 105/140 | Rate: 0.40/s | ETA: 1.5m
  Progress: 106/140 | Rate: 0.39/s | ETA: 1.4m
  Progress: 107/140 | Rate: 0.39/s | ETA: 1.4m
  Progress: 108/140 | Rate: 0.40/s | ETA: 1.3m
  Progress: 109/140 | Rate: 0.40/s | ETA: 1.3m
  Progress: 110/140 | Rate: 0.40/s | ETA: 1.3m
  Progress: 111/140 | Rate: 0.40/s | ETA: 1.2m
  Progress: 112/140 | Rate: 0.37/s | ETA: 1.3m
  Progress: 113/140 | Rate: 0.37/s | ETA: 1.2m
  Progress: 114/140 | Rate: 0.37/s | ETA: 1.2m
  Progress: 115/140 | Rate: 0.37/s | ETA: 1.1m
  Progress: 116/140 | Rate: 0.38/s | ETA: 1.1m
  Progress: 117/140 | Rate: 0.38/s | ETA: 1.0m
  Progress: 118/140 | Rate: 0.38/s | ETA: 1.0m
  Progress: 119/140 | Rate: 0.38/s | ETA: 0.9m
  Progress: 120/140 | Rate: 0.37/s | ETA: 0.9m
  Progress: 121/140 | Rate: 0.37/s | ETA: 0.9m
  Progress: 122/140 | Rate: 0.37/s | ETA: 0.8m
  Progress: 123/140 | Rate: 0.37/s | ETA: 0.8m
  Progress: 124/140 | Rate: 0.37/s | ETA: 0.7m
  Progress: 125/140 | Rate: 0.37/s | ETA: 0.7m
  Progress: 126/140 | Rate: 0.38/s | ETA: 0.6m
  Progress: 127/140 | Rate: 0.38/s | ETA: 0.6m
  Progress: 128/140 | Rate: 0.38/s | ETA: 0.5m
  Progress: 129/140 | Rate: 0.36/s | ETA: 0.5m
  Progress: 130/140 | Rate: 0.36/s | ETA: 0.5m
  Progress: 131/140 | Rate: 0.35/s | ETA: 0.4m
  Progress: 132/140 | Rate: 0.35/s | ETA: 0.4m
  Progress: 133/140 | Rate: 0.35/s | ETA: 0.3m
  Progress: 134/140 | Rate: 0.35/s | ETA: 0.3m
  Progress: 135/140 | Rate: 0.36/s | ETA: 0.2m
  Progress: 136/140 | Rate: 0.36/s | ETA: 0.2m
  Progress: 137/140 | Rate: 0.36/s | ETA: 0.1m
  Progress: 138/140 | Rate: 0.36/s | ETA: 0.1m
  Progress: 139/140 | Rate: 0.36/s | ETA: 0.0m
  Progress: 140/140 | Rate: 0.36/s | ETA: 0.0m

✔ Done. 140 evaluations in 387.6s (0.36/s)
>>> grok_4_20_vanilla_sample2_responses.jsonl  15:33:13Z

============================================================
  Judge:  deepseek (deepseek-ai/deepseek-v3.2-maas)
  Input:  runs/run_20260521/responses/grok_4_20_vanilla_sample2_responses.jsonl
  Output: /home/satvik/Documents/CIKM/runs/run_20260521/evaluations/deepseek_evaluations_grok_4_20_vanilla_sample2.jsonl
============================================================
  Remaining: 140 rows
  Progress: 1/140 | Rate: 0.55/s | ETA: 4.2m
  Progress: 2/140 | Rate: 0.61/s | ETA: 3.8m
  Progress: 3/140 | Rate: 0.63/s | ETA: 3.6m
  Progress: 4/140 | Rate: 0.63/s | ETA: 3.6m
  Progress: 5/140 | Rate: 0.64/s | ETA: 3.5m
  Progress: 6/140 | Rate: 0.64/s | ETA: 3.5m
  Progress: 7/140 | Rate: 0.64/s | ETA: 3.4m
  Progress: 8/140 | Rate: 0.64/s | ETA: 3.4m
  Progress: 9/140 | Rate: 0.60/s | ETA: 3.7m
  Progress: 10/140 | Rate: 0.58/s | ETA: 3.7m
  Progress: 11/140 | Rate: 0.58/s | ETA: 3.7m
  Progress: 12/140 | Rate: 0.55/s | ETA: 3.9m
  Progress: 13/140 | Rate: 0.55/s | ETA: 3.9m
  Progress: 14/140 | Rate: 0.55/s | ETA: 3.8m
  Progress: 15/140 | Rate: 0.20/s | ETA: 10.2m
  Progress: 16/140 | Rate: 0.21/s | ETA: 9.7m
  Progress: 17/140 | Rate: 0.22/s | ETA: 9.5m
  Progress: 18/140 | Rate: 0.22/s | ETA: 9.2m
  Progress: 19/140 | Rate: 0.21/s | ETA: 9.7m
  Progress: 20/140 | Rate: 0.21/s | ETA: 9.4m
  Progress: 21/140 | Rate: 0.22/s | ETA: 9.1m
  Progress: 22/140 | Rate: 0.22/s | ETA: 8.7m
  Progress: 23/140 | Rate: 0.22/s | ETA: 8.7m
  Progress: 24/140 | Rate: 0.23/s | ETA: 8.4m
  Progress: 25/140 | Rate: 0.24/s | ETA: 8.1m
  Progress: 26/140 | Rate: 0.22/s | ETA: 8.7m
  Progress: 27/140 | Rate: 0.22/s | ETA: 8.4m
  Progress: 28/140 | Rate: 0.23/s | ETA: 8.1m
  Progress: 29/140 | Rate: 0.23/s | ETA: 7.9m
  Progress: 30/140 | Rate: 0.24/s | ETA: 7.7m
  Progress: 31/140 | Rate: 0.24/s | ETA: 7.4m
  Progress: 32/140 | Rate: 0.25/s | ETA: 7.2m
  Progress: 33/140 | Rate: 0.25/s | ETA: 7.1m
  Progress: 34/140 | Rate: 0.26/s | ETA: 6.9m
  Progress: 35/140 | Rate: 0.26/s | ETA: 6.7m
  Progress: 36/140 | Rate: 0.26/s | ETA: 6.6m
  Progress: 37/140 | Rate: 0.27/s | ETA: 6.4m
  Progress: 38/140 | Rate: 0.27/s | ETA: 6.2m
  Progress: 39/140 | Rate: 0.28/s | ETA: 6.1m
  Progress: 40/140 | Rate: 0.28/s | ETA: 6.0m
  Progress: 41/140 | Rate: 0.28/s | ETA: 5.8m
  Progress: 42/140 | Rate: 0.29/s | ETA: 5.7m
  Progress: 43/140 | Rate: 0.29/s | ETA: 5.6m
  Progress: 44/140 | Rate: 0.29/s | ETA: 5.5m
  Progress: 45/140 | Rate: 0.29/s | ETA: 5.4m
  Progress: 46/140 | Rate: 0.30/s | ETA: 5.3m
  Progress: 47/140 | Rate: 0.30/s | ETA: 5.2m
  Progress: 48/140 | Rate: 0.29/s | ETA: 5.3m
  Progress: 49/140 | Rate: 0.29/s | ETA: 5.2m
  Progress: 50/140 | Rate: 0.29/s | ETA: 5.1m
  Progress: 51/140 | Rate: 0.27/s | ETA: 5.6m
  Progress: 52/140 | Rate: 0.27/s | ETA: 5.5m
  Progress: 53/140 | Rate: 0.27/s | ETA: 5.3m
  Progress: 54/140 | Rate: 0.27/s | ETA: 5.3m
  Progress: 55/140 | Rate: 0.27/s | ETA: 5.3m
  Progress: 56/140 | Rate: 0.27/s | ETA: 5.2m
  Progress: 57/140 | Rate: 0.27/s | ETA: 5.1m
  Progress: 58/140 | Rate: 0.28/s | ETA: 5.0m
  Progress: 59/140 | Rate: 0.28/s | ETA: 4.9m
  Progress: 60/140 | Rate: 0.28/s | ETA: 4.8m
  Progress: 61/140 | Rate: 0.28/s | ETA: 4.7m
  Progress: 62/140 | Rate: 0.28/s | ETA: 4.6m
  Progress: 63/140 | Rate: 0.29/s | ETA: 4.5m
  Progress: 64/140 | Rate: 0.29/s | ETA: 4.4m
  Progress: 65/140 | Rate: 0.29/s | ETA: 4.3m
  Progress: 66/140 | Rate: 0.29/s | ETA: 4.2m
  Progress: 67/140 | Rate: 0.29/s | ETA: 4.1m
  Progress: 68/140 | Rate: 0.30/s | ETA: 4.1m
  Progress: 69/140 | Rate: 0.29/s | ETA: 4.0m
  Progress: 70/140 | Rate: 0.30/s | ETA: 4.0m
  Progress: 71/140 | Rate: 0.30/s | ETA: 3.9m
  Progress: 72/140 | Rate: 0.30/s | ETA: 3.8m
  Progress: 73/140 | Rate: 0.30/s | ETA: 3.7m
  Progress: 74/140 | Rate: 0.30/s | ETA: 3.7m
  Progress: 75/140 | Rate: 0.30/s | ETA: 3.6m
  Progress: 76/140 | Rate: 0.30/s | ETA: 3.5m
  Progress: 77/140 | Rate: 0.31/s | ETA: 3.4m
  Progress: 78/140 | Rate: 0.31/s | ETA: 3.4m
  Progress: 79/140 | Rate: 0.31/s | ETA: 3.3m
  Progress: 80/140 | Rate: 0.31/s | ETA: 3.2m
  Progress: 81/140 | Rate: 0.31/s | ETA: 3.2m
  Progress: 82/140 | Rate: 0.31/s | ETA: 3.1m
  Progress: 83/140 | Rate: 0.31/s | ETA: 3.0m
  Progress: 84/140 | Rate: 0.32/s | ETA: 2.9m
  Progress: 85/140 | Rate: 0.32/s | ETA: 2.9m
  Progress: 86/140 | Rate: 0.32/s | ETA: 2.8m
  Progress: 87/140 | Rate: 0.32/s | ETA: 2.8m
  Progress: 88/140 | Rate: 0.32/s | ETA: 2.7m
  Progress: 89/140 | Rate: 0.32/s | ETA: 2.6m
  Progress: 90/140 | Rate: 0.33/s | ETA: 2.6m
  Progress: 91/140 | Rate: 0.33/s | ETA: 2.5m
  Progress: 92/140 | Rate: 0.33/s | ETA: 2.4m
  Progress: 93/140 | Rate: 0.33/s | ETA: 2.4m
  Progress: 94/140 | Rate: 0.33/s | ETA: 2.3m
  Progress: 95/140 | Rate: 0.33/s | ETA: 2.3m
  Progress: 96/140 | Rate: 0.33/s | ETA: 2.2m
  Progress: 97/140 | Rate: 0.34/s | ETA: 2.1m
  Progress: 98/140 | Rate: 0.34/s | ETA: 2.1m
  Progress: 99/140 | Rate: 0.34/s | ETA: 2.0m
  Progress: 100/140 | Rate: 0.34/s | ETA: 2.0m
  Progress: 101/140 | Rate: 0.34/s | ETA: 1.9m
  Progress: 102/140 | Rate: 0.34/s | ETA: 1.9m
  Progress: 103/140 | Rate: 0.34/s | ETA: 1.8m
  Progress: 104/140 | Rate: 0.34/s | ETA: 1.8m
  Progress: 105/140 | Rate: 0.34/s | ETA: 1.7m
  Progress: 106/140 | Rate: 0.35/s | ETA: 1.6m
  Progress: 107/140 | Rate: 0.35/s | ETA: 1.6m
  Progress: 108/140 | Rate: 0.35/s | ETA: 1.5m
  Progress: 109/140 | Rate: 0.35/s | ETA: 1.5m
  Progress: 110/140 | Rate: 0.35/s | ETA: 1.4m
  Progress: 111/140 | Rate: 0.35/s | ETA: 1.4m
  Progress: 112/140 | Rate: 0.35/s | ETA: 1.3m
  Progress: 113/140 | Rate: 0.35/s | ETA: 1.3m
  Progress: 114/140 | Rate: 0.35/s | ETA: 1.2m
  Progress: 115/140 | Rate: 0.35/s | ETA: 1.2m
  Progress: 116/140 | Rate: 0.35/s | ETA: 1.1m
  Progress: 117/140 | Rate: 0.35/s | ETA: 1.1m
  Progress: 118/140 | Rate: 0.35/s | ETA: 1.0m
  Progress: 119/140 | Rate: 0.35/s | ETA: 1.0m
  Progress: 120/140 | Rate: 0.35/s | ETA: 0.9m
  Progress: 121/140 | Rate: 0.36/s | ETA: 0.9m
  Progress: 122/140 | Rate: 0.36/s | ETA: 0.8m
  Progress: 123/140 | Rate: 0.36/s | ETA: 0.8m
  Progress: 124/140 | Rate: 0.36/s | ETA: 0.7m
  Progress: 125/140 | Rate: 0.36/s | ETA: 0.7m
  Progress: 126/140 | Rate: 0.36/s | ETA: 0.6m
  Progress: 127/140 | Rate: 0.36/s | ETA: 0.6m
  Progress: 128/140 | Rate: 0.36/s | ETA: 0.6m
  Progress: 129/140 | Rate: 0.36/s | ETA: 0.5m
  Progress: 130/140 | Rate: 0.36/s | ETA: 0.5m
  Progress: 131/140 | Rate: 0.37/s | ETA: 0.4m
  Progress: 132/140 | Rate: 0.37/s | ETA: 0.4m
  Progress: 133/140 | Rate: 0.37/s | ETA: 0.3m
  Progress: 134/140 | Rate: 0.37/s | ETA: 0.3m
  Progress: 135/140 | Rate: 0.37/s | ETA: 0.2m
  Progress: 136/140 | Rate: 0.37/s | ETA: 0.2m
  Progress: 137/140 | Rate: 0.37/s | ETA: 0.1m
  Progress: 138/140 | Rate: 0.37/s | ETA: 0.1m
  Progress: 139/140 | Rate: 0.37/s | ETA: 0.0m
  Progress: 140/140 | Rate: 0.37/s | ETA: 0.0m

✔ Done. 140 evaluations in 374.8s (0.37/s)
>>> llama3_70b_clarification_first_sample0_responses.jsonl  15:39:28Z

============================================================
  Judge:  deepseek (deepseek-ai/deepseek-v3.2-maas)
  Input:  runs/run_20260521/responses/llama3_70b_clarification_first_sample0_responses.jsonl
  Output: /home/satvik/Documents/CIKM/runs/run_20260521/evaluations/deepseek_evaluations_llama3_70b_clarification_first_sample0.jsonl
============================================================
  Remaining: 140 rows
  Progress: 1/140 | Rate: 0.74/s | ETA: 3.1m
  Progress: 2/140 | Rate: 0.76/s | ETA: 3.0m
  Progress: 3/140 | Rate: 0.71/s | ETA: 3.2m
  Progress: 4/140 | Rate: 0.70/s | ETA: 3.2m
  Progress: 5/140 | Rate: 0.56/s | ETA: 4.1m
  Progress: 6/140 | Rate: 0.49/s | ETA: 4.5m
  Progress: 7/140 | Rate: 0.52/s | ETA: 4.3m
  Progress: 8/140 | Rate: 0.53/s | ETA: 4.2m
  Progress: 9/140 | Rate: 0.54/s | ETA: 4.1m
  Progress: 10/140 | Rate: 0.55/s | ETA: 4.0m
  Progress: 11/140 | Rate: 0.49/s | ETA: 4.4m
  Progress: 12/140 | Rate: 0.50/s | ETA: 4.3m
  Progress: 13/140 | Rate: 0.46/s | ETA: 4.6m
  Progress: 14/140 | Rate: 0.47/s | ETA: 4.5m
  Progress: 15/140 | Rate: 0.48/s | ETA: 4.4m
  Progress: 16/140 | Rate: 0.49/s | ETA: 4.3m
  Progress: 17/140 | Rate: 0.48/s | ETA: 4.3m
  Progress: 18/140 | Rate: 0.47/s | ETA: 4.3m
  Progress: 19/140 | Rate: 0.48/s | ETA: 4.2m
  Progress: 20/140 | Rate: 0.47/s | ETA: 4.3m
  Progress: 21/140 | Rate: 0.47/s | ETA: 4.2m
  Progress: 22/140 | Rate: 0.48/s | ETA: 4.1m
  Progress: 23/140 | Rate: 0.48/s | ETA: 4.0m
  Progress: 24/140 | Rate: 0.49/s | ETA: 3.9m
  Progress: 25/140 | Rate: 0.49/s | ETA: 3.9m
  Progress: 26/140 | Rate: 0.49/s | ETA: 3.9m
  Progress: 27/140 | Rate: 0.50/s | ETA: 3.8m
  Progress: 28/140 | Rate: 0.50/s | ETA: 3.7m
  Progress: 29/140 | Rate: 0.49/s | ETA: 3.8m
  Progress: 30/140 | Rate: 0.49/s | ETA: 3.7m
  Progress: 31/140 | Rate: 0.49/s | ETA: 3.7m
  Progress: 32/140 | Rate: 0.49/s | ETA: 3.7m
  Progress: 33/140 | Rate: 0.49/s | ETA: 3.6m
  Progress: 34/140 | Rate: 0.48/s | ETA: 3.7m
  Progress: 35/140 | Rate: 0.48/s | ETA: 3.6m
  Progress: 36/140 | Rate: 0.48/s | ETA: 3.6m
  Progress: 37/140 | Rate: 0.49/s | ETA: 3.5m
  Progress: 38/140 | Rate: 0.49/s | ETA: 3.5m
  Progress: 39/140 | Rate: 0.49/s | ETA: 3.4m
  Progress: 40/140 | Rate: 0.45/s | ETA: 3.7m
  Progress: 41/140 | Rate: 0.45/s | ETA: 3.6m
  Progress: 42/140 | Rate: 0.46/s | ETA: 3.6m
  Progress: 43/140 | Rate: 0.44/s | ETA: 3.6m
  Progress: 44/140 | Rate: 0.45/s | ETA: 3.6m
  Progress: 45/140 | Rate: 0.42/s | ETA: 3.7m
  Progress: 46/140 | Rate: 0.43/s | ETA: 3.7m
  Progress: 47/140 | Rate: 0.43/s | ETA: 3.6m
  Progress: 48/140 | Rate: 0.43/s | ETA: 3.6m
  Progress: 49/140 | Rate: 0.43/s | ETA: 3.5m
  Progress: 50/140 | Rate: 0.44/s | ETA: 3.4m
  Progress: 51/140 | Rate: 0.44/s | ETA: 3.4m
  Progress: 52/140 | Rate: 0.44/s | ETA: 3.3m
  Progress: 53/140 | Rate: 0.44/s | ETA: 3.3m
  Progress: 54/140 | Rate: 0.44/s | ETA: 3.3m
  Progress: 55/140 | Rate: 0.44/s | ETA: 3.2m
  Progress: 56/140 | Rate: 0.44/s | ETA: 3.2m
  Progress: 57/140 | Rate: 0.44/s | ETA: 3.1m
  Progress: 58/140 | Rate: 0.44/s | ETA: 3.1m
  Progress: 59/140 | Rate: 0.44/s | ETA: 3.0m
  Progress: 60/140 | Rate: 0.45/s | ETA: 3.0m
  Progress: 61/140 | Rate: 0.45/s | ETA: 2.9m
  Progress: 62/140 | Rate: 0.45/s | ETA: 2.9m
  Progress: 63/140 | Rate: 0.45/s | ETA: 2.9m
  Progress: 64/140 | Rate: 0.45/s | ETA: 2.8m
  Progress: 65/140 | Rate: 0.45/s | ETA: 2.8m
  Progress: 66/140 | Rate: 0.45/s | ETA: 2.7m
  Progress: 67/140 | Rate: 0.45/s | ETA: 2.7m
  Progress: 68/140 | Rate: 0.45/s | ETA: 2.6m
  Progress: 69/140 | Rate: 0.45/s | ETA: 2.6m
  Progress: 70/140 | Rate: 0.45/s | ETA: 2.6m
  Progress: 71/140 | Rate: 0.46/s | ETA: 2.5m
  Progress: 72/140 | Rate: 0.45/s | ETA: 2.5m
  Progress: 73/140 | Rate: 0.45/s | ETA: 2.5m
  Progress: 74/140 | Rate: 0.45/s | ETA: 2.4m
  Progress: 75/140 | Rate: 0.45/s | ETA: 2.4m
  Progress: 76/140 | Rate: 0.45/s | ETA: 2.4m
  Progress: 77/140 | Rate: 0.45/s | ETA: 2.3m
  Progress: 78/140 | Rate: 0.46/s | ETA: 2.3m
  Progress: 79/140 | Rate: 0.43/s | ETA: 2.4m
  Progress: 80/140 | Rate: 0.43/s | ETA: 2.3m
  Progress: 81/140 | Rate: 0.43/s | ETA: 2.3m
  Progress: 82/140 | Rate: 0.43/s | ETA: 2.3m
  Progress: 83/140 | Rate: 0.43/s | ETA: 2.2m
  Progress: 84/140 | Rate: 0.43/s | ETA: 2.2m
  Progress: 85/140 | Rate: 0.43/s | ETA: 2.1m
  Progress: 86/140 | Rate: 0.43/s | ETA: 2.1m
  Progress: 87/140 | Rate: 0.43/s | ETA: 2.0m
  Progress: 88/140 | Rate: 0.43/s | ETA: 2.0m
  Progress: 89/140 | Rate: 0.43/s | ETA: 2.0m
  Progress: 90/140 | Rate: 0.43/s | ETA: 1.9m
  Progress: 91/140 | Rate: 0.43/s | ETA: 1.9m
  Progress: 92/140 | Rate: 0.43/s | ETA: 1.8m
  Progress: 93/140 | Rate: 0.42/s | ETA: 1.9m
  Progress: 94/140 | Rate: 0.42/s | ETA: 1.8m
  Progress: 95/140 | Rate: 0.41/s | ETA: 1.8m
  Progress: 96/140 | Rate: 0.41/s | ETA: 1.8m
  Progress: 97/140 | Rate: 0.41/s | ETA: 1.7m
  Progress: 98/140 | Rate: 0.41/s | ETA: 1.7m
  Progress: 99/140 | Rate: 0.41/s | ETA: 1.7m
  Progress: 100/140 | Rate: 0.41/s | ETA: 1.6m
  Progress: 101/140 | Rate: 0.40/s | ETA: 1.6m
  Progress: 102/140 | Rate: 0.40/s | ETA: 1.6m
  Progress: 103/140 | Rate: 0.40/s | ETA: 1.5m
  Progress: 104/140 | Rate: 0.40/s | ETA: 1.5m
  Progress: 105/140 | Rate: 0.40/s | ETA: 1.5m
  Progress: 106/140 | Rate: 0.40/s | ETA: 1.4m
  Progress: 107/140 | Rate: 0.40/s | ETA: 1.4m
  Progress: 108/140 | Rate: 0.40/s | ETA: 1.3m
  Progress: 109/140 | Rate: 0.40/s | ETA: 1.3m
  Progress: 110/140 | Rate: 0.40/s | ETA: 1.2m
  Progress: 111/140 | Rate: 0.40/s | ETA: 1.2m
  Progress: 112/140 | Rate: 0.40/s | ETA: 1.2m
  Progress: 113/140 | Rate: 0.40/s | ETA: 1.1m
  Progress: 114/140 | Rate: 0.40/s | ETA: 1.1m
  Progress: 115/140 | Rate: 0.40/s | ETA: 1.0m
  Progress: 116/140 | Rate: 0.40/s | ETA: 1.0m
  Progress: 117/140 | Rate: 0.40/s | ETA: 0.9m
  Progress: 118/140 | Rate: 0.40/s | ETA: 0.9m
  Progress: 119/140 | Rate: 0.40/s | ETA: 0.9m
  Progress: 120/140 | Rate: 0.40/s | ETA: 0.8m
  Progress: 121/140 | Rate: 0.40/s | ETA: 0.8m
  Progress: 122/140 | Rate: 0.40/s | ETA: 0.7m
  Progress: 123/140 | Rate: 0.40/s | ETA: 0.7m
  Progress: 124/140 | Rate: 0.40/s | ETA: 0.7m
  Progress: 125/140 | Rate: 0.40/s | ETA: 0.6m
  Progress: 126/140 | Rate: 0.40/s | ETA: 0.6m
  Progress: 127/140 | Rate: 0.40/s | ETA: 0.5m
  Progress: 128/140 | Rate: 0.40/s | ETA: 0.5m
  Progress: 129/140 | Rate: 0.39/s | ETA: 0.5m
  Progress: 130/140 | Rate: 0.39/s | ETA: 0.4m
  Progress: 131/140 | Rate: 0.39/s | ETA: 0.4m
  Progress: 132/140 | Rate: 0.39/s | ETA: 0.3m
  Progress: 133/140 | Rate: 0.39/s | ETA: 0.3m
  Progress: 134/140 | Rate: 0.39/s | ETA: 0.3m
  Progress: 135/140 | Rate: 0.39/s | ETA: 0.2m
  Progress: 136/140 | Rate: 0.39/s | ETA: 0.2m
  Progress: 137/140 | Rate: 0.39/s | ETA: 0.1m
  Progress: 138/140 | Rate: 0.39/s | ETA: 0.1m
  Progress: 139/140 | Rate: 0.39/s | ETA: 0.0m
  Progress: 140/140 | Rate: 0.39/s | ETA: 0.0m

✔ Done. 140 evaluations in 358.2s (0.39/s)
>>> llama3_70b_clarification_first_sample1_responses.jsonl  15:45:27Z

============================================================
  Judge:  deepseek (deepseek-ai/deepseek-v3.2-maas)
  Input:  runs/run_20260521/responses/llama3_70b_clarification_first_sample1_responses.jsonl
  Output: /home/satvik/Documents/CIKM/runs/run_20260521/evaluations/deepseek_evaluations_llama3_70b_clarification_first_sample1.jsonl
============================================================
  Remaining: 140 rows
  Progress: 1/140 | Rate: 0.52/s | ETA: 4.5m
  Progress: 2/140 | Rate: 0.38/s | ETA: 6.1m
  Progress: 3/140 | Rate: 0.44/s | ETA: 5.2m
  Progress: 4/140 | Rate: 0.48/s | ETA: 4.7m
  Progress: 5/140 | Rate: 0.18/s | ETA: 12.6m
  Progress: 6/140 | Rate: 0.20/s | ETA: 10.9m
  Progress: 7/140 | Rate: 0.21/s | ETA: 10.7m
  Progress: 8/140 | Rate: 0.23/s | ETA: 9.7m
  Progress: 9/140 | Rate: 0.24/s | ETA: 9.0m
  Progress: 10/140 | Rate: 0.18/s | ETA: 11.9m
  Progress: 11/140 | Rate: 0.20/s | ETA: 11.0m
  Progress: 12/140 | Rate: 0.21/s | ETA: 10.3m
  Progress: 13/140 | Rate: 0.22/s | ETA: 9.7m
  Progress: 14/140 | Rate: 0.23/s | ETA: 9.1m
  Progress: 15/140 | Rate: 0.24/s | ETA: 8.7m
  Progress: 16/140 | Rate: 0.25/s | ETA: 8.3m
  Progress: 17/140 | Rate: 0.26/s | ETA: 7.9m
  Progress: 18/140 | Rate: 0.27/s | ETA: 7.6m
  Progress: 19/140 | Rate: 0.27/s | ETA: 7.4m
  Progress: 20/140 | Rate: 0.28/s | ETA: 7.1m
  Progress: 21/140 | Rate: 0.29/s | ETA: 6.8m
  Progress: 22/140 | Rate: 0.30/s | ETA: 6.6m
  Progress: 23/140 | Rate: 0.30/s | ETA: 6.5m
  Progress: 24/140 | Rate: 0.31/s | ETA: 6.3m
  Progress: 25/140 | Rate: 0.31/s | ETA: 6.1m
  Progress: 26/140 | Rate: 0.32/s | ETA: 5.9m
  Progress: 27/140 | Rate: 0.33/s | ETA: 5.8m
  Progress: 28/140 | Rate: 0.33/s | ETA: 5.6m
  Progress: 29/140 | Rate: 0.34/s | ETA: 5.5m
  Progress: 30/140 | Rate: 0.34/s | ETA: 5.3m
  Progress: 31/140 | Rate: 0.35/s | ETA: 5.2m
  Progress: 32/140 | Rate: 0.35/s | ETA: 5.2m
  Progress: 33/140 | Rate: 0.35/s | ETA: 5.1m
  Progress: 34/140 | Rate: 0.35/s | ETA: 5.0m
  Progress: 35/140 | Rate: 0.36/s | ETA: 4.9m
  Progress: 36/140 | Rate: 0.36/s | ETA: 4.8m
  Progress: 37/140 | Rate: 0.37/s | ETA: 4.7m
  Progress: 38/140 | Rate: 0.37/s | ETA: 4.6m
  Progress: 39/140 | Rate: 0.36/s | ETA: 4.7m
  Progress: 40/140 | Rate: 0.36/s | ETA: 4.6m
  Progress: 41/140 | Rate: 0.36/s | ETA: 4.5m
  Progress: 42/140 | Rate: 0.37/s | ETA: 4.5m
  Progress: 43/140 | Rate: 0.37/s | ETA: 4.4m
  Progress: 44/140 | Rate: 0.38/s | ETA: 4.3m
  Progress: 45/140 | Rate: 0.38/s | ETA: 4.2m
  Progress: 46/140 | Rate: 0.38/s | ETA: 4.1m
  Progress: 47/140 | Rate: 0.38/s | ETA: 4.0m
  Progress: 48/140 | Rate: 0.39/s | ETA: 4.0m
  Progress: 49/140 | Rate: 0.39/s | ETA: 3.9m
  Progress: 50/140 | Rate: 0.39/s | ETA: 3.8m
  Progress: 51/140 | Rate: 0.39/s | ETA: 3.8m
  Progress: 52/140 | Rate: 0.40/s | ETA: 3.7m
  Progress: 53/140 | Rate: 0.40/s | ETA: 3.6m
  Progress: 54/140 | Rate: 0.40/s | ETA: 3.6m
  Progress: 55/140 | Rate: 0.41/s | ETA: 3.5m
  Progress: 56/140 | Rate: 0.41/s | ETA: 3.5m
  Progress: 57/140 | Rate: 0.40/s | ETA: 3.4m
  Progress: 58/140 | Rate: 0.41/s | ETA: 3.4m
  Progress: 59/140 | Rate: 0.41/s | ETA: 3.3m
  Progress: 60/140 | Rate: 0.41/s | ETA: 3.3m
  Progress: 61/140 | Rate: 0.41/s | ETA: 3.2m
  Progress: 62/140 | Rate: 0.41/s | ETA: 3.1m
  Progress: 63/140 | Rate: 0.42/s | ETA: 3.1m
  Progress: 64/140 | Rate: 0.42/s | ETA: 3.0m
  Progress: 65/140 | Rate: 0.42/s | ETA: 3.0m
  Progress: 66/140 | Rate: 0.43/s | ETA: 2.9m
  Progress: 67/140 | Rate: 0.43/s | ETA: 2.8m
  Progress: 68/140 | Rate: 0.43/s | ETA: 2.8m
  Progress: 69/140 | Rate: 0.43/s | ETA: 2.7m
  Progress: 70/140 | Rate: 0.43/s | ETA: 2.7m
  Progress: 71/140 | Rate: 0.43/s | ETA: 2.6m
  Progress: 72/140 | Rate: 0.44/s | ETA: 2.6m
  Progress: 73/140 | Rate: 0.43/s | ETA: 2.6m
  Progress: 74/140 | Rate: 0.44/s | ETA: 2.5m
  Progress: 75/140 | Rate: 0.44/s | ETA: 2.5m
  Progress: 76/140 | Rate: 0.44/s | ETA: 2.4m
  Progress: 77/140 | Rate: 0.43/s | ETA: 2.4m
  Progress: 78/140 | Rate: 0.44/s | ETA: 2.4m
  Progress: 79/140 | Rate: 0.44/s | ETA: 2.3m
  Progress: 80/140 | Rate: 0.43/s | ETA: 2.3m
  Progress: 81/140 | Rate: 0.43/s | ETA: 2.3m
  Progress: 82/140 | Rate: 0.44/s | ETA: 2.2m
  Progress: 83/140 | Rate: 0.44/s | ETA: 2.2m
  Progress: 84/140 | Rate: 0.44/s | ETA: 2.1m
  Progress: 85/140 | Rate: 0.44/s | ETA: 2.1m
  Progress: 86/140 | Rate: 0.41/s | ETA: 2.2m
  Progress: 87/140 | Rate: 0.41/s | ETA: 2.1m
  Progress: 88/140 | Rate: 0.42/s | ETA: 2.1m
  Progress: 89/140 | Rate: 0.42/s | ETA: 2.0m
  Progress: 90/140 | Rate: 0.42/s | ETA: 2.0m
  Progress: 91/140 | Rate: 0.42/s | ETA: 1.9m
  Progress: 92/140 | Rate: 0.42/s | ETA: 1.9m
  Progress: 93/140 | Rate: 0.42/s | ETA: 1.9m
  Progress: 94/140 | Rate: 0.42/s | ETA: 1.8m
  Progress: 95/140 | Rate: 0.42/s | ETA: 1.8m
  Progress: 96/140 | Rate: 0.42/s | ETA: 1.7m
  Progress: 97/140 | Rate: 0.43/s | ETA: 1.7m
  Progress: 98/140 | Rate: 0.43/s | ETA: 1.6m
  Progress: 99/140 | Rate: 0.43/s | ETA: 1.6m
  Progress: 100/140 | Rate: 0.43/s | ETA: 1.6m
  Progress: 101/140 | Rate: 0.43/s | ETA: 1.5m
  Progress: 102/140 | Rate: 0.43/s | ETA: 1.5m
  Progress: 103/140 | Rate: 0.43/s | ETA: 1.4m
  Progress: 104/140 | Rate: 0.44/s | ETA: 1.4m
  Progress: 105/140 | Rate: 0.44/s | ETA: 1.3m
  Progress: 106/140 | Rate: 0.44/s | ETA: 1.3m
  Progress: 107/140 | Rate: 0.44/s | ETA: 1.3m
  Progress: 108/140 | Rate: 0.44/s | ETA: 1.2m
  Progress: 109/140 | Rate: 0.44/s | ETA: 1.2m
  Progress: 110/140 | Rate: 0.44/s | ETA: 1.1m
  Progress: 111/140 | Rate: 0.44/s | ETA: 1.1m
  Progress: 112/140 | Rate: 0.44/s | ETA: 1.0m
  Progress: 113/140 | Rate: 0.45/s | ETA: 1.0m
  Progress: 114/140 | Rate: 0.45/s | ETA: 1.0m
  Progress: 115/140 | Rate: 0.45/s | ETA: 0.9m
  Progress: 116/140 | Rate: 0.45/s | ETA: 0.9m
  Progress: 117/140 | Rate: 0.45/s | ETA: 0.9m
  Progress: 118/140 | Rate: 0.45/s | ETA: 0.8m
  Progress: 119/140 | Rate: 0.45/s | ETA: 0.8m
  Progress: 120/140 | Rate: 0.45/s | ETA: 0.7m
  Progress: 121/140 | Rate: 0.44/s | ETA: 0.7m
  Progress: 122/140 | Rate: 0.44/s | ETA: 0.7m
  Progress: 123/140 | Rate: 0.44/s | ETA: 0.6m
  Progress: 124/140 | Rate: 0.45/s | ETA: 0.6m
  Progress: 125/140 | Rate: 0.45/s | ETA: 0.6m
  Progress: 126/140 | Rate: 0.45/s | ETA: 0.5m
  Progress: 127/140 | Rate: 0.45/s | ETA: 0.5m
  Progress: 128/140 | Rate: 0.45/s | ETA: 0.4m
  Progress: 129/140 | Rate: 0.45/s | ETA: 0.4m
  Progress: 130/140 | Rate: 0.44/s | ETA: 0.4m
  Progress: 131/140 | Rate: 0.44/s | ETA: 0.3m
  Progress: 132/140 | Rate: 0.44/s | ETA: 0.3m
  Progress: 133/140 | Rate: 0.44/s | ETA: 0.3m
  Progress: 134/140 | Rate: 0.43/s | ETA: 0.2m
  Progress: 135/140 | Rate: 0.43/s | ETA: 0.2m
  Progress: 136/140 | Rate: 0.43/s | ETA: 0.2m
  Progress: 137/140 | Rate: 0.43/s | ETA: 0.1m
  Progress: 138/140 | Rate: 0.43/s | ETA: 0.1m
  Progress: 139/140 | Rate: 0.43/s | ETA: 0.0m
  Progress: 140/140 | Rate: 0.43/s | ETA: 0.0m

✔ Done. 140 evaluations in 325.9s (0.43/s)
>>> llama3_70b_clarification_first_sample2_responses.jsonl  15:50:54Z

============================================================
  Judge:  deepseek (deepseek-ai/deepseek-v3.2-maas)
  Input:  runs/run_20260521/responses/llama3_70b_clarification_first_sample2_responses.jsonl
  Output: /home/satvik/Documents/CIKM/runs/run_20260521/evaluations/deepseek_evaluations_llama3_70b_clarification_first_sample2.jsonl
============================================================
  Remaining: 140 rows
  Progress: 1/140 | Rate: 0.48/s | ETA: 4.9m
  Progress: 2/140 | Rate: 0.55/s | ETA: 4.2m
  Progress: 3/140 | Rate: 0.57/s | ETA: 4.0m
  Progress: 4/140 | Rate: 0.45/s | ETA: 5.0m
  Progress: 5/140 | Rate: 0.48/s | ETA: 4.7m
  Progress: 6/140 | Rate: 0.49/s | ETA: 4.5m
  Progress: 7/140 | Rate: 0.51/s | ETA: 4.4m
  Progress: 8/140 | Rate: 0.52/s | ETA: 4.2m
  Progress: 9/140 | Rate: 0.54/s | ETA: 4.1m
  Progress: 10/140 | Rate: 0.55/s | ETA: 4.0m
  Progress: 11/140 | Rate: 0.51/s | ETA: 4.2m
  Progress: 12/140 | Rate: 0.49/s | ETA: 4.4m
  Progress: 13/140 | Rate: 0.47/s | ETA: 4.5m
  Progress: 14/140 | Rate: 0.48/s | ETA: 4.4m
  Progress: 15/140 | Rate: 0.48/s | ETA: 4.3m
  Progress: 16/140 | Rate: 0.50/s | ETA: 4.2m
  Progress: 17/140 | Rate: 0.50/s | ETA: 4.1m
  Progress: 18/140 | Rate: 0.50/s | ETA: 4.1m
  Progress: 19/140 | Rate: 0.50/s | ETA: 4.0m
  Progress: 20/140 | Rate: 0.51/s | ETA: 3.9m
  Progress: 21/140 | Rate: 0.49/s | ETA: 4.0m
  Progress: 22/140 | Rate: 0.50/s | ETA: 4.0m
  Progress: 23/140 | Rate: 0.50/s | ETA: 3.9m
  Progress: 24/140 | Rate: 0.48/s | ETA: 4.0m
  Progress: 25/140 | Rate: 0.43/s | ETA: 4.4m
  Progress: 26/140 | Rate: 0.43/s | ETA: 4.4m
  Progress: 27/140 | Rate: 0.44/s | ETA: 4.3m
  Progress: 28/140 | Rate: 0.44/s | ETA: 4.2m
  Progress: 29/140 | Rate: 0.45/s | ETA: 4.1m
  Progress: 30/140 | Rate: 0.45/s | ETA: 4.1m
  Progress: 31/140 | Rate: 0.45/s | ETA: 4.0m
  Progress: 32/140 | Rate: 0.46/s | ETA: 3.9m
  Progress: 33/140 | Rate: 0.46/s | ETA: 3.9m
  Progress: 34/140 | Rate: 0.45/s | ETA: 3.9m
  Progress: 35/140 | Rate: 0.45/s | ETA: 3.9m
  Progress: 36/140 | Rate: 0.46/s | ETA: 3.8m
  Progress: 37/140 | Rate: 0.45/s | ETA: 3.8m
  Progress: 38/140 | Rate: 0.46/s | ETA: 3.7m
  Progress: 39/140 | Rate: 0.46/s | ETA: 3.7m
  Progress: 40/140 | Rate: 0.46/s | ETA: 3.6m
  Progress: 41/140 | Rate: 0.46/s | ETA: 3.6m
  Progress: 42/140 | Rate: 0.47/s | ETA: 3.5m
  Progress: 43/140 | Rate: 0.47/s | ETA: 3.4m
  Progress: 44/140 | Rate: 0.47/s | ETA: 3.4m
  Progress: 45/140 | Rate: 0.47/s | ETA: 3.3m
  Progress: 46/140 | Rate: 0.48/s | ETA: 3.3m
  Progress: 47/140 | Rate: 0.48/s | ETA: 3.2m
  Progress: 48/140 | Rate: 0.46/s | ETA: 3.3m
  Progress: 49/140 | Rate: 0.46/s | ETA: 3.3m
  Progress: 50/140 | Rate: 0.46/s | ETA: 3.3m
  Progress: 51/140 | Rate: 0.46/s | ETA: 3.2m
  Progress: 52/140 | Rate: 0.46/s | ETA: 3.2m
  Progress: 53/140 | Rate: 0.46/s | ETA: 3.1m
  Progress: 54/140 | Rate: 0.46/s | ETA: 3.1m
  Progress: 55/140 | Rate: 0.47/s | ETA: 3.0m
  Progress: 56/140 | Rate: 0.47/s | ETA: 3.0m
  Progress: 57/140 | Rate: 0.47/s | ETA: 2.9m
  Progress: 58/140 | Rate: 0.47/s | ETA: 2.9m
  Progress: 59/140 | Rate: 0.48/s | ETA: 2.8m
  Progress: 60/140 | Rate: 0.48/s | ETA: 2.8m
  Progress: 61/140 | Rate: 0.48/s | ETA: 2.7m
  Progress: 62/140 | Rate: 0.48/s | ETA: 2.7m
  Progress: 63/140 | Rate: 0.48/s | ETA: 2.7m
  Progress: 64/140 | Rate: 0.48/s | ETA: 2.6m
  Progress: 65/140 | Rate: 0.48/s | ETA: 2.6m
  Progress: 66/140 | Rate: 0.48/s | ETA: 2.6m
  Progress: 67/140 | Rate: 0.47/s | ETA: 2.6m
  Progress: 68/140 | Rate: 0.47/s | ETA: 2.6m
  Progress: 69/140 | Rate: 0.47/s | ETA: 2.5m
  Progress: 70/140 | Rate: 0.47/s | ETA: 2.5m
  Progress: 71/140 | Rate: 0.47/s | ETA: 2.4m
  Progress: 72/140 | Rate: 0.47/s | ETA: 2.4m
  Progress: 73/140 | Rate: 0.47/s | ETA: 2.4m
  Progress: 74/140 | Rate: 0.47/s | ETA: 2.3m
  Progress: 75/140 | Rate: 0.47/s | ETA: 2.3m
  Progress: 76/140 | Rate: 0.47/s | ETA: 2.2m
  Progress: 77/140 | Rate: 0.47/s | ETA: 2.2m
  Progress: 78/140 | Rate: 0.47/s | ETA: 2.2m
  Progress: 79/140 | Rate: 0.47/s | ETA: 2.2m
  Progress: 80/140 | Rate: 0.47/s | ETA: 2.1m
  Progress: 81/140 | Rate: 0.47/s | ETA: 2.1m
  Progress: 82/140 | Rate: 0.47/s | ETA: 2.1m
  Progress: 83/140 | Rate: 0.47/s | ETA: 2.0m
  Progress: 84/140 | Rate: 0.46/s | ETA: 2.0m
  Progress: 85/140 | Rate: 0.47/s | ETA: 2.0m
  Progress: 86/140 | Rate: 0.46/s | ETA: 1.9m
  Progress: 87/140 | Rate: 0.46/s | ETA: 1.9m
  Progress: 88/140 | Rate: 0.47/s | ETA: 1.9m
  Progress: 89/140 | Rate: 0.47/s | ETA: 1.8m
  Progress: 90/140 | Rate: 0.47/s | ETA: 1.8m
  Progress: 91/140 | Rate: 0.47/s | ETA: 1.7m
  Progress: 92/140 | Rate: 0.47/s | ETA: 1.7m
  Progress: 93/140 | Rate: 0.47/s | ETA: 1.7m
  Progress: 94/140 | Rate: 0.47/s | ETA: 1.6m
  Progress: 95/140 | Rate: 0.47/s | ETA: 1.6m
  Progress: 96/140 | Rate: 0.47/s | ETA: 1.6m
  Progress: 97/140 | Rate: 0.47/s | ETA: 1.5m
  Progress: 98/140 | Rate: 0.48/s | ETA: 1.5m
  Progress: 99/140 | Rate: 0.47/s | ETA: 1.5m
  Progress: 100/140 | Rate: 0.47/s | ETA: 1.4m
  Progress: 101/140 | Rate: 0.47/s | ETA: 1.4m
  Progress: 102/140 | Rate: 0.47/s | ETA: 1.4m
  Progress: 103/140 | Rate: 0.47/s | ETA: 1.3m
  Progress: 104/140 | Rate: 0.47/s | ETA: 1.3m
  Progress: 105/140 | Rate: 0.47/s | ETA: 1.3m
  Progress: 106/140 | Rate: 0.47/s | ETA: 1.2m
  Progress: 107/140 | Rate: 0.47/s | ETA: 1.2m
  Progress: 108/140 | Rate: 0.47/s | ETA: 1.1m
  Progress: 109/140 | Rate: 0.47/s | ETA: 1.1m
  Progress: 110/140 | Rate: 0.47/s | ETA: 1.1m
  Progress: 111/140 | Rate: 0.47/s | ETA: 1.0m
  Progress: 112/140 | Rate: 0.47/s | ETA: 1.0m
  Progress: 113/140 | Rate: 0.48/s | ETA: 0.9m
  Progress: 114/140 | Rate: 0.48/s | ETA: 0.9m
  Progress: 115/140 | Rate: 0.48/s | ETA: 0.9m
  Progress: 116/140 | Rate: 0.47/s | ETA: 0.8m
  Progress: 117/140 | Rate: 0.47/s | ETA: 0.8m
  Progress: 118/140 | Rate: 0.47/s | ETA: 0.8m
  Progress: 119/140 | Rate: 0.47/s | ETA: 0.7m
  Progress: 120/140 | Rate: 0.47/s | ETA: 0.7m
  Progress: 121/140 | Rate: 0.47/s | ETA: 0.7m
  Progress: 122/140 | Rate: 0.47/s | ETA: 0.6m
  Progress: 123/140 | Rate: 0.47/s | ETA: 0.6m
  Progress: 124/140 | Rate: 0.47/s | ETA: 0.6m
  Progress: 125/140 | Rate: 0.48/s | ETA: 0.5m
  Progress: 126/140 | Rate: 0.48/s | ETA: 0.5m
  Progress: 127/140 | Rate: 0.48/s | ETA: 0.5m
  Progress: 128/140 | Rate: 0.47/s | ETA: 0.4m
  Progress: 129/140 | Rate: 0.46/s | ETA: 0.4m
  Progress: 130/140 | Rate: 0.46/s | ETA: 0.4m
  Progress: 131/140 | Rate: 0.46/s | ETA: 0.3m
  Progress: 132/140 | Rate: 0.46/s | ETA: 0.3m
  Progress: 133/140 | Rate: 0.46/s | ETA: 0.3m
  Progress: 134/140 | Rate: 0.46/s | ETA: 0.2m
  Progress: 135/140 | Rate: 0.46/s | ETA: 0.2m
  Progress: 136/140 | Rate: 0.46/s | ETA: 0.1m
  Progress: 137/140 | Rate: 0.46/s | ETA: 0.1m
  Progress: 138/140 | Rate: 0.46/s | ETA: 0.1m
  Progress: 139/140 | Rate: 0.46/s | ETA: 0.0m
  Progress: 140/140 | Rate: 0.46/s | ETA: 0.0m

✔ Done. 140 evaluations in 302.4s (0.46/s)
>>> llama3_70b_neutrality_oriented_sample0_responses.jsonl  15:55:57Z

============================================================
  Judge:  deepseek (deepseek-ai/deepseek-v3.2-maas)
  Input:  runs/run_20260521/responses/llama3_70b_neutrality_oriented_sample0_responses.jsonl
  Output: /home/satvik/Documents/CIKM/runs/run_20260521/evaluations/deepseek_evaluations_llama3_70b_neutrality_oriented_sample0.jsonl
============================================================
  Remaining: 140 rows
  Progress: 1/140 | Rate: 0.49/s | ETA: 4.7m
  Progress: 2/140 | Rate: 0.56/s | ETA: 4.1m
  Progress: 3/140 | Rate: 0.59/s | ETA: 3.9m
  Progress: 4/140 | Rate: 0.13/s | ETA: 17.8m
  Progress: 5/140 | Rate: 0.15/s | ETA: 15.0m
  Progress: 6/140 | Rate: 0.15/s | ETA: 15.1m
  Progress: 7/140 | Rate: 0.16/s | ETA: 13.5m
  Progress: 8/140 | Rate: 0.17/s | ETA: 12.8m
  Progress: 9/140 | Rate: 0.18/s | ETA: 11.9m
  Progress: 10/140 | Rate: 0.20/s | ETA: 11.0m
  Progress: 11/140 | Rate: 0.21/s | ETA: 10.2m
  Progress: 12/140 | Rate: 0.22/s | ETA: 9.5m
  Progress: 13/140 | Rate: 0.23/s | ETA: 9.0m
  Progress: 14/140 | Rate: 0.24/s | ETA: 8.6m
  Progress: 15/140 | Rate: 0.25/s | ETA: 8.3m
  Progress: 16/140 | Rate: 0.24/s | ETA: 8.4m
  Progress: 17/140 | Rate: 0.25/s | ETA: 8.1m
  Progress: 18/140 | Rate: 0.26/s | ETA: 7.7m
  Progress: 19/140 | Rate: 0.27/s | ETA: 7.4m
  Progress: 20/140 | Rate: 0.27/s | ETA: 7.5m
  Progress: 21/140 | Rate: 0.28/s | ETA: 7.2m
  Progress: 22/140 | Rate: 0.28/s | ETA: 7.0m
  Progress: 23/140 | Rate: 0.29/s | ETA: 6.7m
  Progress: 24/140 | Rate: 0.30/s | ETA: 6.5m
  Progress: 25/140 | Rate: 0.30/s | ETA: 6.3m
  Progress: 26/140 | Rate: 0.31/s | ETA: 6.2m
  Progress: 27/140 | Rate: 0.28/s | ETA: 6.7m
  Progress: 28/140 | Rate: 0.27/s | ETA: 6.9m
  Progress: 29/140 | Rate: 0.27/s | ETA: 6.8m
  Progress: 30/140 | Rate: 0.28/s | ETA: 6.6m
  Progress: 31/140 | Rate: 0.28/s | ETA: 6.4m
  Progress: 32/140 | Rate: 0.28/s | ETA: 6.3m
  Progress: 33/140 | Rate: 0.28/s | ETA: 6.3m
  Progress: 34/140 | Rate: 0.29/s | ETA: 6.1m
  Progress: 35/140 | Rate: 0.29/s | ETA: 6.0m
  Progress: 36/140 | Rate: 0.29/s | ETA: 5.9m
  Progress: 37/140 | Rate: 0.30/s | ETA: 5.7m
  Progress: 38/140 | Rate: 0.30/s | ETA: 5.6m
  Progress: 39/140 | Rate: 0.31/s | ETA: 5.5m
  Progress: 40/140 | Rate: 0.31/s | ETA: 5.3m
  Progress: 41/140 | Rate: 0.32/s | ETA: 5.2m
  Progress: 42/140 | Rate: 0.32/s | ETA: 5.1m
  Progress: 43/140 | Rate: 0.32/s | ETA: 5.0m
  Progress: 44/140 | Rate: 0.33/s | ETA: 4.9m
  Progress: 45/140 | Rate: 0.33/s | ETA: 4.8m
  Progress: 46/140 | Rate: 0.33/s | ETA: 4.8m
  Progress: 47/140 | Rate: 0.33/s | ETA: 4.7m
  Progress: 48/140 | Rate: 0.33/s | ETA: 4.7m
  Progress: 49/140 | Rate: 0.33/s | ETA: 4.6m
  Progress: 50/140 | Rate: 0.34/s | ETA: 4.5m
  Progress: 51/140 | Rate: 0.34/s | ETA: 4.4m
  Progress: 52/140 | Rate: 0.34/s | ETA: 4.3m
  Progress: 53/140 | Rate: 0.35/s | ETA: 4.2m
  Progress: 54/140 | Rate: 0.35/s | ETA: 4.1m
  Progress: 55/140 | Rate: 0.35/s | ETA: 4.0m
  Progress: 56/140 | Rate: 0.36/s | ETA: 3.9m
  Progress: 57/140 | Rate: 0.36/s | ETA: 3.9m
  Progress: 58/140 | Rate: 0.36/s | ETA: 3.8m
  Progress: 59/140 | Rate: 0.36/s | ETA: 3.7m
  Progress: 60/140 | Rate: 0.36/s | ETA: 3.7m
  Progress: 61/140 | Rate: 0.36/s | ETA: 3.6m
  Progress: 62/140 | Rate: 0.36/s | ETA: 3.6m
  Progress: 63/140 | Rate: 0.37/s | ETA: 3.5m
  Progress: 64/140 | Rate: 0.37/s | ETA: 3.4m
  Progress: 65/140 | Rate: 0.37/s | ETA: 3.4m
  Progress: 66/140 | Rate: 0.37/s | ETA: 3.3m
  Progress: 67/140 | Rate: 0.37/s | ETA: 3.3m
  Progress: 68/140 | Rate: 0.38/s | ETA: 3.2m
  Progress: 69/140 | Rate: 0.38/s | ETA: 3.2m
  Progress: 70/140 | Rate: 0.38/s | ETA: 3.1m
  Progress: 71/140 | Rate: 0.38/s | ETA: 3.0m
  Progress: 72/140 | Rate: 0.38/s | ETA: 3.0m
  Progress: 73/140 | Rate: 0.38/s | ETA: 2.9m
  Progress: 74/140 | Rate: 0.38/s | ETA: 2.9m
  Progress: 75/140 | Rate: 0.39/s | ETA: 2.8m
  Progress: 76/140 | Rate: 0.39/s | ETA: 2.8m
  [cat1_real_002] [Attempt 1] HTTP 429: [{
  "error": {
    "code": 429,
    "message": "Resource exhausted. Please try again later. Please refer to https://clo — waiting 60s
  Progress: 77/140 | Rate: 0.29/s | ETA: 3.7m
  Progress: 78/140 | Rate: 0.29/s | ETA: 3.6m
  Progress: 79/140 | Rate: 0.29/s | ETA: 3.5m
  Progress: 80/140 | Rate: 0.29/s | ETA: 3.4m
  Progress: 81/140 | Rate: 0.29/s | ETA: 3.4m
  Progress: 82/140 | Rate: 0.30/s | ETA: 3.3m
  Progress: 83/140 | Rate: 0.30/s | ETA: 3.2m
  Progress: 84/140 | Rate: 0.30/s | ETA: 3.1m
  Progress: 85/140 | Rate: 0.30/s | ETA: 3.0m
  Progress: 86/140 | Rate: 0.30/s | ETA: 3.0m
  Progress: 87/140 | Rate: 0.30/s | ETA: 2.9m
  Progress: 88/140 | Rate: 0.31/s | ETA: 2.8m
  Progress: 89/140 | Rate: 0.31/s | ETA: 2.8m
  Progress: 90/140 | Rate: 0.31/s | ETA: 2.7m
  Progress: 91/140 | Rate: 0.31/s | ETA: 2.6m
  Progress: 92/140 | Rate: 0.31/s | ETA: 2.6m
  Progress: 93/140 | Rate: 0.31/s | ETA: 2.5m
  Progress: 94/140 | Rate: 0.31/s | ETA: 2.5m
  Progress: 95/140 | Rate: 0.31/s | ETA: 2.4m
  Progress: 96/140 | Rate: 0.31/s | ETA: 2.3m
  Progress: 97/140 | Rate: 0.31/s | ETA: 2.3m
  Progress: 98/140 | Rate: 0.31/s | ETA: 2.3m
  Progress: 99/140 | Rate: 0.31/s | ETA: 2.2m
  Progress: 100/140 | Rate: 0.31/s | ETA: 2.1m
  Progress: 101/140 | Rate: 0.31/s | ETA: 2.1m
  Progress: 102/140 | Rate: 0.32/s | ETA: 2.0m
  Progress: 103/140 | Rate: 0.32/s | ETA: 2.0m
  Progress: 104/140 | Rate: 0.31/s | ETA: 2.0m
  Progress: 105/140 | Rate: 0.30/s | ETA: 1.9m
  Progress: 106/140 | Rate: 0.30/s | ETA: 1.9m
  Progress: 107/140 | Rate: 0.30/s | ETA: 1.8m
  Progress: 108/140 | Rate: 0.30/s | ETA: 1.8m
  Progress: 109/140 | Rate: 0.31/s | ETA: 1.7m
  Progress: 110/140 | Rate: 0.31/s | ETA: 1.6m
  Progress: 111/140 | Rate: 0.31/s | ETA: 1.6m
  Progress: 112/140 | Rate: 0.31/s | ETA: 1.5m
  Progress: 113/140 | Rate: 0.31/s | ETA: 1.4m
  Progress: 114/140 | Rate: 0.31/s | ETA: 1.4m
  Progress: 115/140 | Rate: 0.31/s | ETA: 1.3m
  Progress: 116/140 | Rate: 0.31/s | ETA: 1.3m
  Progress: 117/140 | Rate: 0.32/s | ETA: 1.2m
  Progress: 118/140 | Rate: 0.32/s | ETA: 1.2m
  Progress: 119/140 | Rate: 0.32/s | ETA: 1.1m
  Progress: 120/140 | Rate: 0.32/s | ETA: 1.0m
  Progress: 121/140 | Rate: 0.32/s | ETA: 1.0m
  Progress: 122/140 | Rate: 0.32/s | ETA: 0.9m
  Progress: 123/140 | Rate: 0.32/s | ETA: 0.9m
  Progress: 124/140 | Rate: 0.32/s | ETA: 0.8m
  Progress: 125/140 | Rate: 0.32/s | ETA: 0.8m
  Progress: 126/140 | Rate: 0.33/s | ETA: 0.7m
  Progress: 127/140 | Rate: 0.33/s | ETA: 0.7m
  Progress: 128/140 | Rate: 0.33/s | ETA: 0.6m
  Progress: 129/140 | Rate: 0.33/s | ETA: 0.6m
  Progress: 130/140 | Rate: 0.33/s | ETA: 0.5m
  Progress: 131/140 | Rate: 0.33/s | ETA: 0.5m
  Progress: 132/140 | Rate: 0.33/s | ETA: 0.4m
  Progress: 133/140 | Rate: 0.33/s | ETA: 0.3m
  Progress: 134/140 | Rate: 0.33/s | ETA: 0.3m
  Progress: 135/140 | Rate: 0.34/s | ETA: 0.2m
  Progress: 136/140 | Rate: 0.34/s | ETA: 0.2m
  Progress: 137/140 | Rate: 0.34/s | ETA: 0.1m
  Progress: 138/140 | Rate: 0.34/s | ETA: 0.1m
  Progress: 139/140 | Rate: 0.34/s | ETA: 0.0m
  Progress: 140/140 | Rate: 0.34/s | ETA: 0.0m

✔ Done. 140 evaluations in 410.7s (0.34/s)
>>> llama3_70b_neutrality_oriented_sample1_responses.jsonl  16:02:49Z

============================================================
  Judge:  deepseek (deepseek-ai/deepseek-v3.2-maas)
  Input:  runs/run_20260521/responses/llama3_70b_neutrality_oriented_sample1_responses.jsonl
  Output: /home/satvik/Documents/CIKM/runs/run_20260521/evaluations/deepseek_evaluations_llama3_70b_neutrality_oriented_sample1.jsonl
============================================================
  Remaining: 140 rows
  Progress: 1/140 | Rate: 0.57/s | ETA: 4.0m
  Progress: 2/140 | Rate: 0.55/s | ETA: 4.1m
  Progress: 3/140 | Rate: 0.57/s | ETA: 4.0m
  Progress: 4/140 | Rate: 0.59/s | ETA: 3.8m
  Progress: 5/140 | Rate: 0.62/s | ETA: 3.6m
  Progress: 6/140 | Rate: 0.59/s | ETA: 3.8m
  Progress: 7/140 | Rate: 0.58/s | ETA: 3.8m
  Progress: 8/140 | Rate: 0.58/s | ETA: 3.8m
  Progress: 9/140 | Rate: 0.58/s | ETA: 3.8m
  Progress: 10/140 | Rate: 0.56/s | ETA: 3.9m
  Progress: 11/140 | Rate: 0.54/s | ETA: 4.0m
  Progress: 12/140 | Rate: 0.50/s | ETA: 4.3m
  Progress: 13/140 | Rate: 0.50/s | ETA: 4.2m
  Progress: 14/140 | Rate: 0.51/s | ETA: 4.1m
  Progress: 15/140 | Rate: 0.43/s | ETA: 4.9m
  Progress: 16/140 | Rate: 0.43/s | ETA: 4.8m
  Progress: 17/140 | Rate: 0.44/s | ETA: 4.7m
  Progress: 18/140 | Rate: 0.44/s | ETA: 4.6m
  Progress: 19/140 | Rate: 0.45/s | ETA: 4.5m
  Progress: 20/140 | Rate: 0.44/s | ETA: 4.5m
  Progress: 21/140 | Rate: 0.45/s | ETA: 4.4m
  Progress: 22/140 | Rate: 0.45/s | ETA: 4.4m
  Progress: 23/140 | Rate: 0.46/s | ETA: 4.3m
  Progress: 24/140 | Rate: 0.46/s | ETA: 4.2m
  Progress: 25/140 | Rate: 0.47/s | ETA: 4.1m
  Progress: 26/140 | Rate: 0.46/s | ETA: 4.1m
  Progress: 27/140 | Rate: 0.47/s | ETA: 4.0m
  Progress: 28/140 | Rate: 0.47/s | ETA: 4.0m
  Progress: 29/140 | Rate: 0.48/s | ETA: 3.9m
  Progress: 30/140 | Rate: 0.47/s | ETA: 3.9m
  Progress: 31/140 | Rate: 0.48/s | ETA: 3.8m
  Progress: 32/140 | Rate: 0.48/s | ETA: 3.8m
  Progress: 33/140 | Rate: 0.49/s | ETA: 3.7m
  Progress: 34/140 | Rate: 0.49/s | ETA: 3.6m
  Progress: 35/140 | Rate: 0.49/s | ETA: 3.5m
  Progress: 36/140 | Rate: 0.49/s | ETA: 3.5m
  Progress: 37/140 | Rate: 0.49/s | ETA: 3.5m
  Progress: 38/140 | Rate: 0.49/s | ETA: 3.4m
  Progress: 39/140 | Rate: 0.49/s | ETA: 3.4m
  Progress: 40/140 | Rate: 0.50/s | ETA: 3.4m
  Progress: 41/140 | Rate: 0.50/s | ETA: 3.3m
  Progress: 42/140 | Rate: 0.50/s | ETA: 3.3m
  Progress: 43/140 | Rate: 0.50/s | ETA: 3.2m
  Progress: 44/140 | Rate: 0.51/s | ETA: 3.2m
  Progress: 45/140 | Rate: 0.51/s | ETA: 3.1m
  Progress: 46/140 | Rate: 0.51/s | ETA: 3.1m
  Progress: 47/140 | Rate: 0.51/s | ETA: 3.0m
  Progress: 48/140 | Rate: 0.51/s | ETA: 3.0m
  Progress: 49/140 | Rate: 0.51/s | ETA: 3.0m
  Progress: 50/140 | Rate: 0.51/s | ETA: 3.0m
  Progress: 51/140 | Rate: 0.50/s | ETA: 2.9m
  Progress: 52/140 | Rate: 0.51/s | ETA: 2.9m
  Progress: 53/140 | Rate: 0.51/s | ETA: 2.9m
  Progress: 54/140 | Rate: 0.51/s | ETA: 2.8m
  Progress: 55/140 | Rate: 0.51/s | ETA: 2.8m
  Progress: 56/140 | Rate: 0.51/s | ETA: 2.7m
  Progress: 57/140 | Rate: 0.52/s | ETA: 2.7m
  Progress: 58/140 | Rate: 0.52/s | ETA: 2.6m
  Progress: 59/140 | Rate: 0.49/s | ETA: 2.7m
  Progress: 60/140 | Rate: 0.49/s | ETA: 2.7m
  Progress: 61/140 | Rate: 0.49/s | ETA: 2.7m
  Progress: 62/140 | Rate: 0.49/s | ETA: 2.6m
  Progress: 63/140 | Rate: 0.48/s | ETA: 2.6m
  Progress: 64/140 | Rate: 0.47/s | ETA: 2.7m
  Progress: 65/140 | Rate: 0.45/s | ETA: 2.8m
  Progress: 66/140 | Rate: 0.45/s | ETA: 2.7m
  Progress: 67/140 | Rate: 0.46/s | ETA: 2.7m
  Progress: 68/140 | Rate: 0.46/s | ETA: 2.6m
  Progress: 69/140 | Rate: 0.46/s | ETA: 2.6m
  Progress: 70/140 | Rate: 0.46/s | ETA: 2.5m
  Progress: 71/140 | Rate: 0.46/s | ETA: 2.5m
  Progress: 72/140 | Rate: 0.44/s | ETA: 2.6m
  Progress: 73/140 | Rate: 0.44/s | ETA: 2.5m
  Progress: 74/140 | Rate: 0.44/s | ETA: 2.5m
  Progress: 75/140 | Rate: 0.44/s | ETA: 2.4m
  Progress: 76/140 | Rate: 0.44/s | ETA: 2.4m
  Progress: 77/140 | Rate: 0.44/s | ETA: 2.4m
  Progress: 78/140 | Rate: 0.44/s | ETA: 2.3m
  Progress: 79/140 | Rate: 0.45/s | ETA: 2.3m
  Progress: 80/140 | Rate: 0.45/s | ETA: 2.2m
  Progress: 81/140 | Rate: 0.45/s | ETA: 2.2m
  Progress: 82/140 | Rate: 0.45/s | ETA: 2.2m
  Progress: 83/140 | Rate: 0.45/s | ETA: 2.1m
  Progress: 84/140 | Rate: 0.45/s | ETA: 2.1m
  Progress: 85/140 | Rate: 0.45/s | ETA: 2.1m
  Progress: 86/140 | Rate: 0.45/s | ETA: 2.0m
  Progress: 87/140 | Rate: 0.44/s | ETA: 2.0m
  Progress: 88/140 | Rate: 0.44/s | ETA: 2.0m
  Progress: 89/140 | Rate: 0.44/s | ETA: 1.9m
  Progress: 90/140 | Rate: 0.44/s | ETA: 1.9m
  Progress: 91/140 | Rate: 0.44/s | ETA: 1.9m
  Progress: 92/140 | Rate: 0.44/s | ETA: 1.8m
  Progress: 93/140 | Rate: 0.43/s | ETA: 1.8m
  Progress: 94/140 | Rate: 0.43/s | ETA: 1.8m
  Progress: 95/140 | Rate: 0.43/s | ETA: 1.7m
  Progress: 96/140 | Rate: 0.43/s | ETA: 1.7m
  Progress: 97/140 | Rate: 0.43/s | ETA: 1.7m
  Progress: 98/140 | Rate: 0.44/s | ETA: 1.6m
  Progress: 99/140 | Rate: 0.43/s | ETA: 1.6m
  Progress: 100/140 | Rate: 0.43/s | ETA: 1.6m
  Progress: 101/140 | Rate: 0.43/s | ETA: 1.5m
  Progress: 102/140 | Rate: 0.43/s | ETA: 1.5m
  Progress: 103/140 | Rate: 0.43/s | ETA: 1.4m
  Progress: 104/140 | Rate: 0.43/s | ETA: 1.4m
  Progress: 105/140 | Rate: 0.44/s | ETA: 1.3m
  Progress: 106/140 | Rate: 0.44/s | ETA: 1.3m
  Progress: 107/140 | Rate: 0.44/s | ETA: 1.3m
  Progress: 108/140 | Rate: 0.44/s | ETA: 1.2m
  Progress: 109/140 | Rate: 0.44/s | ETA: 1.2m
  Progress: 110/140 | Rate: 0.44/s | ETA: 1.1m
  Progress: 111/140 | Rate: 0.44/s | ETA: 1.1m
  Progress: 112/140 | Rate: 0.44/s | ETA: 1.1m
  Progress: 113/140 | Rate: 0.44/s | ETA: 1.0m
  Progress: 114/140 | Rate: 0.44/s | ETA: 1.0m
  Progress: 115/140 | Rate: 0.44/s | ETA: 0.9m
  Progress: 116/140 | Rate: 0.44/s | ETA: 0.9m
  Progress: 117/140 | Rate: 0.45/s | ETA: 0.9m
  Progress: 118/140 | Rate: 0.45/s | ETA: 0.8m
  Progress: 119/140 | Rate: 0.45/s | ETA: 0.8m
  Progress: 120/140 | Rate: 0.45/s | ETA: 0.7m
  Progress: 121/140 | Rate: 0.45/s | ETA: 0.7m
  Progress: 122/140 | Rate: 0.45/s | ETA: 0.7m
  Progress: 123/140 | Rate: 0.44/s | ETA: 0.6m
  Progress: 124/140 | Rate: 0.44/s | ETA: 0.6m
  Progress: 125/140 | Rate: 0.44/s | ETA: 0.6m
  Progress: 126/140 | Rate: 0.44/s | ETA: 0.5m
  Progress: 127/140 | Rate: 0.44/s | ETA: 0.5m
  Progress: 128/140 | Rate: 0.42/s | ETA: 0.5m
  Progress: 129/140 | Rate: 0.42/s | ETA: 0.4m
  Progress: 130/140 | Rate: 0.43/s | ETA: 0.4m
  Progress: 131/140 | Rate: 0.43/s | ETA: 0.4m
  Progress: 132/140 | Rate: 0.43/s | ETA: 0.3m
  Progress: 133/140 | Rate: 0.43/s | ETA: 0.3m
  Progress: 134/140 | Rate: 0.43/s | ETA: 0.2m
  Progress: 135/140 | Rate: 0.43/s | ETA: 0.2m
  Progress: 136/140 | Rate: 0.43/s | ETA: 0.2m
  Progress: 137/140 | Rate: 0.43/s | ETA: 0.1m
  Progress: 138/140 | Rate: 0.43/s | ETA: 0.1m
  Progress: 139/140 | Rate: 0.43/s | ETA: 0.0m
  Progress: 140/140 | Rate: 0.43/s | ETA: 0.0m

✔ Done. 140 evaluations in 327.9s (0.43/s)
>>> llama3_70b_neutrality_oriented_sample2_responses.jsonl  16:08:17Z

============================================================
  Judge:  deepseek (deepseek-ai/deepseek-v3.2-maas)
  Input:  runs/run_20260521/responses/llama3_70b_neutrality_oriented_sample2_responses.jsonl
  Output: /home/satvik/Documents/CIKM/runs/run_20260521/evaluations/deepseek_evaluations_llama3_70b_neutrality_oriented_sample2.jsonl
============================================================
  Remaining: 140 rows
  Progress: 1/140 | Rate: 0.57/s | ETA: 4.0m
  Progress: 2/140 | Rate: 0.57/s | ETA: 4.1m
  Progress: 3/140 | Rate: 0.59/s | ETA: 3.9m
  Progress: 4/140 | Rate: 0.59/s | ETA: 3.9m
  Progress: 5/140 | Rate: 0.59/s | ETA: 3.8m
  Progress: 6/140 | Rate: 0.60/s | ETA: 3.7m
  Progress: 7/140 | Rate: 0.57/s | ETA: 3.9m
  Progress: 8/140 | Rate: 0.54/s | ETA: 4.1m
  Progress: 9/140 | Rate: 0.55/s | ETA: 4.0m
  Progress: 10/140 | Rate: 0.34/s | ETA: 6.3m
  Progress: 11/140 | Rate: 0.36/s | ETA: 6.0m
  Progress: 12/140 | Rate: 0.37/s | ETA: 5.8m
  Progress: 13/140 | Rate: 0.36/s | ETA: 5.8m
  Progress: 14/140 | Rate: 0.37/s | ETA: 5.7m
  Progress: 15/140 | Rate: 0.37/s | ETA: 5.6m
  Progress: 16/140 | Rate: 0.38/s | ETA: 5.4m
  Progress: 17/140 | Rate: 0.39/s | ETA: 5.2m
  Progress: 18/140 | Rate: 0.40/s | ETA: 5.1m
  Progress: 19/140 | Rate: 0.39/s | ETA: 5.1m
  Progress: 20/140 | Rate: 0.40/s | ETA: 5.0m
  Progress: 21/140 | Rate: 0.41/s | ETA: 4.9m
  Progress: 22/140 | Rate: 0.39/s | ETA: 5.0m
  Progress: 23/140 | Rate: 0.40/s | ETA: 4.9m
  Progress: 24/140 | Rate: 0.41/s | ETA: 4.8m
  Progress: 25/140 | Rate: 0.41/s | ETA: 4.6m
  Progress: 26/140 | Rate: 0.42/s | ETA: 4.6m
  Progress: 27/140 | Rate: 0.39/s | ETA: 4.8m
  Progress: 28/140 | Rate: 0.40/s | ETA: 4.7m
  Progress: 29/140 | Rate: 0.40/s | ETA: 4.6m
  Progress: 30/140 | Rate: 0.39/s | ETA: 4.7m
  Progress: 31/140 | Rate: 0.39/s | ETA: 4.6m
  Progress: 32/140 | Rate: 0.39/s | ETA: 4.6m
  Progress: 33/140 | Rate: 0.40/s | ETA: 4.5m
  Progress: 34/140 | Rate: 0.37/s | ETA: 4.8m
  Progress: 35/140 | Rate: 0.37/s | ETA: 4.7m
  Progress: 36/140 | Rate: 0.37/s | ETA: 4.6m
  Progress: 37/140 | Rate: 0.38/s | ETA: 4.6m
  Progress: 38/140 | Rate: 0.38/s | ETA: 4.5m
  Progress: 39/140 | Rate: 0.38/s | ETA: 4.4m
  Progress: 40/140 | Rate: 0.39/s | ETA: 4.3m
  Progress: 41/140 | Rate: 0.39/s | ETA: 4.2m
  Progress: 42/140 | Rate: 0.40/s | ETA: 4.1m
  Progress: 43/140 | Rate: 0.40/s | ETA: 4.0m
  Progress: 44/140 | Rate: 0.40/s | ETA: 4.0m
  Progress: 45/140 | Rate: 0.41/s | ETA: 3.9m
  Progress: 46/140 | Rate: 0.41/s | ETA: 3.8m
  Progress: 47/140 | Rate: 0.41/s | ETA: 3.8m
  Progress: 48/140 | Rate: 0.42/s | ETA: 3.7m
  Progress: 49/140 | Rate: 0.42/s | ETA: 3.6m
  Progress: 50/140 | Rate: 0.42/s | ETA: 3.6m
  Progress: 51/140 | Rate: 0.42/s | ETA: 3.5m
  Progress: 52/140 | Rate: 0.42/s | ETA: 3.5m
  Progress: 53/140 | Rate: 0.43/s | ETA: 3.4m
  Progress: 54/140 | Rate: 0.43/s | ETA: 3.3m
  Progress: 55/140 | Rate: 0.43/s | ETA: 3.3m
  Progress: 56/140 | Rate: 0.43/s | ETA: 3.3m
  Progress: 57/140 | Rate: 0.42/s | ETA: 3.3m
  Progress: 58/140 | Rate: 0.43/s | ETA: 3.2m
  Progress: 59/140 | Rate: 0.43/s | ETA: 3.1m
  Progress: 60/140 | Rate: 0.43/s | ETA: 3.1m
  Progress: 61/140 | Rate: 0.43/s | ETA: 3.0m
  Progress: 62/140 | Rate: 0.43/s | ETA: 3.0m
  Progress: 63/140 | Rate: 0.43/s | ETA: 3.0m
  Progress: 64/140 | Rate: 0.44/s | ETA: 2.9m
  Progress: 65/140 | Rate: 0.44/s | ETA: 2.8m
  Progress: 66/140 | Rate: 0.44/s | ETA: 2.8m
  Progress: 67/140 | Rate: 0.43/s | ETA: 2.8m
  Progress: 68/140 | Rate: 0.43/s | ETA: 2.8m
  Progress: 69/140 | Rate: 0.40/s | ETA: 2.9m
  Progress: 70/140 | Rate: 0.41/s | ETA: 2.9m
  Progress: 71/140 | Rate: 0.41/s | ETA: 2.8m
  Progress: 72/140 | Rate: 0.41/s | ETA: 2.8m
  Progress: 73/140 | Rate: 0.41/s | ETA: 2.7m
  Progress: 74/140 | Rate: 0.41/s | ETA: 2.7m
  Progress: 75/140 | Rate: 0.42/s | ETA: 2.6m
  Progress: 76/140 | Rate: 0.42/s | ETA: 2.6m
  Progress: 77/140 | Rate: 0.42/s | ETA: 2.5m
  Progress: 78/140 | Rate: 0.42/s | ETA: 2.5m
  Progress: 79/140 | Rate: 0.42/s | ETA: 2.4m
  Progress: 80/140 | Rate: 0.42/s | ETA: 2.4m
  Progress: 81/140 | Rate: 0.42/s | ETA: 2.3m
  Progress: 82/140 | Rate: 0.43/s | ETA: 2.3m
  Progress: 83/140 | Rate: 0.43/s | ETA: 2.2m
  Progress: 84/140 | Rate: 0.43/s | ETA: 2.2m
  Progress: 85/140 | Rate: 0.43/s | ETA: 2.1m
  Progress: 86/140 | Rate: 0.43/s | ETA: 2.1m
  Progress: 87/140 | Rate: 0.43/s | ETA: 2.0m
  Progress: 88/140 | Rate: 0.43/s | ETA: 2.0m
  Progress: 89/140 | Rate: 0.44/s | ETA: 2.0m
  Progress: 90/140 | Rate: 0.44/s | ETA: 1.9m
  Progress: 91/140 | Rate: 0.44/s | ETA: 1.9m
  Progress: 92/140 | Rate: 0.43/s | ETA: 1.9m
  Progress: 93/140 | Rate: 0.43/s | ETA: 1.8m
  Progress: 94/140 | Rate: 0.43/s | ETA: 1.8m
  Progress: 95/140 | Rate: 0.43/s | ETA: 1.7m
  Progress: 96/140 | Rate: 0.43/s | ETA: 1.7m
  Progress: 97/140 | Rate: 0.43/s | ETA: 1.7m
  Progress: 98/140 | Rate: 0.43/s | ETA: 1.6m
  Progress: 99/140 | Rate: 0.42/s | ETA: 1.6m
  Progress: 100/140 | Rate: 0.42/s | ETA: 1.6m
  Progress: 101/140 | Rate: 0.42/s | ETA: 1.6m
  Progress: 102/140 | Rate: 0.42/s | ETA: 1.5m
  Progress: 103/140 | Rate: 0.42/s | ETA: 1.5m
  Progress: 104/140 | Rate: 0.42/s | ETA: 1.4m
  Progress: 105/140 | Rate: 0.42/s | ETA: 1.4m
  Progress: 106/140 | Rate: 0.42/s | ETA: 1.3m
  Progress: 107/140 | Rate: 0.43/s | ETA: 1.3m
  Progress: 108/140 | Rate: 0.43/s | ETA: 1.3m
  Progress: 109/140 | Rate: 0.42/s | ETA: 1.2m
  Progress: 110/140 | Rate: 0.42/s | ETA: 1.2m
  Progress: 111/140 | Rate: 0.43/s | ETA: 1.1m
  Progress: 112/140 | Rate: 0.42/s | ETA: 1.1m
  Progress: 113/140 | Rate: 0.39/s | ETA: 1.2m
  Progress: 114/140 | Rate: 0.39/s | ETA: 1.1m
  Progress: 115/140 | Rate: 0.39/s | ETA: 1.1m
  Progress: 116/140 | Rate: 0.39/s | ETA: 1.0m
  Progress: 117/140 | Rate: 0.39/s | ETA: 1.0m
  Progress: 118/140 | Rate: 0.39/s | ETA: 0.9m
  Progress: 119/140 | Rate: 0.39/s | ETA: 0.9m
  Progress: 120/140 | Rate: 0.39/s | ETA: 0.9m
  Progress: 121/140 | Rate: 0.39/s | ETA: 0.8m
  Progress: 122/140 | Rate: 0.39/s | ETA: 0.8m
  Progress: 123/140 | Rate: 0.39/s | ETA: 0.7m
  Progress: 124/140 | Rate: 0.39/s | ETA: 0.7m
  Progress: 125/140 | Rate: 0.39/s | ETA: 0.6m
  Progress: 126/140 | Rate: 0.39/s | ETA: 0.6m
  Progress: 127/140 | Rate: 0.39/s | ETA: 0.6m
  Progress: 128/140 | Rate: 0.39/s | ETA: 0.5m
  Progress: 129/140 | Rate: 0.39/s | ETA: 0.5m
  Progress: 130/140 | Rate: 0.38/s | ETA: 0.4m
  Progress: 131/140 | Rate: 0.38/s | ETA: 0.4m
  Progress: 132/140 | Rate: 0.38/s | ETA: 0.3m
  Progress: 133/140 | Rate: 0.38/s | ETA: 0.3m
  Progress: 134/140 | Rate: 0.38/s | ETA: 0.3m
  Progress: 135/140 | Rate: 0.38/s | ETA: 0.2m
  Progress: 136/140 | Rate: 0.38/s | ETA: 0.2m
  Progress: 137/140 | Rate: 0.38/s | ETA: 0.1m
  Progress: 138/140 | Rate: 0.38/s | ETA: 0.1m
  Progress: 139/140 | Rate: 0.36/s | ETA: 0.0m
  Progress: 140/140 | Rate: 0.36/s | ETA: 0.0m

✔ Done. 140 evaluations in 385.7s (0.36/s)
>>> llama3_70b_utility_first_sample0_responses.jsonl  16:14:44Z

============================================================
  Judge:  deepseek (deepseek-ai/deepseek-v3.2-maas)
  Input:  runs/run_20260521/responses/llama3_70b_utility_first_sample0_responses.jsonl
  Output: /home/satvik/Documents/CIKM/runs/run_20260521/evaluations/deepseek_evaluations_llama3_70b_utility_first_sample0.jsonl
============================================================
  Remaining: 140 rows
  Progress: 1/140 | Rate: 0.02/s | ETA: 123.0m
  Progress: 2/140 | Rate: 0.04/s | ETA: 63.3m
  Progress: 3/140 | Rate: 0.05/s | ETA: 43.5m
  Progress: 4/140 | Rate: 0.07/s | ETA: 33.3m
  Progress: 5/140 | Rate: 0.08/s | ETA: 27.4m
  Progress: 6/140 | Rate: 0.10/s | ETA: 23.4m
  Progress: 7/140 | Rate: 0.11/s | ETA: 20.7m
  Progress: 8/140 | Rate: 0.11/s | ETA: 20.1m
  Progress: 9/140 | Rate: 0.12/s | ETA: 18.2m
  Progress: 10/140 | Rate: 0.13/s | ETA: 16.7m
  Progress: 11/140 | Rate: 0.14/s | ETA: 15.6m
  Progress: 12/140 | Rate: 0.15/s | ETA: 14.5m
  Progress: 13/140 | Rate: 0.16/s | ETA: 13.5m
  Progress: 14/140 | Rate: 0.16/s | ETA: 12.9m
  Progress: 15/140 | Rate: 0.17/s | ETA: 12.4m
  Progress: 16/140 | Rate: 0.16/s | ETA: 12.9m
  Progress: 17/140 | Rate: 0.17/s | ETA: 12.3m
  Progress: 18/140 | Rate: 0.17/s | ETA: 11.8m
  Progress: 19/140 | Rate: 0.18/s | ETA: 11.4m
  Progress: 20/140 | Rate: 0.18/s | ETA: 10.8m
  Progress: 21/140 | Rate: 0.19/s | ETA: 10.4m
  Progress: 22/140 | Rate: 0.20/s | ETA: 10.0m
  Progress: 23/140 | Rate: 0.20/s | ETA: 9.7m
  Progress: 24/140 | Rate: 0.19/s | ETA: 10.1m
  Progress: 25/140 | Rate: 0.20/s | ETA: 9.7m
  Progress: 26/140 | Rate: 0.20/s | ETA: 9.5m
  Progress: 27/140 | Rate: 0.20/s | ETA: 9.2m
  Progress: 28/140 | Rate: 0.21/s | ETA: 8.9m
  Progress: 29/140 | Rate: 0.21/s | ETA: 8.7m
  Progress: 30/140 | Rate: 0.22/s | ETA: 8.5m
  Progress: 31/140 | Rate: 0.22/s | ETA: 8.3m
  Progress: 32/140 | Rate: 0.22/s | ETA: 8.2m
  Progress: 33/140 | Rate: 0.22/s | ETA: 8.0m
  Progress: 34/140 | Rate: 0.23/s | ETA: 7.7m
  Progress: 35/140 | Rate: 0.23/s | ETA: 7.6m
  Progress: 36/140 | Rate: 0.23/s | ETA: 7.4m
  Progress: 37/140 | Rate: 0.24/s | ETA: 7.3m
  Progress: 38/140 | Rate: 0.24/s | ETA: 7.1m
  Progress: 39/140 | Rate: 0.24/s | ETA: 6.9m
  Progress: 40/140 | Rate: 0.25/s | ETA: 6.8m
  Progress: 41/140 | Rate: 0.25/s | ETA: 6.6m
  Progress: 42/140 | Rate: 0.25/s | ETA: 6.5m
  Progress: 43/140 | Rate: 0.25/s | ETA: 6.3m
  Progress: 44/140 | Rate: 0.26/s | ETA: 6.2m
  Progress: 45/140 | Rate: 0.25/s | ETA: 6.2m
  Progress: 46/140 | Rate: 0.26/s | ETA: 6.1m
  Progress: 47/140 | Rate: 0.26/s | ETA: 6.0m
  Progress: 48/140 | Rate: 0.26/s | ETA: 5.9m
  Progress: 49/140 | Rate: 0.26/s | ETA: 5.7m
  Progress: 50/140 | Rate: 0.27/s | ETA: 5.6m
  Progress: 51/140 | Rate: 0.27/s | ETA: 5.5m
  Progress: 52/140 | Rate: 0.27/s | ETA: 5.4m
  Progress: 53/140 | Rate: 0.28/s | ETA: 5.3m
  Progress: 54/140 | Rate: 0.28/s | ETA: 5.2m
  Progress: 55/140 | Rate: 0.28/s | ETA: 5.1m
  Progress: 56/140 | Rate: 0.28/s | ETA: 5.0m
  Progress: 57/140 | Rate: 0.27/s | ETA: 5.2m
  Progress: 58/140 | Rate: 0.27/s | ETA: 5.1m
  Progress: 59/140 | Rate: 0.27/s | ETA: 5.0m
  Progress: 60/140 | Rate: 0.26/s | ETA: 5.1m
  Progress: 61/140 | Rate: 0.26/s | ETA: 5.0m
  Progress: 62/140 | Rate: 0.27/s | ETA: 4.9m
  Progress: 63/140 | Rate: 0.27/s | ETA: 4.8m
  Progress: 64/140 | Rate: 0.27/s | ETA: 4.7m
  Progress: 65/140 | Rate: 0.27/s | ETA: 4.6m
  Progress: 66/140 | Rate: 0.27/s | ETA: 4.5m
  Progress: 67/140 | Rate: 0.27/s | ETA: 4.5m
  Progress: 68/140 | Rate: 0.27/s | ETA: 4.4m
  Progress: 69/140 | Rate: 0.28/s | ETA: 4.3m
  Progress: 70/140 | Rate: 0.27/s | ETA: 4.2m
  Progress: 71/140 | Rate: 0.27/s | ETA: 4.2m
  Progress: 72/140 | Rate: 0.28/s | ETA: 4.1m
  Progress: 73/140 | Rate: 0.28/s | ETA: 4.1m
  Progress: 74/140 | Rate: 0.28/s | ETA: 4.0m
  Progress: 75/140 | Rate: 0.28/s | ETA: 3.9m
  Progress: 76/140 | Rate: 0.28/s | ETA: 3.8m
  Progress: 77/140 | Rate: 0.28/s | ETA: 3.7m
  Progress: 78/140 | Rate: 0.28/s | ETA: 3.6m
  Progress: 79/140 | Rate: 0.28/s | ETA: 3.6m
  Progress: 80/140 | Rate: 0.28/s | ETA: 3.5m
  Progress: 81/140 | Rate: 0.29/s | ETA: 3.4m
  Progress: 82/140 | Rate: 0.29/s | ETA: 3.4m
  Progress: 83/140 | Rate: 0.29/s | ETA: 3.3m
  Progress: 84/140 | Rate: 0.29/s | ETA: 3.2m
  Progress: 85/140 | Rate: 0.29/s | ETA: 3.2m
  Progress: 86/140 | Rate: 0.29/s | ETA: 3.1m
  Progress: 87/140 | Rate: 0.29/s | ETA: 3.0m
  Progress: 88/140 | Rate: 0.30/s | ETA: 2.9m
  Progress: 89/140 | Rate: 0.30/s | ETA: 2.9m
  Progress: 90/140 | Rate: 0.30/s | ETA: 2.8m
  Progress: 91/140 | Rate: 0.30/s | ETA: 2.7m
  Progress: 92/140 | Rate: 0.30/s | ETA: 2.7m
  Progress: 93/140 | Rate: 0.30/s | ETA: 2.6m
  Progress: 94/140 | Rate: 0.30/s | ETA: 2.6m
  Progress: 95/140 | Rate: 0.30/s | ETA: 2.5m
  Progress: 96/140 | Rate: 0.30/s | ETA: 2.4m
  Progress: 97/140 | Rate: 0.30/s | ETA: 2.4m
  [cat3_real_003] [Attempt 1] HTTP 429: [{
  "error": {
    "code": 429,
    "message": "Resource exhausted. Please try again later. Please refer to https://clo — waiting 60s
  Progress: 98/140 | Rate: 0.26/s | ETA: 2.7m
  Progress: 99/140 | Rate: 0.26/s | ETA: 2.7m
  Progress: 100/140 | Rate: 0.26/s | ETA: 2.6m
  Progress: 101/140 | Rate: 0.26/s | ETA: 2.5m
  Progress: 102/140 | Rate: 0.26/s | ETA: 2.4m
  Progress: 103/140 | Rate: 0.26/s | ETA: 2.4m
  Progress: 104/140 | Rate: 0.26/s | ETA: 2.3m
  Progress: 105/140 | Rate: 0.27/s | ETA: 2.2m
  Progress: 106/140 | Rate: 0.27/s | ETA: 2.1m
  Progress: 107/140 | Rate: 0.27/s | ETA: 2.1m
  Progress: 108/140 | Rate: 0.27/s | ETA: 2.0m
  [cat4_real_004] [Attempt 1] HTTP 429: [{
  "error": {
    "code": 429,
    "message": "Resource exhausted. Please try again later. Please refer to https://clo — waiting 60s
  Progress: 109/140 | Rate: 0.23/s | ETA: 2.2m
  Progress: 110/140 | Rate: 0.23/s | ETA: 2.1m
  Progress: 111/140 | Rate: 0.24/s | ETA: 2.0m
  Progress: 112/140 | Rate: 0.24/s | ETA: 2.0m
  Progress: 113/140 | Rate: 0.24/s | ETA: 1.9m
  Progress: 114/140 | Rate: 0.24/s | ETA: 1.8m
  Progress: 115/140 | Rate: 0.24/s | ETA: 1.7m
  Progress: 116/140 | Rate: 0.24/s | ETA: 1.7m
  Progress: 117/140 | Rate: 0.24/s | ETA: 1.6m
  Progress: 118/140 | Rate: 0.24/s | ETA: 1.5m
  Progress: 119/140 | Rate: 0.25/s | ETA: 1.4m
  Progress: 120/140 | Rate: 0.25/s | ETA: 1.4m
  Progress: 121/140 | Rate: 0.25/s | ETA: 1.3m
  Progress: 122/140 | Rate: 0.25/s | ETA: 1.2m
  Progress: 123/140 | Rate: 0.25/s | ETA: 1.1m
  Progress: 124/140 | Rate: 0.25/s | ETA: 1.1m
  Progress: 125/140 | Rate: 0.25/s | ETA: 1.0m
  Progress: 126/140 | Rate: 0.25/s | ETA: 0.9m
  Progress: 127/140 | Rate: 0.25/s | ETA: 0.9m
  Progress: 128/140 | Rate: 0.25/s | ETA: 0.8m
  Progress: 129/140 | Rate: 0.25/s | ETA: 0.7m
  Progress: 130/140 | Rate: 0.25/s | ETA: 0.7m
  Progress: 131/140 | Rate: 0.25/s | ETA: 0.6m
  Progress: 132/140 | Rate: 0.26/s | ETA: 0.5m
  Progress: 133/140 | Rate: 0.26/s | ETA: 0.5m
  Progress: 134/140 | Rate: 0.26/s | ETA: 0.4m
  Progress: 135/140 | Rate: 0.26/s | ETA: 0.3m
  Progress: 136/140 | Rate: 0.26/s | ETA: 0.3m
  Progress: 137/140 | Rate: 0.26/s | ETA: 0.2m
  Progress: 138/140 | Rate: 0.26/s | ETA: 0.1m
  Progress: 139/140 | Rate: 0.26/s | ETA: 0.1m
  Progress: 140/140 | Rate: 0.26/s | ETA: 0.0m

✔ Done. 140 evaluations in 542.6s (0.26/s)
>>> llama3_70b_utility_first_sample1_responses.jsonl  16:23:47Z

============================================================
  Judge:  deepseek (deepseek-ai/deepseek-v3.2-maas)
  Input:  runs/run_20260521/responses/llama3_70b_utility_first_sample1_responses.jsonl
  Output: /home/satvik/Documents/CIKM/runs/run_20260521/evaluations/deepseek_evaluations_llama3_70b_utility_first_sample1.jsonl
============================================================
  Remaining: 140 rows
  Progress: 1/140 | Rate: 0.61/s | ETA: 3.8m
  Progress: 2/140 | Rate: 0.51/s | ETA: 4.5m
  Progress: 3/140 | Rate: 0.54/s | ETA: 4.2m
  Progress: 4/140 | Rate: 0.59/s | ETA: 3.9m
  Progress: 5/140 | Rate: 0.60/s | ETA: 3.8m
  Progress: 6/140 | Rate: 0.57/s | ETA: 3.9m
  Progress: 7/140 | Rate: 0.55/s | ETA: 4.0m
  Progress: 8/140 | Rate: 0.55/s | ETA: 4.0m
  Progress: 9/140 | Rate: 0.58/s | ETA: 3.8m
  Progress: 10/140 | Rate: 0.60/s | ETA: 3.6m
  Progress: 11/140 | Rate: 0.60/s | ETA: 3.6m
  Progress: 12/140 | Rate: 0.61/s | ETA: 3.5m
  Progress: 13/140 | Rate: 0.61/s | ETA: 3.4m
  Progress: 14/140 | Rate: 0.51/s | ETA: 4.1m
  Progress: 15/140 | Rate: 0.50/s | ETA: 4.2m
  Progress: 16/140 | Rate: 0.51/s | ETA: 4.1m
  Progress: 17/140 | Rate: 0.51/s | ETA: 4.0m
  Progress: 18/140 | Rate: 0.50/s | ETA: 4.1m
  Progress: 19/140 | Rate: 0.50/s | ETA: 4.0m
  Progress: 20/140 | Rate: 0.50/s | ETA: 4.0m
  Progress: 21/140 | Rate: 0.51/s | ETA: 3.9m
  Progress: 22/140 | Rate: 0.52/s | ETA: 3.8m
  Progress: 23/140 | Rate: 0.52/s | ETA: 3.7m
  Progress: 24/140 | Rate: 0.51/s | ETA: 3.8m
  Progress: 25/140 | Rate: 0.42/s | ETA: 4.6m
  Progress: 26/140 | Rate: 0.41/s | ETA: 4.7m
  Progress: 27/140 | Rate: 0.41/s | ETA: 4.6m
  Progress: 28/140 | Rate: 0.41/s | ETA: 4.5m
  Progress: 29/140 | Rate: 0.41/s | ETA: 4.5m
  Progress: 30/140 | Rate: 0.42/s | ETA: 4.4m
  Progress: 31/140 | Rate: 0.42/s | ETA: 4.3m
  Progress: 32/140 | Rate: 0.42/s | ETA: 4.3m
  Progress: 33/140 | Rate: 0.42/s | ETA: 4.2m
  Progress: 34/140 | Rate: 0.43/s | ETA: 4.1m
  Progress: 35/140 | Rate: 0.43/s | ETA: 4.1m
  Progress: 36/140 | Rate: 0.43/s | ETA: 4.0m
  Progress: 37/140 | Rate: 0.43/s | ETA: 4.0m
  Progress: 38/140 | Rate: 0.43/s | ETA: 3.9m
  Progress: 39/140 | Rate: 0.43/s | ETA: 3.9m
  Progress: 40/140 | Rate: 0.43/s | ETA: 3.9m
  Progress: 41/140 | Rate: 0.43/s | ETA: 3.8m
  Progress: 42/140 | Rate: 0.39/s | ETA: 4.2m
  Progress: 43/140 | Rate: 0.39/s | ETA: 4.2m
  Progress: 44/140 | Rate: 0.39/s | ETA: 4.1m
  Progress: 45/140 | Rate: 0.39/s | ETA: 4.1m
  Progress: 46/140 | Rate: 0.39/s | ETA: 4.0m
  Progress: 47/140 | Rate: 0.39/s | ETA: 3.9m
  Progress: 48/140 | Rate: 0.40/s | ETA: 3.9m
  Progress: 49/140 | Rate: 0.40/s | ETA: 3.8m
  Progress: 50/140 | Rate: 0.40/s | ETA: 3.7m
  Progress: 51/140 | Rate: 0.40/s | ETA: 3.7m
  Progress: 52/140 | Rate: 0.40/s | ETA: 3.7m
  Progress: 53/140 | Rate: 0.39/s | ETA: 3.7m
  Progress: 54/140 | Rate: 0.39/s | ETA: 3.7m
  Progress: 55/140 | Rate: 0.39/s | ETA: 3.6m
  Progress: 56/140 | Rate: 0.39/s | ETA: 3.6m
  Progress: 57/140 | Rate: 0.39/s | ETA: 3.6m
  Progress: 58/140 | Rate: 0.39/s | ETA: 3.5m
  Progress: 59/140 | Rate: 0.39/s | ETA: 3.5m
  Progress: 60/140 | Rate: 0.39/s | ETA: 3.4m
  Progress: 61/140 | Rate: 0.39/s | ETA: 3.4m
  Progress: 62/140 | Rate: 0.39/s | ETA: 3.3m
  Progress: 63/140 | Rate: 0.39/s | ETA: 3.3m
  Progress: 64/140 | Rate: 0.39/s | ETA: 3.3m
  Progress: 65/140 | Rate: 0.37/s | ETA: 3.4m
  Progress: 66/140 | Rate: 0.37/s | ETA: 3.3m
  Progress: 67/140 | Rate: 0.37/s | ETA: 3.3m
  Progress: 68/140 | Rate: 0.37/s | ETA: 3.2m
  Progress: 69/140 | Rate: 0.37/s | ETA: 3.2m
  Progress: 70/140 | Rate: 0.38/s | ETA: 3.1m
  Progress: 71/140 | Rate: 0.37/s | ETA: 3.1m
  Progress: 72/140 | Rate: 0.37/s | ETA: 3.0m
  [cat1_adapted_003] [Attempt 1] HTTP 429: [{
  "error": {
    "code": 429,
    "message": "Resource exhausted. Please try again later. Please refer to https://clo — waiting 60s
  Progress: 73/140 | Rate: 0.28/s | ETA: 4.0m
  Progress: 74/140 | Rate: 0.28/s | ETA: 3.9m
  Progress: 75/140 | Rate: 0.28/s | ETA: 3.8m
  Progress: 76/140 | Rate: 0.28/s | ETA: 3.8m
  Progress: 77/140 | Rate: 0.28/s | ETA: 3.7m
  Progress: 78/140 | Rate: 0.28/s | ETA: 3.6m
  Progress: 79/140 | Rate: 0.28/s | ETA: 3.7m
  Progress: 80/140 | Rate: 0.28/s | ETA: 3.6m
  Progress: 81/140 | Rate: 0.28/s | ETA: 3.5m
  Progress: 82/140 | Rate: 0.28/s | ETA: 3.4m
  Progress: 83/140 | Rate: 0.28/s | ETA: 3.4m
  Progress: 84/140 | Rate: 0.28/s | ETA: 3.3m
  Progress: 85/140 | Rate: 0.29/s | ETA: 3.2m
  Progress: 86/140 | Rate: 0.29/s | ETA: 3.1m
  Progress: 87/140 | Rate: 0.29/s | ETA: 3.1m
  Progress: 88/140 | Rate: 0.29/s | ETA: 3.0m
  Progress: 89/140 | Rate: 0.29/s | ETA: 2.9m
  Progress: 90/140 | Rate: 0.29/s | ETA: 2.8m
  Progress: 91/140 | Rate: 0.29/s | ETA: 2.8m
  Progress: 92/140 | Rate: 0.30/s | ETA: 2.7m
  Progress: 93/140 | Rate: 0.30/s | ETA: 2.6m
  Progress: 94/140 | Rate: 0.29/s | ETA: 2.6m
  Progress: 95/140 | Rate: 0.30/s | ETA: 2.5m
  Progress: 96/140 | Rate: 0.30/s | ETA: 2.5m
  Progress: 97/140 | Rate: 0.29/s | ETA: 2.5m
  Progress: 98/140 | Rate: 0.29/s | ETA: 2.4m
  Progress: 99/140 | Rate: 0.30/s | ETA: 2.3m
  Progress: 100/140 | Rate: 0.30/s | ETA: 2.2m
  Progress: 101/140 | Rate: 0.30/s | ETA: 2.2m
  Progress: 102/140 | Rate: 0.30/s | ETA: 2.1m
  Progress: 103/140 | Rate: 0.30/s | ETA: 2.1m
  Progress: 104/140 | Rate: 0.30/s | ETA: 2.0m
  Progress: 105/140 | Rate: 0.30/s | ETA: 1.9m
  Progress: 106/140 | Rate: 0.30/s | ETA: 1.9m
  Progress: 107/140 | Rate: 0.30/s | ETA: 1.8m
  Progress: 108/140 | Rate: 0.31/s | ETA: 1.7m
  Progress: 109/140 | Rate: 0.31/s | ETA: 1.7m
  Progress: 110/140 | Rate: 0.31/s | ETA: 1.6m
  Progress: 111/140 | Rate: 0.31/s | ETA: 1.6m
  Progress: 112/140 | Rate: 0.31/s | ETA: 1.5m
  Progress: 113/140 | Rate: 0.31/s | ETA: 1.4m
  [cat5_adapted_004] [Attempt 1] HTTP 429: [{
  "error": {
    "code": 429,
    "message": "Resource exhausted. Please try again later. Please refer to https://clo — waiting 60s
  Progress: 114/140 | Rate: 0.27/s | ETA: 1.6m
  Progress: 115/140 | Rate: 0.27/s | ETA: 1.5m
  Progress: 116/140 | Rate: 0.27/s | ETA: 1.5m
  Progress: 117/140 | Rate: 0.27/s | ETA: 1.4m
  Progress: 118/140 | Rate: 0.27/s | ETA: 1.3m
  Progress: 119/140 | Rate: 0.27/s | ETA: 1.3m
  Progress: 120/140 | Rate: 0.27/s | ETA: 1.2m
  Progress: 121/140 | Rate: 0.28/s | ETA: 1.2m
  Progress: 122/140 | Rate: 0.28/s | ETA: 1.1m
  Progress: 123/140 | Rate: 0.28/s | ETA: 1.0m
  Progress: 124/140 | Rate: 0.28/s | ETA: 1.0m
  Progress: 125/140 | Rate: 0.28/s | ETA: 0.9m
  Progress: 126/140 | Rate: 0.28/s | ETA: 0.8m
  Progress: 127/140 | Rate: 0.28/s | ETA: 0.8m
  Progress: 128/140 | Rate: 0.28/s | ETA: 0.7m
  Progress: 129/140 | Rate: 0.28/s | ETA: 0.7m
  Progress: 130/140 | Rate: 0.28/s | ETA: 0.6m
  Progress: 131/140 | Rate: 0.28/s | ETA: 0.5m
  Progress: 132/140 | Rate: 0.28/s | ETA: 0.5m
  Progress: 133/140 | Rate: 0.28/s | ETA: 0.4m
  Progress: 134/140 | Rate: 0.29/s | ETA: 0.4m
  Progress: 135/140 | Rate: 0.29/s | ETA: 0.3m
  Progress: 136/140 | Rate: 0.29/s | ETA: 0.2m
  Progress: 137/140 | Rate: 0.29/s | ETA: 0.2m
  Progress: 138/140 | Rate: 0.29/s | ETA: 0.1m
  Progress: 139/140 | Rate: 0.29/s | ETA: 0.1m
  Progress: 140/140 | Rate: 0.29/s | ETA: 0.0m

✔ Done. 140 evaluations in 481.4s (0.29/s)
>>> llama3_70b_utility_first_sample2_responses.jsonl  16:31:50Z

============================================================
  Judge:  deepseek (deepseek-ai/deepseek-v3.2-maas)
  Input:  runs/run_20260521/responses/llama3_70b_utility_first_sample2_responses.jsonl
  Output: /home/satvik/Documents/CIKM/runs/run_20260521/evaluations/deepseek_evaluations_llama3_70b_utility_first_sample2.jsonl
============================================================
  Remaining: 140 rows
  Progress: 1/140 | Rate: 0.40/s | ETA: 5.9m
  Progress: 2/140 | Rate: 0.37/s | ETA: 6.2m
  Progress: 3/140 | Rate: 0.38/s | ETA: 6.0m
  Progress: 4/140 | Rate: 0.44/s | ETA: 5.2m
  Progress: 5/140 | Rate: 0.45/s | ETA: 5.0m
  Progress: 6/140 | Rate: 0.45/s | ETA: 4.9m
  Progress: 7/140 | Rate: 0.48/s | ETA: 4.6m
  Progress: 8/140 | Rate: 0.50/s | ETA: 4.4m
  Progress: 9/140 | Rate: 0.52/s | ETA: 4.2m
  Progress: 10/140 | Rate: 0.53/s | ETA: 4.1m
  Progress: 11/140 | Rate: 0.54/s | ETA: 4.0m
  Progress: 12/140 | Rate: 0.54/s | ETA: 3.9m
  Progress: 13/140 | Rate: 0.55/s | ETA: 3.9m
  Progress: 14/140 | Rate: 0.55/s | ETA: 3.8m
  Progress: 15/140 | Rate: 0.44/s | ETA: 4.7m
  Progress: 16/140 | Rate: 0.45/s | ETA: 4.6m
  Progress: 17/140 | Rate: 0.47/s | ETA: 4.4m
  Progress: 18/140 | Rate: 0.48/s | ETA: 4.3m
  Progress: 19/140 | Rate: 0.49/s | ETA: 4.1m
  Progress: 20/140 | Rate: 0.49/s | ETA: 4.1m
  Progress: 21/140 | Rate: 0.50/s | ETA: 4.0m
  Progress: 22/140 | Rate: 0.51/s | ETA: 3.9m
  Progress: 23/140 | Rate: 0.50/s | ETA: 3.9m
  Progress: 24/140 | Rate: 0.50/s | ETA: 3.9m
  Progress: 25/140 | Rate: 0.50/s | ETA: 3.9m
  Progress: 26/140 | Rate: 0.50/s | ETA: 3.8m
  Progress: 27/140 | Rate: 0.50/s | ETA: 3.7m
  Progress: 28/140 | Rate: 0.51/s | ETA: 3.7m
  Progress: 29/140 | Rate: 0.51/s | ETA: 3.6m
  Progress: 30/140 | Rate: 0.52/s | ETA: 3.6m
  Progress: 31/140 | Rate: 0.49/s | ETA: 3.7m
  Progress: 32/140 | Rate: 0.50/s | ETA: 3.6m
  Progress: 33/140 | Rate: 0.50/s | ETA: 3.5m
  Progress: 34/140 | Rate: 0.51/s | ETA: 3.5m
  Progress: 35/140 | Rate: 0.51/s | ETA: 3.5m
  Progress: 36/140 | Rate: 0.51/s | ETA: 3.4m
  Progress: 37/140 | Rate: 0.51/s | ETA: 3.4m
  Progress: 38/140 | Rate: 0.51/s | ETA: 3.3m
  Progress: 39/140 | Rate: 0.49/s | ETA: 3.5m
  Progress: 40/140 | Rate: 0.48/s | ETA: 3.5m
  Progress: 41/140 | Rate: 0.48/s | ETA: 3.4m
  Progress: 42/140 | Rate: 0.48/s | ETA: 3.4m
  Progress: 43/140 | Rate: 0.48/s | ETA: 3.3m
  Progress: 44/140 | Rate: 0.48/s | ETA: 3.3m
  Progress: 45/140 | Rate: 0.49/s | ETA: 3.3m
  Progress: 46/140 | Rate: 0.49/s | ETA: 3.2m
  Progress: 47/140 | Rate: 0.49/s | ETA: 3.2m
  Progress: 48/140 | Rate: 0.49/s | ETA: 3.1m
  Progress: 49/140 | Rate: 0.49/s | ETA: 3.1m
  Progress: 50/140 | Rate: 0.49/s | ETA: 3.1m
  Progress: 51/140 | Rate: 0.49/s | ETA: 3.0m
  Progress: 52/140 | Rate: 0.49/s | ETA: 3.0m
  Progress: 53/140 | Rate: 0.48/s | ETA: 3.0m
  Progress: 54/140 | Rate: 0.48/s | ETA: 3.0m
  Progress: 55/140 | Rate: 0.48/s | ETA: 3.0m
  Progress: 56/140 | Rate: 0.48/s | ETA: 2.9m
  Progress: 57/140 | Rate: 0.46/s | ETA: 3.0m
  Progress: 58/140 | Rate: 0.47/s | ETA: 2.9m
  Progress: 59/140 | Rate: 0.46/s | ETA: 3.0m
  Progress: 60/140 | Rate: 0.46/s | ETA: 2.9m
  Progress: 61/140 | Rate: 0.46/s | ETA: 2.9m
  Progress: 62/140 | Rate: 0.46/s | ETA: 2.8m
  Progress: 63/140 | Rate: 0.46/s | ETA: 2.8m
  Progress: 64/140 | Rate: 0.45/s | ETA: 2.8m
  Progress: 65/140 | Rate: 0.45/s | ETA: 2.8m
  Progress: 66/140 | Rate: 0.45/s | ETA: 2.7m
  Progress: 67/140 | Rate: 0.45/s | ETA: 2.7m
  Progress: 68/140 | Rate: 0.45/s | ETA: 2.6m
  Progress: 69/140 | Rate: 0.45/s | ETA: 2.6m
  Progress: 70/140 | Rate: 0.45/s | ETA: 2.6m
  Progress: 71/140 | Rate: 0.45/s | ETA: 2.6m
  Progress: 72/140 | Rate: 0.45/s | ETA: 2.5m
  Progress: 73/140 | Rate: 0.44/s | ETA: 2.5m
  Progress: 74/140 | Rate: 0.44/s | ETA: 2.5m
  Progress: 75/140 | Rate: 0.45/s | ETA: 2.4m
  Progress: 76/140 | Rate: 0.45/s | ETA: 2.4m
  Progress: 77/140 | Rate: 0.45/s | ETA: 2.3m
  Progress: 78/140 | Rate: 0.33/s | ETA: 3.2m
  Progress: 79/140 | Rate: 0.32/s | ETA: 3.1m
  Progress: 80/140 | Rate: 0.33/s | ETA: 3.1m
  Progress: 81/140 | Rate: 0.33/s | ETA: 3.0m
  Progress: 82/140 | Rate: 0.33/s | ETA: 3.0m
  Progress: 83/140 | Rate: 0.33/s | ETA: 2.9m
  Progress: 84/140 | Rate: 0.33/s | ETA: 2.8m
  Progress: 85/140 | Rate: 0.33/s | ETA: 2.8m
  Progress: 86/140 | Rate: 0.33/s | ETA: 2.7m
  Progress: 87/140 | Rate: 0.33/s | ETA: 2.7m
  Progress: 88/140 | Rate: 0.33/s | ETA: 2.6m
  Progress: 89/140 | Rate: 0.33/s | ETA: 2.6m
  Progress: 90/140 | Rate: 0.31/s | ETA: 2.7m
  Progress: 91/140 | Rate: 0.31/s | ETA: 2.6m
  Progress: 92/140 | Rate: 0.31/s | ETA: 2.6m
  Progress: 93/140 | Rate: 0.31/s | ETA: 2.5m
  Progress: 94/140 | Rate: 0.31/s | ETA: 2.5m
  Progress: 95/140 | Rate: 0.31/s | ETA: 2.4m
  Progress: 96/140 | Rate: 0.31/s | ETA: 2.3m
  Progress: 97/140 | Rate: 0.32/s | ETA: 2.3m
  Progress: 98/140 | Rate: 0.32/s | ETA: 2.2m
  Progress: 99/140 | Rate: 0.32/s | ETA: 2.2m
  Progress: 100/140 | Rate: 0.31/s | ETA: 2.1m
  Progress: 101/140 | Rate: 0.31/s | ETA: 2.1m
  Progress: 102/140 | Rate: 0.31/s | ETA: 2.0m
  Progress: 103/140 | Rate: 0.31/s | ETA: 2.0m
  Progress: 104/140 | Rate: 0.31/s | ETA: 1.9m
  Progress: 105/140 | Rate: 0.31/s | ETA: 1.9m
  Progress: 106/140 | Rate: 0.31/s | ETA: 1.8m
  Progress: 107/140 | Rate: 0.31/s | ETA: 1.8m
  Progress: 108/140 | Rate: 0.32/s | ETA: 1.7m
  Progress: 109/140 | Rate: 0.32/s | ETA: 1.6m
  Progress: 110/140 | Rate: 0.32/s | ETA: 1.6m
  Progress: 111/140 | Rate: 0.32/s | ETA: 1.5m
  Progress: 112/140 | Rate: 0.32/s | ETA: 1.5m
  Progress: 113/140 | Rate: 0.32/s | ETA: 1.4m
  Progress: 114/140 | Rate: 0.32/s | ETA: 1.3m
  Progress: 115/140 | Rate: 0.32/s | ETA: 1.3m
  Progress: 116/140 | Rate: 0.32/s | ETA: 1.2m
  Progress: 117/140 | Rate: 0.33/s | ETA: 1.2m
  Progress: 118/140 | Rate: 0.33/s | ETA: 1.1m
  Progress: 119/140 | Rate: 0.33/s | ETA: 1.1m
  Progress: 120/140 | Rate: 0.33/s | ETA: 1.0m
  Progress: 121/140 | Rate: 0.33/s | ETA: 1.0m
  Progress: 122/140 | Rate: 0.33/s | ETA: 0.9m
  Progress: 123/140 | Rate: 0.33/s | ETA: 0.9m
  Progress: 124/140 | Rate: 0.33/s | ETA: 0.8m
  Progress: 125/140 | Rate: 0.33/s | ETA: 0.7m
  Progress: 126/140 | Rate: 0.33/s | ETA: 0.7m
  Progress: 127/140 | Rate: 0.34/s | ETA: 0.6m
  Progress: 128/140 | Rate: 0.34/s | ETA: 0.6m
  Progress: 129/140 | Rate: 0.34/s | ETA: 0.5m
  Progress: 130/140 | Rate: 0.34/s | ETA: 0.5m
  Progress: 131/140 | Rate: 0.34/s | ETA: 0.4m
  Progress: 132/140 | Rate: 0.34/s | ETA: 0.4m
  Progress: 133/140 | Rate: 0.34/s | ETA: 0.3m
  Progress: 134/140 | Rate: 0.34/s | ETA: 0.3m
  Progress: 135/140 | Rate: 0.34/s | ETA: 0.2m
  Progress: 136/140 | Rate: 0.34/s | ETA: 0.2m
  Progress: 137/140 | Rate: 0.34/s | ETA: 0.1m
  Progress: 138/140 | Rate: 0.35/s | ETA: 0.1m
  Progress: 139/140 | Rate: 0.35/s | ETA: 0.0m
  Progress: 140/140 | Rate: 0.35/s | ETA: 0.0m

✔ Done. 140 evaluations in 402.7s (0.35/s)
>>> llama3_70b_vanilla_sample0_responses.jsonl  16:38:33Z

============================================================
  Judge:  deepseek (deepseek-ai/deepseek-v3.2-maas)
  Input:  runs/run_20260521/responses/llama3_70b_vanilla_sample0_responses.jsonl
  Output: /home/satvik/Documents/CIKM/runs/run_20260521/evaluations/deepseek_evaluations_llama3_70b_vanilla_sample0.jsonl
============================================================
  Remaining: 140 rows
  Progress: 1/140 | Rate: 0.65/s | ETA: 3.6m
  Progress: 2/140 | Rate: 0.65/s | ETA: 3.5m
  Progress: 3/140 | Rate: 0.64/s | ETA: 3.6m
  Progress: 4/140 | Rate: 0.62/s | ETA: 3.6m
  Progress: 5/140 | Rate: 0.61/s | ETA: 3.7m
  Progress: 6/140 | Rate: 0.62/s | ETA: 3.6m
  Progress: 7/140 | Rate: 0.63/s | ETA: 3.5m
  Progress: 8/140 | Rate: 0.62/s | ETA: 3.5m
  Progress: 9/140 | Rate: 0.57/s | ETA: 3.9m
  Progress: 10/140 | Rate: 0.58/s | ETA: 3.8m
  Progress: 11/140 | Rate: 0.53/s | ETA: 4.1m
  Progress: 12/140 | Rate: 0.54/s | ETA: 4.0m
  Progress: 13/140 | Rate: 0.53/s | ETA: 4.0m
  Progress: 14/140 | Rate: 0.52/s | ETA: 4.0m
  Progress: 15/140 | Rate: 0.53/s | ETA: 3.9m
  Progress: 16/140 | Rate: 0.54/s | ETA: 3.8m
  Progress: 17/140 | Rate: 0.55/s | ETA: 3.8m
  Progress: 18/140 | Rate: 0.55/s | ETA: 3.7m
  Progress: 19/140 | Rate: 0.54/s | ETA: 3.7m
  Progress: 20/140 | Rate: 0.55/s | ETA: 3.6m
  Progress: 21/140 | Rate: 0.51/s | ETA: 3.9m
  Progress: 22/140 | Rate: 0.52/s | ETA: 3.8m
  Progress: 23/140 | Rate: 0.52/s | ETA: 3.8m
  Progress: 24/140 | Rate: 0.52/s | ETA: 3.7m
  Progress: 25/140 | Rate: 0.52/s | ETA: 3.7m
  Progress: 26/140 | Rate: 0.53/s | ETA: 3.6m
  Progress: 27/140 | Rate: 0.53/s | ETA: 3.6m
  [cat3_orig_008] [Attempt 1] HTTP 429: [{
  "error": {
    "code": 429,
    "message": "Resource exhausted. Please try again later. Please refer to https://clo — waiting 60s
  Progress: 28/140 | Rate: 0.25/s | ETA: 7.5m
  Progress: 29/140 | Rate: 0.25/s | ETA: 7.3m
  Progress: 30/140 | Rate: 0.26/s | ETA: 7.1m
  Progress: 31/140 | Rate: 0.26/s | ETA: 6.9m
  Progress: 32/140 | Rate: 0.27/s | ETA: 6.7m
  Progress: 33/140 | Rate: 0.27/s | ETA: 6.5m
  Progress: 34/140 | Rate: 0.28/s | ETA: 6.4m
  Progress: 35/140 | Rate: 0.28/s | ETA: 6.2m
  Progress: 36/140 | Rate: 0.29/s | ETA: 6.1m
  Progress: 37/140 | Rate: 0.29/s | ETA: 5.9m
  Progress: 38/140 | Rate: 0.29/s | ETA: 5.8m
  Progress: 39/140 | Rate: 0.30/s | ETA: 5.7m
  Progress: 40/140 | Rate: 0.30/s | ETA: 5.5m
  Progress: 41/140 | Rate: 0.30/s | ETA: 5.5m
  Progress: 42/140 | Rate: 0.31/s | ETA: 5.3m
  Progress: 43/140 | Rate: 0.31/s | ETA: 5.2m
  Progress: 44/140 | Rate: 0.31/s | ETA: 5.1m
  Progress: 45/140 | Rate: 0.32/s | ETA: 5.0m
  Progress: 46/140 | Rate: 0.32/s | ETA: 4.9m
  Progress: 47/140 | Rate: 0.32/s | ETA: 4.8m
  Progress: 48/140 | Rate: 0.33/s | ETA: 4.7m
  Progress: 49/140 | Rate: 0.33/s | ETA: 4.6m
  Progress: 50/140 | Rate: 0.33/s | ETA: 4.5m
  Progress: 51/140 | Rate: 0.34/s | ETA: 4.4m
  Progress: 52/140 | Rate: 0.34/s | ETA: 4.3m
  Progress: 53/140 | Rate: 0.34/s | ETA: 4.2m
  Progress: 54/140 | Rate: 0.35/s | ETA: 4.2m
  Progress: 55/140 | Rate: 0.35/s | ETA: 4.1m
  Progress: 56/140 | Rate: 0.35/s | ETA: 4.0m
  Progress: 57/140 | Rate: 0.35/s | ETA: 3.9m
  Progress: 58/140 | Rate: 0.36/s | ETA: 3.8m
  Progress: 59/140 | Rate: 0.36/s | ETA: 3.8m
  Progress: 60/140 | Rate: 0.35/s | ETA: 3.8m
  Progress: 61/140 | Rate: 0.35/s | ETA: 3.8m
  Progress: 62/140 | Rate: 0.35/s | ETA: 3.7m
  Progress: 63/140 | Rate: 0.35/s | ETA: 3.6m
  Progress: 64/140 | Rate: 0.35/s | ETA: 3.6m
  Progress: 65/140 | Rate: 0.36/s | ETA: 3.5m
  Progress: 66/140 | Rate: 0.36/s | ETA: 3.4m
  Progress: 67/140 | Rate: 0.36/s | ETA: 3.4m
  Progress: 68/140 | Rate: 0.36/s | ETA: 3.3m
  Progress: 69/140 | Rate: 0.36/s | ETA: 3.3m
  Progress: 70/140 | Rate: 0.36/s | ETA: 3.2m
  Progress: 71/140 | Rate: 0.37/s | ETA: 3.1m
  Progress: 72/140 | Rate: 0.37/s | ETA: 3.1m
  Progress: 73/140 | Rate: 0.37/s | ETA: 3.0m
  Progress: 74/140 | Rate: 0.36/s | ETA: 3.0m
  Progress: 75/140 | Rate: 0.37/s | ETA: 3.0m
  Progress: 76/140 | Rate: 0.36/s | ETA: 2.9m
  Progress: 77/140 | Rate: 0.37/s | ETA: 2.9m
  Progress: 78/140 | Rate: 0.37/s | ETA: 2.8m
  Progress: 79/140 | Rate: 0.37/s | ETA: 2.8m
  Progress: 80/140 | Rate: 0.37/s | ETA: 2.7m
  Progress: 81/140 | Rate: 0.37/s | ETA: 2.7m
  Progress: 82/140 | Rate: 0.37/s | ETA: 2.6m
  Progress: 83/140 | Rate: 0.37/s | ETA: 2.6m
  Progress: 84/140 | Rate: 0.37/s | ETA: 2.5m
  Progress: 85/140 | Rate: 0.37/s | ETA: 2.5m
  Progress: 86/140 | Rate: 0.37/s | ETA: 2.4m
  Progress: 87/140 | Rate: 0.37/s | ETA: 2.4m
  Progress: 88/140 | Rate: 0.38/s | ETA: 2.3m
  Progress: 89/140 | Rate: 0.38/s | ETA: 2.2m
  Progress: 90/140 | Rate: 0.38/s | ETA: 2.2m
  Progress: 91/140 | Rate: 0.38/s | ETA: 2.2m
  Progress: 92/140 | Rate: 0.38/s | ETA: 2.1m
  Progress: 93/140 | Rate: 0.38/s | ETA: 2.1m
  Progress: 94/140 | Rate: 0.38/s | ETA: 2.0m
  Progress: 95/140 | Rate: 0.38/s | ETA: 2.0m
  Progress: 96/140 | Rate: 0.38/s | ETA: 1.9m
  Progress: 97/140 | Rate: 0.38/s | ETA: 1.9m
  Progress: 98/140 | Rate: 0.39/s | ETA: 1.8m
  Progress: 99/140 | Rate: 0.39/s | ETA: 1.8m
  Progress: 100/140 | Rate: 0.39/s | ETA: 1.7m
  Progress: 101/140 | Rate: 0.39/s | ETA: 1.7m
  Progress: 102/140 | Rate: 0.39/s | ETA: 1.6m
  Progress: 103/140 | Rate: 0.39/s | ETA: 1.6m
  Progress: 104/140 | Rate: 0.39/s | ETA: 1.5m
  Progress: 105/140 | Rate: 0.39/s | ETA: 1.5m
  Progress: 106/140 | Rate: 0.39/s | ETA: 1.4m
  Progress: 107/140 | Rate: 0.39/s | ETA: 1.4m
  Progress: 108/140 | Rate: 0.39/s | ETA: 1.4m
  Progress: 109/140 | Rate: 0.39/s | ETA: 1.3m
  Progress: 110/140 | Rate: 0.39/s | ETA: 1.3m
  Progress: 111/140 | Rate: 0.39/s | ETA: 1.2m
  Progress: 112/140 | Rate: 0.40/s | ETA: 1.2m
  Progress: 113/140 | Rate: 0.40/s | ETA: 1.1m
  Progress: 114/140 | Rate: 0.40/s | ETA: 1.1m
  Progress: 115/140 | Rate: 0.40/s | ETA: 1.0m
  Progress: 116/140 | Rate: 0.40/s | ETA: 1.0m
  Progress: 117/140 | Rate: 0.40/s | ETA: 1.0m
  Progress: 118/140 | Rate: 0.40/s | ETA: 0.9m
  Progress: 119/140 | Rate: 0.40/s | ETA: 0.9m
  Progress: 120/140 | Rate: 0.40/s | ETA: 0.8m
  Progress: 121/140 | Rate: 0.40/s | ETA: 0.8m
  Progress: 122/140 | Rate: 0.40/s | ETA: 0.7m
  Progress: 123/140 | Rate: 0.40/s | ETA: 0.7m
  Progress: 124/140 | Rate: 0.40/s | ETA: 0.7m
  Progress: 125/140 | Rate: 0.41/s | ETA: 0.6m
  Progress: 126/140 | Rate: 0.41/s | ETA: 0.6m
  Progress: 127/140 | Rate: 0.41/s | ETA: 0.5m
  Progress: 128/140 | Rate: 0.41/s | ETA: 0.5m
  Progress: 129/140 | Rate: 0.41/s | ETA: 0.4m
  Progress: 130/140 | Rate: 0.41/s | ETA: 0.4m
  Progress: 131/140 | Rate: 0.41/s | ETA: 0.4m
  Progress: 132/140 | Rate: 0.41/s | ETA: 0.3m
  Progress: 133/140 | Rate: 0.41/s | ETA: 0.3m
  Progress: 134/140 | Rate: 0.41/s | ETA: 0.2m
  Progress: 135/140 | Rate: 0.41/s | ETA: 0.2m
  Progress: 136/140 | Rate: 0.42/s | ETA: 0.2m
  Progress: 137/140 | Rate: 0.42/s | ETA: 0.1m
  Progress: 138/140 | Rate: 0.42/s | ETA: 0.1m
  Progress: 139/140 | Rate: 0.42/s | ETA: 0.0m
  Progress: 140/140 | Rate: 0.42/s | ETA: 0.0m

✔ Done. 140 evaluations in 333.3s (0.42/s)
>>> llama3_70b_vanilla_sample1_responses.jsonl  16:44:07Z

============================================================
  Judge:  deepseek (deepseek-ai/deepseek-v3.2-maas)
  Input:  runs/run_20260521/responses/llama3_70b_vanilla_sample1_responses.jsonl
  Output: /home/satvik/Documents/CIKM/runs/run_20260521/evaluations/deepseek_evaluations_llama3_70b_vanilla_sample1.jsonl
============================================================
  Remaining: 140 rows
  Progress: 1/140 | Rate: 0.18/s | ETA: 12.6m
  Progress: 2/140 | Rate: 0.28/s | ETA: 8.3m
  Progress: 3/140 | Rate: 0.23/s | ETA: 9.9m
  Progress: 4/140 | Rate: 0.26/s | ETA: 8.8m
  Progress: 5/140 | Rate: 0.29/s | ETA: 7.7m
  Progress: 6/140 | Rate: 0.32/s | ETA: 6.9m
  Progress: 7/140 | Rate: 0.35/s | ETA: 6.4m
  Progress: 8/140 | Rate: 0.37/s | ETA: 6.0m
  Progress: 9/140 | Rate: 0.38/s | ETA: 5.7m
  Progress: 10/140 | Rate: 0.39/s | ETA: 5.5m
  Progress: 11/140 | Rate: 0.34/s | ETA: 6.3m
  Progress: 12/140 | Rate: 0.35/s | ETA: 6.1m
  Progress: 13/140 | Rate: 0.36/s | ETA: 5.8m
  Progress: 14/140 | Rate: 0.38/s | ETA: 5.5m
  Progress: 15/140 | Rate: 0.39/s | ETA: 5.4m
  Progress: 16/140 | Rate: 0.39/s | ETA: 5.4m
  Progress: 17/140 | Rate: 0.39/s | ETA: 5.2m
  Progress: 18/140 | Rate: 0.37/s | ETA: 5.4m
  Progress: 19/140 | Rate: 0.38/s | ETA: 5.3m
  Progress: 20/140 | Rate: 0.38/s | ETA: 5.3m
  Progress: 21/140 | Rate: 0.39/s | ETA: 5.1m
  Progress: 22/140 | Rate: 0.40/s | ETA: 4.9m
  Progress: 23/140 | Rate: 0.40/s | ETA: 4.8m
  Progress: 24/140 | Rate: 0.40/s | ETA: 4.8m
  Progress: 25/140 | Rate: 0.41/s | ETA: 4.7m
  Progress: 26/140 | Rate: 0.39/s | ETA: 4.9m
  Progress: 27/140 | Rate: 0.40/s | ETA: 4.8m
  Progress: 28/140 | Rate: 0.40/s | ETA: 4.7m
  Progress: 29/140 | Rate: 0.40/s | ETA: 4.6m
  Progress: 30/140 | Rate: 0.41/s | ETA: 4.5m
  Progress: 31/140 | Rate: 0.41/s | ETA: 4.4m
  Progress: 32/140 | Rate: 0.41/s | ETA: 4.3m
  Progress: 33/140 | Rate: 0.42/s | ETA: 4.3m
  Progress: 34/140 | Rate: 0.41/s | ETA: 4.4m
  Progress: 35/140 | Rate: 0.41/s | ETA: 4.3m
  Progress: 36/140 | Rate: 0.41/s | ETA: 4.2m
  Progress: 37/140 | Rate: 0.42/s | ETA: 4.1m
  Progress: 38/140 | Rate: 0.42/s | ETA: 4.0m
  Progress: 39/140 | Rate: 0.43/s | ETA: 4.0m
  Progress: 40/140 | Rate: 0.43/s | ETA: 3.9m
  Progress: 41/140 | Rate: 0.43/s | ETA: 3.8m
  Progress: 42/140 | Rate: 0.44/s | ETA: 3.7m
  Progress: 43/140 | Rate: 0.44/s | ETA: 3.7m
  Progress: 44/140 | Rate: 0.44/s | ETA: 3.6m
  Progress: 45/140 | Rate: 0.45/s | ETA: 3.5m
  Progress: 46/140 | Rate: 0.45/s | ETA: 3.5m
  Progress: 47/140 | Rate: 0.45/s | ETA: 3.4m
  Progress: 48/140 | Rate: 0.45/s | ETA: 3.4m
  Progress: 49/140 | Rate: 0.45/s | ETA: 3.4m
  Progress: 50/140 | Rate: 0.45/s | ETA: 3.3m
  Progress: 51/140 | Rate: 0.45/s | ETA: 3.3m
  Progress: 52/140 | Rate: 0.45/s | ETA: 3.2m
  Progress: 53/140 | Rate: 0.46/s | ETA: 3.2m
  Progress: 54/140 | Rate: 0.46/s | ETA: 3.1m
  Progress: 55/140 | Rate: 0.45/s | ETA: 3.1m
  Progress: 56/140 | Rate: 0.45/s | ETA: 3.1m
  Progress: 57/140 | Rate: 0.46/s | ETA: 3.0m
  Progress: 58/140 | Rate: 0.46/s | ETA: 3.0m
  Progress: 59/140 | Rate: 0.46/s | ETA: 3.0m
  Progress: 60/140 | Rate: 0.46/s | ETA: 2.9m
  Progress: 61/140 | Rate: 0.46/s | ETA: 2.9m
  Progress: 62/140 | Rate: 0.45/s | ETA: 2.9m
  Progress: 63/140 | Rate: 0.45/s | ETA: 2.8m
  Progress: 64/140 | Rate: 0.46/s | ETA: 2.8m
  Progress: 65/140 | Rate: 0.45/s | ETA: 2.8m
  Progress: 66/140 | Rate: 0.45/s | ETA: 2.7m
  Progress: 67/140 | Rate: 0.45/s | ETA: 2.7m
  Progress: 68/140 | Rate: 0.46/s | ETA: 2.6m
  Progress: 69/140 | Rate: 0.46/s | ETA: 2.6m
  Progress: 70/140 | Rate: 0.46/s | ETA: 2.5m
  Progress: 71/140 | Rate: 0.46/s | ETA: 2.5m
  Progress: 72/140 | Rate: 0.46/s | ETA: 2.4m
  Progress: 73/140 | Rate: 0.47/s | ETA: 2.4m
  Progress: 74/140 | Rate: 0.47/s | ETA: 2.4m
  Progress: 75/140 | Rate: 0.47/s | ETA: 2.3m
  Progress: 76/140 | Rate: 0.46/s | ETA: 2.3m
  Progress: 77/140 | Rate: 0.46/s | ETA: 2.3m
  Progress: 78/140 | Rate: 0.46/s | ETA: 2.2m
  Progress: 79/140 | Rate: 0.46/s | ETA: 2.2m
  Progress: 80/140 | Rate: 0.47/s | ETA: 2.1m
  Progress: 81/140 | Rate: 0.47/s | ETA: 2.1m
  Progress: 82/140 | Rate: 0.47/s | ETA: 2.1m
  Progress: 83/140 | Rate: 0.47/s | ETA: 2.0m
  Progress: 84/140 | Rate: 0.47/s | ETA: 2.0m
  Progress: 85/140 | Rate: 0.48/s | ETA: 1.9m
  Progress: 86/140 | Rate: 0.48/s | ETA: 1.9m
  Progress: 87/140 | Rate: 0.48/s | ETA: 1.9m
  Progress: 88/140 | Rate: 0.48/s | ETA: 1.8m
  Progress: 89/140 | Rate: 0.48/s | ETA: 1.8m
  Progress: 90/140 | Rate: 0.48/s | ETA: 1.7m
  Progress: 91/140 | Rate: 0.48/s | ETA: 1.7m
  Progress: 92/140 | Rate: 0.48/s | ETA: 1.7m
  Progress: 93/140 | Rate: 0.48/s | ETA: 1.6m
  Progress: 94/140 | Rate: 0.48/s | ETA: 1.6m
  Progress: 95/140 | Rate: 0.48/s | ETA: 1.6m
  Progress: 96/140 | Rate: 0.48/s | ETA: 1.5m
  Progress: 97/140 | Rate: 0.48/s | ETA: 1.5m
  Progress: 98/140 | Rate: 0.48/s | ETA: 1.5m
  Progress: 99/140 | Rate: 0.48/s | ETA: 1.4m
  Progress: 100/140 | Rate: 0.48/s | ETA: 1.4m
  Progress: 101/140 | Rate: 0.48/s | ETA: 1.3m
  Progress: 102/140 | Rate: 0.48/s | ETA: 1.3m
  Progress: 103/140 | Rate: 0.48/s | ETA: 1.3m
  Progress: 104/140 | Rate: 0.49/s | ETA: 1.2m
  Progress: 105/140 | Rate: 0.49/s | ETA: 1.2m
  Progress: 106/140 | Rate: 0.49/s | ETA: 1.2m
  Progress: 107/140 | Rate: 0.49/s | ETA: 1.1m
  Progress: 108/140 | Rate: 0.49/s | ETA: 1.1m
  Progress: 109/140 | Rate: 0.49/s | ETA: 1.1m
  Progress: 110/140 | Rate: 0.48/s | ETA: 1.0m
  Progress: 111/140 | Rate: 0.49/s | ETA: 1.0m
  Progress: 112/140 | Rate: 0.49/s | ETA: 1.0m
  Progress: 113/140 | Rate: 0.49/s | ETA: 0.9m
  Progress: 114/140 | Rate: 0.49/s | ETA: 0.9m
  Progress: 115/140 | Rate: 0.49/s | ETA: 0.9m
  Progress: 116/140 | Rate: 0.49/s | ETA: 0.8m
  Progress: 117/140 | Rate: 0.49/s | ETA: 0.8m
  Progress: 118/140 | Rate: 0.49/s | ETA: 0.7m
  Progress: 119/140 | Rate: 0.49/s | ETA: 0.7m
  Progress: 120/140 | Rate: 0.50/s | ETA: 0.7m
  Progress: 121/140 | Rate: 0.50/s | ETA: 0.6m
  Progress: 122/140 | Rate: 0.50/s | ETA: 0.6m
  Progress: 123/140 | Rate: 0.50/s | ETA: 0.6m
  Progress: 124/140 | Rate: 0.50/s | ETA: 0.5m
  Progress: 125/140 | Rate: 0.50/s | ETA: 0.5m
  Progress: 126/140 | Rate: 0.50/s | ETA: 0.5m
  Progress: 127/140 | Rate: 0.50/s | ETA: 0.4m
  Progress: 128/140 | Rate: 0.50/s | ETA: 0.4m
  Progress: 129/140 | Rate: 0.50/s | ETA: 0.4m
  Progress: 130/140 | Rate: 0.50/s | ETA: 0.3m
  Progress: 131/140 | Rate: 0.50/s | ETA: 0.3m
  Progress: 132/140 | Rate: 0.50/s | ETA: 0.3m
  Progress: 133/140 | Rate: 0.50/s | ETA: 0.2m
  Progress: 134/140 | Rate: 0.51/s | ETA: 0.2m
  Progress: 135/140 | Rate: 0.51/s | ETA: 0.2m
  Progress: 136/140 | Rate: 0.51/s | ETA: 0.1m
  Progress: 137/140 | Rate: 0.51/s | ETA: 0.1m
  Progress: 138/140 | Rate: 0.51/s | ETA: 0.1m
  Progress: 139/140 | Rate: 0.51/s | ETA: 0.0m
  Progress: 140/140 | Rate: 0.51/s | ETA: 0.0m

✔ Done. 140 evaluations in 274.7s (0.51/s)
>>> llama3_70b_vanilla_sample2_responses.jsonl  16:48:43Z

============================================================
  Judge:  deepseek (deepseek-ai/deepseek-v3.2-maas)
  Input:  runs/run_20260521/responses/llama3_70b_vanilla_sample2_responses.jsonl
  Output: /home/satvik/Documents/CIKM/runs/run_20260521/evaluations/deepseek_evaluations_llama3_70b_vanilla_sample2.jsonl
============================================================
  Remaining: 140 rows
  Progress: 1/140 | Rate: 0.65/s | ETA: 3.6m
  Progress: 2/140 | Rate: 0.49/s | ETA: 4.7m
  Progress: 3/140 | Rate: 0.52/s | ETA: 4.4m
  Progress: 4/140 | Rate: 0.40/s | ETA: 5.6m
  Progress: 5/140 | Rate: 0.34/s | ETA: 6.7m
  Progress: 6/140 | Rate: 0.36/s | ETA: 6.1m
  Progress: 7/140 | Rate: 0.39/s | ETA: 5.7m
  Progress: 8/140 | Rate: 0.41/s | ETA: 5.3m
  Progress: 9/140 | Rate: 0.43/s | ETA: 5.0m
  Progress: 10/140 | Rate: 0.44/s | ETA: 4.9m
  Progress: 11/140 | Rate: 0.46/s | ETA: 4.6m
  Progress: 12/140 | Rate: 0.42/s | ETA: 5.1m
  Progress: 13/140 | Rate: 0.42/s | ETA: 5.0m
  Progress: 14/140 | Rate: 0.44/s | ETA: 4.8m
  Progress: 15/140 | Rate: 0.45/s | ETA: 4.7m
  Progress: 16/140 | Rate: 0.46/s | ETA: 4.5m
  Progress: 17/140 | Rate: 0.47/s | ETA: 4.4m
  Progress: 18/140 | Rate: 0.47/s | ETA: 4.3m
  Progress: 19/140 | Rate: 0.47/s | ETA: 4.3m
  Progress: 20/140 | Rate: 0.46/s | ETA: 4.3m
  Progress: 21/140 | Rate: 0.47/s | ETA: 4.2m
  Progress: 22/140 | Rate: 0.45/s | ETA: 4.3m
  Progress: 23/140 | Rate: 0.46/s | ETA: 4.3m
  Progress: 24/140 | Rate: 0.46/s | ETA: 4.2m
  Progress: 25/140 | Rate: 0.47/s | ETA: 4.1m
  Progress: 26/140 | Rate: 0.47/s | ETA: 4.0m
  Progress: 27/140 | Rate: 0.47/s | ETA: 4.0m
  Progress: 28/140 | Rate: 0.48/s | ETA: 3.9m
  Progress: 29/140 | Rate: 0.47/s | ETA: 3.9m
  Progress: 30/140 | Rate: 0.48/s | ETA: 3.9m
  Progress: 31/140 | Rate: 0.48/s | ETA: 3.8m
  Progress: 32/140 | Rate: 0.48/s | ETA: 3.7m
  Progress: 33/140 | Rate: 0.48/s | ETA: 3.7m
  Progress: 34/140 | Rate: 0.48/s | ETA: 3.7m
  Progress: 35/140 | Rate: 0.48/s | ETA: 3.7m
  Progress: 36/140 | Rate: 0.47/s | ETA: 3.7m
  Progress: 37/140 | Rate: 0.47/s | ETA: 3.6m
  Progress: 38/140 | Rate: 0.48/s | ETA: 3.6m
  Progress: 39/140 | Rate: 0.46/s | ETA: 3.6m
  [cat4_orig_010] [Attempt 1] HTTP 429: [{
  "error": {
    "code": 429,
    "message": "Resource exhausted. Please try again later. Please refer to https://clo — waiting 60s
  Progress: 40/140 | Rate: 0.27/s | ETA: 6.1m
  Progress: 41/140 | Rate: 0.28/s | ETA: 5.9m
  Progress: 42/140 | Rate: 0.26/s | ETA: 6.2m
  Progress: 43/140 | Rate: 0.27/s | ETA: 6.1m
  Progress: 44/140 | Rate: 0.27/s | ETA: 6.0m
  Progress: 45/140 | Rate: 0.27/s | ETA: 5.8m
  Progress: 46/140 | Rate: 0.27/s | ETA: 5.7m
  Progress: 47/140 | Rate: 0.28/s | ETA: 5.6m
  Progress: 48/140 | Rate: 0.28/s | ETA: 5.5m
  Progress: 49/140 | Rate: 0.28/s | ETA: 5.4m
  Progress: 50/140 | Rate: 0.29/s | ETA: 5.3m
  Progress: 51/140 | Rate: 0.29/s | ETA: 5.1m
  Progress: 52/140 | Rate: 0.29/s | ETA: 5.0m
  Progress: 53/140 | Rate: 0.29/s | ETA: 4.9m
  Progress: 54/140 | Rate: 0.30/s | ETA: 4.8m
  Progress: 55/140 | Rate: 0.30/s | ETA: 4.8m
  Progress: 56/140 | Rate: 0.30/s | ETA: 4.7m
  Progress: 57/140 | Rate: 0.30/s | ETA: 4.6m
  Progress: 58/140 | Rate: 0.30/s | ETA: 4.5m
  Progress: 59/140 | Rate: 0.30/s | ETA: 4.4m
  Progress: 60/140 | Rate: 0.31/s | ETA: 4.3m
  Progress: 61/140 | Rate: 0.31/s | ETA: 4.2m
  Progress: 62/140 | Rate: 0.31/s | ETA: 4.2m
  Progress: 63/140 | Rate: 0.32/s | ETA: 4.1m
  Progress: 64/140 | Rate: 0.32/s | ETA: 4.0m
  Progress: 65/140 | Rate: 0.32/s | ETA: 3.9m
  Progress: 66/140 | Rate: 0.32/s | ETA: 3.8m
  Progress: 67/140 | Rate: 0.32/s | ETA: 3.7m
  Progress: 68/140 | Rate: 0.33/s | ETA: 3.7m
  Progress: 69/140 | Rate: 0.33/s | ETA: 3.6m
  Progress: 70/140 | Rate: 0.33/s | ETA: 3.5m
  Progress: 71/140 | Rate: 0.33/s | ETA: 3.5m
  Progress: 72/140 | Rate: 0.33/s | ETA: 3.4m
  Progress: 73/140 | Rate: 0.34/s | ETA: 3.3m
  Progress: 74/140 | Rate: 0.34/s | ETA: 3.3m
  Progress: 75/140 | Rate: 0.34/s | ETA: 3.2m
  Progress: 76/140 | Rate: 0.33/s | ETA: 3.2m
  Progress: 77/140 | Rate: 0.33/s | ETA: 3.1m
  Progress: 78/140 | Rate: 0.34/s | ETA: 3.1m
  Progress: 79/140 | Rate: 0.34/s | ETA: 3.0m
  Progress: 80/140 | Rate: 0.34/s | ETA: 2.9m
  Progress: 81/140 | Rate: 0.34/s | ETA: 2.9m
  Progress: 82/140 | Rate: 0.34/s | ETA: 2.8m
  Progress: 83/140 | Rate: 0.34/s | ETA: 2.8m
  Progress: 84/140 | Rate: 0.35/s | ETA: 2.7m
  Progress: 85/140 | Rate: 0.35/s | ETA: 2.6m
  Progress: 86/140 | Rate: 0.35/s | ETA: 2.6m
  Progress: 87/140 | Rate: 0.35/s | ETA: 2.5m
  Progress: 88/140 | Rate: 0.35/s | ETA: 2.4m
  Progress: 89/140 | Rate: 0.36/s | ETA: 2.4m
  Progress: 90/140 | Rate: 0.36/s | ETA: 2.3m
  Progress: 91/140 | Rate: 0.36/s | ETA: 2.3m
  Progress: 92/140 | Rate: 0.35/s | ETA: 2.3m
  Progress: 93/140 | Rate: 0.35/s | ETA: 2.2m
  Progress: 94/140 | Rate: 0.36/s | ETA: 2.2m
  Progress: 95/140 | Rate: 0.35/s | ETA: 2.1m
  Progress: 96/140 | Rate: 0.35/s | ETA: 2.1m
  Progress: 97/140 | Rate: 0.36/s | ETA: 2.0m
  Progress: 98/140 | Rate: 0.36/s | ETA: 2.0m
  Progress: 99/140 | Rate: 0.36/s | ETA: 1.9m
  Progress: 100/140 | Rate: 0.36/s | ETA: 1.9m
  Progress: 101/140 | Rate: 0.36/s | ETA: 1.8m
  Progress: 102/140 | Rate: 0.36/s | ETA: 1.8m
  Progress: 103/140 | Rate: 0.36/s | ETA: 1.7m
  Progress: 104/140 | Rate: 0.36/s | ETA: 1.7m
  Progress: 105/140 | Rate: 0.36/s | ETA: 1.6m
  Progress: 106/140 | Rate: 0.37/s | ETA: 1.5m
  Progress: 107/140 | Rate: 0.37/s | ETA: 1.5m
  Progress: 108/140 | Rate: 0.37/s | ETA: 1.4m
  Progress: 109/140 | Rate: 0.37/s | ETA: 1.4m
  Progress: 110/140 | Rate: 0.37/s | ETA: 1.3m
  Progress: 111/140 | Rate: 0.37/s | ETA: 1.3m
  Progress: 112/140 | Rate: 0.37/s | ETA: 1.2m
  Progress: 113/140 | Rate: 0.37/s | ETA: 1.2m
  Progress: 114/140 | Rate: 0.37/s | ETA: 1.2m
  Progress: 115/140 | Rate: 0.37/s | ETA: 1.1m
  Progress: 116/140 | Rate: 0.37/s | ETA: 1.1m
  Progress: 117/140 | Rate: 0.37/s | ETA: 1.0m
  Progress: 118/140 | Rate: 0.38/s | ETA: 1.0m
  Progress: 119/140 | Rate: 0.38/s | ETA: 0.9m
  Progress: 120/140 | Rate: 0.38/s | ETA: 0.9m
  Progress: 121/140 | Rate: 0.38/s | ETA: 0.8m
  Progress: 122/140 | Rate: 0.38/s | ETA: 0.8m
  Progress: 123/140 | Rate: 0.38/s | ETA: 0.7m
  Progress: 124/140 | Rate: 0.39/s | ETA: 0.7m
  Progress: 125/140 | Rate: 0.39/s | ETA: 0.6m
  Progress: 126/140 | Rate: 0.39/s | ETA: 0.6m
  Progress: 127/140 | Rate: 0.39/s | ETA: 0.6m
  Progress: 128/140 | Rate: 0.39/s | ETA: 0.5m
  Progress: 129/140 | Rate: 0.39/s | ETA: 0.5m
  Progress: 130/140 | Rate: 0.39/s | ETA: 0.4m
  Progress: 131/140 | Rate: 0.39/s | ETA: 0.4m
  Progress: 132/140 | Rate: 0.40/s | ETA: 0.3m
  Progress: 133/140 | Rate: 0.40/s | ETA: 0.3m
  Progress: 134/140 | Rate: 0.40/s | ETA: 0.3m
  Progress: 135/140 | Rate: 0.40/s | ETA: 0.2m
  Progress: 136/140 | Rate: 0.40/s | ETA: 0.2m
  Progress: 137/140 | Rate: 0.40/s | ETA: 0.1m
  Progress: 138/140 | Rate: 0.40/s | ETA: 0.1m
  Progress: 139/140 | Rate: 0.40/s | ETA: 0.0m
  Progress: 140/140 | Rate: 0.40/s | ETA: 0.0m

✔ Done. 140 evaluations in 348.2s (0.40/s)
>>> qwen3_235b_clarification_first_sample0_responses.jsonl  16:54:32Z

============================================================
  Judge:  deepseek (deepseek-ai/deepseek-v3.2-maas)
  Input:  runs/run_20260521/responses/qwen3_235b_clarification_first_sample0_responses.jsonl
  Output: /home/satvik/Documents/CIKM/runs/run_20260521/evaluations/deepseek_evaluations_qwen3_235b_clarification_first_sample0.jsonl
============================================================
  Remaining: 140 rows
  Progress: 1/140 | Rate: 0.66/s | ETA: 3.5m
  Progress: 2/140 | Rate: 0.66/s | ETA: 3.5m
  Progress: 3/140 | Rate: 0.45/s | ETA: 5.1m
  Progress: 4/140 | Rate: 0.28/s | ETA: 8.0m
  Progress: 5/140 | Rate: 0.30/s | ETA: 7.5m
  Progress: 6/140 | Rate: 0.33/s | ETA: 6.7m
  Progress: 7/140 | Rate: 0.36/s | ETA: 6.2m
  Progress: 8/140 | Rate: 0.38/s | ETA: 5.8m
  Progress: 9/140 | Rate: 0.40/s | ETA: 5.5m
  Progress: 10/140 | Rate: 0.41/s | ETA: 5.3m
  Progress: 11/140 | Rate: 0.42/s | ETA: 5.1m
  Progress: 12/140 | Rate: 0.43/s | ETA: 4.9m
  Progress: 13/140 | Rate: 0.43/s | ETA: 4.9m
  Progress: 14/140 | Rate: 0.44/s | ETA: 4.8m
  Progress: 15/140 | Rate: 0.44/s | ETA: 4.7m
  Progress: 16/140 | Rate: 0.44/s | ETA: 4.7m
  Progress: 17/140 | Rate: 0.45/s | ETA: 4.6m
  Progress: 18/140 | Rate: 0.45/s | ETA: 4.5m
  Progress: 19/140 | Rate: 0.46/s | ETA: 4.4m
  Progress: 20/140 | Rate: 0.47/s | ETA: 4.3m
  Progress: 21/140 | Rate: 0.40/s | ETA: 5.0m
  Progress: 22/140 | Rate: 0.40/s | ETA: 4.9m
  Progress: 23/140 | Rate: 0.41/s | ETA: 4.7m
  Progress: 24/140 | Rate: 0.42/s | ETA: 4.6m
  Progress: 25/140 | Rate: 0.39/s | ETA: 4.9m
  Progress: 26/140 | Rate: 0.40/s | ETA: 4.7m
  Progress: 27/140 | Rate: 0.41/s | ETA: 4.6m
  Progress: 28/140 | Rate: 0.41/s | ETA: 4.5m
  Progress: 29/140 | Rate: 0.42/s | ETA: 4.4m
  Progress: 30/140 | Rate: 0.39/s | ETA: 4.7m
  Progress: 31/140 | Rate: 0.40/s | ETA: 4.6m
  Progress: 32/140 | Rate: 0.40/s | ETA: 4.5m
  Progress: 33/140 | Rate: 0.40/s | ETA: 4.4m
  Progress: 34/140 | Rate: 0.41/s | ETA: 4.3m
  Progress: 35/140 | Rate: 0.41/s | ETA: 4.2m
  Progress: 36/140 | Rate: 0.42/s | ETA: 4.2m
  Progress: 37/140 | Rate: 0.42/s | ETA: 4.1m
  Progress: 38/140 | Rate: 0.43/s | ETA: 4.0m
  Progress: 39/140 | Rate: 0.42/s | ETA: 4.0m
  Progress: 40/140 | Rate: 0.43/s | ETA: 3.9m
  Progress: 41/140 | Rate: 0.43/s | ETA: 3.8m
  Progress: 42/140 | Rate: 0.43/s | ETA: 3.8m
  Progress: 43/140 | Rate: 0.42/s | ETA: 3.8m
  Progress: 44/140 | Rate: 0.42/s | ETA: 3.8m
  Progress: 45/140 | Rate: 0.42/s | ETA: 3.8m
  Progress: 46/140 | Rate: 0.42/s | ETA: 3.7m
  Progress: 47/140 | Rate: 0.43/s | ETA: 3.6m
  Progress: 48/140 | Rate: 0.43/s | ETA: 3.6m
  Progress: 49/140 | Rate: 0.43/s | ETA: 3.5m
  Progress: 50/140 | Rate: 0.44/s | ETA: 3.4m
  Progress: 51/140 | Rate: 0.44/s | ETA: 3.4m
  Progress: 52/140 | Rate: 0.44/s | ETA: 3.3m
  Progress: 53/140 | Rate: 0.44/s | ETA: 3.3m
  Progress: 54/140 | Rate: 0.44/s | ETA: 3.3m
  Progress: 55/140 | Rate: 0.44/s | ETA: 3.2m
  Progress: 56/140 | Rate: 0.44/s | ETA: 3.2m
  Progress: 57/140 | Rate: 0.44/s | ETA: 3.1m
  Progress: 58/140 | Rate: 0.44/s | ETA: 3.1m
  Progress: 59/140 | Rate: 0.45/s | ETA: 3.0m
  Progress: 60/140 | Rate: 0.45/s | ETA: 3.0m
  Progress: 61/140 | Rate: 0.45/s | ETA: 2.9m
  Progress: 62/140 | Rate: 0.43/s | ETA: 3.1m
  Progress: 63/140 | Rate: 0.39/s | ETA: 3.3m
  Progress: 64/140 | Rate: 0.39/s | ETA: 3.3m
  Progress: 65/140 | Rate: 0.39/s | ETA: 3.2m
  Progress: 66/140 | Rate: 0.39/s | ETA: 3.2m
  Progress: 67/140 | Rate: 0.37/s | ETA: 3.2m
  Progress: 68/140 | Rate: 0.38/s | ETA: 3.2m
  Progress: 69/140 | Rate: 0.38/s | ETA: 3.1m
  [cat7_orig_010] [Attempt 1] HTTP 429: [{
  "error": {
    "code": 429,
    "message": "Resource exhausted. Please try again later. Please refer to https://clo — waiting 60s
  Progress: 70/140 | Rate: 0.29/s | ETA: 4.1m
  Progress: 71/140 | Rate: 0.29/s | ETA: 4.0m
  Progress: 72/140 | Rate: 0.29/s | ETA: 3.9m
  Progress: 73/140 | Rate: 0.29/s | ETA: 3.8m
  Progress: 74/140 | Rate: 0.30/s | ETA: 3.7m
  Progress: 75/140 | Rate: 0.30/s | ETA: 3.6m
  Progress: 76/140 | Rate: 0.29/s | ETA: 3.7m
  Progress: 77/140 | Rate: 0.29/s | ETA: 3.6m
  Progress: 78/140 | Rate: 0.30/s | ETA: 3.5m
  Progress: 79/140 | Rate: 0.30/s | ETA: 3.4m
  Progress: 80/140 | Rate: 0.30/s | ETA: 3.3m
  Progress: 81/140 | Rate: 0.30/s | ETA: 3.3m
  Progress: 82/140 | Rate: 0.30/s | ETA: 3.2m
  Progress: 83/140 | Rate: 0.31/s | ETA: 3.1m
  Progress: 84/140 | Rate: 0.31/s | ETA: 3.0m
  Progress: 85/140 | Rate: 0.31/s | ETA: 3.0m
  Progress: 86/140 | Rate: 0.31/s | ETA: 2.9m
  Progress: 87/140 | Rate: 0.31/s | ETA: 2.8m
  Progress: 88/140 | Rate: 0.32/s | ETA: 2.8m
  Progress: 89/140 | Rate: 0.32/s | ETA: 2.7m
  Progress: 90/140 | Rate: 0.32/s | ETA: 2.6m
  Progress: 91/140 | Rate: 0.32/s | ETA: 2.6m
  Progress: 92/140 | Rate: 0.32/s | ETA: 2.5m
  Progress: 93/140 | Rate: 0.32/s | ETA: 2.4m
  Progress: 94/140 | Rate: 0.32/s | ETA: 2.4m
  Progress: 95/140 | Rate: 0.33/s | ETA: 2.3m
  Progress: 96/140 | Rate: 0.33/s | ETA: 2.2m
  Progress: 97/140 | Rate: 0.33/s | ETA: 2.2m
  Progress: 98/140 | Rate: 0.33/s | ETA: 2.1m
  Progress: 99/140 | Rate: 0.33/s | ETA: 2.1m
  Progress: 100/140 | Rate: 0.33/s | ETA: 2.0m
  Progress: 101/140 | Rate: 0.33/s | ETA: 2.0m
  Progress: 102/140 | Rate: 0.33/s | ETA: 1.9m
  Progress: 103/140 | Rate: 0.32/s | ETA: 1.9m
  Progress: 104/140 | Rate: 0.32/s | ETA: 1.9m
  Progress: 105/140 | Rate: 0.32/s | ETA: 1.8m
  Progress: 106/140 | Rate: 0.31/s | ETA: 1.8m
  Progress: 107/140 | Rate: 0.31/s | ETA: 1.8m
  Progress: 108/140 | Rate: 0.31/s | ETA: 1.7m
  Progress: 109/140 | Rate: 0.31/s | ETA: 1.7m
  Progress: 110/140 | Rate: 0.31/s | ETA: 1.6m
  Progress: 111/140 | Rate: 0.31/s | ETA: 1.5m
  Progress: 112/140 | Rate: 0.32/s | ETA: 1.5m
  Progress: 113/140 | Rate: 0.32/s | ETA: 1.4m
  Progress: 114/140 | Rate: 0.32/s | ETA: 1.4m
  Progress: 115/140 | Rate: 0.32/s | ETA: 1.3m
  Progress: 116/140 | Rate: 0.32/s | ETA: 1.2m
  Progress: 117/140 | Rate: 0.32/s | ETA: 1.2m
  Progress: 118/140 | Rate: 0.32/s | ETA: 1.1m
  Progress: 119/140 | Rate: 0.33/s | ETA: 1.1m
  Progress: 120/140 | Rate: 0.33/s | ETA: 1.0m
  Progress: 121/140 | Rate: 0.33/s | ETA: 1.0m
  Progress: 122/140 | Rate: 0.33/s | ETA: 0.9m
  Progress: 123/140 | Rate: 0.33/s | ETA: 0.9m
  Progress: 124/140 | Rate: 0.33/s | ETA: 0.8m
  Progress: 125/140 | Rate: 0.33/s | ETA: 0.8m
  Progress: 126/140 | Rate: 0.33/s | ETA: 0.7m
  Progress: 127/140 | Rate: 0.33/s | ETA: 0.7m
  Progress: 128/140 | Rate: 0.33/s | ETA: 0.6m
  Progress: 129/140 | Rate: 0.33/s | ETA: 0.5m
  Progress: 130/140 | Rate: 0.34/s | ETA: 0.5m
  Progress: 131/140 | Rate: 0.34/s | ETA: 0.4m
  Progress: 132/140 | Rate: 0.34/s | ETA: 0.4m
  Progress: 133/140 | Rate: 0.34/s | ETA: 0.3m
  Progress: 134/140 | Rate: 0.34/s | ETA: 0.3m
  Progress: 135/140 | Rate: 0.34/s | ETA: 0.2m
  Progress: 136/140 | Rate: 0.34/s | ETA: 0.2m
  Progress: 137/140 | Rate: 0.34/s | ETA: 0.1m
  Progress: 138/140 | Rate: 0.34/s | ETA: 0.1m
  Progress: 139/140 | Rate: 0.35/s | ETA: 0.0m
  Progress: 140/140 | Rate: 0.35/s | ETA: 0.0m

✔ Done. 140 evaluations in 404.0s (0.35/s)
>>> qwen3_235b_clarification_first_sample1_responses.jsonl  17:01:17Z

============================================================
  Judge:  deepseek (deepseek-ai/deepseek-v3.2-maas)
  Input:  runs/run_20260521/responses/qwen3_235b_clarification_first_sample1_responses.jsonl
  Output: /home/satvik/Documents/CIKM/runs/run_20260521/evaluations/deepseek_evaluations_qwen3_235b_clarification_first_sample1.jsonl
============================================================
  Remaining: 140 rows
  Progress: 1/140 | Rate: 0.80/s | ETA: 2.9m
  Progress: 2/140 | Rate: 0.76/s | ETA: 3.0m
  Progress: 3/140 | Rate: 0.74/s | ETA: 3.1m
  Progress: 4/140 | Rate: 0.44/s | ETA: 5.1m
  Progress: 5/140 | Rate: 0.48/s | ETA: 4.7m
  Progress: 6/140 | Rate: 0.50/s | ETA: 4.5m
  Progress: 7/140 | Rate: 0.50/s | ETA: 4.4m
  Progress: 8/140 | Rate: 0.52/s | ETA: 4.2m
  Progress: 9/140 | Rate: 0.54/s | ETA: 4.0m
  Progress: 10/140 | Rate: 0.52/s | ETA: 4.2m
  Progress: 11/140 | Rate: 0.51/s | ETA: 4.2m
  Progress: 12/140 | Rate: 0.52/s | ETA: 4.1m
  Progress: 13/140 | Rate: 0.51/s | ETA: 4.1m
  Progress: 14/140 | Rate: 0.52/s | ETA: 4.0m
  Progress: 15/140 | Rate: 0.50/s | ETA: 4.2m
  Progress: 16/140 | Rate: 0.50/s | ETA: 4.2m
  Progress: 17/140 | Rate: 0.51/s | ETA: 4.0m
  Progress: 18/140 | Rate: 0.51/s | ETA: 4.0m
  Progress: 19/140 | Rate: 0.50/s | ETA: 4.0m
  Progress: 20/140 | Rate: 0.50/s | ETA: 4.0m
  Progress: 21/140 | Rate: 0.42/s | ETA: 4.8m
  Progress: 22/140 | Rate: 0.42/s | ETA: 4.6m
  Progress: 23/140 | Rate: 0.42/s | ETA: 4.6m
  Progress: 24/140 | Rate: 0.42/s | ETA: 4.6m
  Progress: 25/140 | Rate: 0.42/s | ETA: 4.5m
  Progress: 26/140 | Rate: 0.43/s | ETA: 4.4m
  Progress: 27/140 | Rate: 0.41/s | ETA: 4.6m
  Progress: 28/140 | Rate: 0.42/s | ETA: 4.5m
  Progress: 29/140 | Rate: 0.42/s | ETA: 4.4m
  Progress: 30/140 | Rate: 0.42/s | ETA: 4.3m
  Progress: 31/140 | Rate: 0.43/s | ETA: 4.2m
  Progress: 32/140 | Rate: 0.43/s | ETA: 4.2m
  Progress: 33/140 | Rate: 0.43/s | ETA: 4.1m
  Progress: 34/140 | Rate: 0.44/s | ETA: 4.0m
  Progress: 35/140 | Rate: 0.44/s | ETA: 4.0m
  Progress: 36/140 | Rate: 0.44/s | ETA: 3.9m
  Progress: 37/140 | Rate: 0.44/s | ETA: 3.9m
  Progress: 38/140 | Rate: 0.45/s | ETA: 3.8m
  Progress: 39/140 | Rate: 0.45/s | ETA: 3.7m
  Progress: 40/140 | Rate: 0.43/s | ETA: 3.8m
  Progress: 41/140 | Rate: 0.43/s | ETA: 3.8m
  Progress: 42/140 | Rate: 0.44/s | ETA: 3.7m
  Progress: 43/140 | Rate: 0.44/s | ETA: 3.7m
  Progress: 44/140 | Rate: 0.44/s | ETA: 3.7m
  Progress: 45/140 | Rate: 0.44/s | ETA: 3.6m
  Progress: 46/140 | Rate: 0.44/s | ETA: 3.6m
  Progress: 47/140 | Rate: 0.44/s | ETA: 3.5m
  Progress: 48/140 | Rate: 0.44/s | ETA: 3.4m
  Progress: 49/140 | Rate: 0.45/s | ETA: 3.4m
  Progress: 50/140 | Rate: 0.45/s | ETA: 3.4m
  Progress: 51/140 | Rate: 0.45/s | ETA: 3.3m
  Progress: 52/140 | Rate: 0.45/s | ETA: 3.2m
  Progress: 53/140 | Rate: 0.46/s | ETA: 3.2m
  Progress: 54/140 | Rate: 0.46/s | ETA: 3.1m
  Progress: 55/140 | Rate: 0.45/s | ETA: 3.1m
  Progress: 56/140 | Rate: 0.45/s | ETA: 3.1m
  Progress: 57/140 | Rate: 0.45/s | ETA: 3.1m
  Progress: 58/140 | Rate: 0.45/s | ETA: 3.0m
  Progress: 59/140 | Rate: 0.45/s | ETA: 3.0m
  Progress: 60/140 | Rate: 0.46/s | ETA: 2.9m
  Progress: 61/140 | Rate: 0.46/s | ETA: 2.9m
  Progress: 62/140 | Rate: 0.46/s | ETA: 2.8m
  Progress: 63/140 | Rate: 0.46/s | ETA: 2.8m
  Progress: 64/140 | Rate: 0.46/s | ETA: 2.8m
  Progress: 65/140 | Rate: 0.46/s | ETA: 2.7m
  Progress: 66/140 | Rate: 0.46/s | ETA: 2.7m
  Progress: 67/140 | Rate: 0.45/s | ETA: 2.7m
  Progress: 68/140 | Rate: 0.45/s | ETA: 2.6m
  Progress: 69/140 | Rate: 0.46/s | ETA: 2.6m
  Progress: 70/140 | Rate: 0.45/s | ETA: 2.6m
  Progress: 71/140 | Rate: 0.45/s | ETA: 2.5m
  Progress: 72/140 | Rate: 0.45/s | ETA: 2.5m
  Progress: 73/140 | Rate: 0.46/s | ETA: 2.5m
  Progress: 74/140 | Rate: 0.46/s | ETA: 2.4m
  Progress: 75/140 | Rate: 0.40/s | ETA: 2.7m
  Progress: 76/140 | Rate: 0.41/s | ETA: 2.6m
  Progress: 77/140 | Rate: 0.41/s | ETA: 2.6m
  Progress: 78/140 | Rate: 0.41/s | ETA: 2.5m
  Progress: 79/140 | Rate: 0.41/s | ETA: 2.5m
  Progress: 80/140 | Rate: 0.40/s | ETA: 2.5m
  Progress: 81/140 | Rate: 0.40/s | ETA: 2.4m
  Progress: 82/140 | Rate: 0.40/s | ETA: 2.4m
  Progress: 83/140 | Rate: 0.40/s | ETA: 2.4m
  Progress: 84/140 | Rate: 0.40/s | ETA: 2.3m
  Progress: 85/140 | Rate: 0.40/s | ETA: 2.3m
  Progress: 86/140 | Rate: 0.40/s | ETA: 2.2m
  Progress: 87/140 | Rate: 0.40/s | ETA: 2.2m
  Progress: 88/140 | Rate: 0.40/s | ETA: 2.1m
  Progress: 89/140 | Rate: 0.40/s | ETA: 2.1m
  Progress: 90/140 | Rate: 0.41/s | ETA: 2.1m
  Progress: 91/140 | Rate: 0.39/s | ETA: 2.1m
  Progress: 92/140 | Rate: 0.39/s | ETA: 2.0m
  Progress: 93/140 | Rate: 0.39/s | ETA: 2.0m
  Progress: 94/140 | Rate: 0.39/s | ETA: 1.9m
  Progress: 95/140 | Rate: 0.40/s | ETA: 1.9m
  Progress: 96/140 | Rate: 0.39/s | ETA: 1.9m
  Progress: 97/140 | Rate: 0.39/s | ETA: 1.8m
  Progress: 98/140 | Rate: 0.39/s | ETA: 1.8m
  Progress: 99/140 | Rate: 0.39/s | ETA: 1.7m
  Progress: 100/140 | Rate: 0.40/s | ETA: 1.7m
  Progress: 101/140 | Rate: 0.40/s | ETA: 1.6m
  Progress: 102/140 | Rate: 0.40/s | ETA: 1.6m
  Progress: 103/140 | Rate: 0.40/s | ETA: 1.5m
  Progress: 104/140 | Rate: 0.40/s | ETA: 1.5m
  Progress: 105/140 | Rate: 0.40/s | ETA: 1.5m
  Progress: 106/140 | Rate: 0.40/s | ETA: 1.4m
  Progress: 107/140 | Rate: 0.40/s | ETA: 1.4m
  Progress: 108/140 | Rate: 0.41/s | ETA: 1.3m
  Progress: 109/140 | Rate: 0.41/s | ETA: 1.3m
  Progress: 110/140 | Rate: 0.41/s | ETA: 1.2m
  Progress: 111/140 | Rate: 0.41/s | ETA: 1.2m
  Progress: 112/140 | Rate: 0.41/s | ETA: 1.1m
  Progress: 113/140 | Rate: 0.41/s | ETA: 1.1m
  Progress: 114/140 | Rate: 0.41/s | ETA: 1.0m
  Progress: 115/140 | Rate: 0.42/s | ETA: 1.0m
  Progress: 116/140 | Rate: 0.42/s | ETA: 1.0m
  Progress: 117/140 | Rate: 0.42/s | ETA: 0.9m
  Progress: 118/140 | Rate: 0.42/s | ETA: 0.9m
  Progress: 119/140 | Rate: 0.42/s | ETA: 0.8m
  Progress: 120/140 | Rate: 0.42/s | ETA: 0.8m
  Progress: 121/140 | Rate: 0.42/s | ETA: 0.7m
  Progress: 122/140 | Rate: 0.42/s | ETA: 0.7m
  Progress: 123/140 | Rate: 0.42/s | ETA: 0.7m
  Progress: 124/140 | Rate: 0.42/s | ETA: 0.6m
  Progress: 125/140 | Rate: 0.43/s | ETA: 0.6m
  Progress: 126/140 | Rate: 0.43/s | ETA: 0.5m
  Progress: 127/140 | Rate: 0.43/s | ETA: 0.5m
  Progress: 128/140 | Rate: 0.43/s | ETA: 0.5m
  Progress: 129/140 | Rate: 0.43/s | ETA: 0.4m
  Progress: 130/140 | Rate: 0.43/s | ETA: 0.4m
  Progress: 131/140 | Rate: 0.43/s | ETA: 0.3m
  Progress: 132/140 | Rate: 0.43/s | ETA: 0.3m
  Progress: 133/140 | Rate: 0.44/s | ETA: 0.3m
  Progress: 134/140 | Rate: 0.43/s | ETA: 0.2m
  Progress: 135/140 | Rate: 0.43/s | ETA: 0.2m
  Progress: 136/140 | Rate: 0.43/s | ETA: 0.2m
  Progress: 137/140 | Rate: 0.43/s | ETA: 0.1m
  Progress: 138/140 | Rate: 0.43/s | ETA: 0.1m
  Progress: 139/140 | Rate: 0.43/s | ETA: 0.0m
  Progress: 140/140 | Rate: 0.44/s | ETA: 0.0m

✔ Done. 140 evaluations in 321.8s (0.44/s)
>>> qwen3_235b_clarification_first_sample2_responses.jsonl  17:06:39Z

============================================================
  Judge:  deepseek (deepseek-ai/deepseek-v3.2-maas)
  Input:  runs/run_20260521/responses/qwen3_235b_clarification_first_sample2_responses.jsonl
  Output: /home/satvik/Documents/CIKM/runs/run_20260521/evaluations/deepseek_evaluations_qwen3_235b_clarification_first_sample2.jsonl
============================================================
  Remaining: 140 rows
  Progress: 1/140 | Rate: 0.73/s | ETA: 3.2m
  Progress: 2/140 | Rate: 0.70/s | ETA: 3.3m
  Progress: 3/140 | Rate: 0.65/s | ETA: 3.5m
  Progress: 4/140 | Rate: 0.63/s | ETA: 3.6m
  Progress: 5/140 | Rate: 0.63/s | ETA: 3.6m
  Progress: 6/140 | Rate: 0.66/s | ETA: 3.4m
  Progress: 7/140 | Rate: 0.64/s | ETA: 3.5m
  Progress: 8/140 | Rate: 0.66/s | ETA: 3.3m
  Progress: 9/140 | Rate: 0.66/s | ETA: 3.3m
  Progress: 10/140 | Rate: 0.59/s | ETA: 3.7m
  Progress: 11/140 | Rate: 0.54/s | ETA: 4.0m
  Progress: 12/140 | Rate: 0.55/s | ETA: 3.9m
  Progress: 13/140 | Rate: 0.55/s | ETA: 3.8m
  Progress: 14/140 | Rate: 0.56/s | ETA: 3.7m
  Progress: 15/140 | Rate: 0.57/s | ETA: 3.7m
  Progress: 16/140 | Rate: 0.55/s | ETA: 3.7m
  Progress: 17/140 | Rate: 0.55/s | ETA: 3.7m
  Progress: 18/140 | Rate: 0.56/s | ETA: 3.7m
  Progress: 19/140 | Rate: 0.57/s | ETA: 3.6m
  Progress: 20/140 | Rate: 0.57/s | ETA: 3.5m
  Progress: 21/140 | Rate: 0.57/s | ETA: 3.5m
  Progress: 22/140 | Rate: 0.54/s | ETA: 3.6m
  Progress: 23/140 | Rate: 0.55/s | ETA: 3.6m
  Progress: 24/140 | Rate: 0.55/s | ETA: 3.5m
  Progress: 25/140 | Rate: 0.54/s | ETA: 3.6m
  Progress: 26/140 | Rate: 0.54/s | ETA: 3.5m
  Progress: 27/140 | Rate: 0.54/s | ETA: 3.5m
  Progress: 28/140 | Rate: 0.53/s | ETA: 3.5m
  Progress: 29/140 | Rate: 0.53/s | ETA: 3.5m
  Progress: 30/140 | Rate: 0.54/s | ETA: 3.4m
  Progress: 31/140 | Rate: 0.54/s | ETA: 3.4m
  Progress: 32/140 | Rate: 0.54/s | ETA: 3.3m
  Progress: 33/140 | Rate: 0.55/s | ETA: 3.3m
  Progress: 34/140 | Rate: 0.55/s | ETA: 3.2m
  Progress: 35/140 | Rate: 0.55/s | ETA: 3.2m
  Progress: 36/140 | Rate: 0.56/s | ETA: 3.1m
  Progress: 37/140 | Rate: 0.56/s | ETA: 3.1m
  Progress: 38/140 | Rate: 0.56/s | ETA: 3.0m
  Progress: 39/140 | Rate: 0.56/s | ETA: 3.0m
  Progress: 40/140 | Rate: 0.56/s | ETA: 3.0m
  Progress: 41/140 | Rate: 0.56/s | ETA: 2.9m
  Progress: 42/140 | Rate: 0.57/s | ETA: 2.9m
  Progress: 43/140 | Rate: 0.56/s | ETA: 2.9m
  Progress: 44/140 | Rate: 0.56/s | ETA: 2.9m
  Progress: 45/140 | Rate: 0.56/s | ETA: 2.8m
  Progress: 46/140 | Rate: 0.56/s | ETA: 2.8m
  Progress: 47/140 | Rate: 0.57/s | ETA: 2.7m
  Progress: 48/140 | Rate: 0.57/s | ETA: 2.7m
  Progress: 49/140 | Rate: 0.57/s | ETA: 2.7m
  Progress: 50/140 | Rate: 0.57/s | ETA: 2.6m
  Progress: 51/140 | Rate: 0.57/s | ETA: 2.6m
  Progress: 52/140 | Rate: 0.57/s | ETA: 2.6m
  Progress: 53/140 | Rate: 0.57/s | ETA: 2.5m
  Progress: 54/140 | Rate: 0.57/s | ETA: 2.5m
  Progress: 55/140 | Rate: 0.57/s | ETA: 2.5m
  Progress: 56/140 | Rate: 0.57/s | ETA: 2.4m
  Progress: 57/140 | Rate: 0.57/s | ETA: 2.4m
  Progress: 58/140 | Rate: 0.57/s | ETA: 2.4m
  Progress: 59/140 | Rate: 0.54/s | ETA: 2.5m
  Progress: 60/140 | Rate: 0.54/s | ETA: 2.5m
  Progress: 61/140 | Rate: 0.54/s | ETA: 2.4m
  Progress: 62/140 | Rate: 0.54/s | ETA: 2.4m
  Progress: 63/140 | Rate: 0.55/s | ETA: 2.4m
  Progress: 64/140 | Rate: 0.55/s | ETA: 2.3m
  Progress: 65/140 | Rate: 0.55/s | ETA: 2.3m
  Progress: 66/140 | Rate: 0.55/s | ETA: 2.2m
  Progress: 67/140 | Rate: 0.55/s | ETA: 2.2m
  Progress: 68/140 | Rate: 0.55/s | ETA: 2.2m
  Progress: 69/140 | Rate: 0.54/s | ETA: 2.2m
  Progress: 70/140 | Rate: 0.54/s | ETA: 2.2m
  Progress: 71/140 | Rate: 0.54/s | ETA: 2.1m
  Progress: 72/140 | Rate: 0.54/s | ETA: 2.1m
  Progress: 73/140 | Rate: 0.53/s | ETA: 2.1m
  Progress: 74/140 | Rate: 0.53/s | ETA: 2.1m
  Progress: 75/140 | Rate: 0.53/s | ETA: 2.0m
  Progress: 76/140 | Rate: 0.52/s | ETA: 2.1m
  Progress: 77/140 | Rate: 0.52/s | ETA: 2.0m
  Progress: 78/140 | Rate: 0.52/s | ETA: 2.0m
  Progress: 79/140 | Rate: 0.53/s | ETA: 1.9m
  Progress: 80/140 | Rate: 0.53/s | ETA: 1.9m
  Progress: 81/140 | Rate: 0.53/s | ETA: 1.9m
  Progress: 82/140 | Rate: 0.53/s | ETA: 1.8m
  Progress: 83/140 | Rate: 0.53/s | ETA: 1.8m
  Progress: 84/140 | Rate: 0.53/s | ETA: 1.8m
  Progress: 85/140 | Rate: 0.53/s | ETA: 1.7m
  Progress: 86/140 | Rate: 0.53/s | ETA: 1.7m
  Progress: 87/140 | Rate: 0.54/s | ETA: 1.6m
  Progress: 88/140 | Rate: 0.54/s | ETA: 1.6m
  Progress: 89/140 | Rate: 0.54/s | ETA: 1.6m
  Progress: 90/140 | Rate: 0.54/s | ETA: 1.5m
  Progress: 91/140 | Rate: 0.54/s | ETA: 1.5m
  Progress: 92/140 | Rate: 0.54/s | ETA: 1.5m
  Progress: 93/140 | Rate: 0.54/s | ETA: 1.4m
  Progress: 94/140 | Rate: 0.54/s | ETA: 1.4m
  Progress: 95/140 | Rate: 0.54/s | ETA: 1.4m
  Progress: 96/140 | Rate: 0.54/s | ETA: 1.4m
  Progress: 97/140 | Rate: 0.54/s | ETA: 1.3m
  Progress: 98/140 | Rate: 0.54/s | ETA: 1.3m
  Progress: 99/140 | Rate: 0.54/s | ETA: 1.3m
  Progress: 100/140 | Rate: 0.54/s | ETA: 1.2m
  Progress: 101/140 | Rate: 0.54/s | ETA: 1.2m
  Progress: 102/140 | Rate: 0.54/s | ETA: 1.2m
  Progress: 103/140 | Rate: 0.54/s | ETA: 1.1m
  Progress: 104/140 | Rate: 0.54/s | ETA: 1.1m
  Progress: 105/140 | Rate: 0.55/s | ETA: 1.1m
  Progress: 106/140 | Rate: 0.54/s | ETA: 1.0m
  Progress: 107/140 | Rate: 0.54/s | ETA: 1.0m
  Progress: 108/140 | Rate: 0.54/s | ETA: 1.0m
  Progress: 109/140 | Rate: 0.54/s | ETA: 0.9m
  Progress: 110/140 | Rate: 0.55/s | ETA: 0.9m
  Progress: 111/140 | Rate: 0.55/s | ETA: 0.9m
  Progress: 112/140 | Rate: 0.55/s | ETA: 0.9m
  Progress: 113/140 | Rate: 0.55/s | ETA: 0.8m
  Progress: 114/140 | Rate: 0.54/s | ETA: 0.8m
  Progress: 115/140 | Rate: 0.55/s | ETA: 0.8m
  Progress: 116/140 | Rate: 0.54/s | ETA: 0.7m
  Progress: 117/140 | Rate: 0.54/s | ETA: 0.7m
  Progress: 118/140 | Rate: 0.54/s | ETA: 0.7m
  Progress: 119/140 | Rate: 0.55/s | ETA: 0.6m
  Progress: 120/140 | Rate: 0.54/s | ETA: 0.6m
  Progress: 121/140 | Rate: 0.55/s | ETA: 0.6m
  Progress: 122/140 | Rate: 0.54/s | ETA: 0.6m
  Progress: 123/140 | Rate: 0.54/s | ETA: 0.5m
  Progress: 124/140 | Rate: 0.54/s | ETA: 0.5m
  Progress: 125/140 | Rate: 0.54/s | ETA: 0.5m
  Progress: 126/140 | Rate: 0.54/s | ETA: 0.4m
  Progress: 127/140 | Rate: 0.54/s | ETA: 0.4m
  Progress: 128/140 | Rate: 0.54/s | ETA: 0.4m
  Progress: 129/140 | Rate: 0.54/s | ETA: 0.3m
  Progress: 130/140 | Rate: 0.54/s | ETA: 0.3m
  Progress: 131/140 | Rate: 0.54/s | ETA: 0.3m
  Progress: 132/140 | Rate: 0.54/s | ETA: 0.2m
  Progress: 133/140 | Rate: 0.54/s | ETA: 0.2m
  Progress: 134/140 | Rate: 0.54/s | ETA: 0.2m
  Progress: 135/140 | Rate: 0.54/s | ETA: 0.2m
  Progress: 136/140 | Rate: 0.54/s | ETA: 0.1m
  Progress: 137/140 | Rate: 0.54/s | ETA: 0.1m
  Progress: 138/140 | Rate: 0.54/s | ETA: 0.1m
  Progress: 139/140 | Rate: 0.54/s | ETA: 0.0m
  Progress: 140/140 | Rate: 0.54/s | ETA: 0.0m

✔ Done. 140 evaluations in 261.3s (0.54/s)
>>> qwen3_235b_neutrality_oriented_sample0_responses.jsonl  17:11:11Z

============================================================
  Judge:  deepseek (deepseek-ai/deepseek-v3.2-maas)
  Input:  runs/run_20260521/responses/qwen3_235b_neutrality_oriented_sample0_responses.jsonl
  Output: /home/satvik/Documents/CIKM/runs/run_20260521/evaluations/deepseek_evaluations_qwen3_235b_neutrality_oriented_sample0.jsonl
============================================================
  Remaining: 140 rows
  Progress: 1/140 | Rate: 0.38/s | ETA: 6.0m
  Progress: 2/140 | Rate: 0.40/s | ETA: 5.7m
  Progress: 3/140 | Rate: 0.44/s | ETA: 5.2m
  Progress: 4/140 | Rate: 0.50/s | ETA: 4.6m
  Progress: 5/140 | Rate: 0.53/s | ETA: 4.2m
  Progress: 6/140 | Rate: 0.53/s | ETA: 4.2m
  Progress: 7/140 | Rate: 0.54/s | ETA: 4.1m
  Progress: 8/140 | Rate: 0.55/s | ETA: 4.0m
  Progress: 9/140 | Rate: 0.55/s | ETA: 4.0m
  Progress: 10/140 | Rate: 0.56/s | ETA: 3.9m
  Progress: 11/140 | Rate: 0.56/s | ETA: 3.8m
  Progress: 12/140 | Rate: 0.56/s | ETA: 3.8m
  Progress: 13/140 | Rate: 0.56/s | ETA: 3.8m
  Progress: 14/140 | Rate: 0.57/s | ETA: 3.7m
  Progress: 15/140 | Rate: 0.55/s | ETA: 3.8m
  Progress: 16/140 | Rate: 0.54/s | ETA: 3.8m
  Progress: 17/140 | Rate: 0.55/s | ETA: 3.7m
  Progress: 18/140 | Rate: 0.55/s | ETA: 3.7m
  Progress: 19/140 | Rate: 0.55/s | ETA: 3.6m
  Progress: 20/140 | Rate: 0.56/s | ETA: 3.6m
  Progress: 21/140 | Rate: 0.56/s | ETA: 3.5m
  Progress: 22/140 | Rate: 0.57/s | ETA: 3.5m
  Progress: 23/140 | Rate: 0.57/s | ETA: 3.4m
  Progress: 24/140 | Rate: 0.57/s | ETA: 3.4m
  Progress: 25/140 | Rate: 0.57/s | ETA: 3.3m
  Progress: 26/140 | Rate: 0.58/s | ETA: 3.3m
  Progress: 27/140 | Rate: 0.57/s | ETA: 3.3m
  Progress: 28/140 | Rate: 0.57/s | ETA: 3.3m
  Progress: 29/140 | Rate: 0.56/s | ETA: 3.3m
  Progress: 30/140 | Rate: 0.53/s | ETA: 3.5m
  Progress: 31/140 | Rate: 0.53/s | ETA: 3.4m
  Progress: 32/140 | Rate: 0.53/s | ETA: 3.4m
  Progress: 33/140 | Rate: 0.52/s | ETA: 3.4m
  Progress: 34/140 | Rate: 0.53/s | ETA: 3.4m
  Progress: 35/140 | Rate: 0.53/s | ETA: 3.3m
  Progress: 36/140 | Rate: 0.50/s | ETA: 3.5m
  Progress: 37/140 | Rate: 0.50/s | ETA: 3.4m
  Progress: 38/140 | Rate: 0.49/s | ETA: 3.4m
  Progress: 39/140 | Rate: 0.49/s | ETA: 3.4m
  Progress: 40/140 | Rate: 0.49/s | ETA: 3.4m
  Progress: 41/140 | Rate: 0.49/s | ETA: 3.3m
  Progress: 42/140 | Rate: 0.49/s | ETA: 3.3m
  Progress: 43/140 | Rate: 0.49/s | ETA: 3.3m
  Progress: 44/140 | Rate: 0.49/s | ETA: 3.2m
  Progress: 45/140 | Rate: 0.49/s | ETA: 3.2m
  Progress: 46/140 | Rate: 0.48/s | ETA: 3.2m
  Progress: 47/140 | Rate: 0.48/s | ETA: 3.2m
  Progress: 48/140 | Rate: 0.49/s | ETA: 3.1m
  Progress: 49/140 | Rate: 0.49/s | ETA: 3.1m
  Progress: 50/140 | Rate: 0.49/s | ETA: 3.0m
  Progress: 51/140 | Rate: 0.50/s | ETA: 3.0m
  Progress: 52/140 | Rate: 0.50/s | ETA: 3.0m
  Progress: 53/140 | Rate: 0.50/s | ETA: 2.9m
  Progress: 54/140 | Rate: 0.50/s | ETA: 2.9m
  Progress: 55/140 | Rate: 0.50/s | ETA: 2.8m
  Progress: 56/140 | Rate: 0.50/s | ETA: 2.8m
  Progress: 57/140 | Rate: 0.50/s | ETA: 2.7m
  Progress: 58/140 | Rate: 0.50/s | ETA: 2.7m
  Progress: 59/140 | Rate: 0.50/s | ETA: 2.7m
  Progress: 60/140 | Rate: 0.50/s | ETA: 2.7m
  Progress: 61/140 | Rate: 0.50/s | ETA: 2.6m
  Progress: 62/140 | Rate: 0.51/s | ETA: 2.6m
  Progress: 63/140 | Rate: 0.51/s | ETA: 2.5m
  Progress: 64/140 | Rate: 0.51/s | ETA: 2.5m
  Progress: 65/140 | Rate: 0.51/s | ETA: 2.5m
  Progress: 66/140 | Rate: 0.50/s | ETA: 2.4m
  Progress: 67/140 | Rate: 0.51/s | ETA: 2.4m
  Progress: 68/140 | Rate: 0.51/s | ETA: 2.4m
  Progress: 69/140 | Rate: 0.51/s | ETA: 2.3m
  Progress: 70/140 | Rate: 0.51/s | ETA: 2.3m
  Progress: 71/140 | Rate: 0.51/s | ETA: 2.3m
  Progress: 72/140 | Rate: 0.51/s | ETA: 2.2m
  Progress: 73/140 | Rate: 0.51/s | ETA: 2.2m
  Progress: 74/140 | Rate: 0.51/s | ETA: 2.2m
  Progress: 75/140 | Rate: 0.51/s | ETA: 2.1m
  Progress: 76/140 | Rate: 0.51/s | ETA: 2.1m
  Progress: 77/140 | Rate: 0.51/s | ETA: 2.0m
  Progress: 78/140 | Rate: 0.52/s | ETA: 2.0m
  Progress: 79/140 | Rate: 0.51/s | ETA: 2.0m
  Progress: 80/140 | Rate: 0.52/s | ETA: 1.9m
  Progress: 81/140 | Rate: 0.52/s | ETA: 1.9m
  Progress: 82/140 | Rate: 0.52/s | ETA: 1.9m
  Progress: 83/140 | Rate: 0.52/s | ETA: 1.8m
  Progress: 84/140 | Rate: 0.52/s | ETA: 1.8m
  Progress: 85/140 | Rate: 0.52/s | ETA: 1.8m
  Progress: 86/140 | Rate: 0.52/s | ETA: 1.7m
  Progress: 87/140 | Rate: 0.52/s | ETA: 1.7m
  Progress: 88/140 | Rate: 0.52/s | ETA: 1.7m
  Progress: 89/140 | Rate: 0.52/s | ETA: 1.7m
  Progress: 90/140 | Rate: 0.52/s | ETA: 1.6m
  Progress: 91/140 | Rate: 0.52/s | ETA: 1.6m
  Progress: 92/140 | Rate: 0.52/s | ETA: 1.5m
  Progress: 93/140 | Rate: 0.52/s | ETA: 1.5m
  Progress: 94/140 | Rate: 0.52/s | ETA: 1.5m
  Progress: 95/140 | Rate: 0.52/s | ETA: 1.4m
  Progress: 96/140 | Rate: 0.51/s | ETA: 1.4m
  Progress: 97/140 | Rate: 0.52/s | ETA: 1.4m
  Progress: 98/140 | Rate: 0.52/s | ETA: 1.4m
  Progress: 99/140 | Rate: 0.52/s | ETA: 1.3m
  Progress: 100/140 | Rate: 0.52/s | ETA: 1.3m
  Progress: 101/140 | Rate: 0.52/s | ETA: 1.3m
  Progress: 102/140 | Rate: 0.52/s | ETA: 1.2m
  Progress: 103/140 | Rate: 0.52/s | ETA: 1.2m
  Progress: 104/140 | Rate: 0.52/s | ETA: 1.2m
  Progress: 105/140 | Rate: 0.52/s | ETA: 1.1m
  Progress: 106/140 | Rate: 0.52/s | ETA: 1.1m
  Progress: 107/140 | Rate: 0.52/s | ETA: 1.1m
  Progress: 108/140 | Rate: 0.52/s | ETA: 1.0m
  Progress: 109/140 | Rate: 0.52/s | ETA: 1.0m
  Progress: 110/140 | Rate: 0.53/s | ETA: 1.0m
  Progress: 111/140 | Rate: 0.53/s | ETA: 0.9m
  Progress: 112/140 | Rate: 0.53/s | ETA: 0.9m
  Progress: 113/140 | Rate: 0.53/s | ETA: 0.9m
  Progress: 114/140 | Rate: 0.53/s | ETA: 0.8m
  Progress: 115/140 | Rate: 0.53/s | ETA: 0.8m
  Progress: 116/140 | Rate: 0.53/s | ETA: 0.8m
  Progress: 117/140 | Rate: 0.53/s | ETA: 0.7m
  Progress: 118/140 | Rate: 0.53/s | ETA: 0.7m
  Progress: 119/140 | Rate: 0.53/s | ETA: 0.7m
  Progress: 120/140 | Rate: 0.53/s | ETA: 0.6m
  Progress: 121/140 | Rate: 0.53/s | ETA: 0.6m
  Progress: 122/140 | Rate: 0.53/s | ETA: 0.6m
  Progress: 123/140 | Rate: 0.53/s | ETA: 0.5m
  Progress: 124/140 | Rate: 0.53/s | ETA: 0.5m
  Progress: 125/140 | Rate: 0.53/s | ETA: 0.5m
  Progress: 126/140 | Rate: 0.53/s | ETA: 0.4m
  Progress: 127/140 | Rate: 0.53/s | ETA: 0.4m
  Progress: 128/140 | Rate: 0.53/s | ETA: 0.4m
  Progress: 129/140 | Rate: 0.52/s | ETA: 0.3m
  Progress: 130/140 | Rate: 0.52/s | ETA: 0.3m
  Progress: 131/140 | Rate: 0.52/s | ETA: 0.3m
  Progress: 132/140 | Rate: 0.52/s | ETA: 0.3m
  Progress: 133/140 | Rate: 0.52/s | ETA: 0.2m
  Progress: 134/140 | Rate: 0.52/s | ETA: 0.2m
  Progress: 135/140 | Rate: 0.50/s | ETA: 0.2m
  Progress: 136/140 | Rate: 0.50/s | ETA: 0.1m
  Progress: 137/140 | Rate: 0.51/s | ETA: 0.1m
  Progress: 138/140 | Rate: 0.51/s | ETA: 0.1m
  Progress: 139/140 | Rate: 0.51/s | ETA: 0.0m
  Progress: 140/140 | Rate: 0.51/s | ETA: 0.0m

✔ Done. 140 evaluations in 276.3s (0.51/s)
>>> qwen3_235b_neutrality_oriented_sample1_responses.jsonl  17:15:48Z

============================================================
  Judge:  deepseek (deepseek-ai/deepseek-v3.2-maas)
  Input:  runs/run_20260521/responses/qwen3_235b_neutrality_oriented_sample1_responses.jsonl
  Output: /home/satvik/Documents/CIKM/runs/run_20260521/evaluations/deepseek_evaluations_qwen3_235b_neutrality_oriented_sample1.jsonl
============================================================
  Remaining: 140 rows
  Progress: 1/140 | Rate: 0.29/s | ETA: 8.0m
  Progress: 2/140 | Rate: 0.41/s | ETA: 5.6m
  Progress: 3/140 | Rate: 0.44/s | ETA: 5.2m
  Progress: 4/140 | Rate: 0.45/s | ETA: 5.1m
  Progress: 5/140 | Rate: 0.45/s | ETA: 5.0m
  Progress: 6/140 | Rate: 0.48/s | ETA: 4.7m
  Progress: 7/140 | Rate: 0.49/s | ETA: 4.5m
  [cat1_orig_008] [Attempt 1] HTTP 429: [{
  "error": {
    "code": 429,
    "message": "Resource exhausted. Please try again later. Please refer to https://clo — waiting 60s
  Progress: 8/140 | Rate: 0.11/s | ETA: 20.8m
  Progress: 9/140 | Rate: 0.12/s | ETA: 18.8m
  Progress: 10/140 | Rate: 0.13/s | ETA: 17.2m
  Progress: 11/140 | Rate: 0.14/s | ETA: 15.8m
  Progress: 12/140 | Rate: 0.15/s | ETA: 14.6m
  Progress: 13/140 | Rate: 0.15/s | ETA: 13.7m
  Progress: 14/140 | Rate: 0.16/s | ETA: 12.8m
  Progress: 15/140 | Rate: 0.17/s | ETA: 12.1m
  Progress: 16/140 | Rate: 0.18/s | ETA: 11.4m
  Progress: 17/140 | Rate: 0.19/s | ETA: 10.9m
  Progress: 18/140 | Rate: 0.20/s | ETA: 10.3m
  Progress: 19/140 | Rate: 0.20/s | ETA: 9.9m
  Progress: 20/140 | Rate: 0.21/s | ETA: 9.6m
  Progress: 21/140 | Rate: 0.21/s | ETA: 9.2m
  Progress: 22/140 | Rate: 0.22/s | ETA: 8.9m
  Progress: 23/140 | Rate: 0.23/s | ETA: 8.6m
  Progress: 24/140 | Rate: 0.23/s | ETA: 8.4m
  Progress: 25/140 | Rate: 0.24/s | ETA: 8.1m
  Progress: 26/140 | Rate: 0.24/s | ETA: 7.8m
  Progress: 27/140 | Rate: 0.25/s | ETA: 7.6m
  Progress: 28/140 | Rate: 0.25/s | ETA: 7.3m
  Progress: 29/140 | Rate: 0.26/s | ETA: 7.1m
  Progress: 30/140 | Rate: 0.26/s | ETA: 6.9m
  Progress: 31/140 | Rate: 0.27/s | ETA: 6.8m
  Progress: 32/140 | Rate: 0.27/s | ETA: 6.6m
  Progress: 33/140 | Rate: 0.28/s | ETA: 6.4m
  Progress: 34/140 | Rate: 0.28/s | ETA: 6.3m
  Progress: 35/140 | Rate: 0.29/s | ETA: 6.1m
  Progress: 36/140 | Rate: 0.29/s | ETA: 6.0m
  Progress: 37/140 | Rate: 0.29/s | ETA: 5.9m
  Progress: 38/140 | Rate: 0.30/s | ETA: 5.7m
  Progress: 39/140 | Rate: 0.30/s | ETA: 5.6m
  Progress: 40/140 | Rate: 0.31/s | ETA: 5.5m
  Progress: 41/140 | Rate: 0.31/s | ETA: 5.3m
  Progress: 42/140 | Rate: 0.31/s | ETA: 5.2m
  Progress: 43/140 | Rate: 0.32/s | ETA: 5.1m
  Progress: 44/140 | Rate: 0.32/s | ETA: 5.0m
  Progress: 45/140 | Rate: 0.32/s | ETA: 5.0m
  Progress: 46/140 | Rate: 0.32/s | ETA: 4.8m
  Progress: 47/140 | Rate: 0.33/s | ETA: 4.8m
  Progress: 48/140 | Rate: 0.32/s | ETA: 4.7m
  Progress: 49/140 | Rate: 0.33/s | ETA: 4.6m
  Progress: 50/140 | Rate: 0.33/s | ETA: 4.6m
  Progress: 51/140 | Rate: 0.33/s | ETA: 4.5m
  Progress: 52/140 | Rate: 0.33/s | ETA: 4.4m
  Progress: 53/140 | Rate: 0.33/s | ETA: 4.4m
  Progress: 54/140 | Rate: 0.34/s | ETA: 4.3m
  Progress: 55/140 | Rate: 0.34/s | ETA: 4.2m
  Progress: 56/140 | Rate: 0.34/s | ETA: 4.1m
  Progress: 57/140 | Rate: 0.35/s | ETA: 4.0m
  Progress: 58/140 | Rate: 0.35/s | ETA: 3.9m
  Progress: 59/140 | Rate: 0.35/s | ETA: 3.8m
  Progress: 60/140 | Rate: 0.35/s | ETA: 3.8m
  Progress: 61/140 | Rate: 0.35/s | ETA: 3.7m
  Progress: 62/140 | Rate: 0.35/s | ETA: 3.7m
  Progress: 63/140 | Rate: 0.35/s | ETA: 3.6m
  Progress: 64/140 | Rate: 0.35/s | ETA: 3.6m
  Progress: 65/140 | Rate: 0.35/s | ETA: 3.5m
  Progress: 66/140 | Rate: 0.36/s | ETA: 3.5m
  Progress: 67/140 | Rate: 0.36/s | ETA: 3.4m
  Progress: 68/140 | Rate: 0.36/s | ETA: 3.3m
  Progress: 69/140 | Rate: 0.36/s | ETA: 3.3m
  Progress: 70/140 | Rate: 0.37/s | ETA: 3.2m
  Progress: 71/140 | Rate: 0.37/s | ETA: 3.1m
  Progress: 72/140 | Rate: 0.37/s | ETA: 3.1m
  Progress: 73/140 | Rate: 0.37/s | ETA: 3.0m
  Progress: 74/140 | Rate: 0.37/s | ETA: 2.9m
  Progress: 75/140 | Rate: 0.38/s | ETA: 2.9m
  Progress: 76/140 | Rate: 0.38/s | ETA: 2.8m
  Progress: 77/140 | Rate: 0.38/s | ETA: 2.8m
  Progress: 78/140 | Rate: 0.38/s | ETA: 2.7m
  Progress: 79/140 | Rate: 0.38/s | ETA: 2.7m
  Progress: 80/140 | Rate: 0.38/s | ETA: 2.6m
  Progress: 81/140 | Rate: 0.38/s | ETA: 2.6m
  Progress: 82/140 | Rate: 0.39/s | ETA: 2.5m
  Progress: 83/140 | Rate: 0.39/s | ETA: 2.4m
  Progress: 84/140 | Rate: 0.39/s | ETA: 2.4m
  Progress: 85/140 | Rate: 0.39/s | ETA: 2.3m
  Progress: 86/140 | Rate: 0.39/s | ETA: 2.3m
  Progress: 87/140 | Rate: 0.40/s | ETA: 2.2m
  Progress: 88/140 | Rate: 0.40/s | ETA: 2.2m
  Progress: 89/140 | Rate: 0.40/s | ETA: 2.1m
  Progress: 90/140 | Rate: 0.40/s | ETA: 2.1m
  Progress: 91/140 | Rate: 0.40/s | ETA: 2.0m
  Progress: 92/140 | Rate: 0.40/s | ETA: 2.0m
  Progress: 93/140 | Rate: 0.41/s | ETA: 1.9m
  Progress: 94/140 | Rate: 0.41/s | ETA: 1.9m
  Progress: 95/140 | Rate: 0.41/s | ETA: 1.8m
  Progress: 96/140 | Rate: 0.41/s | ETA: 1.8m
  Progress: 97/140 | Rate: 0.41/s | ETA: 1.7m
  Progress: 98/140 | Rate: 0.41/s | ETA: 1.7m
  Progress: 99/140 | Rate: 0.41/s | ETA: 1.6m
  Progress: 100/140 | Rate: 0.42/s | ETA: 1.6m
  Progress: 101/140 | Rate: 0.42/s | ETA: 1.6m
  Progress: 102/140 | Rate: 0.42/s | ETA: 1.5m
  Progress: 103/140 | Rate: 0.42/s | ETA: 1.5m
  Progress: 104/140 | Rate: 0.42/s | ETA: 1.4m
  Progress: 105/140 | Rate: 0.42/s | ETA: 1.4m
  Progress: 106/140 | Rate: 0.42/s | ETA: 1.3m
  Progress: 107/140 | Rate: 0.42/s | ETA: 1.3m
  Progress: 108/140 | Rate: 0.42/s | ETA: 1.3m
  Progress: 109/140 | Rate: 0.42/s | ETA: 1.2m
  Progress: 110/140 | Rate: 0.42/s | ETA: 1.2m
  Progress: 111/140 | Rate: 0.42/s | ETA: 1.2m
  Progress: 112/140 | Rate: 0.42/s | ETA: 1.1m
  Progress: 113/140 | Rate: 0.42/s | ETA: 1.1m
  Progress: 114/140 | Rate: 0.42/s | ETA: 1.0m
  Progress: 115/140 | Rate: 0.42/s | ETA: 1.0m
  Progress: 116/140 | Rate: 0.43/s | ETA: 0.9m
  Progress: 117/140 | Rate: 0.43/s | ETA: 0.9m
  Progress: 118/140 | Rate: 0.43/s | ETA: 0.9m
  Progress: 119/140 | Rate: 0.43/s | ETA: 0.8m
  Progress: 120/140 | Rate: 0.43/s | ETA: 0.8m
  Progress: 121/140 | Rate: 0.43/s | ETA: 0.7m
  Progress: 122/140 | Rate: 0.43/s | ETA: 0.7m
  Progress: 123/140 | Rate: 0.43/s | ETA: 0.7m
  Progress: 124/140 | Rate: 0.43/s | ETA: 0.6m
  Progress: 125/140 | Rate: 0.43/s | ETA: 0.6m
  Progress: 126/140 | Rate: 0.44/s | ETA: 0.5m
  Progress: 127/140 | Rate: 0.44/s | ETA: 0.5m
  Progress: 128/140 | Rate: 0.44/s | ETA: 0.5m
  Progress: 129/140 | Rate: 0.44/s | ETA: 0.4m
  Progress: 130/140 | Rate: 0.44/s | ETA: 0.4m
  Progress: 131/140 | Rate: 0.44/s | ETA: 0.3m
  Progress: 132/140 | Rate: 0.44/s | ETA: 0.3m
  Progress: 133/140 | Rate: 0.44/s | ETA: 0.3m
  Progress: 134/140 | Rate: 0.44/s | ETA: 0.2m
  Progress: 135/140 | Rate: 0.44/s | ETA: 0.2m
  Progress: 136/140 | Rate: 0.44/s | ETA: 0.2m
  Progress: 137/140 | Rate: 0.45/s | ETA: 0.1m
  Progress: 138/140 | Rate: 0.45/s | ETA: 0.1m
  Progress: 139/140 | Rate: 0.45/s | ETA: 0.0m
  Progress: 140/140 | Rate: 0.45/s | ETA: 0.0m

✔ Done. 140 evaluations in 313.6s (0.45/s)
>>> qwen3_235b_neutrality_oriented_sample2_responses.jsonl  17:21:03Z

============================================================
  Judge:  deepseek (deepseek-ai/deepseek-v3.2-maas)
  Input:  runs/run_20260521/responses/qwen3_235b_neutrality_oriented_sample2_responses.jsonl
  Output: /home/satvik/Documents/CIKM/runs/run_20260521/evaluations/deepseek_evaluations_qwen3_235b_neutrality_oriented_sample2.jsonl
============================================================
  Remaining: 140 rows
  Progress: 1/140 | Rate: 0.66/s | ETA: 3.5m
  Progress: 2/140 | Rate: 0.64/s | ETA: 3.6m
  Progress: 3/140 | Rate: 0.61/s | ETA: 3.8m
  Progress: 4/140 | Rate: 0.62/s | ETA: 3.7m
  Progress: 5/140 | Rate: 0.63/s | ETA: 3.6m
  Progress: 6/140 | Rate: 0.51/s | ETA: 4.4m
  Progress: 7/140 | Rate: 0.48/s | ETA: 4.6m
  Progress: 8/140 | Rate: 0.50/s | ETA: 4.4m
  Progress: 9/140 | Rate: 0.51/s | ETA: 4.2m
  Progress: 10/140 | Rate: 0.52/s | ETA: 4.2m
  Progress: 11/140 | Rate: 0.53/s | ETA: 4.1m
  Progress: 12/140 | Rate: 0.54/s | ETA: 3.9m
  Progress: 13/140 | Rate: 0.55/s | ETA: 3.9m
  Progress: 14/140 | Rate: 0.56/s | ETA: 3.8m
  Progress: 15/140 | Rate: 0.56/s | ETA: 3.7m
  Progress: 16/140 | Rate: 0.56/s | ETA: 3.7m
  Progress: 17/140 | Rate: 0.54/s | ETA: 3.8m
  Progress: 18/140 | Rate: 0.55/s | ETA: 3.7m
  Progress: 19/140 | Rate: 0.55/s | ETA: 3.7m
  Progress: 20/140 | Rate: 0.56/s | ETA: 3.6m
  Progress: 21/140 | Rate: 0.54/s | ETA: 3.6m
  Progress: 22/140 | Rate: 0.55/s | ETA: 3.6m
  Progress: 23/140 | Rate: 0.55/s | ETA: 3.6m
  Progress: 24/140 | Rate: 0.51/s | ETA: 3.8m
  Progress: 25/140 | Rate: 0.51/s | ETA: 3.8m
  Progress: 26/140 | Rate: 0.50/s | ETA: 3.8m
  Progress: 27/140 | Rate: 0.51/s | ETA: 3.7m
  Progress: 28/140 | Rate: 0.51/s | ETA: 3.7m
  Progress: 29/140 | Rate: 0.51/s | ETA: 3.6m
  Progress: 30/140 | Rate: 0.52/s | ETA: 3.5m
  Progress: 31/140 | Rate: 0.52/s | ETA: 3.5m
  Progress: 32/140 | Rate: 0.53/s | ETA: 3.4m
  Progress: 33/140 | Rate: 0.53/s | ETA: 3.4m
  Progress: 34/140 | Rate: 0.53/s | ETA: 3.3m
  Progress: 35/140 | Rate: 0.53/s | ETA: 3.3m
  Progress: 36/140 | Rate: 0.51/s | ETA: 3.4m
  Progress: 37/140 | Rate: 0.51/s | ETA: 3.4m
  Progress: 38/140 | Rate: 0.51/s | ETA: 3.3m
  Progress: 39/140 | Rate: 0.51/s | ETA: 3.3m
  Progress: 40/140 | Rate: 0.51/s | ETA: 3.2m
  Progress: 41/140 | Rate: 0.52/s | ETA: 3.2m
  Progress: 42/140 | Rate: 0.52/s | ETA: 3.1m
  Progress: 43/140 | Rate: 0.53/s | ETA: 3.1m
  Progress: 44/140 | Rate: 0.53/s | ETA: 3.0m
  Progress: 45/140 | Rate: 0.53/s | ETA: 3.0m
  Progress: 46/140 | Rate: 0.54/s | ETA: 2.9m
  Progress: 47/140 | Rate: 0.54/s | ETA: 2.9m
  Progress: 48/140 | Rate: 0.54/s | ETA: 2.8m
  Progress: 49/140 | Rate: 0.54/s | ETA: 2.8m
  Progress: 50/140 | Rate: 0.54/s | ETA: 2.8m
  Progress: 51/140 | Rate: 0.54/s | ETA: 2.7m
  Progress: 52/140 | Rate: 0.54/s | ETA: 2.7m
  Progress: 53/140 | Rate: 0.54/s | ETA: 2.7m
  Progress: 54/140 | Rate: 0.54/s | ETA: 2.7m
  Progress: 55/140 | Rate: 0.54/s | ETA: 2.6m
  Progress: 56/140 | Rate: 0.54/s | ETA: 2.6m
  Progress: 57/140 | Rate: 0.54/s | ETA: 2.5m
  Progress: 58/140 | Rate: 0.54/s | ETA: 2.5m
  Progress: 59/140 | Rate: 0.55/s | ETA: 2.5m
  Progress: 60/140 | Rate: 0.54/s | ETA: 2.5m
  Progress: 61/140 | Rate: 0.55/s | ETA: 2.4m
  Progress: 62/140 | Rate: 0.55/s | ETA: 2.4m
  Progress: 63/140 | Rate: 0.55/s | ETA: 2.3m
  Progress: 64/140 | Rate: 0.55/s | ETA: 2.3m
  Progress: 65/140 | Rate: 0.54/s | ETA: 2.3m
  Progress: 66/140 | Rate: 0.54/s | ETA: 2.3m
  Progress: 67/140 | Rate: 0.55/s | ETA: 2.2m
  Progress: 68/140 | Rate: 0.55/s | ETA: 2.2m
  Progress: 69/140 | Rate: 0.55/s | ETA: 2.2m
  Progress: 70/140 | Rate: 0.54/s | ETA: 2.1m
  Progress: 71/140 | Rate: 0.54/s | ETA: 2.1m
  Progress: 72/140 | Rate: 0.54/s | ETA: 2.1m
  Progress: 73/140 | Rate: 0.55/s | ETA: 2.0m
  Progress: 74/140 | Rate: 0.53/s | ETA: 2.1m
  Progress: 75/140 | Rate: 0.53/s | ETA: 2.0m
  Progress: 76/140 | Rate: 0.53/s | ETA: 2.0m
  Progress: 77/140 | Rate: 0.53/s | ETA: 2.0m
  Progress: 78/140 | Rate: 0.53/s | ETA: 1.9m
  Progress: 79/140 | Rate: 0.53/s | ETA: 1.9m
  Progress: 80/140 | Rate: 0.53/s | ETA: 1.9m
  Progress: 81/140 | Rate: 0.53/s | ETA: 1.9m
  Progress: 82/140 | Rate: 0.53/s | ETA: 1.8m
  Progress: 83/140 | Rate: 0.52/s | ETA: 1.8m
  Progress: 84/140 | Rate: 0.52/s | ETA: 1.8m
  Progress: 85/140 | Rate: 0.52/s | ETA: 1.8m
  Progress: 86/140 | Rate: 0.52/s | ETA: 1.7m
  Progress: 87/140 | Rate: 0.52/s | ETA: 1.7m
  Progress: 88/140 | Rate: 0.52/s | ETA: 1.7m
  Progress: 89/140 | Rate: 0.52/s | ETA: 1.6m
  Progress: 90/140 | Rate: 0.52/s | ETA: 1.6m
  Progress: 91/140 | Rate: 0.53/s | ETA: 1.6m
  Progress: 92/140 | Rate: 0.53/s | ETA: 1.5m
  Progress: 93/140 | Rate: 0.53/s | ETA: 1.5m
  Progress: 94/140 | Rate: 0.53/s | ETA: 1.5m
  Progress: 95/140 | Rate: 0.53/s | ETA: 1.4m
  Progress: 96/140 | Rate: 0.53/s | ETA: 1.4m
  Progress: 97/140 | Rate: 0.53/s | ETA: 1.3m
  Progress: 98/140 | Rate: 0.53/s | ETA: 1.3m
  Progress: 99/140 | Rate: 0.53/s | ETA: 1.3m
  Progress: 100/140 | Rate: 0.53/s | ETA: 1.3m
  Progress: 101/140 | Rate: 0.53/s | ETA: 1.2m
  Progress: 102/140 | Rate: 0.53/s | ETA: 1.2m
  Progress: 103/140 | Rate: 0.52/s | ETA: 1.2m
  Progress: 104/140 | Rate: 0.52/s | ETA: 1.1m
  Progress: 105/140 | Rate: 0.53/s | ETA: 1.1m
  Progress: 106/140 | Rate: 0.53/s | ETA: 1.1m
  Progress: 107/140 | Rate: 0.53/s | ETA: 1.0m
  Progress: 108/140 | Rate: 0.53/s | ETA: 1.0m
  Progress: 109/140 | Rate: 0.53/s | ETA: 1.0m
  Progress: 110/140 | Rate: 0.53/s | ETA: 0.9m
  Progress: 111/140 | Rate: 0.53/s | ETA: 0.9m
  Progress: 112/140 | Rate: 0.53/s | ETA: 0.9m
  Progress: 113/140 | Rate: 0.52/s | ETA: 0.9m
  Progress: 114/140 | Rate: 0.52/s | ETA: 0.8m
  Progress: 115/140 | Rate: 0.52/s | ETA: 0.8m
  Progress: 116/140 | Rate: 0.52/s | ETA: 0.8m
  Progress: 117/140 | Rate: 0.52/s | ETA: 0.7m
  Progress: 118/140 | Rate: 0.52/s | ETA: 0.7m
  Progress: 119/140 | Rate: 0.52/s | ETA: 0.7m
  Progress: 120/140 | Rate: 0.51/s | ETA: 0.6m
  Progress: 121/140 | Rate: 0.51/s | ETA: 0.6m
  Progress: 122/140 | Rate: 0.51/s | ETA: 0.6m
  Progress: 123/140 | Rate: 0.51/s | ETA: 0.6m
  Progress: 124/140 | Rate: 0.51/s | ETA: 0.5m
  Progress: 125/140 | Rate: 0.51/s | ETA: 0.5m
  Progress: 126/140 | Rate: 0.52/s | ETA: 0.5m
  Progress: 127/140 | Rate: 0.51/s | ETA: 0.4m
  Progress: 128/140 | Rate: 0.51/s | ETA: 0.4m
  Progress: 129/140 | Rate: 0.51/s | ETA: 0.4m
  Progress: 130/140 | Rate: 0.50/s | ETA: 0.3m
  Progress: 131/140 | Rate: 0.49/s | ETA: 0.3m
  Progress: 132/140 | Rate: 0.49/s | ETA: 0.3m
  Progress: 133/140 | Rate: 0.49/s | ETA: 0.2m
  Progress: 134/140 | Rate: 0.49/s | ETA: 0.2m
  Progress: 135/140 | Rate: 0.48/s | ETA: 0.2m
  Progress: 136/140 | Rate: 0.49/s | ETA: 0.1m
  Progress: 137/140 | Rate: 0.49/s | ETA: 0.1m
  Progress: 138/140 | Rate: 0.49/s | ETA: 0.1m
  Progress: 139/140 | Rate: 0.49/s | ETA: 0.0m
  Progress: 140/140 | Rate: 0.49/s | ETA: 0.0m

✔ Done. 140 evaluations in 286.2s (0.49/s)
>>> qwen3_235b_utility_first_sample0_responses.jsonl  17:25:50Z

============================================================
  Judge:  deepseek (deepseek-ai/deepseek-v3.2-maas)
  Input:  runs/run_20260521/responses/qwen3_235b_utility_first_sample0_responses.jsonl
  Output: /home/satvik/Documents/CIKM/runs/run_20260521/evaluations/deepseek_evaluations_qwen3_235b_utility_first_sample0.jsonl
============================================================
  Remaining: 140 rows
  Progress: 1/140 | Rate: 0.65/s | ETA: 3.5m
  Progress: 2/140 | Rate: 0.67/s | ETA: 3.5m
  Progress: 3/140 | Rate: 0.63/s | ETA: 3.6m
  Progress: 4/140 | Rate: 0.65/s | ETA: 3.5m
  Progress: 5/140 | Rate: 0.57/s | ETA: 3.9m
  Progress: 6/140 | Rate: 0.58/s | ETA: 3.9m
  Progress: 7/140 | Rate: 0.58/s | ETA: 3.8m
  Progress: 8/140 | Rate: 0.59/s | ETA: 3.8m
  Progress: 9/140 | Rate: 0.58/s | ETA: 3.8m
  Progress: 10/140 | Rate: 0.59/s | ETA: 3.7m
  Progress: 11/140 | Rate: 0.53/s | ETA: 4.0m
  Progress: 12/140 | Rate: 0.50/s | ETA: 4.3m
  Progress: 13/140 | Rate: 0.50/s | ETA: 4.2m
  Progress: 14/140 | Rate: 0.51/s | ETA: 4.1m
  Progress: 15/140 | Rate: 0.52/s | ETA: 4.0m
  Progress: 16/140 | Rate: 0.53/s | ETA: 3.9m
  Progress: 17/140 | Rate: 0.53/s | ETA: 3.8m
  Progress: 18/140 | Rate: 0.54/s | ETA: 3.8m
  Progress: 19/140 | Rate: 0.55/s | ETA: 3.7m
  Progress: 20/140 | Rate: 0.50/s | ETA: 4.0m
  Progress: 21/140 | Rate: 0.49/s | ETA: 4.0m
  Progress: 22/140 | Rate: 0.50/s | ETA: 3.9m
  Progress: 23/140 | Rate: 0.42/s | ETA: 4.6m
  Progress: 24/140 | Rate: 0.43/s | ETA: 4.5m
  Progress: 25/140 | Rate: 0.44/s | ETA: 4.4m
  Progress: 26/140 | Rate: 0.44/s | ETA: 4.3m
  Progress: 27/140 | Rate: 0.45/s | ETA: 4.2m
  Progress: 28/140 | Rate: 0.45/s | ETA: 4.1m
  Progress: 29/140 | Rate: 0.45/s | ETA: 4.1m
  Progress: 30/140 | Rate: 0.46/s | ETA: 4.0m
  Progress: 31/140 | Rate: 0.46/s | ETA: 4.0m
  Progress: 32/140 | Rate: 0.46/s | ETA: 3.9m
  Progress: 33/140 | Rate: 0.46/s | ETA: 3.9m
  Progress: 34/140 | Rate: 0.46/s | ETA: 3.8m
  Progress: 35/140 | Rate: 0.45/s | ETA: 3.9m
  Progress: 36/140 | Rate: 0.45/s | ETA: 3.8m
  Progress: 37/140 | Rate: 0.46/s | ETA: 3.8m
  Progress: 38/140 | Rate: 0.46/s | ETA: 3.7m
  Progress: 39/140 | Rate: 0.46/s | ETA: 3.6m
  Progress: 40/140 | Rate: 0.47/s | ETA: 3.6m
  Progress: 41/140 | Rate: 0.47/s | ETA: 3.5m
  Progress: 42/140 | Rate: 0.48/s | ETA: 3.4m
  Progress: 43/140 | Rate: 0.48/s | ETA: 3.4m
  Progress: 44/140 | Rate: 0.47/s | ETA: 3.4m
  Progress: 45/140 | Rate: 0.47/s | ETA: 3.3m
  Progress: 46/140 | Rate: 0.48/s | ETA: 3.3m
  Progress: 47/140 | Rate: 0.48/s | ETA: 3.2m
  Progress: 48/140 | Rate: 0.48/s | ETA: 3.2m
  Progress: 49/140 | Rate: 0.49/s | ETA: 3.1m
  Progress: 50/140 | Rate: 0.49/s | ETA: 3.1m
  Progress: 51/140 | Rate: 0.48/s | ETA: 3.1m
  Progress: 52/140 | Rate: 0.48/s | ETA: 3.0m
  Progress: 53/140 | Rate: 0.48/s | ETA: 3.0m
  Progress: 54/140 | Rate: 0.48/s | ETA: 3.0m
  Progress: 55/140 | Rate: 0.49/s | ETA: 2.9m
  Progress: 56/140 | Rate: 0.49/s | ETA: 2.9m
  Progress: 57/140 | Rate: 0.49/s | ETA: 2.8m
  Progress: 58/140 | Rate: 0.49/s | ETA: 2.8m
  Progress: 59/140 | Rate: 0.49/s | ETA: 2.7m
  Progress: 60/140 | Rate: 0.47/s | ETA: 2.8m
  Progress: 61/140 | Rate: 0.48/s | ETA: 2.8m
  Progress: 62/140 | Rate: 0.48/s | ETA: 2.7m
  Progress: 63/140 | Rate: 0.48/s | ETA: 2.7m
  Progress: 64/140 | Rate: 0.48/s | ETA: 2.6m
  Progress: 65/140 | Rate: 0.48/s | ETA: 2.6m
  Progress: 66/140 | Rate: 0.48/s | ETA: 2.5m
  Progress: 67/140 | Rate: 0.48/s | ETA: 2.5m
  Progress: 68/140 | Rate: 0.49/s | ETA: 2.5m
  Progress: 69/140 | Rate: 0.48/s | ETA: 2.4m
  Progress: 70/140 | Rate: 0.49/s | ETA: 2.4m
  Progress: 71/140 | Rate: 0.49/s | ETA: 2.4m
  Progress: 72/140 | Rate: 0.49/s | ETA: 2.3m
  Progress: 73/140 | Rate: 0.49/s | ETA: 2.3m
  Progress: 74/140 | Rate: 0.49/s | ETA: 2.3m
  Progress: 75/140 | Rate: 0.49/s | ETA: 2.2m
  Progress: 76/140 | Rate: 0.49/s | ETA: 2.2m
  Progress: 77/140 | Rate: 0.47/s | ETA: 2.2m
  Progress: 78/140 | Rate: 0.47/s | ETA: 2.2m
  Progress: 79/140 | Rate: 0.47/s | ETA: 2.2m
  Progress: 80/140 | Rate: 0.47/s | ETA: 2.1m
  Progress: 81/140 | Rate: 0.45/s | ETA: 2.2m
  Progress: 82/140 | Rate: 0.45/s | ETA: 2.1m
  Progress: 83/140 | Rate: 0.45/s | ETA: 2.1m
  Progress: 84/140 | Rate: 0.45/s | ETA: 2.1m
  Progress: 85/140 | Rate: 0.45/s | ETA: 2.0m
  Progress: 86/140 | Rate: 0.45/s | ETA: 2.0m
  Progress: 87/140 | Rate: 0.45/s | ETA: 2.0m
  Progress: 88/140 | Rate: 0.45/s | ETA: 1.9m
  Progress: 89/140 | Rate: 0.44/s | ETA: 1.9m
  Progress: 90/140 | Rate: 0.44/s | ETA: 1.9m
  Progress: 91/140 | Rate: 0.44/s | ETA: 1.8m
  Progress: 92/140 | Rate: 0.44/s | ETA: 1.8m
  Progress: 93/140 | Rate: 0.44/s | ETA: 1.8m
  Progress: 94/140 | Rate: 0.44/s | ETA: 1.7m
  Progress: 95/140 | Rate: 0.45/s | ETA: 1.7m
  Progress: 96/140 | Rate: 0.45/s | ETA: 1.6m
  Progress: 97/140 | Rate: 0.45/s | ETA: 1.6m
  Progress: 98/140 | Rate: 0.45/s | ETA: 1.6m
  Progress: 99/140 | Rate: 0.45/s | ETA: 1.5m
  Progress: 100/140 | Rate: 0.45/s | ETA: 1.5m
  Progress: 101/140 | Rate: 0.45/s | ETA: 1.4m
  Progress: 102/140 | Rate: 0.46/s | ETA: 1.4m
  Progress: 103/140 | Rate: 0.46/s | ETA: 1.3m
  Progress: 104/140 | Rate: 0.45/s | ETA: 1.3m
  Progress: 105/140 | Rate: 0.45/s | ETA: 1.3m
  Progress: 106/140 | Rate: 0.45/s | ETA: 1.3m
  Progress: 107/140 | Rate: 0.45/s | ETA: 1.2m
  Progress: 108/140 | Rate: 0.45/s | ETA: 1.2m
  Progress: 109/140 | Rate: 0.45/s | ETA: 1.1m
  Progress: 110/140 | Rate: 0.46/s | ETA: 1.1m
  Progress: 111/140 | Rate: 0.46/s | ETA: 1.1m
  Progress: 112/140 | Rate: 0.46/s | ETA: 1.0m
  Progress: 113/140 | Rate: 0.46/s | ETA: 1.0m
  Progress: 114/140 | Rate: 0.46/s | ETA: 0.9m
  Progress: 115/140 | Rate: 0.46/s | ETA: 0.9m
  Progress: 116/140 | Rate: 0.46/s | ETA: 0.9m
  Progress: 117/140 | Rate: 0.46/s | ETA: 0.8m
  Progress: 118/140 | Rate: 0.46/s | ETA: 0.8m
  Progress: 119/140 | Rate: 0.46/s | ETA: 0.8m
  Progress: 120/140 | Rate: 0.46/s | ETA: 0.7m
  Progress: 121/140 | Rate: 0.46/s | ETA: 0.7m
  Progress: 122/140 | Rate: 0.46/s | ETA: 0.7m
  Progress: 123/140 | Rate: 0.46/s | ETA: 0.6m
  Progress: 124/140 | Rate: 0.46/s | ETA: 0.6m
  Progress: 125/140 | Rate: 0.45/s | ETA: 0.6m
  Progress: 126/140 | Rate: 0.45/s | ETA: 0.5m
  Progress: 127/140 | Rate: 0.45/s | ETA: 0.5m
  Progress: 128/140 | Rate: 0.45/s | ETA: 0.4m
  Progress: 129/140 | Rate: 0.45/s | ETA: 0.4m
  Progress: 130/140 | Rate: 0.45/s | ETA: 0.4m
  Progress: 131/140 | Rate: 0.45/s | ETA: 0.3m
  Progress: 132/140 | Rate: 0.45/s | ETA: 0.3m
  Progress: 133/140 | Rate: 0.45/s | ETA: 0.3m
  Progress: 134/140 | Rate: 0.45/s | ETA: 0.2m
  Progress: 135/140 | Rate: 0.45/s | ETA: 0.2m
  Progress: 136/140 | Rate: 0.46/s | ETA: 0.1m
  Progress: 137/140 | Rate: 0.45/s | ETA: 0.1m
  Progress: 138/140 | Rate: 0.45/s | ETA: 0.1m
  Progress: 139/140 | Rate: 0.46/s | ETA: 0.0m
  Progress: 140/140 | Rate: 0.46/s | ETA: 0.0m

✔ Done. 140 evaluations in 306.8s (0.46/s)
>>> qwen3_235b_utility_first_sample1_responses.jsonl  17:30:57Z

============================================================
  Judge:  deepseek (deepseek-ai/deepseek-v3.2-maas)
  Input:  runs/run_20260521/responses/qwen3_235b_utility_first_sample1_responses.jsonl
  Output: /home/satvik/Documents/CIKM/runs/run_20260521/evaluations/deepseek_evaluations_qwen3_235b_utility_first_sample1.jsonl
============================================================
  Remaining: 140 rows
  Progress: 1/140 | Rate: 0.27/s | ETA: 8.6m
  Progress: 2/140 | Rate: 0.39/s | ETA: 5.9m
  Progress: 3/140 | Rate: 0.39/s | ETA: 5.9m
  Progress: 4/140 | Rate: 0.28/s | ETA: 8.1m
  Progress: 5/140 | Rate: 0.31/s | ETA: 7.3m
  Progress: 6/140 | Rate: 0.34/s | ETA: 6.6m
  Progress: 7/140 | Rate: 0.36/s | ETA: 6.2m
  Progress: 8/140 | Rate: 0.38/s | ETA: 5.8m
  Progress: 9/140 | Rate: 0.39/s | ETA: 5.6m
  Progress: 10/140 | Rate: 0.41/s | ETA: 5.3m
  Progress: 11/140 | Rate: 0.43/s | ETA: 5.0m
  Progress: 12/140 | Rate: 0.44/s | ETA: 4.9m
  Progress: 13/140 | Rate: 0.44/s | ETA: 4.8m
  Progress: 14/140 | Rate: 0.44/s | ETA: 4.8m
  Progress: 15/140 | Rate: 0.45/s | ETA: 4.6m
  Progress: 16/140 | Rate: 0.46/s | ETA: 4.5m
  Progress: 17/140 | Rate: 0.47/s | ETA: 4.4m
  Progress: 18/140 | Rate: 0.47/s | ETA: 4.3m
  Progress: 19/140 | Rate: 0.47/s | ETA: 4.3m
  Progress: 20/140 | Rate: 0.48/s | ETA: 4.2m
  Progress: 21/140 | Rate: 0.48/s | ETA: 4.2m
  Progress: 22/140 | Rate: 0.47/s | ETA: 4.2m
  Progress: 23/140 | Rate: 0.47/s | ETA: 4.1m
  Progress: 24/140 | Rate: 0.48/s | ETA: 4.0m
  Progress: 25/140 | Rate: 0.48/s | ETA: 4.0m
  Progress: 26/140 | Rate: 0.49/s | ETA: 3.9m
  Progress: 27/140 | Rate: 0.50/s | ETA: 3.8m
  Progress: 28/140 | Rate: 0.51/s | ETA: 3.7m
  Progress: 29/140 | Rate: 0.51/s | ETA: 3.6m
  Progress: 30/140 | Rate: 0.52/s | ETA: 3.6m
  Progress: 31/140 | Rate: 0.52/s | ETA: 3.5m
  Progress: 32/140 | Rate: 0.52/s | ETA: 3.4m
  Progress: 33/140 | Rate: 0.53/s | ETA: 3.4m
  Progress: 34/140 | Rate: 0.53/s | ETA: 3.3m
  Progress: 35/140 | Rate: 0.53/s | ETA: 3.3m
  Progress: 36/140 | Rate: 0.53/s | ETA: 3.3m
  Progress: 37/140 | Rate: 0.53/s | ETA: 3.2m
  Progress: 38/140 | Rate: 0.53/s | ETA: 3.2m
  Progress: 39/140 | Rate: 0.54/s | ETA: 3.1m
  Progress: 40/140 | Rate: 0.53/s | ETA: 3.1m
  Progress: 41/140 | Rate: 0.54/s | ETA: 3.1m
  Progress: 42/140 | Rate: 0.54/s | ETA: 3.0m
  Progress: 43/140 | Rate: 0.54/s | ETA: 3.0m
  Progress: 44/140 | Rate: 0.53/s | ETA: 3.0m
  Progress: 45/140 | Rate: 0.53/s | ETA: 3.0m
  Progress: 46/140 | Rate: 0.53/s | ETA: 3.0m
  Progress: 47/140 | Rate: 0.53/s | ETA: 2.9m
  Progress: 48/140 | Rate: 0.49/s | ETA: 3.1m
  Progress: 49/140 | Rate: 0.49/s | ETA: 3.1m
  Progress: 50/140 | Rate: 0.49/s | ETA: 3.0m
  Progress: 51/140 | Rate: 0.49/s | ETA: 3.0m
  Progress: 52/140 | Rate: 0.50/s | ETA: 3.0m
  Progress: 53/140 | Rate: 0.50/s | ETA: 2.9m
  Progress: 54/140 | Rate: 0.50/s | ETA: 2.9m
  Progress: 55/140 | Rate: 0.50/s | ETA: 2.8m
  Progress: 56/140 | Rate: 0.51/s | ETA: 2.8m
  Progress: 57/140 | Rate: 0.51/s | ETA: 2.7m
  Progress: 58/140 | Rate: 0.51/s | ETA: 2.7m
  Progress: 59/140 | Rate: 0.51/s | ETA: 2.7m
  Progress: 60/140 | Rate: 0.51/s | ETA: 2.6m
  Progress: 61/140 | Rate: 0.51/s | ETA: 2.6m
  Progress: 62/140 | Rate: 0.51/s | ETA: 2.5m
  Progress: 63/140 | Rate: 0.52/s | ETA: 2.5m
  Progress: 64/140 | Rate: 0.52/s | ETA: 2.4m
  Progress: 65/140 | Rate: 0.52/s | ETA: 2.4m
  Progress: 66/140 | Rate: 0.52/s | ETA: 2.4m
  Progress: 67/140 | Rate: 0.52/s | ETA: 2.3m
  Progress: 68/140 | Rate: 0.52/s | ETA: 2.3m
  Progress: 69/140 | Rate: 0.52/s | ETA: 2.3m
  Progress: 70/140 | Rate: 0.52/s | ETA: 2.2m
  Progress: 71/140 | Rate: 0.52/s | ETA: 2.2m
  Progress: 72/140 | Rate: 0.52/s | ETA: 2.2m
  Progress: 73/140 | Rate: 0.52/s | ETA: 2.1m
  Progress: 74/140 | Rate: 0.53/s | ETA: 2.1m
  Progress: 75/140 | Rate: 0.53/s | ETA: 2.1m
  Progress: 76/140 | Rate: 0.53/s | ETA: 2.0m
  Progress: 77/140 | Rate: 0.52/s | ETA: 2.0m
  Progress: 78/140 | Rate: 0.52/s | ETA: 2.0m
  Progress: 79/140 | Rate: 0.52/s | ETA: 2.0m
  Progress: 80/140 | Rate: 0.52/s | ETA: 1.9m
  Progress: 81/140 | Rate: 0.50/s | ETA: 1.9m
  Progress: 82/140 | Rate: 0.50/s | ETA: 1.9m
  Progress: 83/140 | Rate: 0.50/s | ETA: 1.9m
  Progress: 84/140 | Rate: 0.50/s | ETA: 1.8m
  Progress: 85/140 | Rate: 0.51/s | ETA: 1.8m
  Progress: 86/140 | Rate: 0.50/s | ETA: 1.8m
  Progress: 87/140 | Rate: 0.50/s | ETA: 1.8m
  Progress: 88/140 | Rate: 0.50/s | ETA: 1.7m
  Progress: 89/140 | Rate: 0.51/s | ETA: 1.7m
  Progress: 90/140 | Rate: 0.51/s | ETA: 1.6m
  Progress: 91/140 | Rate: 0.51/s | ETA: 1.6m
  Progress: 92/140 | Rate: 0.51/s | ETA: 1.6m
  Progress: 93/140 | Rate: 0.51/s | ETA: 1.5m
  Progress: 94/140 | Rate: 0.51/s | ETA: 1.5m
  Progress: 95/140 | Rate: 0.51/s | ETA: 1.5m
  Progress: 96/140 | Rate: 0.51/s | ETA: 1.4m
  Progress: 97/140 | Rate: 0.51/s | ETA: 1.4m
  Progress: 98/140 | Rate: 0.51/s | ETA: 1.4m
  Progress: 99/140 | Rate: 0.51/s | ETA: 1.3m
  Progress: 100/140 | Rate: 0.51/s | ETA: 1.3m
  Progress: 101/140 | Rate: 0.51/s | ETA: 1.3m
  Progress: 102/140 | Rate: 0.51/s | ETA: 1.2m
  Progress: 103/140 | Rate: 0.50/s | ETA: 1.2m
  Progress: 104/140 | Rate: 0.50/s | ETA: 1.2m
  Progress: 105/140 | Rate: 0.51/s | ETA: 1.2m
  Progress: 106/140 | Rate: 0.51/s | ETA: 1.1m
  Progress: 107/140 | Rate: 0.51/s | ETA: 1.1m
  Progress: 108/140 | Rate: 0.51/s | ETA: 1.0m
  Progress: 109/140 | Rate: 0.51/s | ETA: 1.0m
  Progress: 110/140 | Rate: 0.51/s | ETA: 1.0m
  Progress: 111/140 | Rate: 0.51/s | ETA: 0.9m
  Progress: 112/140 | Rate: 0.51/s | ETA: 0.9m
  Progress: 113/140 | Rate: 0.51/s | ETA: 0.9m
  Progress: 114/140 | Rate: 0.51/s | ETA: 0.8m
  Progress: 115/140 | Rate: 0.51/s | ETA: 0.8m
  Progress: 116/140 | Rate: 0.51/s | ETA: 0.8m
  Progress: 117/140 | Rate: 0.51/s | ETA: 0.8m
  Progress: 118/140 | Rate: 0.51/s | ETA: 0.7m
  Progress: 119/140 | Rate: 0.51/s | ETA: 0.7m
  Progress: 120/140 | Rate: 0.51/s | ETA: 0.7m
  Progress: 121/140 | Rate: 0.51/s | ETA: 0.6m
  Progress: 122/140 | Rate: 0.51/s | ETA: 0.6m
  Progress: 123/140 | Rate: 0.51/s | ETA: 0.6m
  Progress: 124/140 | Rate: 0.51/s | ETA: 0.5m
  Progress: 125/140 | Rate: 0.51/s | ETA: 0.5m
  Progress: 126/140 | Rate: 0.51/s | ETA: 0.5m
  Progress: 127/140 | Rate: 0.51/s | ETA: 0.4m
  Progress: 128/140 | Rate: 0.51/s | ETA: 0.4m
  Progress: 129/140 | Rate: 0.52/s | ETA: 0.4m
  Progress: 130/140 | Rate: 0.52/s | ETA: 0.3m
  Progress: 131/140 | Rate: 0.51/s | ETA: 0.3m
  Progress: 132/140 | Rate: 0.50/s | ETA: 0.3m
  Progress: 133/140 | Rate: 0.51/s | ETA: 0.2m
  Progress: 134/140 | Rate: 0.51/s | ETA: 0.2m
  Progress: 135/140 | Rate: 0.51/s | ETA: 0.2m
  Progress: 136/140 | Rate: 0.51/s | ETA: 0.1m
  Progress: 137/140 | Rate: 0.51/s | ETA: 0.1m
  Progress: 138/140 | Rate: 0.51/s | ETA: 0.1m
  Progress: 139/140 | Rate: 0.51/s | ETA: 0.0m
  Progress: 140/140 | Rate: 0.51/s | ETA: 0.0m

✔ Done. 140 evaluations in 275.0s (0.51/s)
>>> qwen3_235b_utility_first_sample2_responses.jsonl  17:35:33Z

============================================================
  Judge:  deepseek (deepseek-ai/deepseek-v3.2-maas)
  Input:  runs/run_20260521/responses/qwen3_235b_utility_first_sample2_responses.jsonl
  Output: /home/satvik/Documents/CIKM/runs/run_20260521/evaluations/deepseek_evaluations_qwen3_235b_utility_first_sample2.jsonl
============================================================
  Remaining: 140 rows
  Progress: 1/140 | Rate: 0.19/s | ETA: 11.9m
  Progress: 2/140 | Rate: 0.31/s | ETA: 7.4m
  Progress: 3/140 | Rate: 0.32/s | ETA: 7.1m
  Progress: 4/140 | Rate: 0.37/s | ETA: 6.1m
  Progress: 5/140 | Rate: 0.40/s | ETA: 5.6m
  Progress: 6/140 | Rate: 0.44/s | ETA: 5.1m
  Progress: 7/140 | Rate: 0.47/s | ETA: 4.7m
  Progress: 8/140 | Rate: 0.46/s | ETA: 4.8m
  Progress: 9/140 | Rate: 0.48/s | ETA: 4.5m
  Progress: 10/140 | Rate: 0.50/s | ETA: 4.3m
  Progress: 11/140 | Rate: 0.51/s | ETA: 4.2m
  Progress: 12/140 | Rate: 0.49/s | ETA: 4.3m
  Progress: 13/140 | Rate: 0.51/s | ETA: 4.2m
  Progress: 14/140 | Rate: 0.52/s | ETA: 4.1m
  Progress: 15/140 | Rate: 0.53/s | ETA: 4.0m
  Progress: 16/140 | Rate: 0.53/s | ETA: 3.9m
  Progress: 17/140 | Rate: 0.54/s | ETA: 3.8m
  Progress: 18/140 | Rate: 0.51/s | ETA: 4.0m
  Progress: 19/140 | Rate: 0.52/s | ETA: 3.9m
  Progress: 20/140 | Rate: 0.49/s | ETA: 4.1m
  Progress: 21/140 | Rate: 0.49/s | ETA: 4.0m
  Progress: 22/140 | Rate: 0.50/s | ETA: 3.9m
  Progress: 23/140 | Rate: 0.50/s | ETA: 3.9m
  Progress: 24/140 | Rate: 0.50/s | ETA: 3.9m
  Progress: 25/140 | Rate: 0.51/s | ETA: 3.8m
  Progress: 26/140 | Rate: 0.50/s | ETA: 3.8m
  Progress: 27/140 | Rate: 0.50/s | ETA: 3.7m
  Progress: 28/140 | Rate: 0.51/s | ETA: 3.7m
  Progress: 29/140 | Rate: 0.51/s | ETA: 3.6m
  Progress: 30/140 | Rate: 0.51/s | ETA: 3.6m
  Progress: 31/140 | Rate: 0.51/s | ETA: 3.6m
  Progress: 32/140 | Rate: 0.51/s | ETA: 3.5m
  Progress: 33/140 | Rate: 0.51/s | ETA: 3.5m
  Progress: 34/140 | Rate: 0.51/s | ETA: 3.4m
  Progress: 35/140 | Rate: 0.52/s | ETA: 3.4m
  Progress: 36/140 | Rate: 0.52/s | ETA: 3.4m
  Progress: 37/140 | Rate: 0.52/s | ETA: 3.3m
  Progress: 38/140 | Rate: 0.51/s | ETA: 3.3m
  Progress: 39/140 | Rate: 0.52/s | ETA: 3.3m
  Progress: 40/140 | Rate: 0.52/s | ETA: 3.2m
  Progress: 41/140 | Rate: 0.52/s | ETA: 3.2m
  Progress: 42/140 | Rate: 0.52/s | ETA: 3.2m
  Progress: 43/140 | Rate: 0.51/s | ETA: 3.2m
  Progress: 44/140 | Rate: 0.52/s | ETA: 3.1m
  Progress: 45/140 | Rate: 0.51/s | ETA: 3.1m
  Progress: 46/140 | Rate: 0.51/s | ETA: 3.1m
  Progress: 47/140 | Rate: 0.50/s | ETA: 3.1m
  Progress: 48/140 | Rate: 0.50/s | ETA: 3.1m
  Progress: 49/140 | Rate: 0.50/s | ETA: 3.0m
  Progress: 50/140 | Rate: 0.50/s | ETA: 3.0m
  Progress: 51/140 | Rate: 0.51/s | ETA: 2.9m
  Progress: 52/140 | Rate: 0.51/s | ETA: 2.9m
  Progress: 53/140 | Rate: 0.51/s | ETA: 2.8m
  Progress: 54/140 | Rate: 0.51/s | ETA: 2.8m
  Progress: 55/140 | Rate: 0.51/s | ETA: 2.8m
  Progress: 56/140 | Rate: 0.51/s | ETA: 2.8m
  Progress: 57/140 | Rate: 0.51/s | ETA: 2.7m
  Progress: 58/140 | Rate: 0.51/s | ETA: 2.7m
  Progress: 59/140 | Rate: 0.51/s | ETA: 2.6m
  Progress: 60/140 | Rate: 0.52/s | ETA: 2.6m
  Progress: 61/140 | Rate: 0.52/s | ETA: 2.6m
  Progress: 62/140 | Rate: 0.52/s | ETA: 2.5m
  Progress: 63/140 | Rate: 0.52/s | ETA: 2.5m
  Progress: 64/140 | Rate: 0.52/s | ETA: 2.4m
  Progress: 65/140 | Rate: 0.52/s | ETA: 2.4m
  Progress: 66/140 | Rate: 0.51/s | ETA: 2.4m
  Progress: 67/140 | Rate: 0.51/s | ETA: 2.4m
  Progress: 68/140 | Rate: 0.52/s | ETA: 2.3m
  Progress: 69/140 | Rate: 0.52/s | ETA: 2.3m
  Progress: 70/140 | Rate: 0.52/s | ETA: 2.2m
  Progress: 71/140 | Rate: 0.52/s | ETA: 2.2m
  Progress: 72/140 | Rate: 0.52/s | ETA: 2.2m
  Progress: 73/140 | Rate: 0.52/s | ETA: 2.2m
  Progress: 74/140 | Rate: 0.52/s | ETA: 2.1m
  Progress: 75/140 | Rate: 0.52/s | ETA: 2.1m
  Progress: 76/140 | Rate: 0.52/s | ETA: 2.0m
  Progress: 77/140 | Rate: 0.53/s | ETA: 2.0m
  Progress: 78/140 | Rate: 0.53/s | ETA: 2.0m
  Progress: 79/140 | Rate: 0.53/s | ETA: 1.9m
  Progress: 80/140 | Rate: 0.53/s | ETA: 1.9m
  Progress: 81/140 | Rate: 0.53/s | ETA: 1.9m
  Progress: 82/140 | Rate: 0.53/s | ETA: 1.8m
  Progress: 83/140 | Rate: 0.53/s | ETA: 1.8m
  Progress: 84/140 | Rate: 0.53/s | ETA: 1.8m
  Progress: 85/140 | Rate: 0.53/s | ETA: 1.7m
  Progress: 86/140 | Rate: 0.53/s | ETA: 1.7m
  Progress: 87/140 | Rate: 0.53/s | ETA: 1.7m
  Progress: 88/140 | Rate: 0.53/s | ETA: 1.6m
  Progress: 89/140 | Rate: 0.52/s | ETA: 1.6m
  Progress: 90/140 | Rate: 0.52/s | ETA: 1.6m
  Progress: 91/140 | Rate: 0.52/s | ETA: 1.6m
  Progress: 92/140 | Rate: 0.52/s | ETA: 1.5m
  Progress: 93/140 | Rate: 0.52/s | ETA: 1.5m
  Progress: 94/140 | Rate: 0.51/s | ETA: 1.5m
  Progress: 95/140 | Rate: 0.51/s | ETA: 1.5m
  Progress: 96/140 | Rate: 0.51/s | ETA: 1.4m
  Progress: 97/140 | Rate: 0.51/s | ETA: 1.4m
  Progress: 98/140 | Rate: 0.51/s | ETA: 1.4m
  Progress: 99/140 | Rate: 0.51/s | ETA: 1.3m
  Progress: 100/140 | Rate: 0.52/s | ETA: 1.3m
  Progress: 101/140 | Rate: 0.52/s | ETA: 1.3m
  Progress: 102/140 | Rate: 0.52/s | ETA: 1.2m
  Progress: 103/140 | Rate: 0.52/s | ETA: 1.2m
  Progress: 104/140 | Rate: 0.52/s | ETA: 1.2m
  Progress: 105/140 | Rate: 0.51/s | ETA: 1.1m
  Progress: 106/140 | Rate: 0.51/s | ETA: 1.1m
  Progress: 107/140 | Rate: 0.51/s | ETA: 1.1m
  Progress: 108/140 | Rate: 0.51/s | ETA: 1.0m
  Progress: 109/140 | Rate: 0.51/s | ETA: 1.0m
  Progress: 110/140 | Rate: 0.51/s | ETA: 1.0m
  Progress: 111/140 | Rate: 0.51/s | ETA: 0.9m
  Progress: 112/140 | Rate: 0.51/s | ETA: 0.9m
  Progress: 113/140 | Rate: 0.51/s | ETA: 0.9m
  Progress: 114/140 | Rate: 0.51/s | ETA: 0.8m
  Progress: 115/140 | Rate: 0.51/s | ETA: 0.8m
  Progress: 116/140 | Rate: 0.51/s | ETA: 0.8m
  Progress: 117/140 | Rate: 0.51/s | ETA: 0.7m
  Progress: 118/140 | Rate: 0.51/s | ETA: 0.7m
  Progress: 119/140 | Rate: 0.51/s | ETA: 0.7m
  Progress: 120/140 | Rate: 0.51/s | ETA: 0.7m
  Progress: 121/140 | Rate: 0.51/s | ETA: 0.6m
  Progress: 122/140 | Rate: 0.51/s | ETA: 0.6m
  Progress: 123/140 | Rate: 0.51/s | ETA: 0.6m
  Progress: 124/140 | Rate: 0.51/s | ETA: 0.5m
  Progress: 125/140 | Rate: 0.51/s | ETA: 0.5m
  Progress: 126/140 | Rate: 0.51/s | ETA: 0.5m
  Progress: 127/140 | Rate: 0.51/s | ETA: 0.4m
  Progress: 128/140 | Rate: 0.51/s | ETA: 0.4m
  Progress: 129/140 | Rate: 0.51/s | ETA: 0.4m
  Progress: 130/140 | Rate: 0.51/s | ETA: 0.3m
  Progress: 131/140 | Rate: 0.51/s | ETA: 0.3m
  Progress: 132/140 | Rate: 0.51/s | ETA: 0.3m
  Progress: 133/140 | Rate: 0.51/s | ETA: 0.2m
  Progress: 134/140 | Rate: 0.51/s | ETA: 0.2m
  Progress: 135/140 | Rate: 0.51/s | ETA: 0.2m
  Progress: 136/140 | Rate: 0.51/s | ETA: 0.1m
  Progress: 137/140 | Rate: 0.51/s | ETA: 0.1m
  Progress: 138/140 | Rate: 0.52/s | ETA: 0.1m
  Progress: 139/140 | Rate: 0.52/s | ETA: 0.0m
  Progress: 140/140 | Rate: 0.52/s | ETA: 0.0m

✔ Done. 140 evaluations in 271.1s (0.52/s)
>>> qwen3_235b_vanilla_sample0_responses.jsonl  17:40:05Z

============================================================
  Judge:  deepseek (deepseek-ai/deepseek-v3.2-maas)
  Input:  runs/run_20260521/responses/qwen3_235b_vanilla_sample0_responses.jsonl
  Output: /home/satvik/Documents/CIKM/runs/run_20260521/evaluations/deepseek_evaluations_qwen3_235b_vanilla_sample0.jsonl
============================================================
  Remaining: 140 rows
  Progress: 1/140 | Rate: 0.63/s | ETA: 3.7m
  Progress: 2/140 | Rate: 0.60/s | ETA: 3.8m
  Progress: 3/140 | Rate: 0.65/s | ETA: 3.5m
  Progress: 4/140 | Rate: 0.65/s | ETA: 3.5m
  [cat1_orig_005] [Attempt 1] HTTP 429: [{
  "error": {
    "code": 429,
    "message": "Resource exhausted. Please try again later. Please refer to https://clo — waiting 60s
  Progress: 5/140 | Rate: 0.07/s | ETA: 30.8m
  Progress: 6/140 | Rate: 0.08/s | ETA: 26.7m
  Progress: 7/140 | Rate: 0.10/s | ETA: 23.2m
  Progress: 8/140 | Rate: 0.11/s | ETA: 20.5m
  Progress: 9/140 | Rate: 0.12/s | ETA: 18.7m
  Progress: 10/140 | Rate: 0.13/s | ETA: 17.0m
  Progress: 11/140 | Rate: 0.14/s | ETA: 15.6m
  Progress: 12/140 | Rate: 0.15/s | ETA: 14.4m
  Progress: 13/140 | Rate: 0.16/s | ETA: 13.4m
  Progress: 14/140 | Rate: 0.17/s | ETA: 12.6m
  Progress: 15/140 | Rate: 0.18/s | ETA: 11.9m
  Progress: 16/140 | Rate: 0.18/s | ETA: 11.2m
  Progress: 17/140 | Rate: 0.19/s | ETA: 10.7m
  Progress: 18/140 | Rate: 0.20/s | ETA: 10.3m
  Progress: 19/140 | Rate: 0.18/s | ETA: 11.4m
  Progress: 20/140 | Rate: 0.18/s | ETA: 11.4m
  Progress: 21/140 | Rate: 0.18/s | ETA: 10.9m
  Progress: 22/140 | Rate: 0.19/s | ETA: 10.4m
  Progress: 23/140 | Rate: 0.19/s | ETA: 10.1m
  Progress: 24/140 | Rate: 0.20/s | ETA: 9.8m
  Progress: 25/140 | Rate: 0.20/s | ETA: 9.4m
  Progress: 26/140 | Rate: 0.21/s | ETA: 9.1m
  Progress: 27/140 | Rate: 0.21/s | ETA: 8.8m
  Progress: 28/140 | Rate: 0.22/s | ETA: 8.5m
  Progress: 29/140 | Rate: 0.22/s | ETA: 8.3m
  Progress: 30/140 | Rate: 0.23/s | ETA: 8.0m
  Progress: 31/140 | Rate: 0.23/s | ETA: 7.8m
  Progress: 32/140 | Rate: 0.24/s | ETA: 7.6m
  Progress: 33/140 | Rate: 0.23/s | ETA: 7.6m
  Progress: 34/140 | Rate: 0.24/s | ETA: 7.4m
  Progress: 35/140 | Rate: 0.24/s | ETA: 7.2m
  Progress: 36/140 | Rate: 0.25/s | ETA: 7.0m
  Progress: 37/140 | Rate: 0.25/s | ETA: 6.8m
  Progress: 38/140 | Rate: 0.25/s | ETA: 6.7m
  Progress: 39/140 | Rate: 0.26/s | ETA: 6.5m
  Progress: 40/140 | Rate: 0.26/s | ETA: 6.3m
  Progress: 41/140 | Rate: 0.27/s | ETA: 6.2m
  Progress: 42/140 | Rate: 0.27/s | ETA: 6.0m
  Progress: 43/140 | Rate: 0.27/s | ETA: 5.9m
  Progress: 44/140 | Rate: 0.28/s | ETA: 5.8m
  Progress: 45/140 | Rate: 0.28/s | ETA: 5.6m
  Progress: 46/140 | Rate: 0.28/s | ETA: 5.5m
  Progress: 47/140 | Rate: 0.29/s | ETA: 5.4m
  Progress: 48/140 | Rate: 0.29/s | ETA: 5.3m
  Progress: 49/140 | Rate: 0.29/s | ETA: 5.2m
  Progress: 50/140 | Rate: 0.30/s | ETA: 5.1m
  Progress: 51/140 | Rate: 0.30/s | ETA: 5.0m
  Progress: 52/140 | Rate: 0.30/s | ETA: 4.9m
  Progress: 53/140 | Rate: 0.30/s | ETA: 4.8m
  Progress: 54/140 | Rate: 0.31/s | ETA: 4.7m
  Progress: 55/140 | Rate: 0.31/s | ETA: 4.6m
  Progress: 56/140 | Rate: 0.31/s | ETA: 4.5m
  Progress: 57/140 | Rate: 0.32/s | ETA: 4.4m
  Progress: 58/140 | Rate: 0.32/s | ETA: 4.3m
  Progress: 59/140 | Rate: 0.32/s | ETA: 4.2m
  Progress: 60/140 | Rate: 0.32/s | ETA: 4.1m
  Progress: 61/140 | Rate: 0.32/s | ETA: 4.1m
  Progress: 62/140 | Rate: 0.32/s | ETA: 4.1m
  Progress: 63/140 | Rate: 0.32/s | ETA: 4.0m
  Progress: 64/140 | Rate: 0.33/s | ETA: 3.9m
  Progress: 65/140 | Rate: 0.33/s | ETA: 3.8m
  Progress: 66/140 | Rate: 0.33/s | ETA: 3.7m
  Progress: 67/140 | Rate: 0.33/s | ETA: 3.7m
  Progress: 68/140 | Rate: 0.33/s | ETA: 3.6m
  Progress: 69/140 | Rate: 0.34/s | ETA: 3.5m
  Progress: 70/140 | Rate: 0.34/s | ETA: 3.5m
  Progress: 71/140 | Rate: 0.34/s | ETA: 3.4m
  Progress: 72/140 | Rate: 0.34/s | ETA: 3.3m
  Progress: 73/140 | Rate: 0.34/s | ETA: 3.3m
  Progress: 74/140 | Rate: 0.35/s | ETA: 3.2m
  Progress: 75/140 | Rate: 0.35/s | ETA: 3.1m
  Progress: 76/140 | Rate: 0.35/s | ETA: 3.0m
  Progress: 77/140 | Rate: 0.35/s | ETA: 3.0m
  Progress: 78/140 | Rate: 0.35/s | ETA: 2.9m
  Progress: 79/140 | Rate: 0.36/s | ETA: 2.8m
  Progress: 80/140 | Rate: 0.36/s | ETA: 2.8m
  Progress: 81/140 | Rate: 0.36/s | ETA: 2.7m
  Progress: 82/140 | Rate: 0.36/s | ETA: 2.7m
  Progress: 83/140 | Rate: 0.36/s | ETA: 2.6m
  Progress: 84/140 | Rate: 0.37/s | ETA: 2.5m
  Progress: 85/140 | Rate: 0.37/s | ETA: 2.5m
  Progress: 86/140 | Rate: 0.37/s | ETA: 2.4m
  Progress: 87/140 | Rate: 0.37/s | ETA: 2.4m
  Progress: 88/140 | Rate: 0.37/s | ETA: 2.3m
  Progress: 89/140 | Rate: 0.37/s | ETA: 2.3m
  Progress: 90/140 | Rate: 0.37/s | ETA: 2.2m
  Progress: 91/140 | Rate: 0.38/s | ETA: 2.2m
  Progress: 92/140 | Rate: 0.37/s | ETA: 2.2m
  Progress: 93/140 | Rate: 0.37/s | ETA: 2.1m
  Progress: 94/140 | Rate: 0.37/s | ETA: 2.1m
  Progress: 95/140 | Rate: 0.37/s | ETA: 2.0m
  Progress: 96/140 | Rate: 0.38/s | ETA: 2.0m
  Progress: 97/140 | Rate: 0.38/s | ETA: 1.9m
  Progress: 98/140 | Rate: 0.38/s | ETA: 1.8m
  Progress: 99/140 | Rate: 0.38/s | ETA: 1.8m
  Progress: 100/140 | Rate: 0.38/s | ETA: 1.7m
  Progress: 101/140 | Rate: 0.38/s | ETA: 1.7m
  Progress: 102/140 | Rate: 0.39/s | ETA: 1.6m
  Progress: 103/140 | Rate: 0.39/s | ETA: 1.6m
  Progress: 104/140 | Rate: 0.39/s | ETA: 1.5m
  Progress: 105/140 | Rate: 0.39/s | ETA: 1.5m
  Progress: 106/140 | Rate: 0.39/s | ETA: 1.4m
  Progress: 107/140 | Rate: 0.39/s | ETA: 1.4m
  Progress: 108/140 | Rate: 0.39/s | ETA: 1.4m
  Progress: 109/140 | Rate: 0.40/s | ETA: 1.3m
  Progress: 110/140 | Rate: 0.40/s | ETA: 1.3m
  Progress: 111/140 | Rate: 0.40/s | ETA: 1.2m
  Progress: 112/140 | Rate: 0.40/s | ETA: 1.2m
  Progress: 113/140 | Rate: 0.40/s | ETA: 1.1m
  Progress: 114/140 | Rate: 0.40/s | ETA: 1.1m
  Progress: 115/140 | Rate: 0.40/s | ETA: 1.1m
  Progress: 116/140 | Rate: 0.40/s | ETA: 1.0m
  Progress: 117/140 | Rate: 0.40/s | ETA: 1.0m
  Progress: 118/140 | Rate: 0.40/s | ETA: 0.9m
  Progress: 119/140 | Rate: 0.40/s | ETA: 0.9m
  Progress: 120/140 | Rate: 0.40/s | ETA: 0.8m
  Progress: 121/140 | Rate: 0.40/s | ETA: 0.8m
  Progress: 122/140 | Rate: 0.41/s | ETA: 0.7m
  Progress: 123/140 | Rate: 0.40/s | ETA: 0.7m
  Progress: 124/140 | Rate: 0.40/s | ETA: 0.7m
  Progress: 125/140 | Rate: 0.40/s | ETA: 0.6m
  Progress: 126/140 | Rate: 0.40/s | ETA: 0.6m
  Progress: 127/140 | Rate: 0.40/s | ETA: 0.5m
  Progress: 128/140 | Rate: 0.40/s | ETA: 0.5m
  Progress: 129/140 | Rate: 0.40/s | ETA: 0.5m
  Progress: 130/140 | Rate: 0.41/s | ETA: 0.4m
  Progress: 131/140 | Rate: 0.41/s | ETA: 0.4m
  Progress: 132/140 | Rate: 0.40/s | ETA: 0.3m
  Progress: 133/140 | Rate: 0.40/s | ETA: 0.3m
  Progress: 134/140 | Rate: 0.40/s | ETA: 0.2m
  Progress: 135/140 | Rate: 0.40/s | ETA: 0.2m
  Progress: 136/140 | Rate: 0.40/s | ETA: 0.2m
  Progress: 137/140 | Rate: 0.40/s | ETA: 0.1m
  Progress: 138/140 | Rate: 0.40/s | ETA: 0.1m
  Progress: 139/140 | Rate: 0.40/s | ETA: 0.0m
  Progress: 140/140 | Rate: 0.41/s | ETA: 0.0m

✔ Done. 140 evaluations in 345.1s (0.41/s)
>>> qwen3_235b_vanilla_sample1_responses.jsonl  17:45:51Z

============================================================
  Judge:  deepseek (deepseek-ai/deepseek-v3.2-maas)
  Input:  runs/run_20260521/responses/qwen3_235b_vanilla_sample1_responses.jsonl
  Output: /home/satvik/Documents/CIKM/runs/run_20260521/evaluations/deepseek_evaluations_qwen3_235b_vanilla_sample1.jsonl
============================================================
  Remaining: 140 rows
  Progress: 1/140 | Rate: 0.47/s | ETA: 4.9m
  Progress: 2/140 | Rate: 0.56/s | ETA: 4.1m
  Progress: 3/140 | Rate: 0.61/s | ETA: 3.7m
  Progress: 4/140 | Rate: 0.61/s | ETA: 3.7m
  Progress: 5/140 | Rate: 0.64/s | ETA: 3.5m
  Progress: 6/140 | Rate: 0.64/s | ETA: 3.5m
  Progress: 7/140 | Rate: 0.62/s | ETA: 3.6m
  Progress: 8/140 | Rate: 0.62/s | ETA: 3.5m
  Progress: 9/140 | Rate: 0.63/s | ETA: 3.5m
  Progress: 10/140 | Rate: 0.63/s | ETA: 3.5m
  Progress: 11/140 | Rate: 0.62/s | ETA: 3.5m
  Progress: 12/140 | Rate: 0.63/s | ETA: 3.4m
  Progress: 13/140 | Rate: 0.59/s | ETA: 3.6m
  Progress: 14/140 | Rate: 0.59/s | ETA: 3.5m
  Progress: 15/140 | Rate: 0.59/s | ETA: 3.5m
  Progress: 16/140 | Rate: 0.57/s | ETA: 3.6m
  Progress: 17/140 | Rate: 0.58/s | ETA: 3.6m
  Progress: 18/140 | Rate: 0.58/s | ETA: 3.5m
  Progress: 19/140 | Rate: 0.56/s | ETA: 3.6m
  Progress: 20/140 | Rate: 0.55/s | ETA: 3.6m
  Progress: 21/140 | Rate: 0.54/s | ETA: 3.7m
  Progress: 22/140 | Rate: 0.54/s | ETA: 3.7m
  Progress: 23/140 | Rate: 0.52/s | ETA: 3.7m
  Progress: 24/140 | Rate: 0.53/s | ETA: 3.7m
  Progress: 25/140 | Rate: 0.53/s | ETA: 3.6m
  Progress: 26/140 | Rate: 0.53/s | ETA: 3.6m
  Progress: 27/140 | Rate: 0.53/s | ETA: 3.6m
  Progress: 28/140 | Rate: 0.53/s | ETA: 3.5m
  Progress: 29/140 | Rate: 0.53/s | ETA: 3.5m
  Progress: 30/140 | Rate: 0.53/s | ETA: 3.5m
  Progress: 31/140 | Rate: 0.53/s | ETA: 3.4m
  Progress: 32/140 | Rate: 0.54/s | ETA: 3.4m
  Progress: 33/140 | Rate: 0.54/s | ETA: 3.3m
  Progress: 34/140 | Rate: 0.54/s | ETA: 3.3m
  Progress: 35/140 | Rate: 0.53/s | ETA: 3.3m
  Progress: 36/140 | Rate: 0.53/s | ETA: 3.2m
  Progress: 37/140 | Rate: 0.54/s | ETA: 3.2m
  Progress: 38/140 | Rate: 0.52/s | ETA: 3.2m
  Progress: 39/140 | Rate: 0.51/s | ETA: 3.3m
  Progress: 40/140 | Rate: 0.52/s | ETA: 3.2m
  Progress: 41/140 | Rate: 0.52/s | ETA: 3.2m
  Progress: 42/140 | Rate: 0.52/s | ETA: 3.1m
  Progress: 43/140 | Rate: 0.52/s | ETA: 3.1m
  Progress: 44/140 | Rate: 0.52/s | ETA: 3.1m
  Progress: 45/140 | Rate: 0.52/s | ETA: 3.0m
  Progress: 46/140 | Rate: 0.51/s | ETA: 3.1m
  Progress: 47/140 | Rate: 0.51/s | ETA: 3.0m
  Progress: 48/140 | Rate: 0.51/s | ETA: 3.0m
  Progress: 49/140 | Rate: 0.51/s | ETA: 3.0m
  Progress: 50/140 | Rate: 0.51/s | ETA: 2.9m
  Progress: 51/140 | Rate: 0.51/s | ETA: 2.9m
  Progress: 52/140 | Rate: 0.51/s | ETA: 2.9m
  Progress: 53/140 | Rate: 0.51/s | ETA: 2.8m
  Progress: 54/140 | Rate: 0.52/s | ETA: 2.8m
  Progress: 55/140 | Rate: 0.50/s | ETA: 2.8m
  Progress: 56/140 | Rate: 0.48/s | ETA: 2.9m
  Progress: 57/140 | Rate: 0.48/s | ETA: 2.9m
  Progress: 58/140 | Rate: 0.48/s | ETA: 2.8m
  Progress: 59/140 | Rate: 0.48/s | ETA: 2.8m
  Progress: 60/140 | Rate: 0.48/s | ETA: 2.8m
  Progress: 61/140 | Rate: 0.49/s | ETA: 2.7m
  Progress: 62/140 | Rate: 0.49/s | ETA: 2.7m
  Progress: 63/140 | Rate: 0.49/s | ETA: 2.6m
  Progress: 64/140 | Rate: 0.49/s | ETA: 2.6m
  Progress: 65/140 | Rate: 0.49/s | ETA: 2.5m
  Progress: 66/140 | Rate: 0.49/s | ETA: 2.5m
  Progress: 67/140 | Rate: 0.49/s | ETA: 2.5m
  Progress: 68/140 | Rate: 0.49/s | ETA: 2.4m
  Progress: 69/140 | Rate: 0.49/s | ETA: 2.4m
  Progress: 70/140 | Rate: 0.49/s | ETA: 2.4m
  Progress: 71/140 | Rate: 0.49/s | ETA: 2.3m
  Progress: 72/140 | Rate: 0.49/s | ETA: 2.3m
  Progress: 73/140 | Rate: 0.49/s | ETA: 2.3m
  Progress: 74/140 | Rate: 0.49/s | ETA: 2.2m
  Progress: 75/140 | Rate: 0.50/s | ETA: 2.2m
  Progress: 76/140 | Rate: 0.50/s | ETA: 2.1m
  Progress: 77/140 | Rate: 0.50/s | ETA: 2.1m
  Progress: 78/140 | Rate: 0.50/s | ETA: 2.1m
  Progress: 79/140 | Rate: 0.50/s | ETA: 2.0m
  Progress: 80/140 | Rate: 0.50/s | ETA: 2.0m
  Progress: 81/140 | Rate: 0.50/s | ETA: 2.0m
  Progress: 82/140 | Rate: 0.50/s | ETA: 1.9m
  Progress: 83/140 | Rate: 0.50/s | ETA: 1.9m
  Progress: 84/140 | Rate: 0.50/s | ETA: 1.9m
  Progress: 85/140 | Rate: 0.51/s | ETA: 1.8m
  Progress: 86/140 | Rate: 0.51/s | ETA: 1.8m
  Progress: 87/140 | Rate: 0.50/s | ETA: 1.8m
  Progress: 88/140 | Rate: 0.50/s | ETA: 1.7m
  Progress: 89/140 | Rate: 0.50/s | ETA: 1.7m
  Progress: 90/140 | Rate: 0.50/s | ETA: 1.7m
  Progress: 91/140 | Rate: 0.50/s | ETA: 1.6m
  Progress: 92/140 | Rate: 0.51/s | ETA: 1.6m
  Progress: 93/140 | Rate: 0.51/s | ETA: 1.5m
  Progress: 94/140 | Rate: 0.51/s | ETA: 1.5m
  Progress: 95/140 | Rate: 0.51/s | ETA: 1.5m
  Progress: 96/140 | Rate: 0.51/s | ETA: 1.4m
  Progress: 97/140 | Rate: 0.50/s | ETA: 1.4m
  Progress: 98/140 | Rate: 0.49/s | ETA: 1.4m
  Progress: 99/140 | Rate: 0.49/s | ETA: 1.4m
  Progress: 100/140 | Rate: 0.49/s | ETA: 1.4m
  Progress: 101/140 | Rate: 0.49/s | ETA: 1.3m
  Progress: 102/140 | Rate: 0.49/s | ETA: 1.3m
  Progress: 103/140 | Rate: 0.49/s | ETA: 1.3m
  Progress: 104/140 | Rate: 0.49/s | ETA: 1.2m
  Progress: 105/140 | Rate: 0.49/s | ETA: 1.2m
  Progress: 106/140 | Rate: 0.49/s | ETA: 1.2m
  Progress: 107/140 | Rate: 0.49/s | ETA: 1.1m
  Progress: 108/140 | Rate: 0.49/s | ETA: 1.1m
  Progress: 109/140 | Rate: 0.49/s | ETA: 1.0m
  Progress: 110/140 | Rate: 0.49/s | ETA: 1.0m
  Progress: 111/140 | Rate: 0.49/s | ETA: 1.0m
  Progress: 112/140 | Rate: 0.49/s | ETA: 1.0m
  Progress: 113/140 | Rate: 0.49/s | ETA: 0.9m
  Progress: 114/140 | Rate: 0.49/s | ETA: 0.9m
  Progress: 115/140 | Rate: 0.49/s | ETA: 0.8m
  Progress: 116/140 | Rate: 0.49/s | ETA: 0.8m
  Progress: 117/140 | Rate: 0.49/s | ETA: 0.8m
  Progress: 118/140 | Rate: 0.49/s | ETA: 0.7m
  Progress: 119/140 | Rate: 0.49/s | ETA: 0.7m
  Progress: 120/140 | Rate: 0.49/s | ETA: 0.7m
  Progress: 121/140 | Rate: 0.49/s | ETA: 0.6m
  Progress: 122/140 | Rate: 0.49/s | ETA: 0.6m
  Progress: 123/140 | Rate: 0.50/s | ETA: 0.6m
  Progress: 124/140 | Rate: 0.49/s | ETA: 0.5m
  Progress: 125/140 | Rate: 0.49/s | ETA: 0.5m
  Progress: 126/140 | Rate: 0.49/s | ETA: 0.5m
  Progress: 127/140 | Rate: 0.49/s | ETA: 0.4m
  Progress: 128/140 | Rate: 0.49/s | ETA: 0.4m
  Progress: 129/140 | Rate: 0.49/s | ETA: 0.4m
  Progress: 130/140 | Rate: 0.49/s | ETA: 0.3m
  Progress: 131/140 | Rate: 0.49/s | ETA: 0.3m
  Progress: 132/140 | Rate: 0.49/s | ETA: 0.3m
  Progress: 133/140 | Rate: 0.49/s | ETA: 0.2m
  Progress: 134/140 | Rate: 0.49/s | ETA: 0.2m
  Progress: 135/140 | Rate: 0.49/s | ETA: 0.2m
  Progress: 136/140 | Rate: 0.49/s | ETA: 0.1m
  Progress: 137/140 | Rate: 0.49/s | ETA: 0.1m
  Progress: 138/140 | Rate: 0.49/s | ETA: 0.1m
  Progress: 139/140 | Rate: 0.49/s | ETA: 0.0m
  Progress: 140/140 | Rate: 0.49/s | ETA: 0.0m

✔ Done. 140 evaluations in 288.5s (0.49/s)
>>> qwen3_235b_vanilla_sample2_responses.jsonl  17:50:40Z

============================================================
  Judge:  deepseek (deepseek-ai/deepseek-v3.2-maas)
  Input:  runs/run_20260521/responses/qwen3_235b_vanilla_sample2_responses.jsonl
  Output: /home/satvik/Documents/CIKM/runs/run_20260521/evaluations/deepseek_evaluations_qwen3_235b_vanilla_sample2.jsonl
============================================================
  Remaining: 140 rows
  Progress: 1/140 | Rate: 0.66/s | ETA: 3.5m
  Progress: 2/140 | Rate: 0.28/s | ETA: 8.2m
  Progress: 3/140 | Rate: 0.35/s | ETA: 6.6m
  Progress: 4/140 | Rate: 0.39/s | ETA: 5.8m
  Progress: 5/140 | Rate: 0.40/s | ETA: 5.6m
  Progress: 6/140 | Rate: 0.42/s | ETA: 5.3m
  Progress: 7/140 | Rate: 0.45/s | ETA: 4.9m
  Progress: 8/140 | Rate: 0.45/s | ETA: 4.9m
  Progress: 9/140 | Rate: 0.43/s | ETA: 5.1m
  Progress: 10/140 | Rate: 0.44/s | ETA: 4.9m
  Progress: 11/140 | Rate: 0.45/s | ETA: 4.8m
  Progress: 12/140 | Rate: 0.46/s | ETA: 4.6m
  Progress: 13/140 | Rate: 0.43/s | ETA: 4.9m
  Progress: 14/140 | Rate: 0.44/s | ETA: 4.8m
  Progress: 15/140 | Rate: 0.45/s | ETA: 4.6m
  Progress: 16/140 | Rate: 0.46/s | ETA: 4.4m
  Progress: 17/140 | Rate: 0.47/s | ETA: 4.4m
  Progress: 18/140 | Rate: 0.43/s | ETA: 4.8m
  Progress: 19/140 | Rate: 0.43/s | ETA: 4.6m
  Progress: 20/140 | Rate: 0.44/s | ETA: 4.5m
  Progress: 21/140 | Rate: 0.45/s | ETA: 4.4m
  Progress: 22/140 | Rate: 0.46/s | ETA: 4.3m
  Progress: 23/140 | Rate: 0.47/s | ETA: 4.2m
  Progress: 24/140 | Rate: 0.47/s | ETA: 4.1m
  Progress: 25/140 | Rate: 0.47/s | ETA: 4.1m
  Progress: 26/140 | Rate: 0.48/s | ETA: 4.0m
  Progress: 27/140 | Rate: 0.49/s | ETA: 3.9m
  Progress: 28/140 | Rate: 0.49/s | ETA: 3.8m
  Progress: 29/140 | Rate: 0.49/s | ETA: 3.8m
  Progress: 30/140 | Rate: 0.49/s | ETA: 3.8m
  Progress: 31/140 | Rate: 0.49/s | ETA: 3.7m
  Progress: 32/140 | Rate: 0.49/s | ETA: 3.7m
  Progress: 33/140 | Rate: 0.50/s | ETA: 3.6m
  Progress: 34/140 | Rate: 0.50/s | ETA: 3.5m
  Progress: 35/140 | Rate: 0.50/s | ETA: 3.5m
  Progress: 36/140 | Rate: 0.50/s | ETA: 3.5m
  Progress: 37/140 | Rate: 0.50/s | ETA: 3.4m
  Progress: 38/140 | Rate: 0.50/s | ETA: 3.4m
  Progress: 39/140 | Rate: 0.50/s | ETA: 3.4m
  Progress: 40/140 | Rate: 0.50/s | ETA: 3.3m
  Progress: 41/140 | Rate: 0.49/s | ETA: 3.3m
  Progress: 42/140 | Rate: 0.50/s | ETA: 3.3m
  Progress: 43/140 | Rate: 0.49/s | ETA: 3.3m
  Progress: 44/140 | Rate: 0.49/s | ETA: 3.2m
  Progress: 45/140 | Rate: 0.50/s | ETA: 3.2m
  Progress: 46/140 | Rate: 0.50/s | ETA: 3.2m
  Progress: 47/140 | Rate: 0.50/s | ETA: 3.1m
  Progress: 48/140 | Rate: 0.50/s | ETA: 3.1m
  Progress: 49/140 | Rate: 0.50/s | ETA: 3.0m
  Progress: 50/140 | Rate: 0.51/s | ETA: 3.0m
  Progress: 51/140 | Rate: 0.51/s | ETA: 2.9m
  Progress: 52/140 | Rate: 0.51/s | ETA: 2.9m
  Progress: 53/140 | Rate: 0.49/s | ETA: 2.9m
  Progress: 54/140 | Rate: 0.50/s | ETA: 2.9m
  Progress: 55/140 | Rate: 0.50/s | ETA: 2.8m
  Progress: 56/140 | Rate: 0.50/s | ETA: 2.8m
  Progress: 57/140 | Rate: 0.50/s | ETA: 2.8m
  Progress: 58/140 | Rate: 0.49/s | ETA: 2.8m
  Progress: 59/140 | Rate: 0.47/s | ETA: 2.9m
  Progress: 60/140 | Rate: 0.46/s | ETA: 2.9m
  Progress: 61/140 | Rate: 0.46/s | ETA: 2.9m
  Progress: 62/140 | Rate: 0.46/s | ETA: 2.8m
  Progress: 63/140 | Rate: 0.46/s | ETA: 2.8m
  Progress: 64/140 | Rate: 0.46/s | ETA: 2.7m
  Progress: 65/140 | Rate: 0.46/s | ETA: 2.7m
  Progress: 66/140 | Rate: 0.46/s | ETA: 2.7m
  Progress: 67/140 | Rate: 0.46/s | ETA: 2.6m
  Progress: 68/140 | Rate: 0.46/s | ETA: 2.6m
  Progress: 69/140 | Rate: 0.46/s | ETA: 2.6m
  Progress: 70/140 | Rate: 0.46/s | ETA: 2.5m
  Progress: 71/140 | Rate: 0.47/s | ETA: 2.5m
  Progress: 72/140 | Rate: 0.47/s | ETA: 2.4m
  Progress: 73/140 | Rate: 0.47/s | ETA: 2.4m
  Progress: 74/140 | Rate: 0.47/s | ETA: 2.3m
  Progress: 75/140 | Rate: 0.47/s | ETA: 2.3m
  Progress: 76/140 | Rate: 0.47/s | ETA: 2.3m
  Progress: 77/140 | Rate: 0.47/s | ETA: 2.2m
  Progress: 78/140 | Rate: 0.47/s | ETA: 2.2m
  Progress: 79/140 | Rate: 0.47/s | ETA: 2.2m
  Progress: 80/140 | Rate: 0.47/s | ETA: 2.1m
  Progress: 81/140 | Rate: 0.47/s | ETA: 2.1m
  Progress: 82/140 | Rate: 0.47/s | ETA: 2.1m
  Progress: 83/140 | Rate: 0.47/s | ETA: 2.0m
  Progress: 84/140 | Rate: 0.47/s | ETA: 2.0m
  Progress: 85/140 | Rate: 0.47/s | ETA: 2.0m
  Progress: 86/140 | Rate: 0.46/s | ETA: 1.9m
  Progress: 87/140 | Rate: 0.46/s | ETA: 1.9m
  Progress: 88/140 | Rate: 0.46/s | ETA: 1.9m
  Progress: 89/140 | Rate: 0.46/s | ETA: 1.8m
  Progress: 90/140 | Rate: 0.46/s | ETA: 1.8m
  Progress: 91/140 | Rate: 0.47/s | ETA: 1.8m
  Progress: 92/140 | Rate: 0.47/s | ETA: 1.7m
  Progress: 93/140 | Rate: 0.47/s | ETA: 1.7m
  Progress: 94/140 | Rate: 0.47/s | ETA: 1.6m
  Progress: 95/140 | Rate: 0.47/s | ETA: 1.6m
  Progress: 96/140 | Rate: 0.46/s | ETA: 1.6m
  Progress: 97/140 | Rate: 0.46/s | ETA: 1.6m
  Progress: 98/140 | Rate: 0.46/s | ETA: 1.5m
  Progress: 99/140 | Rate: 0.46/s | ETA: 1.5m
  Progress: 100/140 | Rate: 0.46/s | ETA: 1.5m
  Progress: 101/140 | Rate: 0.46/s | ETA: 1.4m
  Progress: 102/140 | Rate: 0.46/s | ETA: 1.4m
  Progress: 103/140 | Rate: 0.46/s | ETA: 1.3m
  Progress: 104/140 | Rate: 0.46/s | ETA: 1.3m
  Progress: 105/140 | Rate: 0.46/s | ETA: 1.3m
  Progress: 106/140 | Rate: 0.46/s | ETA: 1.2m
  Progress: 107/140 | Rate: 0.46/s | ETA: 1.2m
  Progress: 108/140 | Rate: 0.45/s | ETA: 1.2m
  Progress: 109/140 | Rate: 0.45/s | ETA: 1.1m
  Progress: 110/140 | Rate: 0.46/s | ETA: 1.1m
  Progress: 111/140 | Rate: 0.45/s | ETA: 1.1m
  Progress: 112/140 | Rate: 0.45/s | ETA: 1.0m
  Progress: 113/140 | Rate: 0.45/s | ETA: 1.0m
  Progress: 114/140 | Rate: 0.45/s | ETA: 1.0m
  Progress: 115/140 | Rate: 0.45/s | ETA: 0.9m
  Progress: 116/140 | Rate: 0.45/s | ETA: 0.9m
  Progress: 117/140 | Rate: 0.45/s | ETA: 0.8m
  Progress: 118/140 | Rate: 0.44/s | ETA: 0.8m
  Progress: 119/140 | Rate: 0.44/s | ETA: 0.8m
  Progress: 120/140 | Rate: 0.44/s | ETA: 0.8m
  Progress: 121/140 | Rate: 0.45/s | ETA: 0.7m
  Progress: 122/140 | Rate: 0.45/s | ETA: 0.7m
  Progress: 123/140 | Rate: 0.45/s | ETA: 0.6m
  Progress: 124/140 | Rate: 0.45/s | ETA: 0.6m
  Progress: 125/140 | Rate: 0.45/s | ETA: 0.6m
  Progress: 126/140 | Rate: 0.45/s | ETA: 0.5m
  Progress: 127/140 | Rate: 0.45/s | ETA: 0.5m
  Progress: 128/140 | Rate: 0.45/s | ETA: 0.4m
  Progress: 129/140 | Rate: 0.45/s | ETA: 0.4m
  Progress: 130/140 | Rate: 0.45/s | ETA: 0.4m
  Progress: 131/140 | Rate: 0.45/s | ETA: 0.3m
  Progress: 132/140 | Rate: 0.45/s | ETA: 0.3m
  Progress: 133/140 | Rate: 0.45/s | ETA: 0.3m
  Progress: 134/140 | Rate: 0.45/s | ETA: 0.2m
  Progress: 135/140 | Rate: 0.46/s | ETA: 0.2m
  Progress: 136/140 | Rate: 0.46/s | ETA: 0.1m
  Progress: 137/140 | Rate: 0.46/s | ETA: 0.1m
  Progress: 138/140 | Rate: 0.46/s | ETA: 0.1m
  Progress: 139/140 | Rate: 0.46/s | ETA: 0.0m
  Progress: 140/140 | Rate: 0.46/s | ETA: 0.0m

✔ Done. 140 evaluations in 305.6s (0.46/s)
>>> qwen3_local_clarification_first_sample0_responses.jsonl  17:55:46Z

============================================================
  Judge:  deepseek (deepseek-ai/deepseek-v3.2-maas)
  Input:  runs/run_20260521/responses/qwen3_local_clarification_first_sample0_responses.jsonl
  Output: /home/satvik/Documents/CIKM/runs/run_20260521/evaluations/deepseek_evaluations_qwen3_local_clarification_first_sample0.jsonl
============================================================
  Remaining: 140 rows
  Progress: 1/140 | Rate: 0.63/s | ETA: 3.7m
  Progress: 2/140 | Rate: 0.59/s | ETA: 3.9m
  Progress: 3/140 | Rate: 0.61/s | ETA: 3.7m
  Progress: 4/140 | Rate: 0.59/s | ETA: 3.9m
  Progress: 5/140 | Rate: 0.58/s | ETA: 3.9m
  Progress: 6/140 | Rate: 0.53/s | ETA: 4.2m
  Progress: 7/140 | Rate: 0.53/s | ETA: 4.2m
  Progress: 8/140 | Rate: 0.52/s | ETA: 4.2m
  Progress: 9/140 | Rate: 0.53/s | ETA: 4.1m
  Progress: 10/140 | Rate: 0.53/s | ETA: 4.1m
  Progress: 11/140 | Rate: 0.54/s | ETA: 4.0m
  Progress: 12/140 | Rate: 0.55/s | ETA: 3.9m
  Progress: 13/140 | Rate: 0.53/s | ETA: 4.0m
  Progress: 14/140 | Rate: 0.54/s | ETA: 3.9m
  Progress: 15/140 | Rate: 0.55/s | ETA: 3.8m
  Progress: 16/140 | Rate: 0.53/s | ETA: 3.9m
  Progress: 17/140 | Rate: 0.52/s | ETA: 4.0m
  Progress: 18/140 | Rate: 0.51/s | ETA: 4.0m
  Progress: 19/140 | Rate: 0.52/s | ETA: 3.9m
  Progress: 20/140 | Rate: 0.51/s | ETA: 3.9m
  Progress: 21/140 | Rate: 0.52/s | ETA: 3.8m
  Progress: 22/140 | Rate: 0.52/s | ETA: 3.8m
  Progress: 23/140 | Rate: 0.53/s | ETA: 3.7m
  Progress: 24/140 | Rate: 0.53/s | ETA: 3.7m
  Progress: 25/140 | Rate: 0.53/s | ETA: 3.6m
  Progress: 26/140 | Rate: 0.50/s | ETA: 3.8m
  Progress: 27/140 | Rate: 0.50/s | ETA: 3.8m
  Progress: 28/140 | Rate: 0.51/s | ETA: 3.7m
  Progress: 29/140 | Rate: 0.50/s | ETA: 3.7m
  Progress: 30/140 | Rate: 0.50/s | ETA: 3.7m
  Progress: 31/140 | Rate: 0.50/s | ETA: 3.6m
  Progress: 32/140 | Rate: 0.50/s | ETA: 3.6m
  Progress: 33/140 | Rate: 0.48/s | ETA: 3.7m
  Progress: 34/140 | Rate: 0.48/s | ETA: 3.7m
  Progress: 35/140 | Rate: 0.47/s | ETA: 3.7m
  Progress: 36/140 | Rate: 0.47/s | ETA: 3.7m
  Progress: 37/140 | Rate: 0.46/s | ETA: 3.8m
  Progress: 38/140 | Rate: 0.46/s | ETA: 3.7m
  Progress: 39/140 | Rate: 0.45/s | ETA: 3.7m
  Progress: 40/140 | Rate: 0.46/s | ETA: 3.7m
  Progress: 41/140 | Rate: 0.45/s | ETA: 3.6m
  Progress: 42/140 | Rate: 0.46/s | ETA: 3.6m
  Progress: 43/140 | Rate: 0.46/s | ETA: 3.5m
  Progress: 44/140 | Rate: 0.46/s | ETA: 3.5m
  Progress: 45/140 | Rate: 0.46/s | ETA: 3.4m
  Progress: 46/140 | Rate: 0.46/s | ETA: 3.4m
  Progress: 47/140 | Rate: 0.47/s | ETA: 3.3m
  Progress: 48/140 | Rate: 0.47/s | ETA: 3.3m
  Progress: 49/140 | Rate: 0.47/s | ETA: 3.2m
  Progress: 50/140 | Rate: 0.47/s | ETA: 3.2m
  Progress: 51/140 | Rate: 0.48/s | ETA: 3.1m
  Progress: 52/140 | Rate: 0.48/s | ETA: 3.1m
  Progress: 53/140 | Rate: 0.48/s | ETA: 3.0m
  Progress: 54/140 | Rate: 0.49/s | ETA: 2.9m
  Progress: 55/140 | Rate: 0.49/s | ETA: 2.9m
  Progress: 56/140 | Rate: 0.49/s | ETA: 2.9m
  Progress: 57/140 | Rate: 0.49/s | ETA: 2.8m
  Progress: 58/140 | Rate: 0.50/s | ETA: 2.8m
  Progress: 59/140 | Rate: 0.49/s | ETA: 2.8m
  Progress: 60/140 | Rate: 0.49/s | ETA: 2.7m
  Progress: 61/140 | Rate: 0.49/s | ETA: 2.7m
  Progress: 62/140 | Rate: 0.48/s | ETA: 2.7m
  Progress: 63/140 | Rate: 0.48/s | ETA: 2.7m
  Progress: 64/140 | Rate: 0.48/s | ETA: 2.6m
  Progress: 65/140 | Rate: 0.48/s | ETA: 2.6m
  Progress: 66/140 | Rate: 0.48/s | ETA: 2.6m
  Progress: 67/140 | Rate: 0.48/s | ETA: 2.5m
  Progress: 68/140 | Rate: 0.48/s | ETA: 2.5m
  Progress: 69/140 | Rate: 0.48/s | ETA: 2.5m
  Progress: 70/140 | Rate: 0.48/s | ETA: 2.4m
  Progress: 71/140 | Rate: 0.48/s | ETA: 2.4m
  Progress: 72/140 | Rate: 0.48/s | ETA: 2.3m
  Progress: 73/140 | Rate: 0.49/s | ETA: 2.3m
  Progress: 74/140 | Rate: 0.49/s | ETA: 2.3m
  Progress: 75/140 | Rate: 0.48/s | ETA: 2.2m
  Progress: 76/140 | Rate: 0.48/s | ETA: 2.2m
  Progress: 77/140 | Rate: 0.48/s | ETA: 2.2m
  Progress: 78/140 | Rate: 0.48/s | ETA: 2.1m
  Progress: 79/140 | Rate: 0.48/s | ETA: 2.1m
  Progress: 80/140 | Rate: 0.48/s | ETA: 2.1m
  Progress: 81/140 | Rate: 0.48/s | ETA: 2.1m
  Progress: 82/140 | Rate: 0.48/s | ETA: 2.0m
  Progress: 83/140 | Rate: 0.48/s | ETA: 2.0m
  Progress: 84/140 | Rate: 0.48/s | ETA: 2.0m
  Progress: 85/140 | Rate: 0.48/s | ETA: 1.9m
  Progress: 86/140 | Rate: 0.48/s | ETA: 1.9m
  Progress: 87/140 | Rate: 0.48/s | ETA: 1.8m
  Progress: 88/140 | Rate: 0.49/s | ETA: 1.8m
  Progress: 89/140 | Rate: 0.48/s | ETA: 1.8m
  Progress: 90/140 | Rate: 0.49/s | ETA: 1.7m
  Progress: 91/140 | Rate: 0.49/s | ETA: 1.7m
  Progress: 92/140 | Rate: 0.49/s | ETA: 1.6m
  Progress: 93/140 | Rate: 0.49/s | ETA: 1.6m
  Progress: 94/140 | Rate: 0.49/s | ETA: 1.6m
  Progress: 95/140 | Rate: 0.49/s | ETA: 1.5m
  Progress: 96/140 | Rate: 0.49/s | ETA: 1.5m
  Progress: 97/140 | Rate: 0.49/s | ETA: 1.5m
  Progress: 98/140 | Rate: 0.49/s | ETA: 1.4m
  Progress: 99/140 | Rate: 0.49/s | ETA: 1.4m
  [cat3_real_005] [Attempt 1] HTTP 429: [{
  "error": {
    "code": 429,
    "message": "Resource exhausted. Please try again later. Please refer to https://clo — waiting 60s
  Progress: 100/140 | Rate: 0.38/s | ETA: 1.8m
  Progress: 101/140 | Rate: 0.38/s | ETA: 1.7m
  Progress: 102/140 | Rate: 0.38/s | ETA: 1.7m
  Progress: 103/140 | Rate: 0.38/s | ETA: 1.6m
  Progress: 104/140 | Rate: 0.38/s | ETA: 1.6m
  Progress: 105/140 | Rate: 0.38/s | ETA: 1.5m
  Progress: 106/140 | Rate: 0.39/s | ETA: 1.5m
  Progress: 107/140 | Rate: 0.39/s | ETA: 1.4m
  Progress: 108/140 | Rate: 0.39/s | ETA: 1.4m
  Progress: 109/140 | Rate: 0.39/s | ETA: 1.3m
  Progress: 110/140 | Rate: 0.39/s | ETA: 1.3m
  Progress: 111/140 | Rate: 0.39/s | ETA: 1.2m
  Progress: 112/140 | Rate: 0.39/s | ETA: 1.2m
  Progress: 113/140 | Rate: 0.39/s | ETA: 1.2m
  Progress: 114/140 | Rate: 0.39/s | ETA: 1.1m
  Progress: 115/140 | Rate: 0.39/s | ETA: 1.1m
  Progress: 116/140 | Rate: 0.39/s | ETA: 1.0m
  Progress: 117/140 | Rate: 0.39/s | ETA: 1.0m
  Progress: 118/140 | Rate: 0.39/s | ETA: 0.9m
  Progress: 119/140 | Rate: 0.39/s | ETA: 0.9m
  Progress: 120/140 | Rate: 0.39/s | ETA: 0.9m
  Progress: 121/140 | Rate: 0.39/s | ETA: 0.8m
  Progress: 122/140 | Rate: 0.39/s | ETA: 0.8m
  Progress: 123/140 | Rate: 0.39/s | ETA: 0.7m
  Progress: 124/140 | Rate: 0.39/s | ETA: 0.7m
  Progress: 125/140 | Rate: 0.39/s | ETA: 0.6m
  Progress: 126/140 | Rate: 0.39/s | ETA: 0.6m
  Progress: 127/140 | Rate: 0.40/s | ETA: 0.5m
  Progress: 128/140 | Rate: 0.40/s | ETA: 0.5m
  Progress: 129/140 | Rate: 0.40/s | ETA: 0.5m
  Progress: 130/140 | Rate: 0.40/s | ETA: 0.4m
  Progress: 131/140 | Rate: 0.40/s | ETA: 0.4m
  Progress: 132/140 | Rate: 0.40/s | ETA: 0.3m
  Progress: 133/140 | Rate: 0.40/s | ETA: 0.3m
  Progress: 134/140 | Rate: 0.40/s | ETA: 0.2m
  Progress: 135/140 | Rate: 0.40/s | ETA: 0.2m
  Progress: 136/140 | Rate: 0.40/s | ETA: 0.2m
  Progress: 137/140 | Rate: 0.40/s | ETA: 0.1m
  Progress: 138/140 | Rate: 0.41/s | ETA: 0.1m
  Progress: 139/140 | Rate: 0.41/s | ETA: 0.0m
  Progress: 140/140 | Rate: 0.41/s | ETA: 0.0m

✔ Done. 140 evaluations in 345.4s (0.41/s)
>>> qwen3_local_clarification_first_sample1_responses.jsonl  18:01:33Z

============================================================
  Judge:  deepseek (deepseek-ai/deepseek-v3.2-maas)
  Input:  runs/run_20260521/responses/qwen3_local_clarification_first_sample1_responses.jsonl
  Output: /home/satvik/Documents/CIKM/runs/run_20260521/evaluations/deepseek_evaluations_qwen3_local_clarification_first_sample1.jsonl
============================================================
  Remaining: 140 rows
  Progress: 1/140 | Rate: 0.65/s | ETA: 3.6m
  Progress: 2/140 | Rate: 0.67/s | ETA: 3.4m
  Progress: 3/140 | Rate: 0.66/s | ETA: 3.5m
  Progress: 4/140 | Rate: 0.66/s | ETA: 3.5m
  Progress: 5/140 | Rate: 0.37/s | ETA: 6.1m
  Progress: 6/140 | Rate: 0.39/s | ETA: 5.7m
  Progress: 7/140 | Rate: 0.42/s | ETA: 5.3m
  Progress: 8/140 | Rate: 0.44/s | ETA: 5.0m
  Progress: 9/140 | Rate: 0.44/s | ETA: 5.0m
  Progress: 10/140 | Rate: 0.45/s | ETA: 4.8m
  Progress: 11/140 | Rate: 0.46/s | ETA: 4.7m
  Progress: 12/140 | Rate: 0.38/s | ETA: 5.6m
  Progress: 13/140 | Rate: 0.39/s | ETA: 5.4m
  Progress: 14/140 | Rate: 0.34/s | ETA: 6.1m
  Progress: 15/140 | Rate: 0.36/s | ETA: 5.8m
  Progress: 16/140 | Rate: 0.36/s | ETA: 5.7m
  Progress: 17/140 | Rate: 0.37/s | ETA: 5.6m
  Progress: 18/140 | Rate: 0.37/s | ETA: 5.5m
  Progress: 19/140 | Rate: 0.38/s | ETA: 5.3m
  Progress: 20/140 | Rate: 0.39/s | ETA: 5.1m
  Progress: 21/140 | Rate: 0.40/s | ETA: 5.0m
  Progress: 22/140 | Rate: 0.39/s | ETA: 5.0m
  Progress: 23/140 | Rate: 0.40/s | ETA: 4.9m
  Progress: 24/140 | Rate: 0.40/s | ETA: 4.8m
  Progress: 25/140 | Rate: 0.41/s | ETA: 4.7m
  Progress: 26/140 | Rate: 0.42/s | ETA: 4.6m
  Progress: 27/140 | Rate: 0.42/s | ETA: 4.5m
  Progress: 28/140 | Rate: 0.43/s | ETA: 4.3m
  Progress: 29/140 | Rate: 0.43/s | ETA: 4.3m
  Progress: 30/140 | Rate: 0.43/s | ETA: 4.3m
  Progress: 31/140 | Rate: 0.44/s | ETA: 4.2m
  Progress: 32/140 | Rate: 0.44/s | ETA: 4.1m
  Progress: 33/140 | Rate: 0.43/s | ETA: 4.2m
  Progress: 34/140 | Rate: 0.43/s | ETA: 4.1m
  Progress: 35/140 | Rate: 0.43/s | ETA: 4.0m
  Progress: 36/140 | Rate: 0.44/s | ETA: 4.0m
  Progress: 37/140 | Rate: 0.44/s | ETA: 3.9m
  Progress: 38/140 | Rate: 0.44/s | ETA: 3.8m
  Progress: 39/140 | Rate: 0.45/s | ETA: 3.7m
  Progress: 40/140 | Rate: 0.45/s | ETA: 3.7m
  Progress: 41/140 | Rate: 0.46/s | ETA: 3.6m
  Progress: 42/140 | Rate: 0.46/s | ETA: 3.5m
  Progress: 43/140 | Rate: 0.46/s | ETA: 3.5m
  Progress: 44/140 | Rate: 0.47/s | ETA: 3.4m
  Progress: 45/140 | Rate: 0.47/s | ETA: 3.4m
  Progress: 46/140 | Rate: 0.47/s | ETA: 3.3m
  Progress: 47/140 | Rate: 0.48/s | ETA: 3.2m
  Progress: 48/140 | Rate: 0.48/s | ETA: 3.2m
  Progress: 49/140 | Rate: 0.48/s | ETA: 3.1m
  Progress: 50/140 | Rate: 0.49/s | ETA: 3.1m
  Progress: 51/140 | Rate: 0.49/s | ETA: 3.0m
  Progress: 52/140 | Rate: 0.49/s | ETA: 3.0m
  Progress: 53/140 | Rate: 0.48/s | ETA: 3.0m
  Progress: 54/140 | Rate: 0.48/s | ETA: 3.0m
  Progress: 55/140 | Rate: 0.43/s | ETA: 3.3m
  Progress: 56/140 | Rate: 0.43/s | ETA: 3.3m
  Progress: 57/140 | Rate: 0.43/s | ETA: 3.2m
  Progress: 58/140 | Rate: 0.43/s | ETA: 3.2m
  Progress: 59/140 | Rate: 0.43/s | ETA: 3.1m
  Progress: 60/140 | Rate: 0.43/s | ETA: 3.1m
  Progress: 61/140 | Rate: 0.43/s | ETA: 3.1m
  Progress: 62/140 | Rate: 0.43/s | ETA: 3.0m
  Progress: 63/140 | Rate: 0.43/s | ETA: 3.0m
  Progress: 64/140 | Rate: 0.43/s | ETA: 2.9m
  Progress: 65/140 | Rate: 0.43/s | ETA: 2.9m
  Progress: 66/140 | Rate: 0.43/s | ETA: 2.8m
  Progress: 67/140 | Rate: 0.43/s | ETA: 2.8m
  Progress: 68/140 | Rate: 0.44/s | ETA: 2.8m
  Progress: 69/140 | Rate: 0.44/s | ETA: 2.7m
  Progress: 70/140 | Rate: 0.44/s | ETA: 2.7m
  Progress: 71/140 | Rate: 0.44/s | ETA: 2.6m
  Progress: 72/140 | Rate: 0.43/s | ETA: 2.6m
  Progress: 73/140 | Rate: 0.43/s | ETA: 2.6m
  Progress: 74/140 | Rate: 0.44/s | ETA: 2.5m
  Progress: 75/140 | Rate: 0.44/s | ETA: 2.5m
  Progress: 76/140 | Rate: 0.41/s | ETA: 2.6m
  Progress: 77/140 | Rate: 0.41/s | ETA: 2.6m
  Progress: 78/140 | Rate: 0.41/s | ETA: 2.5m
  Progress: 79/140 | Rate: 0.40/s | ETA: 2.5m
  Progress: 80/140 | Rate: 0.40/s | ETA: 2.5m
  Progress: 81/140 | Rate: 0.40/s | ETA: 2.4m
  Progress: 82/140 | Rate: 0.41/s | ETA: 2.4m
  Progress: 83/140 | Rate: 0.41/s | ETA: 2.3m
  Progress: 84/140 | Rate: 0.41/s | ETA: 2.3m
  Progress: 85/140 | Rate: 0.41/s | ETA: 2.2m
  Progress: 86/140 | Rate: 0.41/s | ETA: 2.2m
  Progress: 87/140 | Rate: 0.41/s | ETA: 2.1m
  Progress: 88/140 | Rate: 0.41/s | ETA: 2.1m
  Progress: 89/140 | Rate: 0.40/s | ETA: 2.1m
  Progress: 90/140 | Rate: 0.40/s | ETA: 2.1m
  Progress: 91/140 | Rate: 0.41/s | ETA: 2.0m
  Progress: 92/140 | Rate: 0.41/s | ETA: 2.0m
  Progress: 93/140 | Rate: 0.41/s | ETA: 1.9m
  Progress: 94/140 | Rate: 0.41/s | ETA: 1.9m
  Progress: 95/140 | Rate: 0.41/s | ETA: 1.8m
  Progress: 96/140 | Rate: 0.41/s | ETA: 1.8m
  Progress: 97/140 | Rate: 0.40/s | ETA: 1.8m
  Progress: 98/140 | Rate: 0.40/s | ETA: 1.7m
  Progress: 99/140 | Rate: 0.40/s | ETA: 1.7m
  Progress: 100/140 | Rate: 0.40/s | ETA: 1.6m
  Progress: 101/140 | Rate: 0.41/s | ETA: 1.6m
  Progress: 102/140 | Rate: 0.40/s | ETA: 1.6m
  Progress: 103/140 | Rate: 0.40/s | ETA: 1.5m
  Progress: 104/140 | Rate: 0.41/s | ETA: 1.5m
  Progress: 105/140 | Rate: 0.41/s | ETA: 1.4m
  Progress: 106/140 | Rate: 0.41/s | ETA: 1.4m
  Progress: 107/140 | Rate: 0.41/s | ETA: 1.3m
  Progress: 108/140 | Rate: 0.41/s | ETA: 1.3m
  Progress: 109/140 | Rate: 0.41/s | ETA: 1.3m
  Progress: 110/140 | Rate: 0.41/s | ETA: 1.2m
  Progress: 111/140 | Rate: 0.41/s | ETA: 1.2m
  Progress: 112/140 | Rate: 0.41/s | ETA: 1.1m
  Progress: 113/140 | Rate: 0.42/s | ETA: 1.1m
  Progress: 114/140 | Rate: 0.42/s | ETA: 1.0m
  Progress: 115/140 | Rate: 0.42/s | ETA: 1.0m
  Progress: 116/140 | Rate: 0.42/s | ETA: 1.0m
  Progress: 117/140 | Rate: 0.42/s | ETA: 0.9m
  Progress: 118/140 | Rate: 0.42/s | ETA: 0.9m
  Progress: 119/140 | Rate: 0.42/s | ETA: 0.8m
  Progress: 120/140 | Rate: 0.42/s | ETA: 0.8m
  Progress: 121/140 | Rate: 0.42/s | ETA: 0.7m
  Progress: 122/140 | Rate: 0.42/s | ETA: 0.7m
  Progress: 123/140 | Rate: 0.43/s | ETA: 0.7m
  Progress: 124/140 | Rate: 0.43/s | ETA: 0.6m
  Progress: 125/140 | Rate: 0.43/s | ETA: 0.6m
  Progress: 126/140 | Rate: 0.43/s | ETA: 0.5m
  Progress: 127/140 | Rate: 0.43/s | ETA: 0.5m
  Progress: 128/140 | Rate: 0.43/s | ETA: 0.5m
  Progress: 129/140 | Rate: 0.43/s | ETA: 0.4m
  Progress: 130/140 | Rate: 0.43/s | ETA: 0.4m
  Progress: 131/140 | Rate: 0.43/s | ETA: 0.3m
  Progress: 132/140 | Rate: 0.43/s | ETA: 0.3m
  Progress: 133/140 | Rate: 0.43/s | ETA: 0.3m
  Progress: 134/140 | Rate: 0.43/s | ETA: 0.2m
  Progress: 135/140 | Rate: 0.42/s | ETA: 0.2m
  Progress: 136/140 | Rate: 0.42/s | ETA: 0.2m
  Progress: 137/140 | Rate: 0.42/s | ETA: 0.1m
  Progress: 138/140 | Rate: 0.42/s | ETA: 0.1m
  Progress: 139/140 | Rate: 0.42/s | ETA: 0.0m
  Progress: 140/140 | Rate: 0.42/s | ETA: 0.0m

✔ Done. 140 evaluations in 329.9s (0.42/s)
>>> qwen3_local_clarification_first_sample2_responses.jsonl  18:07:03Z

============================================================
  Judge:  deepseek (deepseek-ai/deepseek-v3.2-maas)
  Input:  runs/run_20260521/responses/qwen3_local_clarification_first_sample2_responses.jsonl
  Output: /home/satvik/Documents/CIKM/runs/run_20260521/evaluations/deepseek_evaluations_qwen3_local_clarification_first_sample2.jsonl
============================================================
  Remaining: 140 rows
  Progress: 1/140 | Rate: 0.31/s | ETA: 7.5m
  Progress: 2/140 | Rate: 0.41/s | ETA: 5.5m
  Progress: 3/140 | Rate: 0.39/s | ETA: 5.9m
  Progress: 4/140 | Rate: 0.41/s | ETA: 5.5m
  Progress: 5/140 | Rate: 0.44/s | ETA: 5.2m
  Progress: 6/140 | Rate: 0.43/s | ETA: 5.2m
  Progress: 7/140 | Rate: 0.43/s | ETA: 5.2m
  Progress: 8/140 | Rate: 0.43/s | ETA: 5.1m
  Progress: 9/140 | Rate: 0.40/s | ETA: 5.4m
  Progress: 10/140 | Rate: 0.42/s | ETA: 5.2m
  Progress: 11/140 | Rate: 0.43/s | ETA: 5.0m
  Progress: 12/140 | Rate: 0.44/s | ETA: 4.8m
  Progress: 13/140 | Rate: 0.46/s | ETA: 4.6m
  Progress: 14/140 | Rate: 0.47/s | ETA: 4.4m
  Progress: 15/140 | Rate: 0.43/s | ETA: 4.8m
  Progress: 16/140 | Rate: 0.44/s | ETA: 4.7m
  Progress: 17/140 | Rate: 0.43/s | ETA: 4.7m
  Progress: 18/140 | Rate: 0.44/s | ETA: 4.6m
  Progress: 19/140 | Rate: 0.43/s | ETA: 4.7m
  Progress: 20/140 | Rate: 0.44/s | ETA: 4.5m
  Progress: 21/140 | Rate: 0.45/s | ETA: 4.4m
  Progress: 22/140 | Rate: 0.44/s | ETA: 4.4m
  Progress: 23/140 | Rate: 0.44/s | ETA: 4.4m
  Progress: 24/140 | Rate: 0.44/s | ETA: 4.4m
  Progress: 25/140 | Rate: 0.44/s | ETA: 4.3m
  Progress: 26/140 | Rate: 0.45/s | ETA: 4.2m
  Progress: 27/140 | Rate: 0.45/s | ETA: 4.2m
  Progress: 28/140 | Rate: 0.45/s | ETA: 4.2m
  Progress: 29/140 | Rate: 0.41/s | ETA: 4.5m
  Progress: 30/140 | Rate: 0.40/s | ETA: 4.5m
  Progress: 31/140 | Rate: 0.41/s | ETA: 4.5m
  Progress: 32/140 | Rate: 0.41/s | ETA: 4.4m
  Progress: 33/140 | Rate: 0.41/s | ETA: 4.4m
  Progress: 34/140 | Rate: 0.41/s | ETA: 4.3m
  Progress: 35/140 | Rate: 0.41/s | ETA: 4.2m
  Progress: 36/140 | Rate: 0.42/s | ETA: 4.2m
  Progress: 37/140 | Rate: 0.42/s | ETA: 4.1m
  Progress: 38/140 | Rate: 0.42/s | ETA: 4.0m
  Progress: 39/140 | Rate: 0.43/s | ETA: 3.9m
  Progress: 40/140 | Rate: 0.43/s | ETA: 3.9m
  Progress: 41/140 | Rate: 0.43/s | ETA: 3.8m
  Progress: 42/140 | Rate: 0.42/s | ETA: 3.9m
  Progress: 43/140 | Rate: 0.42/s | ETA: 3.9m
  Progress: 44/140 | Rate: 0.42/s | ETA: 3.8m
  Progress: 45/140 | Rate: 0.42/s | ETA: 3.7m
  Progress: 46/140 | Rate: 0.43/s | ETA: 3.7m
  Progress: 47/140 | Rate: 0.41/s | ETA: 3.8m
  Progress: 48/140 | Rate: 0.41/s | ETA: 3.8m
  Progress: 49/140 | Rate: 0.41/s | ETA: 3.7m
  Progress: 50/140 | Rate: 0.41/s | ETA: 3.6m
  Progress: 51/140 | Rate: 0.42/s | ETA: 3.6m
  Progress: 52/140 | Rate: 0.41/s | ETA: 3.6m
  Progress: 53/140 | Rate: 0.42/s | ETA: 3.5m
  Progress: 54/140 | Rate: 0.42/s | ETA: 3.4m
  Progress: 55/140 | Rate: 0.42/s | ETA: 3.4m
  Progress: 56/140 | Rate: 0.42/s | ETA: 3.3m
  Progress: 57/140 | Rate: 0.43/s | ETA: 3.3m
  Progress: 58/140 | Rate: 0.43/s | ETA: 3.2m
  Progress: 59/140 | Rate: 0.43/s | ETA: 3.2m
  Progress: 60/140 | Rate: 0.43/s | ETA: 3.1m
  Progress: 61/140 | Rate: 0.43/s | ETA: 3.1m
  Progress: 62/140 | Rate: 0.43/s | ETA: 3.0m
  Progress: 63/140 | Rate: 0.43/s | ETA: 3.0m
  Progress: 64/140 | Rate: 0.43/s | ETA: 2.9m
  Progress: 65/140 | Rate: 0.44/s | ETA: 2.9m
  Progress: 66/140 | Rate: 0.44/s | ETA: 2.8m
  Progress: 67/140 | Rate: 0.44/s | ETA: 2.8m
  Progress: 68/140 | Rate: 0.44/s | ETA: 2.7m
  Progress: 69/140 | Rate: 0.44/s | ETA: 2.7m
  Progress: 70/140 | Rate: 0.44/s | ETA: 2.6m
  Progress: 71/140 | Rate: 0.44/s | ETA: 2.6m
  Progress: 72/140 | Rate: 0.44/s | ETA: 2.6m
  Progress: 73/140 | Rate: 0.45/s | ETA: 2.5m
  Progress: 74/140 | Rate: 0.43/s | ETA: 2.5m
  Progress: 75/140 | Rate: 0.44/s | ETA: 2.5m
  Progress: 76/140 | Rate: 0.43/s | ETA: 2.5m
  Progress: 77/140 | Rate: 0.43/s | ETA: 2.4m
  Progress: 78/140 | Rate: 0.43/s | ETA: 2.4m
  Progress: 79/140 | Rate: 0.43/s | ETA: 2.4m
  Progress: 80/140 | Rate: 0.43/s | ETA: 2.3m
  Progress: 81/140 | Rate: 0.43/s | ETA: 2.3m
  Progress: 82/140 | Rate: 0.43/s | ETA: 2.2m
  Progress: 83/140 | Rate: 0.43/s | ETA: 2.2m
  Progress: 84/140 | Rate: 0.43/s | ETA: 2.2m
  Progress: 85/140 | Rate: 0.43/s | ETA: 2.1m
  Progress: 86/140 | Rate: 0.44/s | ETA: 2.1m
  Progress: 87/140 | Rate: 0.44/s | ETA: 2.0m
  Progress: 88/140 | Rate: 0.44/s | ETA: 2.0m
  Progress: 89/140 | Rate: 0.43/s | ETA: 2.0m
  Progress: 90/140 | Rate: 0.43/s | ETA: 1.9m
  Progress: 91/140 | Rate: 0.43/s | ETA: 1.9m
  Progress: 92/140 | Rate: 0.43/s | ETA: 1.9m
  Progress: 93/140 | Rate: 0.43/s | ETA: 1.8m
  Progress: 94/140 | Rate: 0.43/s | ETA: 1.8m
  Progress: 95/140 | Rate: 0.43/s | ETA: 1.8m
  Progress: 96/140 | Rate: 0.43/s | ETA: 1.7m
  Progress: 97/140 | Rate: 0.43/s | ETA: 1.7m
  Progress: 98/140 | Rate: 0.43/s | ETA: 1.6m
  Progress: 99/140 | Rate: 0.43/s | ETA: 1.6m
  Progress: 100/140 | Rate: 0.43/s | ETA: 1.6m
  Progress: 101/140 | Rate: 0.43/s | ETA: 1.5m
  Progress: 102/140 | Rate: 0.43/s | ETA: 1.5m
  Progress: 103/140 | Rate: 0.43/s | ETA: 1.5m
  Progress: 104/140 | Rate: 0.41/s | ETA: 1.5m
  Progress: 105/140 | Rate: 0.41/s | ETA: 1.4m
  Progress: 106/140 | Rate: 0.41/s | ETA: 1.4m
  Progress: 107/140 | Rate: 0.41/s | ETA: 1.4m
  Progress: 108/140 | Rate: 0.41/s | ETA: 1.3m
  Progress: 109/140 | Rate: 0.41/s | ETA: 1.3m
  Progress: 110/140 | Rate: 0.41/s | ETA: 1.2m
  Progress: 111/140 | Rate: 0.41/s | ETA: 1.2m
  Progress: 112/140 | Rate: 0.41/s | ETA: 1.1m
  Progress: 113/140 | Rate: 0.41/s | ETA: 1.1m
  Progress: 114/140 | Rate: 0.41/s | ETA: 1.1m
  Progress: 115/140 | Rate: 0.41/s | ETA: 1.0m
  Progress: 116/140 | Rate: 0.41/s | ETA: 1.0m
  Progress: 117/140 | Rate: 0.40/s | ETA: 1.0m
  Progress: 118/140 | Rate: 0.40/s | ETA: 0.9m
  Progress: 119/140 | Rate: 0.40/s | ETA: 0.9m
  Progress: 120/140 | Rate: 0.40/s | ETA: 0.8m
  Progress: 121/140 | Rate: 0.40/s | ETA: 0.8m
  Progress: 122/140 | Rate: 0.40/s | ETA: 0.8m
  Progress: 123/140 | Rate: 0.40/s | ETA: 0.7m
  Progress: 124/140 | Rate: 0.40/s | ETA: 0.7m
  Progress: 125/140 | Rate: 0.40/s | ETA: 0.6m
  Progress: 126/140 | Rate: 0.40/s | ETA: 0.6m
  Progress: 127/140 | Rate: 0.40/s | ETA: 0.5m
  Progress: 128/140 | Rate: 0.40/s | ETA: 0.5m
  Progress: 129/140 | Rate: 0.41/s | ETA: 0.5m
  Progress: 130/140 | Rate: 0.41/s | ETA: 0.4m
  Progress: 131/140 | Rate: 0.40/s | ETA: 0.4m
  Progress: 132/140 | Rate: 0.41/s | ETA: 0.3m
  Progress: 133/140 | Rate: 0.41/s | ETA: 0.3m
  Progress: 134/140 | Rate: 0.41/s | ETA: 0.2m
  Progress: 135/140 | Rate: 0.41/s | ETA: 0.2m
  Progress: 136/140 | Rate: 0.41/s | ETA: 0.2m
  Progress: 137/140 | Rate: 0.41/s | ETA: 0.1m
  Progress: 138/140 | Rate: 0.41/s | ETA: 0.1m
  Progress: 139/140 | Rate: 0.41/s | ETA: 0.0m
  Progress: 140/140 | Rate: 0.41/s | ETA: 0.0m

✔ Done. 140 evaluations in 339.0s (0.41/s)
>>> qwen3_local_neutrality_oriented_sample0_responses.jsonl  18:12:43Z

============================================================
  Judge:  deepseek (deepseek-ai/deepseek-v3.2-maas)
  Input:  runs/run_20260521/responses/qwen3_local_neutrality_oriented_sample0_responses.jsonl
  Output: /home/satvik/Documents/CIKM/runs/run_20260521/evaluations/deepseek_evaluations_qwen3_local_neutrality_oriented_sample0.jsonl
============================================================
  Remaining: 140 rows
  Progress: 1/140 | Rate: 0.62/s | ETA: 3.7m
  Progress: 2/140 | Rate: 0.64/s | ETA: 3.6m
  Progress: 3/140 | Rate: 0.61/s | ETA: 3.7m
  Progress: 4/140 | Rate: 0.62/s | ETA: 3.6m
  Progress: 5/140 | Rate: 0.61/s | ETA: 3.7m
  Progress: 6/140 | Rate: 0.57/s | ETA: 3.9m
  Progress: 7/140 | Rate: 0.47/s | ETA: 4.7m
  Progress: 8/140 | Rate: 0.50/s | ETA: 4.4m
  Progress: 9/140 | Rate: 0.51/s | ETA: 4.3m
  Progress: 10/140 | Rate: 0.49/s | ETA: 4.4m
  Progress: 11/140 | Rate: 0.48/s | ETA: 4.4m
  Progress: 12/140 | Rate: 0.50/s | ETA: 4.3m
  Progress: 13/140 | Rate: 0.51/s | ETA: 4.2m
  Progress: 14/140 | Rate: 0.52/s | ETA: 4.1m
  [cat2_orig_005] [Attempt 1] Error: 'choices' — waiting 2s
  Progress: 15/140 | Rate: 0.48/s | ETA: 4.3m
  Progress: 16/140 | Rate: 0.48/s | ETA: 4.3m
  Progress: 17/140 | Rate: 0.47/s | ETA: 4.4m
  Progress: 18/140 | Rate: 0.47/s | ETA: 4.3m
  Progress: 19/140 | Rate: 0.47/s | ETA: 4.3m
  Progress: 20/140 | Rate: 0.47/s | ETA: 4.2m
  Progress: 21/140 | Rate: 0.48/s | ETA: 4.1m
  Progress: 22/140 | Rate: 0.49/s | ETA: 4.0m
  Progress: 23/140 | Rate: 0.49/s | ETA: 4.0m
  Progress: 24/140 | Rate: 0.45/s | ETA: 4.3m
  Progress: 25/140 | Rate: 0.46/s | ETA: 4.2m
  Progress: 26/140 | Rate: 0.46/s | ETA: 4.1m
  Progress: 27/140 | Rate: 0.47/s | ETA: 4.0m
  Progress: 28/140 | Rate: 0.47/s | ETA: 4.0m
  Progress: 29/140 | Rate: 0.45/s | ETA: 4.1m
  Progress: 30/140 | Rate: 0.44/s | ETA: 4.1m
  Progress: 31/140 | Rate: 0.45/s | ETA: 4.1m
  Progress: 32/140 | Rate: 0.45/s | ETA: 4.0m
  Progress: 33/140 | Rate: 0.45/s | ETA: 3.9m
  Progress: 34/140 | Rate: 0.46/s | ETA: 3.8m
  Progress: 35/140 | Rate: 0.46/s | ETA: 3.8m
  Progress: 36/140 | Rate: 0.47/s | ETA: 3.7m
  Progress: 37/140 | Rate: 0.47/s | ETA: 3.7m
  Progress: 38/140 | Rate: 0.47/s | ETA: 3.6m
  Progress: 39/140 | Rate: 0.47/s | ETA: 3.6m
  Progress: 40/140 | Rate: 0.47/s | ETA: 3.5m
  Progress: 41/140 | Rate: 0.47/s | ETA: 3.5m
  Progress: 42/140 | Rate: 0.48/s | ETA: 3.4m
  Progress: 43/140 | Rate: 0.46/s | ETA: 3.5m
  Progress: 44/140 | Rate: 0.46/s | ETA: 3.5m
  Progress: 45/140 | Rate: 0.47/s | ETA: 3.4m
  Progress: 46/140 | Rate: 0.47/s | ETA: 3.3m
  Progress: 47/140 | Rate: 0.47/s | ETA: 3.3m
  Progress: 48/140 | Rate: 0.47/s | ETA: 3.2m
  Progress: 49/140 | Rate: 0.47/s | ETA: 3.2m
  Progress: 50/140 | Rate: 0.48/s | ETA: 3.2m
  Progress: 51/140 | Rate: 0.48/s | ETA: 3.1m
  Progress: 52/140 | Rate: 0.48/s | ETA: 3.1m
  Progress: 53/140 | Rate: 0.48/s | ETA: 3.0m
  Progress: 54/140 | Rate: 0.47/s | ETA: 3.1m
  Progress: 55/140 | Rate: 0.47/s | ETA: 3.0m
  Progress: 56/140 | Rate: 0.47/s | ETA: 3.0m
  Progress: 57/140 | Rate: 0.47/s | ETA: 2.9m
  Progress: 58/140 | Rate: 0.47/s | ETA: 2.9m
  Progress: 59/140 | Rate: 0.48/s | ETA: 2.8m
  Progress: 60/140 | Rate: 0.48/s | ETA: 2.8m
  Progress: 61/140 | Rate: 0.47/s | ETA: 2.8m
  Progress: 62/140 | Rate: 0.47/s | ETA: 2.8m
  Progress: 63/140 | Rate: 0.47/s | ETA: 2.7m
  Progress: 64/140 | Rate: 0.44/s | ETA: 2.9m
  Progress: 65/140 | Rate: 0.44/s | ETA: 2.9m
  Progress: 66/140 | Rate: 0.44/s | ETA: 2.8m
  Progress: 67/140 | Rate: 0.44/s | ETA: 2.8m
  Progress: 68/140 | Rate: 0.43/s | ETA: 2.8m
  Progress: 69/140 | Rate: 0.44/s | ETA: 2.7m
  Progress: 70/140 | Rate: 0.44/s | ETA: 2.7m
  Progress: 71/140 | Rate: 0.44/s | ETA: 2.6m
  Progress: 72/140 | Rate: 0.44/s | ETA: 2.6m
  Progress: 73/140 | Rate: 0.44/s | ETA: 2.5m
  Progress: 74/140 | Rate: 0.44/s | ETA: 2.5m
  Progress: 75/140 | Rate: 0.42/s | ETA: 2.6m
  Progress: 76/140 | Rate: 0.42/s | ETA: 2.5m
  Progress: 77/140 | Rate: 0.43/s | ETA: 2.5m
  Progress: 78/140 | Rate: 0.43/s | ETA: 2.4m
  Progress: 79/140 | Rate: 0.43/s | ETA: 2.4m
  Progress: 80/140 | Rate: 0.43/s | ETA: 2.3m
  Progress: 81/140 | Rate: 0.43/s | ETA: 2.3m
  Progress: 82/140 | Rate: 0.43/s | ETA: 2.2m
  Progress: 83/140 | Rate: 0.43/s | ETA: 2.2m
  Progress: 84/140 | Rate: 0.44/s | ETA: 2.1m
  Progress: 85/140 | Rate: 0.44/s | ETA: 2.1m
  Progress: 86/140 | Rate: 0.42/s | ETA: 2.1m
  Progress: 87/140 | Rate: 0.43/s | ETA: 2.1m
  Progress: 88/140 | Rate: 0.42/s | ETA: 2.1m
  Progress: 89/140 | Rate: 0.42/s | ETA: 2.0m
  Progress: 90/140 | Rate: 0.42/s | ETA: 2.0m
  Progress: 91/140 | Rate: 0.42/s | ETA: 2.0m
  Progress: 92/140 | Rate: 0.42/s | ETA: 1.9m
  Progress: 93/140 | Rate: 0.42/s | ETA: 1.9m
  Progress: 94/140 | Rate: 0.42/s | ETA: 1.8m
  Progress: 95/140 | Rate: 0.42/s | ETA: 1.8m
  Progress: 96/140 | Rate: 0.42/s | ETA: 1.7m
  Progress: 97/140 | Rate: 0.42/s | ETA: 1.7m
  Progress: 98/140 | Rate: 0.42/s | ETA: 1.7m
  Progress: 99/140 | Rate: 0.42/s | ETA: 1.6m
  Progress: 100/140 | Rate: 0.43/s | ETA: 1.6m
  Progress: 101/140 | Rate: 0.43/s | ETA: 1.5m
  Progress: 102/140 | Rate: 0.43/s | ETA: 1.5m
  Progress: 103/140 | Rate: 0.43/s | ETA: 1.4m
  Progress: 104/140 | Rate: 0.43/s | ETA: 1.4m
  Progress: 105/140 | Rate: 0.43/s | ETA: 1.4m
  Progress: 106/140 | Rate: 0.43/s | ETA: 1.3m
  Progress: 107/140 | Rate: 0.43/s | ETA: 1.3m
  Progress: 108/140 | Rate: 0.43/s | ETA: 1.2m
  Progress: 109/140 | Rate: 0.43/s | ETA: 1.2m
  Progress: 110/140 | Rate: 0.43/s | ETA: 1.2m
  Progress: 111/140 | Rate: 0.43/s | ETA: 1.1m
  Progress: 112/140 | Rate: 0.43/s | ETA: 1.1m
  Progress: 113/140 | Rate: 0.44/s | ETA: 1.0m
  Progress: 114/140 | Rate: 0.44/s | ETA: 1.0m
  Progress: 115/140 | Rate: 0.44/s | ETA: 1.0m
  Progress: 116/140 | Rate: 0.44/s | ETA: 0.9m
  Progress: 117/140 | Rate: 0.44/s | ETA: 0.9m
  Progress: 118/140 | Rate: 0.44/s | ETA: 0.8m
  Progress: 119/140 | Rate: 0.44/s | ETA: 0.8m
  Progress: 120/140 | Rate: 0.44/s | ETA: 0.8m
  Progress: 121/140 | Rate: 0.44/s | ETA: 0.7m
  Progress: 122/140 | Rate: 0.44/s | ETA: 0.7m
  Progress: 123/140 | Rate: 0.44/s | ETA: 0.6m
  Progress: 124/140 | Rate: 0.44/s | ETA: 0.6m
  Progress: 125/140 | Rate: 0.44/s | ETA: 0.6m
  Progress: 126/140 | Rate: 0.44/s | ETA: 0.5m
  Progress: 127/140 | Rate: 0.44/s | ETA: 0.5m
  Progress: 128/140 | Rate: 0.44/s | ETA: 0.5m
  Progress: 129/140 | Rate: 0.44/s | ETA: 0.4m
  Progress: 130/140 | Rate: 0.45/s | ETA: 0.4m
  Progress: 131/140 | Rate: 0.45/s | ETA: 0.3m
  Progress: 132/140 | Rate: 0.45/s | ETA: 0.3m
  Progress: 133/140 | Rate: 0.45/s | ETA: 0.3m
  Progress: 134/140 | Rate: 0.45/s | ETA: 0.2m
  Progress: 135/140 | Rate: 0.45/s | ETA: 0.2m
  Progress: 136/140 | Rate: 0.45/s | ETA: 0.1m
  Progress: 137/140 | Rate: 0.45/s | ETA: 0.1m
  Progress: 138/140 | Rate: 0.45/s | ETA: 0.1m
  Progress: 139/140 | Rate: 0.45/s | ETA: 0.0m
  Progress: 140/140 | Rate: 0.45/s | ETA: 0.0m

✔ Done. 140 evaluations in 311.7s (0.45/s)
>>> qwen3_local_neutrality_oriented_sample1_responses.jsonl  18:17:56Z

============================================================
  Judge:  deepseek (deepseek-ai/deepseek-v3.2-maas)
  Input:  runs/run_20260521/responses/qwen3_local_neutrality_oriented_sample1_responses.jsonl
  Output: /home/satvik/Documents/CIKM/runs/run_20260521/evaluations/deepseek_evaluations_qwen3_local_neutrality_oriented_sample1.jsonl
============================================================
  Remaining: 140 rows
  Progress: 1/140 | Rate: 0.50/s | ETA: 4.6m
  Progress: 2/140 | Rate: 0.59/s | ETA: 3.9m
  Progress: 3/140 | Rate: 0.66/s | ETA: 3.5m
  Progress: 4/140 | Rate: 0.55/s | ETA: 4.1m
  Progress: 5/140 | Rate: 0.52/s | ETA: 4.3m
  Progress: 6/140 | Rate: 0.55/s | ETA: 4.1m
  Progress: 7/140 | Rate: 0.56/s | ETA: 3.9m
  Progress: 8/140 | Rate: 0.54/s | ETA: 4.1m
  Progress: 9/140 | Rate: 0.50/s | ETA: 4.3m
  Progress: 10/140 | Rate: 0.50/s | ETA: 4.3m
  Progress: 11/140 | Rate: 0.51/s | ETA: 4.2m
  Progress: 12/140 | Rate: 0.52/s | ETA: 4.1m
  Progress: 13/140 | Rate: 0.53/s | ETA: 4.0m
  Progress: 14/140 | Rate: 0.53/s | ETA: 3.9m
  Progress: 15/140 | Rate: 0.42/s | ETA: 5.0m
  Progress: 16/140 | Rate: 0.42/s | ETA: 5.0m
  Progress: 17/140 | Rate: 0.41/s | ETA: 5.0m
  Progress: 18/140 | Rate: 0.42/s | ETA: 4.8m
  Progress: 19/140 | Rate: 0.43/s | ETA: 4.7m
  Progress: 20/140 | Rate: 0.38/s | ETA: 5.2m
  Progress: 21/140 | Rate: 0.39/s | ETA: 5.1m
  Progress: 22/140 | Rate: 0.40/s | ETA: 4.9m
  Progress: 23/140 | Rate: 0.41/s | ETA: 4.8m
  Progress: 24/140 | Rate: 0.41/s | ETA: 4.8m
  Progress: 25/140 | Rate: 0.41/s | ETA: 4.6m
  Progress: 26/140 | Rate: 0.42/s | ETA: 4.6m
  Progress: 27/140 | Rate: 0.42/s | ETA: 4.5m
  Progress: 28/140 | Rate: 0.43/s | ETA: 4.4m
  Progress: 29/140 | Rate: 0.43/s | ETA: 4.3m
  Progress: 30/140 | Rate: 0.43/s | ETA: 4.2m
  Progress: 31/140 | Rate: 0.44/s | ETA: 4.1m
  Progress: 32/140 | Rate: 0.44/s | ETA: 4.1m
  Progress: 33/140 | Rate: 0.40/s | ETA: 4.4m
  Progress: 34/140 | Rate: 0.41/s | ETA: 4.3m
  Progress: 35/140 | Rate: 0.41/s | ETA: 4.2m
  Progress: 36/140 | Rate: 0.42/s | ETA: 4.2m
  Progress: 37/140 | Rate: 0.42/s | ETA: 4.1m
  Progress: 38/140 | Rate: 0.43/s | ETA: 4.0m
  Progress: 39/140 | Rate: 0.42/s | ETA: 4.0m
  Progress: 40/140 | Rate: 0.43/s | ETA: 3.9m
  Progress: 41/140 | Rate: 0.43/s | ETA: 3.8m
  Progress: 42/140 | Rate: 0.43/s | ETA: 3.8m
  Progress: 43/140 | Rate: 0.44/s | ETA: 3.7m
  Progress: 44/140 | Rate: 0.44/s | ETA: 3.7m
  Progress: 45/140 | Rate: 0.44/s | ETA: 3.6m
  Progress: 46/140 | Rate: 0.44/s | ETA: 3.6m
  Progress: 47/140 | Rate: 0.44/s | ETA: 3.5m
  Progress: 48/140 | Rate: 0.44/s | ETA: 3.4m
  Progress: 49/140 | Rate: 0.45/s | ETA: 3.4m
  Progress: 50/140 | Rate: 0.45/s | ETA: 3.4m
  Progress: 51/140 | Rate: 0.45/s | ETA: 3.3m
  Progress: 52/140 | Rate: 0.45/s | ETA: 3.2m
  Progress: 53/140 | Rate: 0.46/s | ETA: 3.2m
  Progress: 54/140 | Rate: 0.46/s | ETA: 3.1m
  Progress: 55/140 | Rate: 0.43/s | ETA: 3.3m
  Progress: 56/140 | Rate: 0.43/s | ETA: 3.2m
  Progress: 57/140 | Rate: 0.44/s | ETA: 3.2m
  Progress: 58/140 | Rate: 0.44/s | ETA: 3.1m
  Progress: 59/140 | Rate: 0.44/s | ETA: 3.1m
  Progress: 60/140 | Rate: 0.44/s | ETA: 3.0m
  Progress: 61/140 | Rate: 0.45/s | ETA: 2.9m
  Progress: 62/140 | Rate: 0.45/s | ETA: 2.9m
  Progress: 63/140 | Rate: 0.45/s | ETA: 2.8m
  Progress: 64/140 | Rate: 0.45/s | ETA: 2.8m
  Progress: 65/140 | Rate: 0.46/s | ETA: 2.7m
  Progress: 66/140 | Rate: 0.46/s | ETA: 2.7m
  Progress: 67/140 | Rate: 0.46/s | ETA: 2.7m
  Progress: 68/140 | Rate: 0.46/s | ETA: 2.6m
  Progress: 69/140 | Rate: 0.46/s | ETA: 2.6m
  Progress: 70/140 | Rate: 0.46/s | ETA: 2.5m
  Progress: 71/140 | Rate: 0.46/s | ETA: 2.5m
  Progress: 72/140 | Rate: 0.47/s | ETA: 2.4m
  Progress: 73/140 | Rate: 0.47/s | ETA: 2.4m
  Progress: 74/140 | Rate: 0.47/s | ETA: 2.3m
  Progress: 75/140 | Rate: 0.47/s | ETA: 2.3m
  Progress: 76/140 | Rate: 0.47/s | ETA: 2.3m
  Progress: 77/140 | Rate: 0.48/s | ETA: 2.2m
  Progress: 78/140 | Rate: 0.48/s | ETA: 2.2m
  Progress: 79/140 | Rate: 0.48/s | ETA: 2.1m
  Progress: 80/140 | Rate: 0.48/s | ETA: 2.1m
  Progress: 81/140 | Rate: 0.48/s | ETA: 2.1m
  Progress: 82/140 | Rate: 0.48/s | ETA: 2.0m
  [cat2_adapted_003] [Attempt 1] HTTP 429: [{
  "error": {
    "code": 429,
    "message": "Resource exhausted. Please try again later. Please refer to https://clo — waiting 60s
  Progress: 83/140 | Rate: 0.36/s | ETA: 2.7m
  Progress: 84/140 | Rate: 0.36/s | ETA: 2.6m
  Progress: 85/140 | Rate: 0.36/s | ETA: 2.6m
  Progress: 86/140 | Rate: 0.36/s | ETA: 2.5m
  Progress: 87/140 | Rate: 0.36/s | ETA: 2.4m
  Progress: 88/140 | Rate: 0.36/s | ETA: 2.4m
  [cat2_real_004] [Attempt 1] HTTP 429: [{
  "error": {
    "code": 429,
    "message": "Resource exhausted. Please try again later. Please refer to https://clo — waiting 60s
  Progress: 89/140 | Rate: 0.29/s | ETA: 3.0m
  Progress: 90/140 | Rate: 0.29/s | ETA: 2.9m
  Progress: 91/140 | Rate: 0.29/s | ETA: 2.8m
  Progress: 92/140 | Rate: 0.29/s | ETA: 2.8m
  Progress: 93/140 | Rate: 0.29/s | ETA: 2.7m
  Progress: 94/140 | Rate: 0.29/s | ETA: 2.6m
  Progress: 95/140 | Rate: 0.29/s | ETA: 2.6m
  Progress: 96/140 | Rate: 0.30/s | ETA: 2.5m
  Progress: 97/140 | Rate: 0.30/s | ETA: 2.4m
  Progress: 98/140 | Rate: 0.30/s | ETA: 2.3m
  Progress: 99/140 | Rate: 0.30/s | ETA: 2.3m
  [cat3_real_005] [Attempt 1] HTTP 429: [{
  "error": {
    "code": 429,
    "message": "Resource exhausted. Please try again later. Please refer to https://clo — waiting 60s
  Progress: 100/140 | Rate: 0.25/s | ETA: 2.6m
  Progress: 101/140 | Rate: 0.26/s | ETA: 2.5m
  Progress: 102/140 | Rate: 0.26/s | ETA: 2.5m
  Progress: 103/140 | Rate: 0.26/s | ETA: 2.4m
  Progress: 104/140 | Rate: 0.26/s | ETA: 2.3m
  Progress: 105/140 | Rate: 0.26/s | ETA: 2.2m
  Progress: 106/140 | Rate: 0.26/s | ETA: 2.2m
  Progress: 107/140 | Rate: 0.26/s | ETA: 2.1m
  Progress: 108/140 | Rate: 0.26/s | ETA: 2.1m
  Progress: 109/140 | Rate: 0.25/s | ETA: 2.1m
  Progress: 110/140 | Rate: 0.25/s | ETA: 2.0m
  Progress: 111/140 | Rate: 0.25/s | ETA: 1.9m
  Progress: 112/140 | Rate: 0.26/s | ETA: 1.8m
  Progress: 113/140 | Rate: 0.26/s | ETA: 1.8m
  Progress: 114/140 | Rate: 0.26/s | ETA: 1.7m
  Progress: 115/140 | Rate: 0.26/s | ETA: 1.6m
  Progress: 116/140 | Rate: 0.26/s | ETA: 1.5m
  Progress: 117/140 | Rate: 0.26/s | ETA: 1.5m
  Progress: 118/140 | Rate: 0.26/s | ETA: 1.4m
  Progress: 119/140 | Rate: 0.26/s | ETA: 1.3m
  Progress: 120/140 | Rate: 0.27/s | ETA: 1.3m
  Progress: 121/140 | Rate: 0.27/s | ETA: 1.2m
  Progress: 122/140 | Rate: 0.27/s | ETA: 1.1m
  Progress: 123/140 | Rate: 0.27/s | ETA: 1.1m
  Progress: 124/140 | Rate: 0.27/s | ETA: 1.0m
  Progress: 125/140 | Rate: 0.27/s | ETA: 0.9m
  Progress: 126/140 | Rate: 0.27/s | ETA: 0.9m
  Progress: 127/140 | Rate: 0.27/s | ETA: 0.8m
  Progress: 128/140 | Rate: 0.27/s | ETA: 0.7m
  Progress: 129/140 | Rate: 0.28/s | ETA: 0.7m
  Progress: 130/140 | Rate: 0.28/s | ETA: 0.6m
  Progress: 131/140 | Rate: 0.27/s | ETA: 0.5m
  Progress: 132/140 | Rate: 0.27/s | ETA: 0.5m
  Progress: 133/140 | Rate: 0.28/s | ETA: 0.4m
  Progress: 134/140 | Rate: 0.28/s | ETA: 0.4m
  Progress: 135/140 | Rate: 0.28/s | ETA: 0.3m
  Progress: 136/140 | Rate: 0.28/s | ETA: 0.2m
  Progress: 137/140 | Rate: 0.28/s | ETA: 0.2m
  Progress: 138/140 | Rate: 0.28/s | ETA: 0.1m
  Progress: 139/140 | Rate: 0.28/s | ETA: 0.1m
  Progress: 140/140 | Rate: 0.28/s | ETA: 0.0m

✔ Done. 140 evaluations in 497.5s (0.28/s)
>>> qwen3_local_neutrality_oriented_sample2_responses.jsonl  18:26:18Z

============================================================
  Judge:  deepseek (deepseek-ai/deepseek-v3.2-maas)
  Input:  runs/run_20260521/responses/qwen3_local_neutrality_oriented_sample2_responses.jsonl
  Output: /home/satvik/Documents/CIKM/runs/run_20260521/evaluations/deepseek_evaluations_qwen3_local_neutrality_oriented_sample2.jsonl
============================================================
  Remaining: 140 rows
  Progress: 1/140 | Rate: 0.72/s | ETA: 3.2m
  Progress: 2/140 | Rate: 0.64/s | ETA: 3.6m
  Progress: 3/140 | Rate: 0.66/s | ETA: 3.5m
  Progress: 4/140 | Rate: 0.65/s | ETA: 3.5m
  Progress: 5/140 | Rate: 0.65/s | ETA: 3.5m
  Progress: 6/140 | Rate: 0.66/s | ETA: 3.4m
  Progress: 7/140 | Rate: 0.68/s | ETA: 3.3m
  Progress: 8/140 | Rate: 0.62/s | ETA: 3.6m
  Progress: 9/140 | Rate: 0.55/s | ETA: 4.0m
  Progress: 10/140 | Rate: 0.56/s | ETA: 3.9m
  Progress: 11/140 | Rate: 0.57/s | ETA: 3.8m
  Progress: 12/140 | Rate: 0.56/s | ETA: 3.8m
  Progress: 13/140 | Rate: 0.55/s | ETA: 3.8m
  Progress: 14/140 | Rate: 0.55/s | ETA: 3.8m
  Progress: 15/140 | Rate: 0.51/s | ETA: 4.1m
  Progress: 16/140 | Rate: 0.52/s | ETA: 4.0m
  Progress: 17/140 | Rate: 0.50/s | ETA: 4.1m
  Progress: 18/140 | Rate: 0.51/s | ETA: 4.0m
  Progress: 19/140 | Rate: 0.48/s | ETA: 4.2m
  Progress: 20/140 | Rate: 0.49/s | ETA: 4.1m
  Progress: 21/140 | Rate: 0.49/s | ETA: 4.0m
  Progress: 22/140 | Rate: 0.50/s | ETA: 4.0m
  Progress: 23/140 | Rate: 0.50/s | ETA: 3.9m
  Progress: 24/140 | Rate: 0.50/s | ETA: 3.8m
  Progress: 25/140 | Rate: 0.50/s | ETA: 3.8m
  Progress: 26/140 | Rate: 0.51/s | ETA: 3.7m
  Progress: 27/140 | Rate: 0.51/s | ETA: 3.7m
  Progress: 28/140 | Rate: 0.52/s | ETA: 3.6m
  Progress: 29/140 | Rate: 0.52/s | ETA: 3.6m
  Progress: 30/140 | Rate: 0.51/s | ETA: 3.6m
  Progress: 31/140 | Rate: 0.52/s | ETA: 3.5m
  Progress: 32/140 | Rate: 0.52/s | ETA: 3.5m
  Progress: 33/140 | Rate: 0.52/s | ETA: 3.5m
  Progress: 34/140 | Rate: 0.52/s | ETA: 3.4m
  Progress: 35/140 | Rate: 0.52/s | ETA: 3.3m
  Progress: 36/140 | Rate: 0.53/s | ETA: 3.3m
  Progress: 37/140 | Rate: 0.53/s | ETA: 3.2m
  Progress: 38/140 | Rate: 0.53/s | ETA: 3.2m
  Progress: 39/140 | Rate: 0.54/s | ETA: 3.1m
  Progress: 40/140 | Rate: 0.53/s | ETA: 3.1m
  Progress: 41/140 | Rate: 0.53/s | ETA: 3.1m
  Progress: 42/140 | Rate: 0.53/s | ETA: 3.1m
  Progress: 43/140 | Rate: 0.53/s | ETA: 3.0m
  Progress: 44/140 | Rate: 0.54/s | ETA: 3.0m
  Progress: 45/140 | Rate: 0.54/s | ETA: 2.9m
  Progress: 46/140 | Rate: 0.54/s | ETA: 2.9m
  Progress: 47/140 | Rate: 0.45/s | ETA: 3.5m
  Progress: 48/140 | Rate: 0.45/s | ETA: 3.4m
  Progress: 49/140 | Rate: 0.46/s | ETA: 3.3m
  Progress: 50/140 | Rate: 0.46/s | ETA: 3.3m
  Progress: 51/140 | Rate: 0.46/s | ETA: 3.2m
  Progress: 52/140 | Rate: 0.46/s | ETA: 3.2m
  Progress: 53/140 | Rate: 0.46/s | ETA: 3.1m
  Progress: 54/140 | Rate: 0.47/s | ETA: 3.1m
  Progress: 55/140 | Rate: 0.47/s | ETA: 3.0m
  Progress: 56/140 | Rate: 0.47/s | ETA: 3.0m
  Progress: 57/140 | Rate: 0.47/s | ETA: 3.0m
  Progress: 58/140 | Rate: 0.47/s | ETA: 2.9m
  Progress: 59/140 | Rate: 0.47/s | ETA: 2.9m
  Progress: 60/140 | Rate: 0.47/s | ETA: 2.8m
  Progress: 61/140 | Rate: 0.48/s | ETA: 2.8m
  Progress: 62/140 | Rate: 0.48/s | ETA: 2.7m
  Progress: 63/140 | Rate: 0.48/s | ETA: 2.7m
  Progress: 64/140 | Rate: 0.48/s | ETA: 2.6m
  Progress: 65/140 | Rate: 0.48/s | ETA: 2.6m
  Progress: 66/140 | Rate: 0.49/s | ETA: 2.5m
  Progress: 67/140 | Rate: 0.49/s | ETA: 2.5m
  Progress: 68/140 | Rate: 0.48/s | ETA: 2.5m
  Progress: 69/140 | Rate: 0.48/s | ETA: 2.5m
  Progress: 70/140 | Rate: 0.48/s | ETA: 2.4m
  Progress: 71/140 | Rate: 0.48/s | ETA: 2.4m
  Progress: 72/140 | Rate: 0.49/s | ETA: 2.3m
  Progress: 73/140 | Rate: 0.49/s | ETA: 2.3m
  Progress: 74/140 | Rate: 0.49/s | ETA: 2.2m
  Progress: 75/140 | Rate: 0.49/s | ETA: 2.2m
  Progress: 76/140 | Rate: 0.48/s | ETA: 2.2m
  Progress: 77/140 | Rate: 0.48/s | ETA: 2.2m
  Progress: 78/140 | Rate: 0.48/s | ETA: 2.2m
  Progress: 79/140 | Rate: 0.48/s | ETA: 2.1m
  Progress: 80/140 | Rate: 0.48/s | ETA: 2.1m
  Progress: 81/140 | Rate: 0.48/s | ETA: 2.1m
  Progress: 82/140 | Rate: 0.48/s | ETA: 2.0m
  Progress: 83/140 | Rate: 0.48/s | ETA: 2.0m
  Progress: 84/140 | Rate: 0.48/s | ETA: 1.9m
  Progress: 85/140 | Rate: 0.48/s | ETA: 1.9m
  Progress: 86/140 | Rate: 0.48/s | ETA: 1.9m
  Progress: 87/140 | Rate: 0.48/s | ETA: 1.9m
  Progress: 88/140 | Rate: 0.47/s | ETA: 1.9m
  Progress: 89/140 | Rate: 0.47/s | ETA: 1.8m
  Progress: 90/140 | Rate: 0.47/s | ETA: 1.8m
  Progress: 91/140 | Rate: 0.47/s | ETA: 1.7m
  Progress: 92/140 | Rate: 0.47/s | ETA: 1.7m
  Progress: 93/140 | Rate: 0.47/s | ETA: 1.7m
  Progress: 94/140 | Rate: 0.47/s | ETA: 1.6m
  Progress: 95/140 | Rate: 0.47/s | ETA: 1.6m
  Progress: 96/140 | Rate: 0.47/s | ETA: 1.6m
  Progress: 97/140 | Rate: 0.47/s | ETA: 1.5m
  Progress: 98/140 | Rate: 0.47/s | ETA: 1.5m
  Progress: 99/140 | Rate: 0.47/s | ETA: 1.4m
  Progress: 100/140 | Rate: 0.47/s | ETA: 1.4m
  Progress: 101/140 | Rate: 0.47/s | ETA: 1.4m
  Progress: 102/140 | Rate: 0.48/s | ETA: 1.3m
  Progress: 103/140 | Rate: 0.48/s | ETA: 1.3m
  Progress: 104/140 | Rate: 0.48/s | ETA: 1.3m
  Progress: 105/140 | Rate: 0.48/s | ETA: 1.2m
  Progress: 106/140 | Rate: 0.48/s | ETA: 1.2m
  Progress: 107/140 | Rate: 0.48/s | ETA: 1.2m
  Progress: 108/140 | Rate: 0.48/s | ETA: 1.1m
  Progress: 109/140 | Rate: 0.48/s | ETA: 1.1m
  Progress: 110/140 | Rate: 0.48/s | ETA: 1.0m
  Progress: 111/140 | Rate: 0.48/s | ETA: 1.0m
  Progress: 112/140 | Rate: 0.48/s | ETA: 1.0m
  Progress: 113/140 | Rate: 0.48/s | ETA: 0.9m
  Progress: 114/140 | Rate: 0.48/s | ETA: 0.9m
  Progress: 115/140 | Rate: 0.48/s | ETA: 0.9m
  Progress: 116/140 | Rate: 0.48/s | ETA: 0.8m
  Progress: 117/140 | Rate: 0.48/s | ETA: 0.8m
  Progress: 118/140 | Rate: 0.49/s | ETA: 0.8m
  Progress: 119/140 | Rate: 0.49/s | ETA: 0.7m
  Progress: 120/140 | Rate: 0.49/s | ETA: 0.7m
  Progress: 121/140 | Rate: 0.49/s | ETA: 0.7m
  Progress: 122/140 | Rate: 0.49/s | ETA: 0.6m
  Progress: 123/140 | Rate: 0.49/s | ETA: 0.6m
  Progress: 124/140 | Rate: 0.49/s | ETA: 0.5m
  Progress: 125/140 | Rate: 0.49/s | ETA: 0.5m
  Progress: 126/140 | Rate: 0.49/s | ETA: 0.5m
  Progress: 127/140 | Rate: 0.49/s | ETA: 0.4m
  Progress: 128/140 | Rate: 0.49/s | ETA: 0.4m
  Progress: 129/140 | Rate: 0.49/s | ETA: 0.4m
  Progress: 130/140 | Rate: 0.49/s | ETA: 0.3m
  Progress: 131/140 | Rate: 0.49/s | ETA: 0.3m
  Progress: 132/140 | Rate: 0.49/s | ETA: 0.3m
  Progress: 133/140 | Rate: 0.49/s | ETA: 0.2m
  Progress: 134/140 | Rate: 0.49/s | ETA: 0.2m
  Progress: 135/140 | Rate: 0.49/s | ETA: 0.2m
  Progress: 136/140 | Rate: 0.49/s | ETA: 0.1m
  Progress: 137/140 | Rate: 0.49/s | ETA: 0.1m
  Progress: 138/140 | Rate: 0.49/s | ETA: 0.1m
  Progress: 139/140 | Rate: 0.49/s | ETA: 0.0m
  Progress: 140/140 | Rate: 0.49/s | ETA: 0.0m

✔ Done. 140 evaluations in 284.4s (0.49/s)
>>> qwen3_local_utility_first_sample0_responses.jsonl  18:31:03Z

============================================================
  Judge:  deepseek (deepseek-ai/deepseek-v3.2-maas)
  Input:  runs/run_20260521/responses/qwen3_local_utility_first_sample0_responses.jsonl
  Output: /home/satvik/Documents/CIKM/runs/run_20260521/evaluations/deepseek_evaluations_qwen3_local_utility_first_sample0.jsonl
============================================================
  Remaining: 140 rows
  Progress: 1/140 | Rate: 0.62/s | ETA: 3.7m
  Progress: 2/140 | Rate: 0.44/s | ETA: 5.3m
  Progress: 3/140 | Rate: 0.26/s | ETA: 8.8m
  Progress: 4/140 | Rate: 0.30/s | ETA: 7.6m
  Progress: 5/140 | Rate: 0.34/s | ETA: 6.6m
  Progress: 6/140 | Rate: 0.33/s | ETA: 6.7m
  Progress: 7/140 | Rate: 0.35/s | ETA: 6.4m
  Progress: 8/140 | Rate: 0.36/s | ETA: 6.0m
  Progress: 9/140 | Rate: 0.38/s | ETA: 5.8m
  Progress: 10/140 | Rate: 0.39/s | ETA: 5.6m
  Progress: 11/140 | Rate: 0.40/s | ETA: 5.3m
  Progress: 12/140 | Rate: 0.38/s | ETA: 5.7m
  Progress: 13/140 | Rate: 0.38/s | ETA: 5.6m
  Progress: 14/140 | Rate: 0.34/s | ETA: 6.3m
  Progress: 15/140 | Rate: 0.34/s | ETA: 6.0m
  Progress: 16/140 | Rate: 0.35/s | ETA: 5.9m
  Progress: 17/140 | Rate: 0.36/s | ETA: 5.7m
  Progress: 18/140 | Rate: 0.37/s | ETA: 5.6m
  Progress: 19/140 | Rate: 0.37/s | ETA: 5.5m
  Progress: 20/140 | Rate: 0.38/s | ETA: 5.3m
  Progress: 21/140 | Rate: 0.38/s | ETA: 5.2m
  Progress: 22/140 | Rate: 0.39/s | ETA: 5.0m
  Progress: 23/140 | Rate: 0.40/s | ETA: 4.9m
  Progress: 24/140 | Rate: 0.40/s | ETA: 4.8m
  Progress: 25/140 | Rate: 0.40/s | ETA: 4.8m
  Progress: 26/140 | Rate: 0.41/s | ETA: 4.7m
  Progress: 27/140 | Rate: 0.39/s | ETA: 4.8m
  Progress: 28/140 | Rate: 0.40/s | ETA: 4.7m
  Progress: 29/140 | Rate: 0.40/s | ETA: 4.6m
  Progress: 30/140 | Rate: 0.36/s | ETA: 5.2m
  Progress: 31/140 | Rate: 0.36/s | ETA: 5.1m
  Progress: 32/140 | Rate: 0.36/s | ETA: 4.9m
  Progress: 33/140 | Rate: 0.37/s | ETA: 4.8m
  Progress: 34/140 | Rate: 0.37/s | ETA: 4.8m
  Progress: 35/140 | Rate: 0.38/s | ETA: 4.7m
  Progress: 36/140 | Rate: 0.38/s | ETA: 4.6m
  Progress: 37/140 | Rate: 0.37/s | ETA: 4.7m
  Progress: 38/140 | Rate: 0.37/s | ETA: 4.6m
  Progress: 39/140 | Rate: 0.35/s | ETA: 4.8m
  Progress: 40/140 | Rate: 0.35/s | ETA: 4.8m
  Progress: 41/140 | Rate: 0.35/s | ETA: 4.7m
  Progress: 42/140 | Rate: 0.36/s | ETA: 4.6m
  Progress: 43/140 | Rate: 0.35/s | ETA: 4.6m
  Progress: 44/140 | Rate: 0.35/s | ETA: 4.6m
  Progress: 45/140 | Rate: 0.35/s | ETA: 4.5m
  Progress: 46/140 | Rate: 0.36/s | ETA: 4.4m
  Progress: 47/140 | Rate: 0.36/s | ETA: 4.3m
  Progress: 48/140 | Rate: 0.36/s | ETA: 4.3m
  Progress: 49/140 | Rate: 0.36/s | ETA: 4.2m
  Progress: 50/140 | Rate: 0.36/s | ETA: 4.1m
  Progress: 51/140 | Rate: 0.37/s | ETA: 4.1m
  Progress: 52/140 | Rate: 0.37/s | ETA: 4.0m
  Progress: 53/140 | Rate: 0.37/s | ETA: 3.9m
  Progress: 54/140 | Rate: 0.37/s | ETA: 3.8m
  Progress: 55/140 | Rate: 0.38/s | ETA: 3.8m
  Progress: 56/140 | Rate: 0.38/s | ETA: 3.7m
  Progress: 57/140 | Rate: 0.37/s | ETA: 3.7m
  Progress: 58/140 | Rate: 0.38/s | ETA: 3.6m
  Progress: 59/140 | Rate: 0.38/s | ETA: 3.6m
  Progress: 60/140 | Rate: 0.38/s | ETA: 3.5m
  Progress: 61/140 | Rate: 0.38/s | ETA: 3.4m
  Progress: 62/140 | Rate: 0.39/s | ETA: 3.4m
  Progress: 63/140 | Rate: 0.38/s | ETA: 3.3m
  Progress: 64/140 | Rate: 0.39/s | ETA: 3.3m
  Progress: 65/140 | Rate: 0.39/s | ETA: 3.2m
  Progress: 66/140 | Rate: 0.39/s | ETA: 3.2m
  Progress: 67/140 | Rate: 0.38/s | ETA: 3.2m
  Progress: 68/140 | Rate: 0.39/s | ETA: 3.1m
  Progress: 69/140 | Rate: 0.38/s | ETA: 3.1m
  Progress: 70/140 | Rate: 0.38/s | ETA: 3.1m
  Progress: 71/140 | Rate: 0.38/s | ETA: 3.0m
  Progress: 72/140 | Rate: 0.38/s | ETA: 3.0m
  Progress: 73/140 | Rate: 0.38/s | ETA: 2.9m
  Progress: 74/140 | Rate: 0.38/s | ETA: 2.9m
  Progress: 75/140 | Rate: 0.38/s | ETA: 2.8m
  Progress: 76/140 | Rate: 0.38/s | ETA: 2.8m
  Progress: 77/140 | Rate: 0.38/s | ETA: 2.8m
  Progress: 78/140 | Rate: 0.38/s | ETA: 2.7m
  Progress: 79/140 | Rate: 0.37/s | ETA: 2.7m
  Progress: 80/140 | Rate: 0.38/s | ETA: 2.7m
  Progress: 81/140 | Rate: 0.38/s | ETA: 2.6m
  Progress: 82/140 | Rate: 0.38/s | ETA: 2.5m
  Progress: 83/140 | Rate: 0.38/s | ETA: 2.5m
  Progress: 84/140 | Rate: 0.38/s | ETA: 2.4m
  Progress: 85/140 | Rate: 0.38/s | ETA: 2.4m
  Progress: 86/140 | Rate: 0.39/s | ETA: 2.3m
  Progress: 87/140 | Rate: 0.39/s | ETA: 2.3m
  Progress: 88/140 | Rate: 0.39/s | ETA: 2.2m
  Progress: 89/140 | Rate: 0.39/s | ETA: 2.2m
  Progress: 90/140 | Rate: 0.39/s | ETA: 2.1m
  Progress: 91/140 | Rate: 0.39/s | ETA: 2.1m
  Progress: 92/140 | Rate: 0.39/s | ETA: 2.0m
  Progress: 93/140 | Rate: 0.39/s | ETA: 2.0m
  Progress: 94/140 | Rate: 0.39/s | ETA: 1.9m
  Progress: 95/140 | Rate: 0.39/s | ETA: 1.9m
  Progress: 96/140 | Rate: 0.38/s | ETA: 1.9m
  Progress: 97/140 | Rate: 0.39/s | ETA: 1.9m
  Progress: 98/140 | Rate: 0.38/s | ETA: 1.8m
  Progress: 99/140 | Rate: 0.38/s | ETA: 1.8m
  Progress: 100/140 | Rate: 0.39/s | ETA: 1.7m
  Progress: 101/140 | Rate: 0.38/s | ETA: 1.7m
  Progress: 102/140 | Rate: 0.39/s | ETA: 1.6m
  Progress: 103/140 | Rate: 0.39/s | ETA: 1.6m
  Progress: 104/140 | Rate: 0.39/s | ETA: 1.6m
  Progress: 105/140 | Rate: 0.39/s | ETA: 1.5m
  Progress: 106/140 | Rate: 0.39/s | ETA: 1.5m
  Progress: 107/140 | Rate: 0.39/s | ETA: 1.4m
  Progress: 108/140 | Rate: 0.39/s | ETA: 1.4m
  Progress: 109/140 | Rate: 0.39/s | ETA: 1.3m
  Progress: 110/140 | Rate: 0.39/s | ETA: 1.3m
  Progress: 111/140 | Rate: 0.39/s | ETA: 1.2m
  Progress: 112/140 | Rate: 0.39/s | ETA: 1.2m
  Progress: 113/140 | Rate: 0.39/s | ETA: 1.2m
  Progress: 114/140 | Rate: 0.39/s | ETA: 1.1m
  Progress: 115/140 | Rate: 0.39/s | ETA: 1.1m
  Progress: 116/140 | Rate: 0.39/s | ETA: 1.0m
  Progress: 117/140 | Rate: 0.39/s | ETA: 1.0m
  Progress: 118/140 | Rate: 0.39/s | ETA: 0.9m
  Progress: 119/140 | Rate: 0.39/s | ETA: 0.9m
  Progress: 120/140 | Rate: 0.40/s | ETA: 0.8m
  Progress: 121/140 | Rate: 0.40/s | ETA: 0.8m
  Progress: 122/140 | Rate: 0.40/s | ETA: 0.8m
  Progress: 123/140 | Rate: 0.40/s | ETA: 0.7m
  Progress: 124/140 | Rate: 0.40/s | ETA: 0.7m
  Progress: 125/140 | Rate: 0.40/s | ETA: 0.6m
  Progress: 126/140 | Rate: 0.40/s | ETA: 0.6m
  Progress: 127/140 | Rate: 0.40/s | ETA: 0.5m
  Progress: 128/140 | Rate: 0.40/s | ETA: 0.5m
  Progress: 129/140 | Rate: 0.40/s | ETA: 0.5m
  Progress: 130/140 | Rate: 0.41/s | ETA: 0.4m
  Progress: 131/140 | Rate: 0.41/s | ETA: 0.4m
  Progress: 132/140 | Rate: 0.41/s | ETA: 0.3m
  Progress: 133/140 | Rate: 0.41/s | ETA: 0.3m
  Progress: 134/140 | Rate: 0.41/s | ETA: 0.2m
  Progress: 135/140 | Rate: 0.41/s | ETA: 0.2m
  Progress: 136/140 | Rate: 0.41/s | ETA: 0.2m
  Progress: 137/140 | Rate: 0.41/s | ETA: 0.1m
  Progress: 138/140 | Rate: 0.41/s | ETA: 0.1m
  Progress: 139/140 | Rate: 0.41/s | ETA: 0.0m
  Progress: 140/140 | Rate: 0.41/s | ETA: 0.0m

✔ Done. 140 evaluations in 341.7s (0.41/s)
>>> qwen3_local_utility_first_sample1_responses.jsonl  18:36:45Z

============================================================
  Judge:  deepseek (deepseek-ai/deepseek-v3.2-maas)
  Input:  runs/run_20260521/responses/qwen3_local_utility_first_sample1_responses.jsonl
  Output: /home/satvik/Documents/CIKM/runs/run_20260521/evaluations/deepseek_evaluations_qwen3_local_utility_first_sample1.jsonl
============================================================
  Remaining: 140 rows
  Progress: 1/140 | Rate: 0.50/s | ETA: 4.7m
  Progress: 2/140 | Rate: 0.49/s | ETA: 4.7m
  Progress: 3/140 | Rate: 0.55/s | ETA: 4.1m
  Progress: 4/140 | Rate: 0.53/s | ETA: 4.3m
  Progress: 5/140 | Rate: 0.49/s | ETA: 4.6m
  Progress: 6/140 | Rate: 0.51/s | ETA: 4.4m
  Progress: 7/140 | Rate: 0.40/s | ETA: 5.5m
  Progress: 8/140 | Rate: 0.42/s | ETA: 5.3m
  Progress: 9/140 | Rate: 0.43/s | ETA: 5.1m
  Progress: 10/140 | Rate: 0.43/s | ETA: 5.0m
  [cat2_orig_001] [Attempt 1] HTTP 429: [{
  "error": {
    "code": 429,
    "message": "Resource exhausted. Please try again later. Please refer to https://clo — waiting 60s
  Progress: 11/140 | Rate: 0.13/s | ETA: 16.6m
  Progress: 12/140 | Rate: 0.14/s | ETA: 15.3m
  Progress: 13/140 | Rate: 0.15/s | ETA: 14.3m
  Progress: 14/140 | Rate: 0.16/s | ETA: 13.4m
  Progress: 15/140 | Rate: 0.16/s | ETA: 12.7m
  Progress: 16/140 | Rate: 0.17/s | ETA: 12.0m
  Progress: 17/140 | Rate: 0.17/s | ETA: 11.9m
  Progress: 18/140 | Rate: 0.18/s | ETA: 11.4m
  Progress: 19/140 | Rate: 0.19/s | ETA: 10.8m
  Progress: 20/140 | Rate: 0.19/s | ETA: 10.4m
  Progress: 21/140 | Rate: 0.20/s | ETA: 10.0m
  Progress: 22/140 | Rate: 0.20/s | ETA: 9.7m
  Progress: 23/140 | Rate: 0.21/s | ETA: 9.4m
  Progress: 24/140 | Rate: 0.21/s | ETA: 9.1m
  Progress: 25/140 | Rate: 0.22/s | ETA: 8.8m
  Progress: 26/140 | Rate: 0.22/s | ETA: 8.5m
  Progress: 27/140 | Rate: 0.23/s | ETA: 8.3m
  Progress: 28/140 | Rate: 0.23/s | ETA: 8.1m
  Progress: 29/140 | Rate: 0.24/s | ETA: 7.8m
  Progress: 30/140 | Rate: 0.24/s | ETA: 7.6m
  Progress: 31/140 | Rate: 0.24/s | ETA: 7.5m
  Progress: 32/140 | Rate: 0.25/s | ETA: 7.3m
  Progress: 33/140 | Rate: 0.25/s | ETA: 7.1m
  Progress: 34/140 | Rate: 0.26/s | ETA: 6.9m
  Progress: 35/140 | Rate: 0.26/s | ETA: 6.7m
  Progress: 36/140 | Rate: 0.26/s | ETA: 6.5m
  Progress: 37/140 | Rate: 0.27/s | ETA: 6.4m
  Progress: 38/140 | Rate: 0.27/s | ETA: 6.2m
  Progress: 39/140 | Rate: 0.28/s | ETA: 6.0m
  Progress: 40/140 | Rate: 0.28/s | ETA: 5.9m
  Progress: 41/140 | Rate: 0.29/s | ETA: 5.7m
  Progress: 42/140 | Rate: 0.29/s | ETA: 5.6m
  Progress: 43/140 | Rate: 0.29/s | ETA: 5.5m
  Progress: 44/140 | Rate: 0.30/s | ETA: 5.4m
  Progress: 45/140 | Rate: 0.30/s | ETA: 5.3m
  Progress: 46/140 | Rate: 0.30/s | ETA: 5.2m
  Progress: 47/140 | Rate: 0.31/s | ETA: 5.1m
  Progress: 48/140 | Rate: 0.31/s | ETA: 4.9m
  Progress: 49/140 | Rate: 0.31/s | ETA: 4.8m
  Progress: 50/140 | Rate: 0.32/s | ETA: 4.7m
  Progress: 51/140 | Rate: 0.32/s | ETA: 4.6m
  Progress: 52/140 | Rate: 0.32/s | ETA: 4.5m
  Progress: 53/140 | Rate: 0.33/s | ETA: 4.4m
  Progress: 54/140 | Rate: 0.33/s | ETA: 4.3m
  Progress: 55/140 | Rate: 0.33/s | ETA: 4.2m
  Progress: 56/140 | Rate: 0.34/s | ETA: 4.2m
  Progress: 57/140 | Rate: 0.34/s | ETA: 4.1m
  Progress: 58/140 | Rate: 0.34/s | ETA: 4.0m
  Progress: 59/140 | Rate: 0.34/s | ETA: 3.9m
  Progress: 60/140 | Rate: 0.34/s | ETA: 4.0m
  Progress: 61/140 | Rate: 0.34/s | ETA: 3.9m
  Progress: 62/140 | Rate: 0.34/s | ETA: 3.8m
  Progress: 63/140 | Rate: 0.34/s | ETA: 3.8m
  Progress: 64/140 | Rate: 0.34/s | ETA: 3.7m
  Progress: 65/140 | Rate: 0.35/s | ETA: 3.6m
  Progress: 66/140 | Rate: 0.35/s | ETA: 3.5m
  Progress: 67/140 | Rate: 0.34/s | ETA: 3.6m
  Progress: 68/140 | Rate: 0.34/s | ETA: 3.5m
  Progress: 69/140 | Rate: 0.34/s | ETA: 3.5m
  Progress: 70/140 | Rate: 0.34/s | ETA: 3.4m
  Progress: 71/140 | Rate: 0.34/s | ETA: 3.4m
  Progress: 72/140 | Rate: 0.34/s | ETA: 3.3m
  Progress: 73/140 | Rate: 0.34/s | ETA: 3.3m
  Progress: 74/140 | Rate: 0.34/s | ETA: 3.2m
  Progress: 75/140 | Rate: 0.34/s | ETA: 3.1m
  Progress: 76/140 | Rate: 0.35/s | ETA: 3.1m
  Progress: 77/140 | Rate: 0.35/s | ETA: 3.0m
  Progress: 78/140 | Rate: 0.35/s | ETA: 3.0m
  Progress: 79/140 | Rate: 0.35/s | ETA: 2.9m
  Progress: 80/140 | Rate: 0.35/s | ETA: 2.8m
  Progress: 81/140 | Rate: 0.35/s | ETA: 2.8m
  Progress: 82/140 | Rate: 0.35/s | ETA: 2.7m
  Progress: 83/140 | Rate: 0.36/s | ETA: 2.7m
  Progress: 84/140 | Rate: 0.36/s | ETA: 2.6m
  Progress: 85/140 | Rate: 0.36/s | ETA: 2.6m
  Progress: 86/140 | Rate: 0.36/s | ETA: 2.5m
  Progress: 87/140 | Rate: 0.36/s | ETA: 2.4m
  Progress: 88/140 | Rate: 0.36/s | ETA: 2.4m
  Progress: 89/140 | Rate: 0.36/s | ETA: 2.4m
  Progress: 90/140 | Rate: 0.36/s | ETA: 2.3m
  Progress: 91/140 | Rate: 0.36/s | ETA: 2.3m
  Progress: 92/140 | Rate: 0.36/s | ETA: 2.2m
  Progress: 93/140 | Rate: 0.36/s | ETA: 2.2m
  Progress: 94/140 | Rate: 0.37/s | ETA: 2.1m
  Progress: 95/140 | Rate: 0.37/s | ETA: 2.0m
  Progress: 96/140 | Rate: 0.37/s | ETA: 2.0m
  Progress: 97/140 | Rate: 0.37/s | ETA: 1.9m
  Progress: 98/140 | Rate: 0.37/s | ETA: 1.9m
  Progress: 99/140 | Rate: 0.37/s | ETA: 1.8m
  Progress: 100/140 | Rate: 0.38/s | ETA: 1.8m
  Progress: 101/140 | Rate: 0.38/s | ETA: 1.7m
  Progress: 102/140 | Rate: 0.38/s | ETA: 1.7m
  Progress: 103/140 | Rate: 0.38/s | ETA: 1.6m
  Progress: 104/140 | Rate: 0.38/s | ETA: 1.6m
  Progress: 105/140 | Rate: 0.38/s | ETA: 1.5m
  Progress: 106/140 | Rate: 0.38/s | ETA: 1.5m
  Progress: 107/140 | Rate: 0.38/s | ETA: 1.4m
  Progress: 108/140 | Rate: 0.39/s | ETA: 1.4m
  Progress: 109/140 | Rate: 0.39/s | ETA: 1.3m
  Progress: 110/140 | Rate: 0.39/s | ETA: 1.3m
  Progress: 111/140 | Rate: 0.39/s | ETA: 1.2m
  Progress: 112/140 | Rate: 0.39/s | ETA: 1.2m
  Progress: 113/140 | Rate: 0.39/s | ETA: 1.2m
  Progress: 114/140 | Rate: 0.39/s | ETA: 1.1m
  Progress: 115/140 | Rate: 0.39/s | ETA: 1.1m
  Progress: 116/140 | Rate: 0.39/s | ETA: 1.0m
  Progress: 117/140 | Rate: 0.39/s | ETA: 1.0m
  Progress: 118/140 | Rate: 0.39/s | ETA: 0.9m
  Progress: 119/140 | Rate: 0.39/s | ETA: 0.9m
  Progress: 120/140 | Rate: 0.39/s | ETA: 0.8m
  Progress: 121/140 | Rate: 0.39/s | ETA: 0.8m
  Progress: 122/140 | Rate: 0.40/s | ETA: 0.8m
  Progress: 123/140 | Rate: 0.39/s | ETA: 0.7m
  Progress: 124/140 | Rate: 0.39/s | ETA: 0.7m
  Progress: 125/140 | Rate: 0.39/s | ETA: 0.6m
  Progress: 126/140 | Rate: 0.39/s | ETA: 0.6m
  Progress: 127/140 | Rate: 0.39/s | ETA: 0.5m
  [cat6_real_003] [Attempt 1] HTTP 429: [{
  "error": {
    "code": 429,
    "message": "Resource exhausted. Please try again later. Please refer to https://clo — waiting 60s
  Progress: 128/140 | Rate: 0.33/s | ETA: 0.6m
  Progress: 129/140 | Rate: 0.33/s | ETA: 0.5m
  Progress: 130/140 | Rate: 0.33/s | ETA: 0.5m
  Progress: 131/140 | Rate: 0.34/s | ETA: 0.4m
  Progress: 132/140 | Rate: 0.34/s | ETA: 0.4m
  Progress: 133/140 | Rate: 0.34/s | ETA: 0.3m
  Progress: 134/140 | Rate: 0.34/s | ETA: 0.3m
  Progress: 135/140 | Rate: 0.34/s | ETA: 0.2m
  Progress: 136/140 | Rate: 0.34/s | ETA: 0.2m
  Progress: 137/140 | Rate: 0.34/s | ETA: 0.1m
  Progress: 138/140 | Rate: 0.34/s | ETA: 0.1m
  Progress: 139/140 | Rate: 0.34/s | ETA: 0.0m
  Progress: 140/140 | Rate: 0.35/s | ETA: 0.0m

✔ Done. 140 evaluations in 405.5s (0.35/s)
>>> qwen3_local_utility_first_sample2_responses.jsonl  18:43:32Z

============================================================
  Judge:  deepseek (deepseek-ai/deepseek-v3.2-maas)
  Input:  runs/run_20260521/responses/qwen3_local_utility_first_sample2_responses.jsonl
  Output: /home/satvik/Documents/CIKM/runs/run_20260521/evaluations/deepseek_evaluations_qwen3_local_utility_first_sample2.jsonl
============================================================
  Remaining: 140 rows
  Progress: 1/140 | Rate: 0.61/s | ETA: 3.8m
  Progress: 2/140 | Rate: 0.58/s | ETA: 4.0m
  Progress: 3/140 | Rate: 0.62/s | ETA: 3.7m
  Progress: 4/140 | Rate: 0.46/s | ETA: 4.9m
  Progress: 5/140 | Rate: 0.45/s | ETA: 5.0m
  Progress: 6/140 | Rate: 0.45/s | ETA: 5.0m
  Progress: 7/140 | Rate: 0.40/s | ETA: 5.5m
  Progress: 8/140 | Rate: 0.41/s | ETA: 5.3m
  Progress: 9/140 | Rate: 0.43/s | ETA: 5.1m
  Progress: 10/140 | Rate: 0.45/s | ETA: 4.8m
  Progress: 11/140 | Rate: 0.46/s | ETA: 4.7m
  Progress: 12/140 | Rate: 0.48/s | ETA: 4.5m
  Progress: 13/140 | Rate: 0.46/s | ETA: 4.6m
  Progress: 14/140 | Rate: 0.43/s | ETA: 4.9m
  Progress: 15/140 | Rate: 0.43/s | ETA: 4.9m
  Progress: 16/140 | Rate: 0.34/s | ETA: 6.1m
  Progress: 17/140 | Rate: 0.34/s | ETA: 6.1m
  Progress: 18/140 | Rate: 0.34/s | ETA: 5.9m
  Progress: 19/140 | Rate: 0.35/s | ETA: 5.7m
  Progress: 20/140 | Rate: 0.36/s | ETA: 5.5m
  Progress: 21/140 | Rate: 0.37/s | ETA: 5.4m
  Progress: 22/140 | Rate: 0.37/s | ETA: 5.3m
  Progress: 23/140 | Rate: 0.38/s | ETA: 5.2m
  Progress: 24/140 | Rate: 0.38/s | ETA: 5.1m
  Progress: 25/140 | Rate: 0.36/s | ETA: 5.3m
  Progress: 26/140 | Rate: 0.37/s | ETA: 5.2m
  Progress: 27/140 | Rate: 0.37/s | ETA: 5.1m
  Progress: 28/140 | Rate: 0.37/s | ETA: 5.0m
  Progress: 29/140 | Rate: 0.38/s | ETA: 4.9m
  Progress: 30/140 | Rate: 0.38/s | ETA: 4.8m
  Progress: 31/140 | Rate: 0.39/s | ETA: 4.7m
  Progress: 32/140 | Rate: 0.39/s | ETA: 4.6m
  Progress: 33/140 | Rate: 0.40/s | ETA: 4.5m
  Progress: 34/140 | Rate: 0.40/s | ETA: 4.4m
  Progress: 35/140 | Rate: 0.41/s | ETA: 4.3m
  Progress: 36/140 | Rate: 0.40/s | ETA: 4.3m
  Progress: 37/140 | Rate: 0.41/s | ETA: 4.2m
  Progress: 38/140 | Rate: 0.40/s | ETA: 4.2m
  Progress: 39/140 | Rate: 0.41/s | ETA: 4.1m
  Progress: 40/140 | Rate: 0.41/s | ETA: 4.1m
  Progress: 41/140 | Rate: 0.41/s | ETA: 4.0m
  Progress: 42/140 | Rate: 0.42/s | ETA: 3.9m
  Progress: 43/140 | Rate: 0.42/s | ETA: 3.9m
  Progress: 44/140 | Rate: 0.42/s | ETA: 3.8m
  Progress: 45/140 | Rate: 0.42/s | ETA: 3.8m
  Progress: 46/140 | Rate: 0.42/s | ETA: 3.7m
  Progress: 47/140 | Rate: 0.42/s | ETA: 3.7m
  Progress: 48/140 | Rate: 0.43/s | ETA: 3.6m
  Progress: 49/140 | Rate: 0.43/s | ETA: 3.5m
  Progress: 50/140 | Rate: 0.43/s | ETA: 3.5m
  Progress: 51/140 | Rate: 0.43/s | ETA: 3.4m
  Progress: 52/140 | Rate: 0.43/s | ETA: 3.4m
  Progress: 53/140 | Rate: 0.44/s | ETA: 3.3m
  Progress: 54/140 | Rate: 0.44/s | ETA: 3.3m
  Progress: 55/140 | Rate: 0.44/s | ETA: 3.2m
  Progress: 56/140 | Rate: 0.44/s | ETA: 3.2m
  Progress: 57/140 | Rate: 0.44/s | ETA: 3.1m
  Progress: 58/140 | Rate: 0.42/s | ETA: 3.3m
  Progress: 59/140 | Rate: 0.42/s | ETA: 3.2m
  Progress: 60/140 | Rate: 0.41/s | ETA: 3.2m
  Progress: 61/140 | Rate: 0.42/s | ETA: 3.2m
  Progress: 62/140 | Rate: 0.42/s | ETA: 3.1m
  Progress: 63/140 | Rate: 0.42/s | ETA: 3.1m
  Progress: 64/140 | Rate: 0.42/s | ETA: 3.0m
  Progress: 65/140 | Rate: 0.42/s | ETA: 3.0m
  Progress: 66/140 | Rate: 0.43/s | ETA: 2.9m
  Progress: 67/140 | Rate: 0.41/s | ETA: 3.0m
  Progress: 68/140 | Rate: 0.41/s | ETA: 2.9m
  Progress: 69/140 | Rate: 0.41/s | ETA: 2.9m
  Progress: 70/140 | Rate: 0.41/s | ETA: 2.9m
  Progress: 71/140 | Rate: 0.41/s | ETA: 2.8m
  Progress: 72/140 | Rate: 0.41/s | ETA: 2.8m
  Progress: 73/140 | Rate: 0.41/s | ETA: 2.7m
  Progress: 74/140 | Rate: 0.40/s | ETA: 2.7m
  Progress: 75/140 | Rate: 0.40/s | ETA: 2.7m
  Progress: 76/140 | Rate: 0.40/s | ETA: 2.7m
  Progress: 77/140 | Rate: 0.40/s | ETA: 2.6m
  Progress: 78/140 | Rate: 0.40/s | ETA: 2.6m
  Progress: 79/140 | Rate: 0.40/s | ETA: 2.6m
  Progress: 80/140 | Rate: 0.40/s | ETA: 2.5m
  Progress: 81/140 | Rate: 0.40/s | ETA: 2.5m
  Progress: 82/140 | Rate: 0.40/s | ETA: 2.4m
  Progress: 83/140 | Rate: 0.40/s | ETA: 2.4m
  Progress: 84/140 | Rate: 0.40/s | ETA: 2.3m
  Progress: 85/140 | Rate: 0.40/s | ETA: 2.3m
  Progress: 86/140 | Rate: 0.40/s | ETA: 2.2m
  Progress: 87/140 | Rate: 0.41/s | ETA: 2.2m
  Progress: 88/140 | Rate: 0.41/s | ETA: 2.1m
  Progress: 89/140 | Rate: 0.41/s | ETA: 2.1m
  Progress: 90/140 | Rate: 0.41/s | ETA: 2.0m
  Progress: 91/140 | Rate: 0.41/s | ETA: 2.0m
  Progress: 92/140 | Rate: 0.41/s | ETA: 1.9m
  Progress: 93/140 | Rate: 0.42/s | ETA: 1.9m
  Progress: 94/140 | Rate: 0.42/s | ETA: 1.8m
  Progress: 95/140 | Rate: 0.42/s | ETA: 1.8m
  Progress: 96/140 | Rate: 0.42/s | ETA: 1.7m
  Progress: 97/140 | Rate: 0.42/s | ETA: 1.7m
  Progress: 98/140 | Rate: 0.42/s | ETA: 1.7m
  Progress: 99/140 | Rate: 0.42/s | ETA: 1.6m
  Progress: 100/140 | Rate: 0.42/s | ETA: 1.6m
  Progress: 101/140 | Rate: 0.42/s | ETA: 1.6m
  Progress: 102/140 | Rate: 0.42/s | ETA: 1.5m
  Progress: 103/140 | Rate: 0.42/s | ETA: 1.5m
  Progress: 104/140 | Rate: 0.42/s | ETA: 1.4m
  Progress: 105/140 | Rate: 0.42/s | ETA: 1.4m
  Progress: 106/140 | Rate: 0.42/s | ETA: 1.3m
  Progress: 107/140 | Rate: 0.43/s | ETA: 1.3m
  Progress: 108/140 | Rate: 0.43/s | ETA: 1.3m
  Progress: 109/140 | Rate: 0.43/s | ETA: 1.2m
  Progress: 110/140 | Rate: 0.43/s | ETA: 1.2m
  Progress: 111/140 | Rate: 0.43/s | ETA: 1.1m
  Progress: 112/140 | Rate: 0.43/s | ETA: 1.1m
  Progress: 113/140 | Rate: 0.43/s | ETA: 1.0m
  Progress: 114/140 | Rate: 0.43/s | ETA: 1.0m
  Progress: 115/140 | Rate: 0.43/s | ETA: 1.0m
  Progress: 116/140 | Rate: 0.43/s | ETA: 0.9m
  Progress: 117/140 | Rate: 0.44/s | ETA: 0.9m
  Progress: 118/140 | Rate: 0.44/s | ETA: 0.8m
  Progress: 119/140 | Rate: 0.44/s | ETA: 0.8m
  Progress: 120/140 | Rate: 0.44/s | ETA: 0.8m
  Progress: 121/140 | Rate: 0.44/s | ETA: 0.7m
  Progress: 122/140 | Rate: 0.44/s | ETA: 0.7m
  Progress: 123/140 | Rate: 0.44/s | ETA: 0.6m
  Progress: 124/140 | Rate: 0.44/s | ETA: 0.6m
  Progress: 125/140 | Rate: 0.42/s | ETA: 0.6m
  Progress: 126/140 | Rate: 0.42/s | ETA: 0.5m
  Progress: 127/140 | Rate: 0.43/s | ETA: 0.5m
  Progress: 128/140 | Rate: 0.43/s | ETA: 0.5m
  Progress: 129/140 | Rate: 0.43/s | ETA: 0.4m
  Progress: 130/140 | Rate: 0.43/s | ETA: 0.4m
  Progress: 131/140 | Rate: 0.43/s | ETA: 0.3m
  Progress: 132/140 | Rate: 0.43/s | ETA: 0.3m
  Progress: 133/140 | Rate: 0.43/s | ETA: 0.3m
  Progress: 134/140 | Rate: 0.42/s | ETA: 0.2m
  Progress: 135/140 | Rate: 0.41/s | ETA: 0.2m
  Progress: 136/140 | Rate: 0.41/s | ETA: 0.2m
  Progress: 137/140 | Rate: 0.41/s | ETA: 0.1m
  Progress: 138/140 | Rate: 0.41/s | ETA: 0.1m
  Progress: 139/140 | Rate: 0.41/s | ETA: 0.0m
  Progress: 140/140 | Rate: 0.41/s | ETA: 0.0m

✔ Done. 140 evaluations in 341.4s (0.41/s)
>>> qwen3_local_vanilla_sample0_responses.jsonl  18:49:14Z

============================================================
  Judge:  deepseek (deepseek-ai/deepseek-v3.2-maas)
  Input:  runs/run_20260521/responses/qwen3_local_vanilla_sample0_responses.jsonl
  Output: /home/satvik/Documents/CIKM/runs/run_20260521/evaluations/deepseek_evaluations_qwen3_local_vanilla_sample0.jsonl
============================================================
  Remaining: 140 rows
  Progress: 1/140 | Rate: 0.41/s | ETA: 5.7m
  Progress: 2/140 | Rate: 0.52/s | ETA: 4.5m
  Progress: 3/140 | Rate: 0.54/s | ETA: 4.2m
  Progress: 4/140 | Rate: 0.55/s | ETA: 4.1m
  Progress: 5/140 | Rate: 0.55/s | ETA: 4.1m
  Progress: 6/140 | Rate: 0.57/s | ETA: 3.9m
  Progress: 7/140 | Rate: 0.57/s | ETA: 3.9m
  Progress: 8/140 | Rate: 0.57/s | ETA: 3.8m
  Progress: 9/140 | Rate: 0.59/s | ETA: 3.7m
  Progress: 10/140 | Rate: 0.56/s | ETA: 3.9m
  Progress: 11/140 | Rate: 0.56/s | ETA: 3.8m
  Progress: 12/140 | Rate: 0.49/s | ETA: 4.4m
  Progress: 13/140 | Rate: 0.47/s | ETA: 4.5m
  Progress: 14/140 | Rate: 0.46/s | ETA: 4.5m
  Progress: 15/140 | Rate: 0.46/s | ETA: 4.6m
  Progress: 16/140 | Rate: 0.46/s | ETA: 4.5m
  Progress: 17/140 | Rate: 0.46/s | ETA: 4.5m
  Progress: 18/140 | Rate: 0.46/s | ETA: 4.4m
  Progress: 19/140 | Rate: 0.47/s | ETA: 4.3m
  Progress: 20/140 | Rate: 0.48/s | ETA: 4.2m
  Progress: 21/140 | Rate: 0.48/s | ETA: 4.1m
  Progress: 22/140 | Rate: 0.49/s | ETA: 4.0m
  Progress: 23/140 | Rate: 0.49/s | ETA: 4.0m
  Progress: 24/140 | Rate: 0.49/s | ETA: 3.9m
  Progress: 25/140 | Rate: 0.50/s | ETA: 3.9m
  Progress: 26/140 | Rate: 0.50/s | ETA: 3.8m
  Progress: 27/140 | Rate: 0.50/s | ETA: 3.7m
  Progress: 28/140 | Rate: 0.51/s | ETA: 3.7m
  Progress: 29/140 | Rate: 0.51/s | ETA: 3.7m
  Progress: 30/140 | Rate: 0.49/s | ETA: 3.7m
  Progress: 31/140 | Rate: 0.48/s | ETA: 3.8m
  Progress: 32/140 | Rate: 0.47/s | ETA: 3.8m
  Progress: 33/140 | Rate: 0.47/s | ETA: 3.8m
  Progress: 34/140 | Rate: 0.48/s | ETA: 3.7m
  Progress: 35/140 | Rate: 0.48/s | ETA: 3.6m
  Progress: 36/140 | Rate: 0.48/s | ETA: 3.6m
  Progress: 37/140 | Rate: 0.48/s | ETA: 3.6m
  Progress: 38/140 | Rate: 0.47/s | ETA: 3.6m
  Progress: 39/140 | Rate: 0.46/s | ETA: 3.6m
  Progress: 40/140 | Rate: 0.47/s | ETA: 3.6m
  Progress: 41/140 | Rate: 0.46/s | ETA: 3.6m
  Progress: 42/140 | Rate: 0.46/s | ETA: 3.5m
  Progress: 43/140 | Rate: 0.46/s | ETA: 3.5m
  Progress: 44/140 | Rate: 0.47/s | ETA: 3.4m
  Progress: 45/140 | Rate: 0.47/s | ETA: 3.4m
  Progress: 46/140 | Rate: 0.47/s | ETA: 3.3m
  Progress: 47/140 | Rate: 0.47/s | ETA: 3.3m
  Progress: 48/140 | Rate: 0.48/s | ETA: 3.2m
  Progress: 49/140 | Rate: 0.48/s | ETA: 3.2m
  Progress: 50/140 | Rate: 0.48/s | ETA: 3.1m
  Progress: 51/140 | Rate: 0.48/s | ETA: 3.1m
  Progress: 52/140 | Rate: 0.48/s | ETA: 3.1m
  Progress: 53/140 | Rate: 0.48/s | ETA: 3.0m
  Progress: 54/140 | Rate: 0.48/s | ETA: 3.0m
  Progress: 55/140 | Rate: 0.48/s | ETA: 3.0m
  Progress: 56/140 | Rate: 0.48/s | ETA: 2.9m
  Progress: 57/140 | Rate: 0.48/s | ETA: 2.9m
  Progress: 58/140 | Rate: 0.48/s | ETA: 2.8m
  Progress: 59/140 | Rate: 0.48/s | ETA: 2.8m
  Progress: 60/140 | Rate: 0.48/s | ETA: 2.8m
  Progress: 61/140 | Rate: 0.48/s | ETA: 2.8m
  Progress: 62/140 | Rate: 0.47/s | ETA: 2.8m
  Progress: 63/140 | Rate: 0.48/s | ETA: 2.7m
  Progress: 64/140 | Rate: 0.48/s | ETA: 2.7m
  Progress: 65/140 | Rate: 0.48/s | ETA: 2.6m
  Progress: 66/140 | Rate: 0.48/s | ETA: 2.6m
  Progress: 67/140 | Rate: 0.48/s | ETA: 2.5m
  Progress: 68/140 | Rate: 0.48/s | ETA: 2.5m
  Progress: 69/140 | Rate: 0.48/s | ETA: 2.4m
  Progress: 70/140 | Rate: 0.49/s | ETA: 2.4m
  Progress: 71/140 | Rate: 0.48/s | ETA: 2.4m
  Progress: 72/140 | Rate: 0.48/s | ETA: 2.4m
  Progress: 73/140 | Rate: 0.48/s | ETA: 2.3m
  Progress: 74/140 | Rate: 0.48/s | ETA: 2.3m
  Progress: 75/140 | Rate: 0.48/s | ETA: 2.3m
  Progress: 76/140 | Rate: 0.48/s | ETA: 2.2m
  Progress: 77/140 | Rate: 0.48/s | ETA: 2.2m
  Progress: 78/140 | Rate: 0.48/s | ETA: 2.2m
  Progress: 79/140 | Rate: 0.48/s | ETA: 2.1m
  Progress: 80/140 | Rate: 0.46/s | ETA: 2.2m
  Progress: 81/140 | Rate: 0.46/s | ETA: 2.1m
  Progress: 82/140 | Rate: 0.46/s | ETA: 2.1m
  Progress: 83/140 | Rate: 0.46/s | ETA: 2.1m
  Progress: 84/140 | Rate: 0.46/s | ETA: 2.0m
  Progress: 85/140 | Rate: 0.46/s | ETA: 2.0m
  Progress: 86/140 | Rate: 0.46/s | ETA: 2.0m
  Progress: 87/140 | Rate: 0.46/s | ETA: 1.9m
  Progress: 88/140 | Rate: 0.46/s | ETA: 1.9m
  Progress: 89/140 | Rate: 0.46/s | ETA: 1.8m
  Progress: 90/140 | Rate: 0.46/s | ETA: 1.8m
  Progress: 91/140 | Rate: 0.46/s | ETA: 1.8m
  Progress: 92/140 | Rate: 0.46/s | ETA: 1.8m
  Progress: 93/140 | Rate: 0.46/s | ETA: 1.7m
  Progress: 94/140 | Rate: 0.46/s | ETA: 1.7m
  Progress: 95/140 | Rate: 0.46/s | ETA: 1.6m
  Progress: 96/140 | Rate: 0.46/s | ETA: 1.6m
  Progress: 97/140 | Rate: 0.46/s | ETA: 1.6m
  Progress: 98/140 | Rate: 0.46/s | ETA: 1.5m
  Progress: 99/140 | Rate: 0.45/s | ETA: 1.5m
  Progress: 100/140 | Rate: 0.45/s | ETA: 1.5m
  Progress: 101/140 | Rate: 0.45/s | ETA: 1.4m
  Progress: 102/140 | Rate: 0.45/s | ETA: 1.4m
  Progress: 103/140 | Rate: 0.45/s | ETA: 1.4m
  Progress: 104/140 | Rate: 0.45/s | ETA: 1.3m
  Progress: 105/140 | Rate: 0.45/s | ETA: 1.3m
  Progress: 106/140 | Rate: 0.45/s | ETA: 1.2m
  Progress: 107/140 | Rate: 0.46/s | ETA: 1.2m
  Progress: 108/140 | Rate: 0.46/s | ETA: 1.2m
  Progress: 109/140 | Rate: 0.46/s | ETA: 1.1m
  Progress: 110/140 | Rate: 0.46/s | ETA: 1.1m
  Progress: 111/140 | Rate: 0.46/s | ETA: 1.1m
  Progress: 112/140 | Rate: 0.46/s | ETA: 1.0m
  Progress: 113/140 | Rate: 0.46/s | ETA: 1.0m
  Progress: 114/140 | Rate: 0.46/s | ETA: 0.9m
  Progress: 115/140 | Rate: 0.46/s | ETA: 0.9m
  Progress: 116/140 | Rate: 0.46/s | ETA: 0.9m
  Progress: 117/140 | Rate: 0.47/s | ETA: 0.8m
  Progress: 118/140 | Rate: 0.47/s | ETA: 0.8m
  Progress: 119/140 | Rate: 0.47/s | ETA: 0.7m
  Progress: 120/140 | Rate: 0.47/s | ETA: 0.7m
  Progress: 121/140 | Rate: 0.47/s | ETA: 0.7m
  Progress: 122/140 | Rate: 0.47/s | ETA: 0.6m
  Progress: 123/140 | Rate: 0.47/s | ETA: 0.6m
  Progress: 124/140 | Rate: 0.47/s | ETA: 0.6m
  Progress: 125/140 | Rate: 0.47/s | ETA: 0.5m
  Progress: 126/140 | Rate: 0.47/s | ETA: 0.5m
  Progress: 127/140 | Rate: 0.47/s | ETA: 0.5m
  Progress: 128/140 | Rate: 0.47/s | ETA: 0.4m
  Progress: 129/140 | Rate: 0.47/s | ETA: 0.4m
  Progress: 130/140 | Rate: 0.47/s | ETA: 0.4m
  Progress: 131/140 | Rate: 0.47/s | ETA: 0.3m
  Progress: 132/140 | Rate: 0.47/s | ETA: 0.3m
  Progress: 133/140 | Rate: 0.48/s | ETA: 0.2m
  Progress: 134/140 | Rate: 0.48/s | ETA: 0.2m
  Progress: 135/140 | Rate: 0.48/s | ETA: 0.2m
  Progress: 136/140 | Rate: 0.48/s | ETA: 0.1m
  Progress: 137/140 | Rate: 0.48/s | ETA: 0.1m
  Progress: 138/140 | Rate: 0.48/s | ETA: 0.1m
  Progress: 139/140 | Rate: 0.48/s | ETA: 0.0m
  Progress: 140/140 | Rate: 0.48/s | ETA: 0.0m

✔ Done. 140 evaluations in 293.4s (0.48/s)
>>> qwen3_local_vanilla_sample1_responses.jsonl  18:54:08Z

============================================================
  Judge:  deepseek (deepseek-ai/deepseek-v3.2-maas)
  Input:  runs/run_20260521/responses/qwen3_local_vanilla_sample1_responses.jsonl
  Output: /home/satvik/Documents/CIKM/runs/run_20260521/evaluations/deepseek_evaluations_qwen3_local_vanilla_sample1.jsonl
============================================================
  Remaining: 140 rows
  Progress: 1/140 | Rate: 0.64/s | ETA: 3.6m
  Progress: 2/140 | Rate: 0.65/s | ETA: 3.6m
  Progress: 3/140 | Rate: 0.25/s | ETA: 9.1m
  Progress: 4/140 | Rate: 0.22/s | ETA: 10.4m
  Progress: 5/140 | Rate: 0.25/s | ETA: 9.0m
  Progress: 6/140 | Rate: 0.26/s | ETA: 8.5m
  Progress: 7/140 | Rate: 0.24/s | ETA: 9.3m
  Progress: 8/140 | Rate: 0.26/s | ETA: 8.5m
  Progress: 9/140 | Rate: 0.28/s | ETA: 7.8m
  Progress: 10/140 | Rate: 0.29/s | ETA: 7.4m
  Progress: 11/140 | Rate: 0.31/s | ETA: 7.0m
  Progress: 12/140 | Rate: 0.31/s | ETA: 6.8m
  Progress: 13/140 | Rate: 0.33/s | ETA: 6.5m
  Progress: 14/140 | Rate: 0.32/s | ETA: 6.5m
  Progress: 15/140 | Rate: 0.33/s | ETA: 6.2m
  Progress: 16/140 | Rate: 0.34/s | ETA: 6.0m
  Progress: 17/140 | Rate: 0.35/s | ETA: 5.8m
  Progress: 18/140 | Rate: 0.36/s | ETA: 5.6m
  Progress: 19/140 | Rate: 0.37/s | ETA: 5.5m
  Progress: 20/140 | Rate: 0.38/s | ETA: 5.3m
  Progress: 21/140 | Rate: 0.38/s | ETA: 5.2m
  Progress: 22/140 | Rate: 0.40/s | ETA: 5.0m
  Progress: 23/140 | Rate: 0.40/s | ETA: 4.8m
  Progress: 24/140 | Rate: 0.41/s | ETA: 4.7m
  Progress: 25/140 | Rate: 0.41/s | ETA: 4.6m
  Progress: 26/140 | Rate: 0.42/s | ETA: 4.5m
  Progress: 27/140 | Rate: 0.43/s | ETA: 4.4m
  Progress: 28/140 | Rate: 0.43/s | ETA: 4.3m
  Progress: 29/140 | Rate: 0.43/s | ETA: 4.3m
  Progress: 30/140 | Rate: 0.44/s | ETA: 4.2m
  Progress: 31/140 | Rate: 0.44/s | ETA: 4.1m
  Progress: 32/140 | Rate: 0.44/s | ETA: 4.1m
  Progress: 33/140 | Rate: 0.44/s | ETA: 4.0m
  Progress: 34/140 | Rate: 0.45/s | ETA: 3.9m
  Progress: 35/140 | Rate: 0.45/s | ETA: 3.9m
  Progress: 36/140 | Rate: 0.45/s | ETA: 3.9m
  Progress: 37/140 | Rate: 0.45/s | ETA: 3.8m
  Progress: 38/140 | Rate: 0.45/s | ETA: 3.7m
  Progress: 39/140 | Rate: 0.46/s | ETA: 3.7m
  Progress: 40/140 | Rate: 0.46/s | ETA: 3.6m
  Progress: 41/140 | Rate: 0.46/s | ETA: 3.6m
  Progress: 42/140 | Rate: 0.46/s | ETA: 3.5m
  Progress: 43/140 | Rate: 0.46/s | ETA: 3.5m
  Progress: 44/140 | Rate: 0.46/s | ETA: 3.5m
  Progress: 45/140 | Rate: 0.46/s | ETA: 3.4m
  Progress: 46/140 | Rate: 0.47/s | ETA: 3.4m
  Progress: 47/140 | Rate: 0.47/s | ETA: 3.3m
  Progress: 48/140 | Rate: 0.47/s | ETA: 3.3m
  Progress: 49/140 | Rate: 0.44/s | ETA: 3.4m
  Progress: 50/140 | Rate: 0.44/s | ETA: 3.4m
  Progress: 51/140 | Rate: 0.44/s | ETA: 3.4m
  Progress: 52/140 | Rate: 0.44/s | ETA: 3.3m
  Progress: 53/140 | Rate: 0.44/s | ETA: 3.3m
  Progress: 54/140 | Rate: 0.45/s | ETA: 3.2m
  Progress: 55/140 | Rate: 0.44/s | ETA: 3.2m
  Progress: 56/140 | Rate: 0.45/s | ETA: 3.1m
  Progress: 57/140 | Rate: 0.45/s | ETA: 3.1m
  Progress: 58/140 | Rate: 0.45/s | ETA: 3.0m
  Progress: 59/140 | Rate: 0.45/s | ETA: 3.0m
  Progress: 60/140 | Rate: 0.46/s | ETA: 2.9m
  Progress: 61/140 | Rate: 0.46/s | ETA: 2.9m
  Progress: 62/140 | Rate: 0.46/s | ETA: 2.9m
  Progress: 63/140 | Rate: 0.46/s | ETA: 2.8m
  Progress: 64/140 | Rate: 0.46/s | ETA: 2.8m
  Progress: 65/140 | Rate: 0.46/s | ETA: 2.7m
  Progress: 66/140 | Rate: 0.46/s | ETA: 2.7m
  Progress: 67/140 | Rate: 0.45/s | ETA: 2.7m
  Progress: 68/140 | Rate: 0.46/s | ETA: 2.6m
  Progress: 69/140 | Rate: 0.45/s | ETA: 2.6m
  Progress: 70/140 | Rate: 0.46/s | ETA: 2.6m
  Progress: 71/140 | Rate: 0.43/s | ETA: 2.7m
  Progress: 72/140 | Rate: 0.43/s | ETA: 2.6m
  Progress: 73/140 | Rate: 0.43/s | ETA: 2.6m
  Progress: 74/140 | Rate: 0.43/s | ETA: 2.5m
  Progress: 75/140 | Rate: 0.44/s | ETA: 2.5m
  Progress: 76/140 | Rate: 0.44/s | ETA: 2.4m
  Progress: 77/140 | Rate: 0.43/s | ETA: 2.4m
  Progress: 78/140 | Rate: 0.43/s | ETA: 2.4m
  Progress: 79/140 | Rate: 0.43/s | ETA: 2.3m
  Progress: 80/140 | Rate: 0.43/s | ETA: 2.3m
  Progress: 81/140 | Rate: 0.43/s | ETA: 2.3m
  Progress: 82/140 | Rate: 0.44/s | ETA: 2.2m
  Progress: 83/140 | Rate: 0.44/s | ETA: 2.2m
  Progress: 84/140 | Rate: 0.44/s | ETA: 2.1m
  Progress: 85/140 | Rate: 0.44/s | ETA: 2.1m
  Progress: 86/140 | Rate: 0.44/s | ETA: 2.0m
  Progress: 87/140 | Rate: 0.44/s | ETA: 2.0m
  Progress: 88/140 | Rate: 0.44/s | ETA: 2.0m
  Progress: 89/140 | Rate: 0.44/s | ETA: 1.9m
  Progress: 90/140 | Rate: 0.44/s | ETA: 1.9m
  Progress: 91/140 | Rate: 0.44/s | ETA: 1.8m
  Progress: 92/140 | Rate: 0.43/s | ETA: 1.9m
  Progress: 93/140 | Rate: 0.43/s | ETA: 1.8m
  Progress: 94/140 | Rate: 0.43/s | ETA: 1.8m
  Progress: 95/140 | Rate: 0.43/s | ETA: 1.7m
  Progress: 96/140 | Rate: 0.43/s | ETA: 1.7m
  Progress: 97/140 | Rate: 0.43/s | ETA: 1.7m
  Progress: 98/140 | Rate: 0.43/s | ETA: 1.6m
  Progress: 99/140 | Rate: 0.43/s | ETA: 1.6m
  Progress: 100/140 | Rate: 0.43/s | ETA: 1.5m
  Progress: 101/140 | Rate: 0.43/s | ETA: 1.5m
  Progress: 102/140 | Rate: 0.43/s | ETA: 1.5m
  Progress: 103/140 | Rate: 0.43/s | ETA: 1.4m
  Progress: 104/140 | Rate: 0.44/s | ETA: 1.4m
  Progress: 105/140 | Rate: 0.44/s | ETA: 1.3m
  Progress: 106/140 | Rate: 0.44/s | ETA: 1.3m
  Progress: 107/140 | Rate: 0.44/s | ETA: 1.2m
  Progress: 108/140 | Rate: 0.44/s | ETA: 1.2m
  Progress: 109/140 | Rate: 0.44/s | ETA: 1.2m
  Progress: 110/140 | Rate: 0.44/s | ETA: 1.1m
  Progress: 111/140 | Rate: 0.44/s | ETA: 1.1m
  Progress: 112/140 | Rate: 0.44/s | ETA: 1.1m
  Progress: 113/140 | Rate: 0.44/s | ETA: 1.0m
  Progress: 114/140 | Rate: 0.44/s | ETA: 1.0m
  Progress: 115/140 | Rate: 0.44/s | ETA: 0.9m
  Progress: 116/140 | Rate: 0.44/s | ETA: 0.9m
  Progress: 117/140 | Rate: 0.44/s | ETA: 0.9m
  Progress: 118/140 | Rate: 0.44/s | ETA: 0.8m
  Progress: 119/140 | Rate: 0.44/s | ETA: 0.8m
  Progress: 120/140 | Rate: 0.45/s | ETA: 0.7m
  Progress: 121/140 | Rate: 0.45/s | ETA: 0.7m
  Progress: 122/140 | Rate: 0.45/s | ETA: 0.7m
  Progress: 123/140 | Rate: 0.45/s | ETA: 0.6m
  Progress: 124/140 | Rate: 0.45/s | ETA: 0.6m
  Progress: 125/140 | Rate: 0.45/s | ETA: 0.6m
  Progress: 126/140 | Rate: 0.45/s | ETA: 0.5m
  Progress: 127/140 | Rate: 0.45/s | ETA: 0.5m
  Progress: 128/140 | Rate: 0.45/s | ETA: 0.4m
  Progress: 129/140 | Rate: 0.45/s | ETA: 0.4m
  Progress: 130/140 | Rate: 0.45/s | ETA: 0.4m
  Progress: 131/140 | Rate: 0.45/s | ETA: 0.3m
  Progress: 132/140 | Rate: 0.45/s | ETA: 0.3m
  Progress: 133/140 | Rate: 0.45/s | ETA: 0.3m
  Progress: 134/140 | Rate: 0.45/s | ETA: 0.2m
  Progress: 135/140 | Rate: 0.45/s | ETA: 0.2m
  Progress: 136/140 | Rate: 0.46/s | ETA: 0.1m
  Progress: 137/140 | Rate: 0.46/s | ETA: 0.1m
  Progress: 138/140 | Rate: 0.46/s | ETA: 0.1m
  Progress: 139/140 | Rate: 0.46/s | ETA: 0.0m
  Progress: 140/140 | Rate: 0.46/s | ETA: 0.0m

✔ Done. 140 evaluations in 305.2s (0.46/s)
>>> qwen3_local_vanilla_sample2_responses.jsonl  18:59:14Z

============================================================
  Judge:  deepseek (deepseek-ai/deepseek-v3.2-maas)
  Input:  runs/run_20260521/responses/qwen3_local_vanilla_sample2_responses.jsonl
  Output: /home/satvik/Documents/CIKM/runs/run_20260521/evaluations/deepseek_evaluations_qwen3_local_vanilla_sample2.jsonl
============================================================
  Remaining: 140 rows
  Progress: 1/140 | Rate: 0.64/s | ETA: 3.6m
  Progress: 2/140 | Rate: 0.61/s | ETA: 3.8m
  Progress: 3/140 | Rate: 0.57/s | ETA: 4.0m
  Progress: 4/140 | Rate: 0.58/s | ETA: 3.9m
  Progress: 5/140 | Rate: 0.59/s | ETA: 3.8m
  Progress: 6/140 | Rate: 0.59/s | ETA: 3.8m
  Progress: 7/140 | Rate: 0.59/s | ETA: 3.8m
  Progress: 8/140 | Rate: 0.60/s | ETA: 3.7m
  Progress: 9/140 | Rate: 0.57/s | ETA: 3.8m
  Progress: 10/140 | Rate: 0.57/s | ETA: 3.8m
  Progress: 11/140 | Rate: 0.56/s | ETA: 3.8m
  Progress: 12/140 | Rate: 0.57/s | ETA: 3.8m
  Progress: 13/140 | Rate: 0.58/s | ETA: 3.7m
  Progress: 14/140 | Rate: 0.58/s | ETA: 3.6m
  Progress: 15/140 | Rate: 0.58/s | ETA: 3.6m
  Progress: 16/140 | Rate: 0.58/s | ETA: 3.5m
  Progress: 17/140 | Rate: 0.58/s | ETA: 3.5m
  Progress: 18/140 | Rate: 0.58/s | ETA: 3.5m
  Progress: 19/140 | Rate: 0.59/s | ETA: 3.4m
  Progress: 20/140 | Rate: 0.59/s | ETA: 3.4m
  Progress: 21/140 | Rate: 0.59/s | ETA: 3.3m
  Progress: 22/140 | Rate: 0.60/s | ETA: 3.3m
  Progress: 23/140 | Rate: 0.59/s | ETA: 3.3m
  Progress: 24/140 | Rate: 0.59/s | ETA: 3.3m
  Progress: 25/140 | Rate: 0.59/s | ETA: 3.2m
  Progress: 26/140 | Rate: 0.58/s | ETA: 3.3m
  Progress: 27/140 | Rate: 0.57/s | ETA: 3.3m
  Progress: 28/140 | Rate: 0.57/s | ETA: 3.3m
  Progress: 29/140 | Rate: 0.57/s | ETA: 3.2m
  Progress: 30/140 | Rate: 0.57/s | ETA: 3.2m
  Progress: 31/140 | Rate: 0.56/s | ETA: 3.2m
  Progress: 32/140 | Rate: 0.55/s | ETA: 3.3m
  Progress: 33/140 | Rate: 0.50/s | ETA: 3.6m
  Progress: 34/140 | Rate: 0.47/s | ETA: 3.8m
  Progress: 35/140 | Rate: 0.47/s | ETA: 3.7m
  Progress: 36/140 | Rate: 0.47/s | ETA: 3.7m
  Progress: 37/140 | Rate: 0.48/s | ETA: 3.6m
  Progress: 38/140 | Rate: 0.48/s | ETA: 3.5m
  Progress: 39/140 | Rate: 0.48/s | ETA: 3.5m
  Progress: 40/140 | Rate: 0.48/s | ETA: 3.5m
  Progress: 41/140 | Rate: 0.48/s | ETA: 3.4m
  Progress: 42/140 | Rate: 0.48/s | ETA: 3.4m
  Progress: 43/140 | Rate: 0.48/s | ETA: 3.4m
  Progress: 44/140 | Rate: 0.48/s | ETA: 3.3m
  Progress: 45/140 | Rate: 0.49/s | ETA: 3.2m
  Progress: 46/140 | Rate: 0.49/s | ETA: 3.2m
  Progress: 47/140 | Rate: 0.49/s | ETA: 3.2m
  [cat5_orig_008] [Attempt 1] HTTP 429: [{
  "error": {
    "code": 429,
    "message": "Resource exhausted. Please try again later. Please refer to https://clo — waiting 60s
  Progress: 48/140 | Rate: 0.30/s | ETA: 5.1m
  Progress: 49/140 | Rate: 0.31/s | ETA: 5.0m
  Progress: 50/140 | Rate: 0.31/s | ETA: 4.8m
  Progress: 51/140 | Rate: 0.31/s | ETA: 4.8m
  Progress: 52/140 | Rate: 0.31/s | ETA: 4.7m
  Progress: 53/140 | Rate: 0.29/s | ETA: 5.0m
  Progress: 54/140 | Rate: 0.29/s | ETA: 4.9m
  Progress: 55/140 | Rate: 0.30/s | ETA: 4.8m
  Progress: 56/140 | Rate: 0.30/s | ETA: 4.7m
  Progress: 57/140 | Rate: 0.30/s | ETA: 4.6m
  Progress: 58/140 | Rate: 0.31/s | ETA: 4.5m
  Progress: 59/140 | Rate: 0.31/s | ETA: 4.4m
  Progress: 60/140 | Rate: 0.31/s | ETA: 4.3m
  Progress: 61/140 | Rate: 0.31/s | ETA: 4.2m
  Progress: 62/140 | Rate: 0.32/s | ETA: 4.1m
  Progress: 63/140 | Rate: 0.32/s | ETA: 4.0m
  Progress: 64/140 | Rate: 0.32/s | ETA: 4.0m
  Progress: 65/140 | Rate: 0.32/s | ETA: 3.9m
  Progress: 66/140 | Rate: 0.33/s | ETA: 3.8m
  Progress: 67/140 | Rate: 0.33/s | ETA: 3.7m
  Progress: 68/140 | Rate: 0.33/s | ETA: 3.6m
  Progress: 69/140 | Rate: 0.33/s | ETA: 3.6m
  Progress: 70/140 | Rate: 0.33/s | ETA: 3.5m
  Progress: 71/140 | Rate: 0.33/s | ETA: 3.5m
  Progress: 72/140 | Rate: 0.33/s | ETA: 3.4m
  Progress: 73/140 | Rate: 0.33/s | ETA: 3.4m
  Progress: 74/140 | Rate: 0.33/s | ETA: 3.3m
  Progress: 75/140 | Rate: 0.34/s | ETA: 3.2m
  Progress: 76/140 | Rate: 0.34/s | ETA: 3.2m
  Progress: 77/140 | Rate: 0.34/s | ETA: 3.1m
  Progress: 78/140 | Rate: 0.34/s | ETA: 3.0m
  Progress: 79/140 | Rate: 0.34/s | ETA: 3.0m
  Progress: 80/140 | Rate: 0.34/s | ETA: 2.9m
  Progress: 81/140 | Rate: 0.34/s | ETA: 2.9m
  Progress: 82/140 | Rate: 0.35/s | ETA: 2.8m
  Progress: 83/140 | Rate: 0.35/s | ETA: 2.7m
  Progress: 84/140 | Rate: 0.35/s | ETA: 2.7m
  Progress: 85/140 | Rate: 0.35/s | ETA: 2.6m
  Progress: 86/140 | Rate: 0.35/s | ETA: 2.5m
  Progress: 87/140 | Rate: 0.36/s | ETA: 2.5m
  Progress: 88/140 | Rate: 0.36/s | ETA: 2.4m
  Progress: 89/140 | Rate: 0.36/s | ETA: 2.4m
  Progress: 90/140 | Rate: 0.36/s | ETA: 2.3m
  Progress: 91/140 | Rate: 0.36/s | ETA: 2.3m
  Progress: 92/140 | Rate: 0.36/s | ETA: 2.2m
  Progress: 93/140 | Rate: 0.36/s | ETA: 2.2m
  Progress: 94/140 | Rate: 0.36/s | ETA: 2.1m
  Progress: 95/140 | Rate: 0.36/s | ETA: 2.1m
  Progress: 96/140 | Rate: 0.36/s | ETA: 2.0m
  Progress: 97/140 | Rate: 0.36/s | ETA: 2.0m
  Progress: 98/140 | Rate: 0.36/s | ETA: 1.9m
  Progress: 99/140 | Rate: 0.37/s | ETA: 1.9m
  Progress: 100/140 | Rate: 0.36/s | ETA: 1.8m
  Progress: 101/140 | Rate: 0.37/s | ETA: 1.8m
  Progress: 102/140 | Rate: 0.36/s | ETA: 1.7m
  Progress: 103/140 | Rate: 0.36/s | ETA: 1.7m
  Progress: 104/140 | Rate: 0.36/s | ETA: 1.7m
  Progress: 105/140 | Rate: 0.36/s | ETA: 1.6m
  Progress: 106/140 | Rate: 0.37/s | ETA: 1.5m
  Progress: 107/140 | Rate: 0.37/s | ETA: 1.5m
  Progress: 108/140 | Rate: 0.37/s | ETA: 1.4m
  Progress: 109/140 | Rate: 0.37/s | ETA: 1.4m
  Progress: 110/140 | Rate: 0.37/s | ETA: 1.3m
  Progress: 111/140 | Rate: 0.37/s | ETA: 1.3m
  Progress: 112/140 | Rate: 0.37/s | ETA: 1.3m
  Progress: 113/140 | Rate: 0.37/s | ETA: 1.2m
  Progress: 114/140 | Rate: 0.37/s | ETA: 1.2m
  Progress: 115/140 | Rate: 0.37/s | ETA: 1.1m
  Progress: 116/140 | Rate: 0.37/s | ETA: 1.1m
  Progress: 117/140 | Rate: 0.37/s | ETA: 1.0m
  Progress: 118/140 | Rate: 0.37/s | ETA: 1.0m
  Progress: 119/140 | Rate: 0.37/s | ETA: 0.9m
  Progress: 120/140 | Rate: 0.37/s | ETA: 0.9m
  Progress: 121/140 | Rate: 0.38/s | ETA: 0.8m
  Progress: 122/140 | Rate: 0.38/s | ETA: 0.8m
  Progress: 123/140 | Rate: 0.38/s | ETA: 0.7m
  Progress: 124/140 | Rate: 0.38/s | ETA: 0.7m
  Progress: 125/140 | Rate: 0.38/s | ETA: 0.7m
  Progress: 126/140 | Rate: 0.38/s | ETA: 0.6m
  Progress: 127/140 | Rate: 0.38/s | ETA: 0.6m
  Progress: 128/140 | Rate: 0.38/s | ETA: 0.5m
  Progress: 129/140 | Rate: 0.38/s | ETA: 0.5m
  Progress: 130/140 | Rate: 0.38/s | ETA: 0.4m
  Progress: 131/140 | Rate: 0.38/s | ETA: 0.4m
  Progress: 132/140 | Rate: 0.38/s | ETA: 0.3m
  Progress: 133/140 | Rate: 0.38/s | ETA: 0.3m
  Progress: 134/140 | Rate: 0.39/s | ETA: 0.3m
  Progress: 135/140 | Rate: 0.39/s | ETA: 0.2m
  Progress: 136/140 | Rate: 0.39/s | ETA: 0.2m
  Progress: 137/140 | Rate: 0.39/s | ETA: 0.1m
  Progress: 138/140 | Rate: 0.39/s | ETA: 0.1m
  Progress: 139/140 | Rate: 0.39/s | ETA: 0.0m
  Progress: 140/140 | Rate: 0.39/s | ETA: 0.0m

✔ Done. 140 evaluations in 358.8s (0.39/s)
=== deepseek COMPLETE at 2026-05-23T19:05:13Z ===
