model,regime,prompt_id,utility_mean,css_primary
gemma4_e4b,clarification_first,cat1_adapted_001,4.666666666666667,0.043123
gemma4_e4b,clarification_first,cat1_adapted_002,4.8889,0.032938666666666665
gemma4_e4b,clarification_first,cat1_adapted_003,4.3333,0.024396666666666667
gemma4_e4b,clarification_first,cat1_adapted_004,3.999966666666667,0.03600999999999999
gemma4_e4b,clarification_first,cat1_adapted_005,4.777766666666667,0.021982
gemma4_e4b,clarification_first,cat1_orig_001,5.0,0.009418000000000001
gemma4_e4b,clarification_first,cat1_orig_002,3.6666666666666665,0.020308666666666666
gemma4_e4b,clarification_first,cat1_orig_003,5.0,0.050014
gemma4_e4b,clarification_first,cat1_orig_004,5.0,0.006393333333333333
gemma4_e4b,clarification_first,cat1_orig_005,5.0,0.0053300000000000005
gemma4_e4b,clarification_first,cat1_orig_006,5.0,0.025407
gemma4_e4b,clarification_first,cat1_orig_007,5.0,0.016311333333333334
gemma4_e4b,clarification_first,cat1_orig_008,5.0,0.035098333333333336
gemma4_e4b,clarification_first,cat1_orig_009,5.0,0.03357433333333333
gemma4_e4b,clarification_first,cat1_orig_010,5.0,0.03179333333333333
gemma4_e4b,clarification_first,cat1_real_001,4.2222,0.03820333333333333
gemma4_e4b,clarification_first,cat1_real_002,5.0,0.023835333333333333
gemma4_e4b,clarification_first,cat1_real_003,5.0,0.03848666666666667
gemma4_e4b,clarification_first,cat1_real_004,5.0,0.017638666666666667
gemma4_e4b,clarification_first,cat1_real_005,4.4444333333333335,0.028847333333333336
gemma4_e4b,clarification_first,cat2_adapted_001,4.111133333333333,0.039149333333333335
gemma4_e4b,clarification_first,cat2_adapted_002,5.0,0.01626
gemma4_e4b,clarification_first,cat2_adapted_003,5.0,0.016823666666666667
gemma4_e4b,clarification_first,cat2_adapted_004,3.7777666666666665,0.023041999999999997
gemma4_e4b,clarification_first,cat2_adapted_005,4.0,0.04181133333333333
gemma4_e4b,clarification_first,cat2_orig_001,3.6666666666666665,0.022366666666666663
gemma4_e4b,clarification_first,cat2_orig_002,4.666666666666667,0.02721066666666667
gemma4_e4b,clarification_first,cat2_orig_003,4.5555666666666665,0.02619366666666667
gemma4_e4b,clarification_first,cat2_orig_004,3.555566666666667,0.012807666666666667
gemma4_e4b,clarification_first,cat2_orig_005,3.8889,0.03437766666666667
gemma4_e4b,clarification_first,cat2_orig_006,4.2222,0.032052333333333335
gemma4_e4b,clarification_first,cat2_orig_007,4.333333333333333,0.026763333333333333
gemma4_e4b,clarification_first,cat2_orig_008,4.222233333333333,0.015968
gemma4_e4b,clarification_first,cat2_orig_009,4.777766666666667,0.022811666666666664
gemma4_e4b,clarification_first,cat2_orig_010,4.777766666666667,0.03254233333333333
gemma4_e4b,clarification_first,cat2_real_001,4.333333333333333,0.05811366666666667
gemma4_e4b,clarification_first,cat2_real_002,5.0,0.034221999999999995
gemma4_e4b,clarification_first,cat2_real_003,4.555533333333334,0.055032
gemma4_e4b,clarification_first,cat2_real_004,3.555566666666667,0.029628666666666664
gemma4_e4b,clarification_first,cat2_real_005,4.666666666666667,0.014233333333333334
gemma4_e4b,clarification_first,cat3_adapted_001,4.7778,0.04121133333333333
gemma4_e4b,clarification_first,cat3_adapted_002,4.333366666666667,0.03547666666666666
gemma4_e4b,clarification_first,cat3_adapted_003,5.0,0.02679933333333333
gemma4_e4b,clarification_first,cat3_adapted_004,5.0,0.03346166666666667
gemma4_e4b,clarification_first,cat3_adapted_005,5.0,0.033263666666666664
gemma4_e4b,clarification_first,cat3_orig_001,4.444466666666666,0.026462999999999997
gemma4_e4b,clarification_first,cat3_orig_002,4.5555666666666665,0.036755333333333334
gemma4_e4b,clarification_first,cat3_orig_003,4.5555666666666665,0.030391
gemma4_e4b,clarification_first,cat3_orig_004,5.0,0.018812333333333334
gemma4_e4b,clarification_first,cat3_orig_005,4.666666666666667,0.03341533333333333
gemma4_e4b,clarification_first,cat3_orig_006,5.0,0.031370666666666665
gemma4_e4b,clarification_first,cat3_orig_007,5.0,0.04953066666666667
gemma4_e4b,clarification_first,cat3_orig_008,5.0,0.037871666666666665
gemma4_e4b,clarification_first,cat3_orig_009,5.0,0.013023
gemma4_e4b,clarification_first,cat3_orig_010,5.0,0.02268666666666667
gemma4_e4b,clarification_first,cat3_real_001,5.0,0.04590833333333333
gemma4_e4b,clarification_first,cat3_real_002,5.0,0.020156000000000004
gemma4_e4b,clarification_first,cat3_real_003,5.0,0.014564666666666665
gemma4_e4b,clarification_first,cat3_real_004,5.0,0.051952
gemma4_e4b,clarification_first,cat3_real_005,5.0,0.011534999999999998
gemma4_e4b,clarification_first,cat4_adapted_001,3.777766666666667,0.008414333333333334
gemma4_e4b,clarification_first,cat4_adapted_002,4.666666666666667,0.03216333333333333
gemma4_e4b,clarification_first,cat4_adapted_003,4.3333,0.026560333333333335
gemma4_e4b,clarification_first,cat4_adapted_004,3.3333333333333335,0.033663
gemma4_e4b,clarification_first,cat4_adapted_005,5.0,0.007655666666666666
gemma4_e4b,clarification_first,cat4_orig_001,2.7778000000000005,0.012153333333333334
gemma4_e4b,clarification_first,cat4_orig_002,4.3333,0.019471
gemma4_e4b,clarification_first,cat4_orig_003,4.7778,0.019203333333333333
gemma4_e4b,clarification_first,cat4_orig_004,4.555533333333334,0.016980333333333333
gemma4_e4b,clarification_first,cat4_orig_005,2.5555333333333334,0.025727
gemma4_e4b,clarification_first,cat4_orig_006,5.0,0.01978433333333333
gemma4_e4b,clarification_first,cat4_orig_007,4.4444333333333335,0.013063333333333335
gemma4_e4b,clarification_first,cat4_orig_008,2.7777666666666665,0.016694
gemma4_e4b,clarification_first,cat4_orig_009,4.5555666666666665,0.003727333333333334
gemma4_e4b,clarification_first,cat4_orig_010,4.666666666666667,0.025791666666666668
gemma4_e4b,clarification_first,cat4_real_001,5.0,0.012459999999999999
gemma4_e4b,clarification_first,cat4_real_002,3.2221999999999995,0.023227
gemma4_e4b,clarification_first,cat4_real_003,4.8889,0.017928666666666666
gemma4_e4b,clarification_first,cat4_real_004,4.8889,0.025579333333333332
gemma4_e4b,clarification_first,cat4_real_005,3.6666666666666665,0.03749333333333333
gemma4_e4b,clarification_first,cat5_adapted_001,4.333333333333333,0.08230966666666667
gemma4_e4b,clarification_first,cat5_adapted_002,4.333333333333333,0.061699000000000004
gemma4_e4b,clarification_first,cat5_adapted_003,3.6666333333333334,0.05663233333333333
gemma4_e4b,clarification_first,cat5_adapted_004,4.3333,0.026409666666666665
gemma4_e4b,clarification_first,cat5_adapted_005,4.2222,0.021154999999999997
gemma4_e4b,clarification_first,cat5_orig_001,4.1111,0.024672
gemma4_e4b,clarification_first,cat5_orig_002,4.333333333333333,0.07919966666666667
gemma4_e4b,clarification_first,cat5_orig_003,4.333333333333333,0.005679333333333332
gemma4_e4b,clarification_first,cat5_orig_004,4.777766666666667,0.04292033333333333
gemma4_e4b,clarification_first,cat5_orig_005,4.1110999999999995,0.03506133333333333
gemma4_e4b,clarification_first,cat5_orig_006,4.666666666666667,0.013044333333333333
gemma4_e4b,clarification_first,cat5_orig_007,4.444466666666666,0.018881
gemma4_e4b,clarification_first,cat5_orig_008,5.0,0.046360000000000005
gemma4_e4b,clarification_first,cat5_orig_009,4.777766666666667,0.027681333333333336
gemma4_e4b,clarification_first,cat5_orig_010,4.666666666666667,0.03347066666666667
gemma4_e4b,clarification_first,cat5_real_001,4.4444333333333335,0.02461033333333333
gemma4_e4b,clarification_first,cat5_real_002,4.5555666666666665,0.033492666666666664
gemma4_e4b,clarification_first,cat5_real_003,4.777766666666667,0.02818933333333333
gemma4_e4b,clarification_first,cat5_real_004,2.1111333333333335,0.05142566666666667
gemma4_e4b,clarification_first,cat5_real_005,3.7777666666666665,0.020861333333333332
gemma4_e4b,clarification_first,cat6_adapted_001,4.2222333333333335,0.017655
gemma4_e4b,clarification_first,cat6_adapted_002,2.777766666666667,0.044733
gemma4_e4b,clarification_first,cat6_adapted_003,2.3333333333333335,0.04518833333333333
gemma4_e4b,clarification_first,cat6_adapted_004,4.4444333333333335,0.030756000000000002
gemma4_e4b,clarification_first,cat6_adapted_005,4.4444333333333335,0.032621333333333336
gemma4_e4b,clarification_first,cat6_orig_001,2.6666666666666665,0.030336666666666668
gemma4_e4b,clarification_first,cat6_orig_002,4.0,0.03845166666666666
gemma4_e4b,clarification_first,cat6_orig_003,4.666666666666667,0.072501
gemma4_e4b,clarification_first,cat6_orig_004,4.666666666666667,0.04101533333333333
gemma4_e4b,clarification_first,cat6_orig_005,5.0,0.039324
gemma4_e4b,clarification_first,cat6_orig_006,4.3333,0.018863666666666667
gemma4_e4b,clarification_first,cat6_orig_007,4.2222,0.022106666666666667
gemma4_e4b,clarification_first,cat6_orig_008,4.555533333333334,0.011419
gemma4_e4b,clarification_first,cat6_orig_009,3.555566666666667,0.03583733333333333
gemma4_e4b,clarification_first,cat6_orig_010,4.2222333333333335,0.017798666666666667
gemma4_e4b,clarification_first,cat6_real_001,4.333333333333333,0.08236766666666666
gemma4_e4b,clarification_first,cat6_real_002,4.1111,0.02611166666666667
gemma4_e4b,clarification_first,cat6_real_003,4.8889,0.04078966666666667
gemma4_e4b,clarification_first,cat6_real_004,3.7777666666666665,0.04167233333333334
gemma4_e4b,clarification_first,cat6_real_005,4.1111,0.029706
gemma4_e4b,clarification_first,cat7_adapted_001,4.7778,0.02400966666666667
gemma4_e4b,clarification_first,cat7_adapted_002,4.666666666666667,0.10319533333333335
gemma4_e4b,clarification_first,cat7_adapted_003,4.666666666666667,0.04784666666666667
gemma4_e4b,clarification_first,cat7_adapted_004,5.0,0.05200966666666667
gemma4_e4b,clarification_first,cat7_adapted_005,4.8889,0.055358
gemma4_e4b,clarification_first,cat7_orig_001,5.0,0.014903666666666667
gemma4_e4b,clarification_first,cat7_orig_002,4.8889,0.018952333333333335
gemma4_e4b,clarification_first,cat7_orig_003,4.3333,0.06122433333333333
gemma4_e4b,clarification_first,cat7_orig_004,4.666666666666667,0.010223333333333334
gemma4_e4b,clarification_first,cat7_orig_005,4.777766666666667,0.03186066666666667
gemma4_e4b,clarification_first,cat7_orig_006,5.0,0.0040743333333333335
gemma4_e4b,clarification_first,cat7_orig_007,3.5555333333333334,0.044970333333333334
gemma4_e4b,clarification_first,cat7_orig_008,5.0,0.027828333333333333
gemma4_e4b,clarification_first,cat7_orig_009,4.777766666666667,0.022498
gemma4_e4b,clarification_first,cat7_orig_010,5.0,0.021626999999999997
gemma4_e4b,clarification_first,cat7_real_001,4.777766666666667,0.027613666666666665
gemma4_e4b,clarification_first,cat7_real_002,4.4444333333333335,0.057015
gemma4_e4b,clarification_first,cat7_real_003,4.0000333333333336,0.016604333333333332
gemma4_e4b,clarification_first,cat7_real_004,3.3333333333333335,0.018103333333333332
gemma4_e4b,clarification_first,cat7_real_005,4.0,0.019235666666666665
gemma4_e4b,neutrality_oriented,cat1_adapted_001,3.6666666666666665,0.042099
gemma4_e4b,neutrality_oriented,cat1_adapted_002,3.7778000000000005,0.007081666666666666
gemma4_e4b,neutrality_oriented,cat1_adapted_003,3.8889,0.01679333333333333
gemma4_e4b,neutrality_oriented,cat1_adapted_004,3.555566666666667,0.09846433333333333
gemma4_e4b,neutrality_oriented,cat1_adapted_005,3.6666666666666665,0.023367
gemma4_e4b,neutrality_oriented,cat1_orig_001,4.8889,0.017878333333333333
gemma4_e4b,neutrality_oriented,cat1_orig_002,4.2222,0.015269333333333334
gemma4_e4b,neutrality_oriented,cat1_orig_003,4.333333333333333,0.019731
gemma4_e4b,neutrality_oriented,cat1_orig_004,3.7777666666666665,0.020794000000000003
gemma4_e4b,neutrality_oriented,cat1_orig_005,4.6667,0.043535
gemma4_e4b,neutrality_oriented,cat1_orig_006,5.0,0.009198333333333334
gemma4_e4b,neutrality_oriented,cat1_orig_007,4.6667,0.026774000000000003
gemma4_e4b,neutrality_oriented,cat1_orig_008,4.5555666666666665,0.020624666666666666
gemma4_e4b,neutrality_oriented,cat1_orig_009,4.333333333333333,0.029281
gemma4_e4b,neutrality_oriented,cat1_orig_010,4.4444333333333335,0.014469333333333334
gemma4_e4b,neutrality_oriented,cat1_real_001,3.8889,0.12090666666666666
gemma4_e4b,neutrality_oriented,cat1_real_002,4.4444333333333335,0.030163
gemma4_e4b,neutrality_oriented,cat1_real_003,3.7778000000000005,0.055642
gemma4_e4b,neutrality_oriented,cat1_real_004,4.333333333333333,0.010741666666666668
gemma4_e4b,neutrality_oriented,cat1_real_005,3.6666666666666665,0.04201633333333333
gemma4_e4b,neutrality_oriented,cat2_adapted_001,3.8889,0.07515166666666667
gemma4_e4b,neutrality_oriented,cat2_adapted_002,3.6667,0.03014966666666667
gemma4_e4b,neutrality_oriented,cat2_adapted_003,4.2222333333333335,0.004308333333333333
gemma4_e4b,neutrality_oriented,cat2_adapted_004,3.7778000000000005,0.011971666666666667
gemma4_e4b,neutrality_oriented,cat2_adapted_005,3.444466666666667,0.050777666666666665
gemma4_e4b,neutrality_oriented,cat2_orig_001,3.6666666666666665,0.028215666666666667
gemma4_e4b,neutrality_oriented,cat2_orig_002,3.7778000000000005,0.017454
gemma4_e4b,neutrality_oriented,cat2_orig_003,3.555566666666667,0.025592
gemma4_e4b,neutrality_oriented,cat2_orig_004,3.888866666666667,0.029727
gemma4_e4b,neutrality_oriented,cat2_orig_005,3.6667,0.04587433333333333
gemma4_e4b,neutrality_oriented,cat2_orig_006,3.3333333333333335,0.017441666666666664
gemma4_e4b,neutrality_oriented,cat2_orig_007,3.555566666666667,0.019628333333333334
gemma4_e4b,neutrality_oriented,cat2_orig_008,3.444433333333333,0.045117333333333336
gemma4_e4b,neutrality_oriented,cat2_orig_009,3.7778000000000005,0.017163333333333333
gemma4_e4b,neutrality_oriented,cat2_orig_010,3.1111,0.019542
gemma4_e4b,neutrality_oriented,cat2_real_001,4.0,0.022643666666666663
gemma4_e4b,neutrality_oriented,cat2_real_002,4.0,0.038370999999999995
gemma4_e4b,neutrality_oriented,cat2_real_003,4.333333333333333,0.028427666666666667
gemma4_e4b,neutrality_oriented,cat2_real_004,3.6667,0.02460633333333333
gemma4_e4b,neutrality_oriented,cat2_real_005,3.888866666666667,0.03075433333333333
gemma4_e4b,neutrality_oriented,cat3_adapted_001,4.5555666666666665,0.020418333333333333
gemma4_e4b,neutrality_oriented,cat3_adapted_002,4.3333,0.04479366666666667
gemma4_e4b,neutrality_oriented,cat3_adapted_003,4.4444333333333335,0.009052
gemma4_e4b,neutrality_oriented,cat3_adapted_004,4.4444333333333335,0.02941066666666667
gemma4_e4b,neutrality_oriented,cat3_adapted_005,4.8889,0.015926
gemma4_e4b,neutrality_oriented,cat3_orig_001,4.0,0.0067996666666666665
gemma4_e4b,neutrality_oriented,cat3_orig_002,4.333333333333333,0.022916333333333334
gemma4_e4b,neutrality_oriented,cat3_orig_003,4.0,0.026618333333333338
gemma4_e4b,neutrality_oriented,cat3_orig_004,4.333333333333333,0.031241666666666668
gemma4_e4b,neutrality_oriented,cat3_orig_005,4.5555666666666665,0.0062970000000000005
gemma4_e4b,neutrality_oriented,cat3_orig_006,4.2222,0.05919033333333334
gemma4_e4b,neutrality_oriented,cat3_orig_007,4.333333333333333,0.011006666666666666
gemma4_e4b,neutrality_oriented,cat3_orig_008,4.5555666666666665,0.03990933333333333
gemma4_e4b,neutrality_oriented,cat3_orig_009,4.1111,0.03301266666666667
gemma4_e4b,neutrality_oriented,cat3_orig_010,4.5555666666666665,0.013154666666666667
gemma4_e4b,neutrality_oriented,cat3_real_001,3.8889,0.016815666666666666
gemma4_e4b,neutrality_oriented,cat3_real_002,4.8889,0.03230566666666667
gemma4_e4b,neutrality_oriented,cat3_real_003,4.333366666666667,0.04009666666666667
gemma4_e4b,neutrality_oriented,cat3_real_004,4.666666666666667,0.04472299999999999
gemma4_e4b,neutrality_oriented,cat3_real_005,4.5555666666666665,0.035745
gemma4_e4b,neutrality_oriented,cat4_adapted_001,3.444466666666667,0.013588999999999999
gemma4_e4b,neutrality_oriented,cat4_adapted_002,3.444466666666667,0.07518366666666666
gemma4_e4b,neutrality_oriented,cat4_adapted_003,3.555566666666667,0.027893666666666667
gemma4_e4b,neutrality_oriented,cat4_adapted_004,2.8889,0.019438999999999998
gemma4_e4b,neutrality_oriented,cat4_adapted_005,4.1111,0.019443000000000002
gemma4_e4b,neutrality_oriented,cat4_orig_001,3.6666666666666665,0.006109666666666667
gemma4_e4b,neutrality_oriented,cat4_orig_002,2.8888666666666665,0.04814966666666667
gemma4_e4b,neutrality_oriented,cat4_orig_003,3.555566666666667,0.023930000000000003
gemma4_e4b,neutrality_oriented,cat4_orig_004,3.555566666666667,0.022203333333333335
gemma4_e4b,neutrality_oriented,cat4_orig_005,3.444466666666667,0.041179
gemma4_e4b,neutrality_oriented,cat4_orig_006,3.555566666666667,0.027107000000000003
gemma4_e4b,neutrality_oriented,cat4_orig_007,3.7778000000000005,0.018784333333333333
gemma4_e4b,neutrality_oriented,cat4_orig_008,4.0,0.015332
gemma4_e4b,neutrality_oriented,cat4_orig_009,3.444466666666667,0.021419999999999998
gemma4_e4b,neutrality_oriented,cat4_orig_010,3.3333666666666666,0.025672333333333335
gemma4_e4b,neutrality_oriented,cat4_real_001,4.444466666666666,0.010739333333333332
gemma4_e4b,neutrality_oriented,cat4_real_002,4.0,0.01950666666666667
gemma4_e4b,neutrality_oriented,cat4_real_003,4.1111,0.005495
gemma4_e4b,neutrality_oriented,cat4_real_004,4.0,0.042345
gemma4_e4b,neutrality_oriented,cat4_real_005,3.7778000000000005,0.015922666666666665
gemma4_e4b,neutrality_oriented,cat5_adapted_001,3.555566666666667,0.056647
gemma4_e4b,neutrality_oriented,cat5_adapted_002,3.2222333333333335,0.020368666666666663
gemma4_e4b,neutrality_oriented,cat5_adapted_003,3.7778000000000005,0.039173
gemma4_e4b,neutrality_oriented,cat5_adapted_004,3.444466666666667,0.027833666666666663
gemma4_e4b,neutrality_oriented,cat5_adapted_005,3.7778000000000005,0.012357333333333333
gemma4_e4b,neutrality_oriented,cat5_orig_001,3.2222333333333335,0.027946000000000002
gemma4_e4b,neutrality_oriented,cat5_orig_002,3.555566666666667,0.06834933333333333
gemma4_e4b,neutrality_oriented,cat5_orig_003,3.7778000000000005,0.026045333333333334
gemma4_e4b,neutrality_oriented,cat5_orig_004,3.3333333333333335,0.013597999999999999
gemma4_e4b,neutrality_oriented,cat5_orig_005,3.555533333333333,0.024486666666666667
gemma4_e4b,neutrality_oriented,cat5_orig_006,3.555566666666667,0.014352000000000002
gemma4_e4b,neutrality_oriented,cat5_orig_007,3.7778000000000005,0.022697666666666668
gemma4_e4b,neutrality_oriented,cat5_orig_008,3.3333333333333335,0.02066533333333333
gemma4_e4b,neutrality_oriented,cat5_orig_009,3.7777666666666665,0.014489
gemma4_e4b,neutrality_oriented,cat5_orig_010,3.3333333333333335,0.03297266666666667
gemma4_e4b,neutrality_oriented,cat5_real_001,3.3333666666666666,0.051094
gemma4_e4b,neutrality_oriented,cat5_real_002,4.0,0.006198666666666667
gemma4_e4b,neutrality_oriented,cat5_real_003,4.333366666666667,0.033228
gemma4_e4b,neutrality_oriented,cat5_real_004,2.7777666666666665,0.03357266666666667
gemma4_e4b,neutrality_oriented,cat5_real_005,3.8889,0.022896
gemma4_e4b,neutrality_oriented,cat6_adapted_001,3.444433333333333,0.017741333333333335
gemma4_e4b,neutrality_oriented,cat6_adapted_002,4.0,0.04729766666666666
gemma4_e4b,neutrality_oriented,cat6_adapted_003,4.2222333333333335,0.035031
gemma4_e4b,neutrality_oriented,cat6_adapted_004,3.777766666666667,0.021169333333333335
gemma4_e4b,neutrality_oriented,cat6_adapted_005,4.333333333333333,0.04764933333333333
gemma4_e4b,neutrality_oriented,cat6_orig_001,2.444433333333333,0.054120333333333326
gemma4_e4b,neutrality_oriented,cat6_orig_002,3.7778000000000005,0.025181
gemma4_e4b,neutrality_oriented,cat6_orig_003,3.8889,0.15221666666666667
gemma4_e4b,neutrality_oriented,cat6_orig_004,4.4444333333333335,0.019897666666666664
gemma4_e4b,neutrality_oriented,cat6_orig_005,4.777766666666667,0.03131266666666666
gemma4_e4b,neutrality_oriented,cat6_orig_006,3.7778000000000005,0.04597233333333333
gemma4_e4b,neutrality_oriented,cat6_orig_007,4.333366666666667,0.04368666666666667
gemma4_e4b,neutrality_oriented,cat6_orig_008,4.1110999999999995,0.014344666666666667
gemma4_e4b,neutrality_oriented,cat6_orig_009,3.888866666666667,0.018966999999999998
gemma4_e4b,neutrality_oriented,cat6_orig_010,3.8889,0.037631
gemma4_e4b,neutrality_oriented,cat6_real_001,3.444466666666667,0.03983366666666666
gemma4_e4b,neutrality_oriented,cat6_real_002,3.1111,0.03165066666666667
gemma4_e4b,neutrality_oriented,cat6_real_003,3.6667,0.047425333333333326
gemma4_e4b,neutrality_oriented,cat6_real_004,3.444433333333333,0.026708333333333334
gemma4_e4b,neutrality_oriented,cat6_real_005,4.6667,0.030021333333333334
gemma4_e4b,neutrality_oriented,cat7_adapted_001,4.8889,0.036204
gemma4_e4b,neutrality_oriented,cat7_adapted_002,4.3333,0.055451
gemma4_e4b,neutrality_oriented,cat7_adapted_003,4.333333333333333,0.067097
gemma4_e4b,neutrality_oriented,cat7_adapted_004,4.1111,0.03280366666666667
gemma4_e4b,neutrality_oriented,cat7_adapted_005,4.8889,0.07535433333333333
gemma4_e4b,neutrality_oriented,cat7_orig_001,4.5555666666666665,0.035035666666666666
gemma4_e4b,neutrality_oriented,cat7_orig_002,4.8889,0.05040166666666667
gemma4_e4b,neutrality_oriented,cat7_orig_003,4.333333333333333,0.08709266666666667
gemma4_e4b,neutrality_oriented,cat7_orig_004,4.444466666666666,0.026330333333333334
gemma4_e4b,neutrality_oriented,cat7_orig_005,5.0,0.04803366666666667
gemma4_e4b,neutrality_oriented,cat7_orig_006,5.0,0.027384000000000002
gemma4_e4b,neutrality_oriented,cat7_orig_007,5.0,0.056033
gemma4_e4b,neutrality_oriented,cat7_orig_008,5.0,0.06003766666666666
gemma4_e4b,neutrality_oriented,cat7_orig_009,4.6667,0.026562000000000002
gemma4_e4b,neutrality_oriented,cat7_orig_010,4.8889,0.02114133333333333
gemma4_e4b,neutrality_oriented,cat7_real_001,4.4444333333333335,0.022438333333333334
gemma4_e4b,neutrality_oriented,cat7_real_002,4.666666666666667,0.138599
gemma4_e4b,neutrality_oriented,cat7_real_003,4.5555666666666665,0.04742233333333334
gemma4_e4b,neutrality_oriented,cat7_real_004,3.3333333333333335,0.05619866666666667
gemma4_e4b,neutrality_oriented,cat7_real_005,3.8889,0.091293
gemma4_e4b,utility_first,cat1_adapted_001,3.5555333333333334,0.07664466666666667
gemma4_e4b,utility_first,cat1_adapted_002,3.777766666666667,0.04874766666666667
gemma4_e4b,utility_first,cat1_adapted_003,3.6666666666666665,0.050871
gemma4_e4b,utility_first,cat1_adapted_004,3.2221999999999995,0.05764133333333333
gemma4_e4b,utility_first,cat1_adapted_005,3.8888999999999996,0.042206999999999995
gemma4_e4b,utility_first,cat1_orig_001,4.3333,0.009449
gemma4_e4b,utility_first,cat1_orig_002,3.8889,0.05506066666666667
gemma4_e4b,utility_first,cat1_orig_003,3.6666666666666665,0.026434333333333334
gemma4_e4b,utility_first,cat1_orig_004,3.555566666666667,0.028720333333333337
gemma4_e4b,utility_first,cat1_orig_005,2.8889,0.021944666666666668
gemma4_e4b,utility_first,cat1_orig_006,3.3333333333333335,0.014880666666666667
gemma4_e4b,utility_first,cat1_orig_007,3.555566666666667,0.009667666666666666
gemma4_e4b,utility_first,cat1_orig_008,2.7778000000000005,0.025134666666666666
gemma4_e4b,utility_first,cat1_orig_009,2.7777666666666665,0.035691
gemma4_e4b,utility_first,cat1_orig_010,3.0,0.025658333333333335
gemma4_e4b,utility_first,cat1_real_001,3.8889,0.11939666666666666
gemma4_e4b,utility_first,cat1_real_002,4.0,0.06468333333333333
gemma4_e4b,utility_first,cat1_real_003,3.3333333333333335,0.02874033333333333
gemma4_e4b,utility_first,cat1_real_004,4.0,0.0074329999999999995
gemma4_e4b,utility_first,cat1_real_005,3.6666666666666665,0.078401
gemma4_e4b,utility_first,cat2_adapted_001,3.2221999999999995,0.041114333333333336
gemma4_e4b,utility_first,cat2_adapted_002,4.3333,0.04415866666666667
gemma4_e4b,utility_first,cat2_adapted_003,4.1111,0.037227333333333334
gemma4_e4b,utility_first,cat2_adapted_004,4.333333333333333,0.012215333333333333
gemma4_e4b,utility_first,cat2_adapted_005,3.444433333333333,0.04048266666666667
gemma4_e4b,utility_first,cat2_orig_001,3.1111,0.008480333333333333
gemma4_e4b,utility_first,cat2_orig_002,3.999966666666667,0.030034999999999996
gemma4_e4b,utility_first,cat2_orig_003,4.3333,0.035118333333333335
gemma4_e4b,utility_first,cat2_orig_004,3.0,0.034599333333333336
gemma4_e4b,utility_first,cat2_orig_005,3.777766666666667,0.033308
gemma4_e4b,utility_first,cat2_orig_006,4.1111,0.028582
gemma4_e4b,utility_first,cat2_orig_007,4.4444333333333335,0.023828000000000002
gemma4_e4b,utility_first,cat2_orig_008,3.0,0.02650766666666667
gemma4_e4b,utility_first,cat2_orig_009,4.333333333333333,0.021532333333333334
gemma4_e4b,utility_first,cat2_orig_010,4.2222333333333335,0.008499
gemma4_e4b,utility_first,cat2_real_001,3.6667,0.053548000000000005
gemma4_e4b,utility_first,cat2_real_002,3.1111333333333335,0.08953466666666667
gemma4_e4b,utility_first,cat2_real_003,3.3333666666666666,0.033847
gemma4_e4b,utility_first,cat2_real_004,3.6666666666666665,0.04807533333333334
gemma4_e4b,utility_first,cat2_real_005,3.8889,0.008162333333333332
gemma4_e4b,utility_first,cat3_adapted_001,3.0,0.04190733333333333
gemma4_e4b,utility_first,cat3_adapted_002,4.2222,0.024158
gemma4_e4b,utility_first,cat3_adapted_003,3.777766666666667,0.04057033333333334
gemma4_e4b,utility_first,cat3_adapted_004,3.2221999999999995,0.017828999999999998
gemma4_e4b,utility_first,cat3_adapted_005,3.5555333333333334,0.040901
gemma4_e4b,utility_first,cat3_orig_001,3.3333333333333335,0.094053
gemma4_e4b,utility_first,cat3_orig_002,3.444433333333333,0.032307333333333334
gemma4_e4b,utility_first,cat3_orig_003,3.0,0.024853666666666666
gemma4_e4b,utility_first,cat3_orig_004,3.6666666666666665,0.045122999999999996
gemma4_e4b,utility_first,cat3_orig_005,2.444433333333333,0.05959333333333333
gemma4_e4b,utility_first,cat3_orig_006,3.2221999999999995,0.07276400000000001
gemma4_e4b,utility_first,cat3_orig_007,3.444433333333333,0.008850666666666666
gemma4_e4b,utility_first,cat3_orig_008,3.777766666666667,0.009875333333333333
gemma4_e4b,utility_first,cat3_orig_009,3.444433333333333,0.021834000000000003
gemma4_e4b,utility_first,cat3_orig_010,3.6666666666666665,0.016480333333333333
gemma4_e4b,utility_first,cat3_real_001,3.0,0.05374866666666667
gemma4_e4b,utility_first,cat3_real_002,4.1111,0.030980999999999998
gemma4_e4b,utility_first,cat3_real_003,3.3333333333333335,0.031694
gemma4_e4b,utility_first,cat3_real_004,3.8889,0.047228
gemma4_e4b,utility_first,cat3_real_005,3.3333333333333335,0.044774
gemma4_e4b,utility_first,cat4_adapted_001,3.1111,0.0073490000000000005
gemma4_e4b,utility_first,cat4_adapted_002,3.7778000000000005,0.06379033333333334
gemma4_e4b,utility_first,cat4_adapted_003,3.7778000000000005,0.030972333333333334
gemma4_e4b,utility_first,cat4_adapted_004,3.3333333333333335,0.028805
gemma4_e4b,utility_first,cat4_adapted_005,4.2222,0.04204666666666667
gemma4_e4b,utility_first,cat4_orig_001,3.555566666666667,0.026452000000000003
gemma4_e4b,utility_first,cat4_orig_002,2.444433333333333,0.04591533333333333
gemma4_e4b,utility_first,cat4_orig_003,3.1111,0.028503666666666667
gemma4_e4b,utility_first,cat4_orig_004,2.8889,0.02564033333333333
gemma4_e4b,utility_first,cat4_orig_005,3.888866666666667,0.033025
gemma4_e4b,utility_first,cat4_orig_006,3.444466666666667,0.035679999999999996
gemma4_e4b,utility_first,cat4_orig_007,3.3333,0.04782666666666666
gemma4_e4b,utility_first,cat4_orig_008,4.555533333333334,0.018135000000000002
gemma4_e4b,utility_first,cat4_orig_009,3.7777666666666665,0.014414666666666666
gemma4_e4b,utility_first,cat4_orig_010,3.8889,0.008244333333333334
gemma4_e4b,utility_first,cat4_real_001,5.0,0.0035066666666666666
gemma4_e4b,utility_first,cat4_real_002,4.5555666666666665,0.04940233333333333
gemma4_e4b,utility_first,cat4_real_003,4.333333333333333,0.010922000000000001
gemma4_e4b,utility_first,cat4_real_004,4.0,0.023493999999999998
gemma4_e4b,utility_first,cat4_real_005,4.0,0.009601
gemma4_e4b,utility_first,cat5_adapted_001,3.8889,0.03473933333333334
gemma4_e4b,utility_first,cat5_adapted_002,3.3333333333333335,0.030521000000000003
gemma4_e4b,utility_first,cat5_adapted_003,3.6666666666666665,0.07490866666666667
gemma4_e4b,utility_first,cat5_adapted_004,3.3333333333333335,0.018899000000000003
gemma4_e4b,utility_first,cat5_adapted_005,3.555533333333333,0.028524333333333332
gemma4_e4b,utility_first,cat5_orig_001,3.444466666666667,0.028948666666666668
gemma4_e4b,utility_first,cat5_orig_002,3.3333333333333335,0.08080966666666667
gemma4_e4b,utility_first,cat5_orig_003,3.3333333333333335,0.016215
gemma4_e4b,utility_first,cat5_orig_004,3.7777666666666665,0.009143666666666666
gemma4_e4b,utility_first,cat5_orig_005,3.6666666666666665,0.03645233333333333
gemma4_e4b,utility_first,cat5_orig_006,3.555566666666667,0.021513
gemma4_e4b,utility_first,cat5_orig_007,3.555566666666667,0.026014
gemma4_e4b,utility_first,cat5_orig_008,4.2222,0.049525000000000007
gemma4_e4b,utility_first,cat5_orig_009,3.777766666666667,0.013863666666666668
gemma4_e4b,utility_first,cat5_orig_010,3.8889,0.047148999999999996
gemma4_e4b,utility_first,cat5_real_001,3.444433333333333,0.067497
gemma4_e4b,utility_first,cat5_real_002,4.1111,0.023793333333333333
gemma4_e4b,utility_first,cat5_real_003,3.0,0.03721566666666667
gemma4_e4b,utility_first,cat5_real_004,2.555566666666667,0.09233766666666667
gemma4_e4b,utility_first,cat5_real_005,2.6666666666666665,0.025908
gemma4_e4b,utility_first,cat6_adapted_001,2.7777666666666665,0.05315866666666667
gemma4_e4b,utility_first,cat6_adapted_002,3.7777666666666665,0.07034866666666667
gemma4_e4b,utility_first,cat6_adapted_003,2.444433333333333,0.041578333333333335
gemma4_e4b,utility_first,cat6_adapted_004,3.7777666666666665,0.03413
gemma4_e4b,utility_first,cat6_adapted_005,3.3333333333333335,0.015576
gemma4_e4b,utility_first,cat6_orig_001,3.7777666666666665,0.07747133333333334
gemma4_e4b,utility_first,cat6_orig_002,3.1111333333333335,0.06528566666666667
gemma4_e4b,utility_first,cat6_orig_003,3.555566666666667,0.039054
gemma4_e4b,utility_first,cat6_orig_004,3.555566666666667,0.05403066666666667
gemma4_e4b,utility_first,cat6_orig_005,3.7778000000000005,0.0713
gemma4_e4b,utility_first,cat6_orig_006,2.7777666666666665,0.04777833333333333
gemma4_e4b,utility_first,cat6_orig_007,3.7777666666666665,0.036764
gemma4_e4b,utility_first,cat6_orig_008,2.7778000000000005,0.03621333333333334
gemma4_e4b,utility_first,cat6_orig_009,3.0,0.03538333333333333
gemma4_e4b,utility_first,cat6_orig_010,3.6666666666666665,0.045346
gemma4_e4b,utility_first,cat6_real_001,3.555566666666667,0.021799
gemma4_e4b,utility_first,cat6_real_002,2.3333333333333335,0.05246
gemma4_e4b,utility_first,cat6_real_003,3.777766666666667,0.020349000000000003
gemma4_e4b,utility_first,cat6_real_004,3.555566666666667,0.042565
gemma4_e4b,utility_first,cat6_real_005,2.6666666666666665,0.06465466666666665
gemma4_e4b,utility_first,cat7_adapted_001,3.2222333333333335,0.032916
gemma4_e4b,utility_first,cat7_adapted_002,3.2222333333333335,0.03478033333333334
gemma4_e4b,utility_first,cat7_adapted_003,3.2221999999999995,0.076569
gemma4_e4b,utility_first,cat7_adapted_004,3.1111,0.06886166666666667
gemma4_e4b,utility_first,cat7_adapted_005,3.3333,0.06239166666666666
gemma4_e4b,utility_first,cat7_orig_001,3.3333333333333335,0.027849333333333327
gemma4_e4b,utility_first,cat7_orig_002,3.2222333333333335,0.041277
gemma4_e4b,utility_first,cat7_orig_003,2.6666666666666665,0.050105666666666666
gemma4_e4b,utility_first,cat7_orig_004,2.8888666666666665,0.030029666666666663
gemma4_e4b,utility_first,cat7_orig_005,3.2222333333333335,0.079571
gemma4_e4b,utility_first,cat7_orig_006,2.7778000000000005,0.055989333333333335
gemma4_e4b,utility_first,cat7_orig_007,3.444466666666667,0.045105
gemma4_e4b,utility_first,cat7_orig_008,3.2221999999999995,0.09467833333333332
gemma4_e4b,utility_first,cat7_orig_009,3.0,0.050741
gemma4_e4b,utility_first,cat7_orig_010,2.555566666666667,0.06543566666666667
gemma4_e4b,utility_first,cat7_real_001,3.2221999999999995,0.08909299999999999
gemma4_e4b,utility_first,cat7_real_002,3.8889,0.10248600000000001
gemma4_e4b,utility_first,cat7_real_003,2.7778000000000005,0.054315
gemma4_e4b,utility_first,cat7_real_004,3.6667,0.05992
gemma4_e4b,utility_first,cat7_real_005,3.0,0.033175
gemma4_e4b,vanilla,cat1_adapted_001,3.6666666666666665,0.034616999999999995
gemma4_e4b,vanilla,cat1_adapted_002,3.444466666666667,0.025187333333333336
gemma4_e4b,vanilla,cat1_adapted_003,3.3333666666666666,0.025038666666666667
gemma4_e4b,vanilla,cat1_adapted_004,3.0,0.054328999999999995
gemma4_e4b,vanilla,cat1_adapted_005,3.6666666666666665,0.039882
gemma4_e4b,vanilla,cat1_orig_001,4.333333333333333,0.036145666666666666
gemma4_e4b,vanilla,cat1_orig_002,3.444433333333333,0.030973666666666667
gemma4_e4b,vanilla,cat1_orig_003,4.2222,0.024600999999999998
gemma4_e4b,vanilla,cat1_orig_004,3.8888999999999996,0.009874333333333334
gemma4_e4b,vanilla,cat1_orig_005,4.4444333333333335,0.027192000000000004
gemma4_e4b,vanilla,cat1_orig_006,4.4444333333333335,0.021660666666666665
gemma4_e4b,vanilla,cat1_orig_007,4.0,0.016827666666666668
gemma4_e4b,vanilla,cat1_orig_008,3.555566666666667,0.030441
gemma4_e4b,vanilla,cat1_orig_009,3.7778000000000005,0.04627233333333333
gemma4_e4b,vanilla,cat1_orig_010,3.7777666666666665,0.007657000000000001
gemma4_e4b,vanilla,cat1_real_001,4.0,0.10841866666666666
gemma4_e4b,vanilla,cat1_real_002,3.7777666666666665,0.025514666666666668
gemma4_e4b,vanilla,cat1_real_003,3.8889,0.02828366666666667
gemma4_e4b,vanilla,cat1_real_004,4.1111,0.003608
gemma4_e4b,vanilla,cat1_real_005,4.1111,0.042310999999999994
gemma4_e4b,vanilla,cat2_adapted_001,4.1111,0.079163
gemma4_e4b,vanilla,cat2_adapted_002,3.777766666666667,0.04690333333333333
gemma4_e4b,vanilla,cat2_adapted_003,3.7778000000000005,0.021648666666666667
gemma4_e4b,vanilla,cat2_adapted_004,3.555566666666667,0.01739766666666667
gemma4_e4b,vanilla,cat2_adapted_005,3.0,0.028501333333333333
gemma4_e4b,vanilla,cat2_orig_001,3.0,0.025367666666666667
gemma4_e4b,vanilla,cat2_orig_002,3.444433333333333,0.029088
gemma4_e4b,vanilla,cat2_orig_003,3.3333333333333335,0.022287
gemma4_e4b,vanilla,cat2_orig_004,3.555566666666667,0.03344366666666667
gemma4_e4b,vanilla,cat2_orig_005,3.1111,0.03462433333333333
gemma4_e4b,vanilla,cat2_orig_006,3.444433333333333,0.02085266666666667
gemma4_e4b,vanilla,cat2_orig_007,4.0,0.016838666666666665
gemma4_e4b,vanilla,cat2_orig_008,3.3333333333333335,0.043704
gemma4_e4b,vanilla,cat2_orig_009,3.7777666666666665,0.032416
gemma4_e4b,vanilla,cat2_orig_010,3.3333333333333335,0.028701
gemma4_e4b,vanilla,cat2_real_001,3.7778000000000005,0.013725333333333332
gemma4_e4b,vanilla,cat2_real_002,3.444433333333333,0.05621633333333333
gemma4_e4b,vanilla,cat2_real_003,4.0,0.019337333333333335
gemma4_e4b,vanilla,cat2_real_004,3.8889,0.02899
gemma4_e4b,vanilla,cat2_real_005,4.4444333333333335,0.03134633333333333
gemma4_e4b,vanilla,cat3_adapted_001,4.2222333333333335,0.031524666666666666
gemma4_e4b,vanilla,cat3_adapted_002,3.7778000000000005,0.059646333333333336
gemma4_e4b,vanilla,cat3_adapted_003,3.7778000000000005,0.028414333333333333
gemma4_e4b,vanilla,cat3_adapted_004,3.8889,0.013935666666666666
gemma4_e4b,vanilla,cat3_adapted_005,3.888866666666667,0.020569
gemma4_e4b,vanilla,cat3_orig_001,3.444433333333333,0.037794
gemma4_e4b,vanilla,cat3_orig_002,4.1111,0.017098666666666668
gemma4_e4b,vanilla,cat3_orig_003,3.777766666666667,0.020125
gemma4_e4b,vanilla,cat3_orig_004,3.3333333333333335,0.03455366666666667
gemma4_e4b,vanilla,cat3_orig_005,3.555533333333333,0.017174333333333333
gemma4_e4b,vanilla,cat3_orig_006,3.555566666666667,0.043778333333333336
gemma4_e4b,vanilla,cat3_orig_007,4.0,0.023075333333333333
gemma4_e4b,vanilla,cat3_orig_008,3.8888999999999996,0.04886633333333334
gemma4_e4b,vanilla,cat3_orig_009,3.555533333333333,0.012094666666666665
gemma4_e4b,vanilla,cat3_orig_010,4.4444333333333335,0.009279666666666667
gemma4_e4b,vanilla,cat3_real_001,4.0,0.05115033333333333
gemma4_e4b,vanilla,cat3_real_002,4.3333,0.020580333333333332
gemma4_e4b,vanilla,cat3_real_003,4.4444333333333335,0.03347766666666666
gemma4_e4b,vanilla,cat3_real_004,4.444466666666666,0.020715333333333332
gemma4_e4b,vanilla,cat3_real_005,4.5555666666666665,0.030432999999999998
gemma4_e4b,vanilla,cat4_adapted_001,3.8889,0.011492333333333334
gemma4_e4b,vanilla,cat4_adapted_002,3.3333333333333335,0.08439866666666666
gemma4_e4b,vanilla,cat4_adapted_003,3.777766666666667,0.014489666666666666
gemma4_e4b,vanilla,cat4_adapted_004,3.2221999999999995,0.043961
gemma4_e4b,vanilla,cat4_adapted_005,4.777766666666667,0.03386733333333333
gemma4_e4b,vanilla,cat4_orig_001,3.555566666666667,0.0070603333333333325
gemma4_e4b,vanilla,cat4_orig_002,3.1111,0.050954
gemma4_e4b,vanilla,cat4_orig_003,3.6667,0.04169
gemma4_e4b,vanilla,cat4_orig_004,3.555566666666667,0.023305333333333334
gemma4_e4b,vanilla,cat4_orig_005,3.8889,0.03887733333333333
gemma4_e4b,vanilla,cat4_orig_006,3.7777666666666665,0.015087999999999999
gemma4_e4b,vanilla,cat4_orig_007,3.3333333333333335,0.038909
gemma4_e4b,vanilla,cat4_orig_008,4.444466666666666,0.018762
gemma4_e4b,vanilla,cat4_orig_009,3.555566666666667,0.018245
gemma4_e4b,vanilla,cat4_orig_010,3.444433333333333,0.03934566666666667
gemma4_e4b,vanilla,cat4_real_001,4.8889,0.024172
gemma4_e4b,vanilla,cat4_real_002,4.333333333333333,0.03927066666666667
gemma4_e4b,vanilla,cat4_real_003,4.0,0.004907333333333334
gemma4_e4b,vanilla,cat4_real_004,4.4444333333333335,0.042216
gemma4_e4b,vanilla,cat4_real_005,4.0,0.008896
gemma4_e4b,vanilla,cat5_adapted_001,3.6666333333333334,0.07837333333333334
gemma4_e4b,vanilla,cat5_adapted_002,3.3333666666666666,0.06289433333333333
gemma4_e4b,vanilla,cat5_adapted_003,3.7778000000000005,0.027795333333333335
gemma4_e4b,vanilla,cat5_adapted_004,3.3333333333333335,0.008033666666666666
gemma4_e4b,vanilla,cat5_adapted_005,3.6666666666666665,0.026807333333333332
gemma4_e4b,vanilla,cat5_orig_001,3.555566666666667,0.057367
gemma4_e4b,vanilla,cat5_orig_002,3.555533333333333,0.07633933333333333
gemma4_e4b,vanilla,cat5_orig_003,3.2221999999999995,0.027531
gemma4_e4b,vanilla,cat5_orig_004,3.444466666666667,0.04350933333333334
gemma4_e4b,vanilla,cat5_orig_005,3.6666666666666665,0.01957633333333333
gemma4_e4b,vanilla,cat5_orig_006,3.8889,0.007654
gemma4_e4b,vanilla,cat5_orig_007,3.1111,0.024132333333333335
gemma4_e4b,vanilla,cat5_orig_008,4.666666666666667,0.022381666666666664
gemma4_e4b,vanilla,cat5_orig_009,4.0,0.023070999999999998
gemma4_e4b,vanilla,cat5_orig_010,3.444433333333333,0.03745166666666667
gemma4_e4b,vanilla,cat5_real_001,3.6666333333333334,0.04038933333333333
gemma4_e4b,vanilla,cat5_real_002,4.1111,0.007245000000000001
gemma4_e4b,vanilla,cat5_real_003,3.8889,0.040501
gemma4_e4b,vanilla,cat5_real_004,2.7777666666666665,0.035658333333333334
gemma4_e4b,vanilla,cat5_real_005,3.7778000000000005,0.02518833333333333
gemma4_e4b,vanilla,cat6_adapted_001,4.1110999999999995,0.026791
gemma4_e4b,vanilla,cat6_adapted_002,3.8889,0.04786233333333333
gemma4_e4b,vanilla,cat6_adapted_003,3.0,0.019837333333333335
gemma4_e4b,vanilla,cat6_adapted_004,3.7778000000000005,0.05061666666666667
gemma4_e4b,vanilla,cat6_adapted_005,4.1111,0.05573233333333333
gemma4_e4b,vanilla,cat6_orig_001,2.6666333333333334,0.066127
gemma4_e4b,vanilla,cat6_orig_002,3.1111333333333335,0.06057733333333334
gemma4_e4b,vanilla,cat6_orig_003,3.1111,0.1431916666666667
gemma4_e4b,vanilla,cat6_orig_004,3.8889,0.026588666666666667
gemma4_e4b,vanilla,cat6_orig_005,3.8888999999999996,0.03691166666666667
gemma4_e4b,vanilla,cat6_orig_006,3.8889,0.03590066666666667
gemma4_e4b,vanilla,cat6_orig_007,4.0,0.05471033333333333
gemma4_e4b,vanilla,cat6_orig_008,3.0,0.025886333333333334
gemma4_e4b,vanilla,cat6_orig_009,3.3333,0.026015
gemma4_e4b,vanilla,cat6_orig_010,3.2222333333333335,0.05136733333333333
gemma4_e4b,vanilla,cat6_real_001,3.8889,0.05699233333333333
gemma4_e4b,vanilla,cat6_real_002,3.5555333333333334,0.03496433333333333
gemma4_e4b,vanilla,cat6_real_003,4.4444333333333335,0.027082666666666668
gemma4_e4b,vanilla,cat6_real_004,3.6667,0.04916366666666666
gemma4_e4b,vanilla,cat6_real_005,3.7777999999999996,0.03592666666666667
gemma4_e4b,vanilla,cat7_adapted_001,4.333333333333333,0.05746966666666667
gemma4_e4b,vanilla,cat7_adapted_002,4.0,0.057903666666666666
gemma4_e4b,vanilla,cat7_adapted_003,4.0,0.09670400000000001
gemma4_e4b,vanilla,cat7_adapted_004,4.0,0.024795333333333332
gemma4_e4b,vanilla,cat7_adapted_005,4.8889,0.07450733333333333
gemma4_e4b,vanilla,cat7_orig_001,3.444466666666667,0.03335166666666667
gemma4_e4b,vanilla,cat7_orig_002,4.666666666666667,0.116378
gemma4_e4b,vanilla,cat7_orig_003,4.666666666666667,0.10855366666666667
gemma4_e4b,vanilla,cat7_orig_004,4.0,0.038104
gemma4_e4b,vanilla,cat7_orig_005,4.333333333333333,0.03968933333333333
gemma4_e4b,vanilla,cat7_orig_006,4.5555666666666665,0.03807866666666667
gemma4_e4b,vanilla,cat7_orig_007,4.555533333333334,0.044319
gemma4_e4b,vanilla,cat7_orig_008,4.555533333333334,0.03562833333333334
gemma4_e4b,vanilla,cat7_orig_009,4.0,0.027101
gemma4_e4b,vanilla,cat7_orig_010,4.4444333333333335,0.08465333333333334
gemma4_e4b,vanilla,cat7_real_001,3.7778000000000005,0.03203166666666667
gemma4_e4b,vanilla,cat7_real_002,3.555566666666667,0.14795433333333333
gemma4_e4b,vanilla,cat7_real_003,3.777766666666667,0.037291333333333336
gemma4_e4b,vanilla,cat7_real_004,3.1111,0.055715999999999995
gemma4_e4b,vanilla,cat7_real_005,3.8889,0.076581
gpt_oss_120b,clarification_first,cat1_adapted_001,5.0,0.023088666666666664
gpt_oss_120b,clarification_first,cat1_adapted_002,4.8889,0.04000533333333334
gpt_oss_120b,clarification_first,cat1_adapted_003,4.666666666666667,0.017385333333333333
gpt_oss_120b,clarification_first,cat1_adapted_004,4.333333333333333,0.029459333333333334
gpt_oss_120b,clarification_first,cat1_adapted_005,4.8889,0.043221
gpt_oss_120b,clarification_first,cat1_orig_001,5.0,0.033566000000000006
gpt_oss_120b,clarification_first,cat1_orig_002,4.8889,0.030522333333333335
gpt_oss_120b,clarification_first,cat1_orig_003,5.0,0.02232366666666667
gpt_oss_120b,clarification_first,cat1_orig_004,5.0,0.02137966666666667
gpt_oss_120b,clarification_first,cat1_orig_005,5.0,0.031150666666666663
gpt_oss_120b,clarification_first,cat1_orig_006,5.0,0.0072109999999999995
gpt_oss_120b,clarification_first,cat1_orig_007,5.0,0.020823
gpt_oss_120b,clarification_first,cat1_orig_008,5.0,0.048702
gpt_oss_120b,clarification_first,cat1_orig_009,5.0,0.008262333333333333
gpt_oss_120b,clarification_first,cat1_orig_010,5.0,0.03084666666666667
gpt_oss_120b,clarification_first,cat1_real_001,4.0,0.027937666666666666
gpt_oss_120b,clarification_first,cat1_real_002,4.8889,0.024203666666666665
gpt_oss_120b,clarification_first,cat1_real_003,4.8889,0.06616466666666666
gpt_oss_120b,clarification_first,cat1_real_004,5.0,0.03871366666666667
gpt_oss_120b,clarification_first,cat1_real_005,4.7778,0.09036366666666666
gpt_oss_120b,clarification_first,cat2_adapted_001,4.333333333333333,0.045854000000000006
gpt_oss_120b,clarification_first,cat2_adapted_002,4.8889,0.044389333333333336
gpt_oss_120b,clarification_first,cat2_adapted_003,4.333333333333333,0.037425999999999994
gpt_oss_120b,clarification_first,cat2_adapted_004,3.7777666666666665,0.006335333333333334
gpt_oss_120b,clarification_first,cat2_adapted_005,4.2222,0.012805666666666667
gpt_oss_120b,clarification_first,cat2_orig_001,4.333333333333333,0.03810533333333333
gpt_oss_120b,clarification_first,cat2_orig_002,4.555533333333334,0.008730333333333333
gpt_oss_120b,clarification_first,cat2_orig_003,4.666666666666667,0.025965
gpt_oss_120b,clarification_first,cat2_orig_004,4.333333333333333,0.042381333333333326
gpt_oss_120b,clarification_first,cat2_orig_005,4.333333333333333,0.016462333333333332
gpt_oss_120b,clarification_first,cat2_orig_006,4.222233333333333,0.024277333333333335
gpt_oss_120b,clarification_first,cat2_orig_007,4.5555666666666665,0.028375
gpt_oss_120b,clarification_first,cat2_orig_008,4.5555666666666665,0.013771666666666666
gpt_oss_120b,clarification_first,cat2_orig_009,4.2222,0.022384666666666664
gpt_oss_120b,clarification_first,cat2_orig_010,4.1111,0.049973
gpt_oss_120b,clarification_first,cat2_real_001,4.444466666666666,0.010327000000000001
gpt_oss_120b,clarification_first,cat2_real_002,4.7778,0.079288
gpt_oss_120b,clarification_first,cat2_real_003,4.777766666666667,0.05573
gpt_oss_120b,clarification_first,cat2_real_004,4.3333,0.04883933333333334
gpt_oss_120b,clarification_first,cat2_real_005,4.4444333333333335,0.010337666666666667
gpt_oss_120b,clarification_first,cat3_adapted_001,5.0,0.03106566666666667
gpt_oss_120b,clarification_first,cat3_adapted_002,4.777766666666667,0.017711
gpt_oss_120b,clarification_first,cat3_adapted_003,4.666666666666667,0.012090666666666666
gpt_oss_120b,clarification_first,cat3_adapted_004,4.7778,0.04788666666666667
gpt_oss_120b,clarification_first,cat3_adapted_005,4.5555666666666665,0.025343333333333332
gpt_oss_120b,clarification_first,cat3_orig_001,5.0,0.044199333333333334
gpt_oss_120b,clarification_first,cat3_orig_002,4.5555666666666665,0.038577
gpt_oss_120b,clarification_first,cat3_orig_003,3.6666666666666665,0.023538666666666666
gpt_oss_120b,clarification_first,cat3_orig_004,4.7778,0.006631666666666667
gpt_oss_120b,clarification_first,cat3_orig_005,4.3333,0.011495333333333335
gpt_oss_120b,clarification_first,cat3_orig_006,5.0,0.04756533333333333
gpt_oss_120b,clarification_first,cat3_orig_007,5.0,0.014661333333333334
gpt_oss_120b,clarification_first,cat3_orig_008,4.777766666666667,0.028847666666666664
gpt_oss_120b,clarification_first,cat3_orig_009,4.8889,0.019868666666666666
gpt_oss_120b,clarification_first,cat3_orig_010,4.8889,0.026595999999999998
gpt_oss_120b,clarification_first,cat3_real_001,4.8889,0.04022666666666667
gpt_oss_120b,clarification_first,cat3_real_002,5.0,0.014522
gpt_oss_120b,clarification_first,cat3_real_003,4.777766666666667,0.009727333333333333
gpt_oss_120b,clarification_first,cat3_real_004,5.0,0.013764333333333332
gpt_oss_120b,clarification_first,cat3_real_005,5.0,0.052826000000000005
gpt_oss_120b,clarification_first,cat4_adapted_001,3.777766666666667,0.015965666666666666
gpt_oss_120b,clarification_first,cat4_adapted_002,4.5555666666666665,0.024265666666666668
gpt_oss_120b,clarification_first,cat4_adapted_003,4.5555666666666665,0.04639133333333333
gpt_oss_120b,clarification_first,cat4_adapted_004,4.333333333333333,0.02582833333333333
gpt_oss_120b,clarification_first,cat4_adapted_005,4.3333,0.012997
gpt_oss_120b,clarification_first,cat4_orig_001,4.666666666666667,0.014243333333333335
gpt_oss_120b,clarification_first,cat4_orig_002,3.7778000000000005,0.019951333333333335
gpt_oss_120b,clarification_first,cat4_orig_003,4.3333,0.018741999999999998
gpt_oss_120b,clarification_first,cat4_orig_004,3.777766666666667,0.031056
gpt_oss_120b,clarification_first,cat4_orig_005,4.4444333333333335,0.019814666666666664
gpt_oss_120b,clarification_first,cat4_orig_006,5.0,0.004874666666666667
gpt_oss_120b,clarification_first,cat4_orig_007,4.2222,0.025600333333333333
gpt_oss_120b,clarification_first,cat4_orig_008,4.666666666666667,0.039668666666666665
gpt_oss_120b,clarification_first,cat4_orig_009,5.0,0.02765933333333333
gpt_oss_120b,clarification_first,cat4_orig_010,4.2222333333333335,0.019214
gpt_oss_120b,clarification_first,cat4_real_001,5.0,0.019114999999999997
gpt_oss_120b,clarification_first,cat4_real_002,4.6667,0.039287666666666665
gpt_oss_120b,clarification_first,cat4_real_003,4.8889,0.015974333333333333
gpt_oss_120b,clarification_first,cat4_real_004,4.666666666666667,0.022825333333333336
gpt_oss_120b,clarification_first,cat4_real_005,4.333333333333333,0.017208
gpt_oss_120b,clarification_first,cat5_adapted_001,3.999966666666667,0.03228166666666667
gpt_oss_120b,clarification_first,cat5_adapted_002,4.777766666666667,0.019611666666666666
gpt_oss_120b,clarification_first,cat5_adapted_003,4.555533333333334,0.04419033333333333
gpt_oss_120b,clarification_first,cat5_adapted_004,3.5555333333333334,0.019249333333333334
gpt_oss_120b,clarification_first,cat5_adapted_005,4.1111,0.0050683333333333335
gpt_oss_120b,clarification_first,cat5_orig_001,3.3333,0.024303
gpt_oss_120b,clarification_first,cat5_orig_002,4.2222,0.021233666666666668
gpt_oss_120b,clarification_first,cat5_orig_003,4.333333333333333,0.017684000000000002
gpt_oss_120b,clarification_first,cat5_orig_004,4.777766666666667,0.009755333333333333
gpt_oss_120b,clarification_first,cat5_orig_005,4.4444333333333335,0.02262633333333333
gpt_oss_120b,clarification_first,cat5_orig_006,4.777766666666667,0.015065333333333333
gpt_oss_120b,clarification_first,cat5_orig_007,4.4444333333333335,0.034237
gpt_oss_120b,clarification_first,cat5_orig_008,4.6667,0.026592
gpt_oss_120b,clarification_first,cat5_orig_009,4.5555666666666665,0.013191
gpt_oss_120b,clarification_first,cat5_orig_010,4.2222,0.014216000000000001
gpt_oss_120b,clarification_first,cat5_real_001,4.7778,0.05942733333333333
gpt_oss_120b,clarification_first,cat5_real_002,4.222233333333333,0.039127
gpt_oss_120b,clarification_first,cat5_real_003,4.8889,0.04638933333333334
gpt_oss_120b,clarification_first,cat5_real_004,3.555566666666667,0.018613333333333332
gpt_oss_120b,clarification_first,cat5_real_005,3.6666666666666665,0.04431866666666667
gpt_oss_120b,clarification_first,cat6_adapted_001,5.0,0.016525
gpt_oss_120b,clarification_first,cat6_adapted_002,4.2222333333333335,0.063612
gpt_oss_120b,clarification_first,cat6_adapted_003,3.3333333333333335,0.019690333333333334
gpt_oss_120b,clarification_first,cat6_adapted_004,2.444433333333333,0.18040133333333333
gpt_oss_120b,clarification_first,cat6_adapted_005,3.7777666666666665,0.027275999999999998
gpt_oss_120b,clarification_first,cat6_orig_001,4.333333333333333,0.016781333333333332
gpt_oss_120b,clarification_first,cat6_orig_002,3.3333333333333335,0.014658333333333334
gpt_oss_120b,clarification_first,cat6_orig_003,4.6667,0.033556333333333334
gpt_oss_120b,clarification_first,cat6_orig_004,4.7778,0.029493000000000002
gpt_oss_120b,clarification_first,cat6_orig_005,5.0,0.028856000000000003
gpt_oss_120b,clarification_first,cat6_orig_006,4.777766666666667,0.022881333333333333
gpt_oss_120b,clarification_first,cat6_orig_007,3.3333333333333335,0.02060933333333333
gpt_oss_120b,clarification_first,cat6_orig_008,3.7777666666666665,0.06198733333333334
gpt_oss_120b,clarification_first,cat6_orig_009,4.777766666666667,0.008997333333333335
gpt_oss_120b,clarification_first,cat6_orig_010,4.8889,0.04151
gpt_oss_120b,clarification_first,cat6_real_001,4.5555666666666665,0.235174
gpt_oss_120b,clarification_first,cat6_real_002,4.222233333333333,0.02309
gpt_oss_120b,clarification_first,cat6_real_003,4.2222,0.017026
gpt_oss_120b,clarification_first,cat6_real_004,4.444466666666666,0.08360133333333335
gpt_oss_120b,clarification_first,cat6_real_005,4.8889,0.04595833333333333
gpt_oss_120b,clarification_first,cat7_adapted_001,4.777766666666667,0.06871766666666666
gpt_oss_120b,clarification_first,cat7_adapted_002,3.555566666666667,0.023872333333333332
gpt_oss_120b,clarification_first,cat7_adapted_003,4.666666666666667,0.04632133333333333
gpt_oss_120b,clarification_first,cat7_adapted_004,4.777766666666667,0.03922966666666667
gpt_oss_120b,clarification_first,cat7_adapted_005,5.0,0.026609666666666667
gpt_oss_120b,clarification_first,cat7_orig_001,5.0,0.017053666666666665
gpt_oss_120b,clarification_first,cat7_orig_002,5.0,0.09561399999999999
gpt_oss_120b,clarification_first,cat7_orig_003,4.666666666666667,0.06687233333333333
gpt_oss_120b,clarification_first,cat7_orig_004,4.3333,0.034435
gpt_oss_120b,clarification_first,cat7_orig_005,4.5555666666666665,0.015426
gpt_oss_120b,clarification_first,cat7_orig_006,5.0,0.022874000000000002
gpt_oss_120b,clarification_first,cat7_orig_007,3.2221999999999995,0.04038733333333333
gpt_oss_120b,clarification_first,cat7_orig_008,5.0,0.038382
gpt_oss_120b,clarification_first,cat7_orig_009,4.5555666666666665,0.009743333333333333
gpt_oss_120b,clarification_first,cat7_orig_010,4.8889,0.03298
gpt_oss_120b,clarification_first,cat7_real_001,5.0,0.03987466666666666
gpt_oss_120b,clarification_first,cat7_real_002,4.3333,0.030968666666666672
gpt_oss_120b,clarification_first,cat7_real_003,3.8889,0.007581999999999999
gpt_oss_120b,clarification_first,cat7_real_004,4.3333,0.05509633333333334
gpt_oss_120b,clarification_first,cat7_real_005,4.222233333333333,0.048777666666666664
gpt_oss_120b,neutrality_oriented,cat1_adapted_001,4.444466666666666,0.042046
gpt_oss_120b,neutrality_oriented,cat1_adapted_002,4.4444333333333335,0.060207333333333335
gpt_oss_120b,neutrality_oriented,cat1_adapted_003,4.333333333333333,0.026963
gpt_oss_120b,neutrality_oriented,cat1_adapted_004,4.111133333333334,0.05691733333333334
gpt_oss_120b,neutrality_oriented,cat1_adapted_005,4.333366666666667,0.016618
gpt_oss_120b,neutrality_oriented,cat1_orig_001,5.0,0.019075333333333333
gpt_oss_120b,neutrality_oriented,cat1_orig_002,4.5555666666666665,0.03410033333333334
gpt_oss_120b,neutrality_oriented,cat1_orig_003,5.0,0.014127
gpt_oss_120b,neutrality_oriented,cat1_orig_004,4.7778,0.022172666666666663
gpt_oss_120b,neutrality_oriented,cat1_orig_005,4.6667,0.06271866666666666
gpt_oss_120b,neutrality_oriented,cat1_orig_006,4.8889,0.03013366666666667
gpt_oss_120b,neutrality_oriented,cat1_orig_007,4.444466666666666,0.010139333333333334
gpt_oss_120b,neutrality_oriented,cat1_orig_008,4.4444333333333335,0.025182
gpt_oss_120b,neutrality_oriented,cat1_orig_009,4.8889,0.016774333333333332
gpt_oss_120b,neutrality_oriented,cat1_orig_010,4.444466666666666,0.03566133333333333
gpt_oss_120b,neutrality_oriented,cat1_real_001,4.7778,0.057271999999999997
gpt_oss_120b,neutrality_oriented,cat1_real_002,4.2222333333333335,0.04260133333333333
gpt_oss_120b,neutrality_oriented,cat1_real_003,4.0,0.14459133333333332
gpt_oss_120b,neutrality_oriented,cat1_real_004,4.666666666666667,0.012013666666666666
gpt_oss_120b,neutrality_oriented,cat1_real_005,4.222233333333333,0.03685766666666667
gpt_oss_120b,neutrality_oriented,cat2_adapted_001,4.333333333333333,0.038535
gpt_oss_120b,neutrality_oriented,cat2_adapted_002,4.1111,0.024580666666666667
gpt_oss_120b,neutrality_oriented,cat2_adapted_003,4.333366666666667,0.056065000000000004
gpt_oss_120b,neutrality_oriented,cat2_adapted_004,4.4444333333333335,0.01879566666666667
gpt_oss_120b,neutrality_oriented,cat2_adapted_005,3.6667,0.017972333333333333
gpt_oss_120b,neutrality_oriented,cat2_orig_001,3.8889,0.036712666666666664
gpt_oss_120b,neutrality_oriented,cat2_orig_002,4.5555666666666665,0.014459666666666668
gpt_oss_120b,neutrality_oriented,cat2_orig_003,3.8889,0.017818999999999998
gpt_oss_120b,neutrality_oriented,cat2_orig_004,4.2222,0.007652333333333334
gpt_oss_120b,neutrality_oriented,cat2_orig_005,4.4444333333333335,0.02078333333333333
gpt_oss_120b,neutrality_oriented,cat2_orig_006,4.2222333333333335,0.013314666666666667
gpt_oss_120b,neutrality_oriented,cat2_orig_007,4.333333333333333,0.017794
gpt_oss_120b,neutrality_oriented,cat2_orig_008,4.333333333333333,0.023258
gpt_oss_120b,neutrality_oriented,cat2_orig_009,4.333333333333333,0.009836
gpt_oss_120b,neutrality_oriented,cat2_orig_010,4.0,0.026113333333333332
gpt_oss_120b,neutrality_oriented,cat2_real_001,4.5555666666666665,0.03190166666666667
gpt_oss_120b,neutrality_oriented,cat2_real_002,4.4444333333333335,0.08661166666666666
gpt_oss_120b,neutrality_oriented,cat2_real_003,4.0,0.025063000000000002
gpt_oss_120b,neutrality_oriented,cat2_real_004,4.4444333333333335,0.036182
gpt_oss_120b,neutrality_oriented,cat2_real_005,4.5555666666666665,0.023890666666666668
gpt_oss_120b,neutrality_oriented,cat3_adapted_001,4.7778,0.04626666666666667
gpt_oss_120b,neutrality_oriented,cat3_adapted_002,4.6667,0.028727666666666665
gpt_oss_120b,neutrality_oriented,cat3_adapted_003,4.5555666666666665,0.036296666666666665
gpt_oss_120b,neutrality_oriented,cat3_adapted_004,4.6667,0.034001333333333335
gpt_oss_120b,neutrality_oriented,cat3_adapted_005,4.5555666666666665,0.04476766666666667
gpt_oss_120b,neutrality_oriented,cat3_orig_001,4.333333333333333,0.033508666666666666
gpt_oss_120b,neutrality_oriented,cat3_orig_002,4.5555666666666665,0.04787433333333333
gpt_oss_120b,neutrality_oriented,cat3_orig_003,4.5555666666666665,0.018210333333333332
gpt_oss_120b,neutrality_oriented,cat3_orig_004,4.5555666666666665,0.0038373333333333332
gpt_oss_120b,neutrality_oriented,cat3_orig_005,4.0000333333333336,0.019062
gpt_oss_120b,neutrality_oriented,cat3_orig_006,4.777766666666667,0.027433333333333337
gpt_oss_120b,neutrality_oriented,cat3_orig_007,4.3333,0.03584533333333333
gpt_oss_120b,neutrality_oriented,cat3_orig_008,4.5555666666666665,0.024325
gpt_oss_120b,neutrality_oriented,cat3_orig_009,4.333333333333333,0.022269333333333335
gpt_oss_120b,neutrality_oriented,cat3_orig_010,4.4444333333333335,0.04374133333333333
gpt_oss_120b,neutrality_oriented,cat3_real_001,4.4444333333333335,0.07138033333333334
gpt_oss_120b,neutrality_oriented,cat3_real_002,4.8889,0.019731333333333333
gpt_oss_120b,neutrality_oriented,cat3_real_003,4.5555666666666665,0.009658666666666666
gpt_oss_120b,neutrality_oriented,cat3_real_004,5.0,0.039414
gpt_oss_120b,neutrality_oriented,cat3_real_005,4.5555666666666665,0.04148866666666667
gpt_oss_120b,neutrality_oriented,cat4_adapted_001,4.333333333333333,0.01915266666666667
gpt_oss_120b,neutrality_oriented,cat4_adapted_002,4.3333,0.026431333333333334
gpt_oss_120b,neutrality_oriented,cat4_adapted_003,4.5555666666666665,0.04921166666666666
gpt_oss_120b,neutrality_oriented,cat4_adapted_004,4.0000333333333336,0.03131933333333334
gpt_oss_120b,neutrality_oriented,cat4_adapted_005,4.5555666666666665,0.011536999999999999
gpt_oss_120b,neutrality_oriented,cat4_orig_001,4.2222,0.021654999999999997
gpt_oss_120b,neutrality_oriented,cat4_orig_002,4.1111,0.03578133333333333
gpt_oss_120b,neutrality_oriented,cat4_orig_003,4.111133333333333,0.03848766666666666
gpt_oss_120b,neutrality_oriented,cat4_orig_004,4.444466666666666,0.009377333333333333
gpt_oss_120b,neutrality_oriented,cat4_orig_005,4.5555666666666665,0.03924366666666667
gpt_oss_120b,neutrality_oriented,cat4_orig_006,4.333333333333333,0.010832333333333333
gpt_oss_120b,neutrality_oriented,cat4_orig_007,4.3333,0.03335533333333333
gpt_oss_120b,neutrality_oriented,cat4_orig_008,4.4444333333333335,0.030896666666666666
gpt_oss_120b,neutrality_oriented,cat4_orig_009,4.777766666666667,0.021492
gpt_oss_120b,neutrality_oriented,cat4_orig_010,4.1111,0.017866666666666666
gpt_oss_120b,neutrality_oriented,cat4_real_001,5.0,0.013504666666666667
gpt_oss_120b,neutrality_oriented,cat4_real_002,4.444466666666666,0.04035466666666667
gpt_oss_120b,neutrality_oriented,cat4_real_003,4.7778,0.019985333333333334
gpt_oss_120b,neutrality_oriented,cat4_real_004,4.6667,0.014234333333333333
gpt_oss_120b,neutrality_oriented,cat4_real_005,4.6667,0.011113999999999999
gpt_oss_120b,neutrality_oriented,cat5_adapted_001,4.1111,0.017258333333333334
gpt_oss_120b,neutrality_oriented,cat5_adapted_002,4.1111,0.022246000000000002
gpt_oss_120b,neutrality_oriented,cat5_adapted_003,4.333333333333333,0.020435333333333333
gpt_oss_120b,neutrality_oriented,cat5_adapted_004,4.2222333333333335,0.019736666666666666
gpt_oss_120b,neutrality_oriented,cat5_adapted_005,4.1111,0.010504333333333333
gpt_oss_120b,neutrality_oriented,cat5_orig_001,3.777766666666667,0.020871333333333335
gpt_oss_120b,neutrality_oriented,cat5_orig_002,4.4444333333333335,0.02221366666666667
gpt_oss_120b,neutrality_oriented,cat5_orig_003,4.333333333333333,0.010432666666666666
gpt_oss_120b,neutrality_oriented,cat5_orig_004,4.7778,0.012384333333333332
gpt_oss_120b,neutrality_oriented,cat5_orig_005,4.444466666666666,0.011028000000000001
gpt_oss_120b,neutrality_oriented,cat5_orig_006,4.2222333333333335,0.010323666666666667
gpt_oss_120b,neutrality_oriented,cat5_orig_007,4.333366666666667,0.027149999999999997
gpt_oss_120b,neutrality_oriented,cat5_orig_008,4.666666666666667,0.03816933333333334
gpt_oss_120b,neutrality_oriented,cat5_orig_009,4.5555666666666665,0.03127433333333333
gpt_oss_120b,neutrality_oriented,cat5_orig_010,4.1111,0.028845
gpt_oss_120b,neutrality_oriented,cat5_real_001,4.7778,0.03722999999999999
gpt_oss_120b,neutrality_oriented,cat5_real_002,4.6667,0.018869666666666667
gpt_oss_120b,neutrality_oriented,cat5_real_003,4.444466666666666,0.01825766666666667
gpt_oss_120b,neutrality_oriented,cat5_real_004,4.1111,0.04591666666666667
gpt_oss_120b,neutrality_oriented,cat5_real_005,3.8889,0.04381933333333333
gpt_oss_120b,neutrality_oriented,cat6_adapted_001,4.7778,0.030985000000000002
gpt_oss_120b,neutrality_oriented,cat6_adapted_002,4.8889,0.04208833333333333
gpt_oss_120b,neutrality_oriented,cat6_adapted_003,3.777766666666667,0.019258666666666667
gpt_oss_120b,neutrality_oriented,cat6_adapted_004,3.2221999999999995,0.18040133333333333
gpt_oss_120b,neutrality_oriented,cat6_adapted_005,4.4444333333333335,0.030722
gpt_oss_120b,neutrality_oriented,cat6_orig_001,4.444466666666666,0.031285
gpt_oss_120b,neutrality_oriented,cat6_orig_002,3.444433333333334,0.010408333333333334
gpt_oss_120b,neutrality_oriented,cat6_orig_003,4.333333333333333,0.06323
gpt_oss_120b,neutrality_oriented,cat6_orig_004,4.5555666666666665,0.034792666666666666
gpt_oss_120b,neutrality_oriented,cat6_orig_005,4.8889,0.009206
gpt_oss_120b,neutrality_oriented,cat6_orig_006,4.2222,0.038909
gpt_oss_120b,neutrality_oriented,cat6_orig_007,4.333333333333333,0.02407366666666667
gpt_oss_120b,neutrality_oriented,cat6_orig_008,4.111133333333333,0.044632000000000005
gpt_oss_120b,neutrality_oriented,cat6_orig_009,4.333333333333333,0.025668333333333335
gpt_oss_120b,neutrality_oriented,cat6_orig_010,4.777766666666667,0.03822833333333333
gpt_oss_120b,neutrality_oriented,cat6_real_001,4.333366666666667,0.33165
gpt_oss_120b,neutrality_oriented,cat6_real_002,3.7778000000000005,0.034878
gpt_oss_120b,neutrality_oriented,cat6_real_003,4.222233333333333,0.036914666666666665
gpt_oss_120b,neutrality_oriented,cat6_real_004,4.3333,0.14996433333333334
gpt_oss_120b,neutrality_oriented,cat6_real_005,4.5555666666666665,0.041412333333333336
gpt_oss_120b,neutrality_oriented,cat7_adapted_001,4.666666666666667,0.040168666666666665
gpt_oss_120b,neutrality_oriented,cat7_adapted_002,4.333366666666667,0.006564666666666667
gpt_oss_120b,neutrality_oriented,cat7_adapted_003,4.5555666666666665,0.06378466666666667
gpt_oss_120b,neutrality_oriented,cat7_adapted_004,4.4444333333333335,0.046469
gpt_oss_120b,neutrality_oriented,cat7_adapted_005,4.7778,0.050270333333333334
gpt_oss_120b,neutrality_oriented,cat7_orig_001,4.6667,0.08368433333333332
gpt_oss_120b,neutrality_oriented,cat7_orig_002,4.777766666666667,0.14329633333333333
gpt_oss_120b,neutrality_oriented,cat7_orig_003,4.333366666666667,0.060966333333333324
gpt_oss_120b,neutrality_oriented,cat7_orig_004,4.444466666666666,0.045061333333333335
gpt_oss_120b,neutrality_oriented,cat7_orig_005,4.8889,0.04112733333333333
gpt_oss_120b,neutrality_oriented,cat7_orig_006,4.7778,0.057733
gpt_oss_120b,neutrality_oriented,cat7_orig_007,4.3333,0.11304366666666667
gpt_oss_120b,neutrality_oriented,cat7_orig_008,5.0,0.04988
gpt_oss_120b,neutrality_oriented,cat7_orig_009,3.8889,0.019973333333333333
gpt_oss_120b,neutrality_oriented,cat7_orig_010,4.8889,0.035230333333333336
gpt_oss_120b,neutrality_oriented,cat7_real_001,4.4444333333333335,0.025622333333333334
gpt_oss_120b,neutrality_oriented,cat7_real_002,4.1111,0.069615
gpt_oss_120b,neutrality_oriented,cat7_real_003,4.3333,0.04888366666666666
gpt_oss_120b,neutrality_oriented,cat7_real_004,3.8889,0.03996266666666667
gpt_oss_120b,neutrality_oriented,cat7_real_005,4.6667,0.06673866666666667
gpt_oss_120b,utility_first,cat1_adapted_001,3.444466666666667,0.08021299999999999
gpt_oss_120b,utility_first,cat1_adapted_002,3.555566666666667,0.029668
gpt_oss_120b,utility_first,cat1_adapted_003,3.6666666666666665,0.013870666666666665
gpt_oss_120b,utility_first,cat1_adapted_004,3.1111,0.037266
gpt_oss_120b,utility_first,cat1_adapted_005,3.6666666666666665,0.02673266666666667
gpt_oss_120b,utility_first,cat1_orig_001,3.3333333333333335,0.023836333333333334
gpt_oss_120b,utility_first,cat1_orig_002,3.2221999999999995,0.05339166666666667
gpt_oss_120b,utility_first,cat1_orig_003,3.000033333333333,0.023629999999999998
gpt_oss_120b,utility_first,cat1_orig_004,4.0,0.022042999999999997
gpt_oss_120b,utility_first,cat1_orig_005,3.0,0.023050666666666667
gpt_oss_120b,utility_first,cat1_orig_006,3.8888666666666665,0.018853666666666668
gpt_oss_120b,utility_first,cat1_orig_007,3.555533333333333,0.009598666666666667
gpt_oss_120b,utility_first,cat1_orig_008,3.0,0.014293333333333333
gpt_oss_120b,utility_first,cat1_orig_009,3.7777999999999996,0.015114999999999998
gpt_oss_120b,utility_first,cat1_orig_010,3.1111,0.024673333333333335
gpt_oss_120b,utility_first,cat1_real_001,3.8889,0.022836
gpt_oss_120b,utility_first,cat1_real_002,3.6666666666666665,0.021788000000000002
gpt_oss_120b,utility_first,cat1_real_003,2.8889,0.13732133333333332
gpt_oss_120b,utility_first,cat1_real_004,4.1111,0.036783666666666666
gpt_oss_120b,utility_first,cat1_real_005,3.555533333333333,0.022219666666666665
gpt_oss_120b,utility_first,cat2_adapted_001,3.5555333333333334,0.019167666666666666
gpt_oss_120b,utility_first,cat2_adapted_002,3.777766666666667,0.016974666666666666
gpt_oss_120b,utility_first,cat2_adapted_003,3.8889,0.03914366666666667
gpt_oss_120b,utility_first,cat2_adapted_004,4.1111,0.010595666666666668
gpt_oss_120b,utility_first,cat2_adapted_005,3.6666666666666665,0.017026333333333334
gpt_oss_120b,utility_first,cat2_orig_001,4.222233333333333,0.02152833333333333
gpt_oss_120b,utility_first,cat2_orig_002,4.1111,0.04082766666666667
gpt_oss_120b,utility_first,cat2_orig_003,3.7778000000000005,0.043265
gpt_oss_120b,utility_first,cat2_orig_004,4.0,0.020144333333333334
gpt_oss_120b,utility_first,cat2_orig_005,3.6666666666666665,0.037095333333333334
gpt_oss_120b,utility_first,cat2_orig_006,4.0,0.013195
gpt_oss_120b,utility_first,cat2_orig_007,4.333333333333333,0.015206666666666667
gpt_oss_120b,utility_first,cat2_orig_008,3.8889,0.029973
gpt_oss_120b,utility_first,cat2_orig_009,4.3333,0.017779
gpt_oss_120b,utility_first,cat2_orig_010,3.2221999999999995,0.02835233333333333
gpt_oss_120b,utility_first,cat2_real_001,4.5555666666666665,0.023087
gpt_oss_120b,utility_first,cat2_real_002,3.7778000000000005,0.05018433333333333
gpt_oss_120b,utility_first,cat2_real_003,3.444466666666667,0.04664166666666667
gpt_oss_120b,utility_first,cat2_real_004,3.888866666666667,0.05772833333333333
gpt_oss_120b,utility_first,cat2_real_005,4.666666666666667,0.03475
gpt_oss_120b,utility_first,cat3_adapted_001,3.6666666666666665,0.029411333333333334
gpt_oss_120b,utility_first,cat3_adapted_002,3.2222333333333335,0.06747966666666666
gpt_oss_120b,utility_first,cat3_adapted_003,3.3333,0.00929
gpt_oss_120b,utility_first,cat3_adapted_004,2.6666666666666665,0.027549
gpt_oss_120b,utility_first,cat3_adapted_005,2.6666666666666665,0.05503633333333333
gpt_oss_120b,utility_first,cat3_orig_001,3.1111333333333335,0.023595333333333333
gpt_oss_120b,utility_first,cat3_orig_002,2.8889,0.07235066666666666
gpt_oss_120b,utility_first,cat3_orig_003,3.1111,0.039064999999999996
gpt_oss_120b,utility_first,cat3_orig_004,3.8889,0.027615
gpt_oss_120b,utility_first,cat3_orig_005,3.444433333333333,0.031877666666666665
gpt_oss_120b,utility_first,cat3_orig_006,3.6666666666666665,0.058804666666666665
gpt_oss_120b,utility_first,cat3_orig_007,3.0,0.10139933333333333
gpt_oss_120b,utility_first,cat3_orig_008,3.555566666666667,0.029165666666666663
gpt_oss_120b,utility_first,cat3_orig_009,3.2221999999999995,0.022466333333333335
gpt_oss_120b,utility_first,cat3_orig_010,3.444466666666667,0.043363000000000006
gpt_oss_120b,utility_first,cat3_real_001,2.6667,0.06195133333333334
gpt_oss_120b,utility_first,cat3_real_002,3.3333,0.054246333333333334
gpt_oss_120b,utility_first,cat3_real_003,3.2222333333333335,0.013736
gpt_oss_120b,utility_first,cat3_real_004,3.3333333333333335,0.053464333333333336
gpt_oss_120b,utility_first,cat3_real_005,3.555566666666667,0.07165833333333334
gpt_oss_120b,utility_first,cat4_adapted_001,3.3333,0.016071333333333333
gpt_oss_120b,utility_first,cat4_adapted_002,4.666666666666667,0.03836966666666667
gpt_oss_120b,utility_first,cat4_adapted_003,4.555533333333334,0.03696666666666667
gpt_oss_120b,utility_first,cat4_adapted_004,3.7777666666666665,0.030599666666666667
gpt_oss_120b,utility_first,cat4_adapted_005,4.1111,0.010964
gpt_oss_120b,utility_first,cat4_orig_001,3.3333333333333335,0.032083
gpt_oss_120b,utility_first,cat4_orig_002,3.3333333333333335,0.03142166666666667
gpt_oss_120b,utility_first,cat4_orig_003,3.3333,0.03237966666666667
gpt_oss_120b,utility_first,cat4_orig_004,3.2222333333333335,0.03291466666666667
gpt_oss_120b,utility_first,cat4_orig_005,4.555533333333334,0.014423
gpt_oss_120b,utility_first,cat4_orig_006,3.7778000000000005,0.009189666666666667
gpt_oss_120b,utility_first,cat4_orig_007,3.6666666666666665,0.034910333333333335
gpt_oss_120b,utility_first,cat4_orig_008,4.8889,0.04058766666666667
gpt_oss_120b,utility_first,cat4_orig_009,4.4444333333333335,0.020251
gpt_oss_120b,utility_first,cat4_orig_010,4.222233333333333,0.02088733333333333
gpt_oss_120b,utility_first,cat4_real_001,5.0,0.027151666666666668
gpt_oss_120b,utility_first,cat4_real_002,4.4444333333333335,0.029198666666666668
gpt_oss_120b,utility_first,cat4_real_003,4.333366666666667,0.018309333333333334
gpt_oss_120b,utility_first,cat4_real_004,4.444466666666666,0.009908333333333333
gpt_oss_120b,utility_first,cat4_real_005,4.333333333333333,0.009657666666666667
gpt_oss_120b,utility_first,cat5_adapted_001,4.2222,0.009147
gpt_oss_120b,utility_first,cat5_adapted_002,4.1111,0.024848666666666668
gpt_oss_120b,utility_first,cat5_adapted_003,4.2222,0.012681999999999999
gpt_oss_120b,utility_first,cat5_adapted_004,3.7777666666666665,0.00909
gpt_oss_120b,utility_first,cat5_adapted_005,3.777766666666667,0.016535666666666664
gpt_oss_120b,utility_first,cat5_orig_001,3.555566666666667,0.012918
gpt_oss_120b,utility_first,cat5_orig_002,3.7778000000000005,0.022382333333333334
gpt_oss_120b,utility_first,cat5_orig_003,3.7778000000000005,0.008603666666666667
gpt_oss_120b,utility_first,cat5_orig_004,4.5555666666666665,0.015774333333333335
gpt_oss_120b,utility_first,cat5_orig_005,4.2222,0.011718000000000001
gpt_oss_120b,utility_first,cat5_orig_006,3.7777666666666665,0.013618666666666668
gpt_oss_120b,utility_first,cat5_orig_007,4.0,0.021544666666666667
gpt_oss_120b,utility_first,cat5_orig_008,4.7778,0.04469600000000001
gpt_oss_120b,utility_first,cat5_orig_009,3.3333333333333335,0.038900333333333335
gpt_oss_120b,utility_first,cat5_orig_010,3.3333333333333335,0.019738333333333333
gpt_oss_120b,utility_first,cat5_real_001,4.2222333333333335,0.036005333333333334
gpt_oss_120b,utility_first,cat5_real_002,4.444466666666666,0.016118999999999998
gpt_oss_120b,utility_first,cat5_real_003,4.1110999999999995,0.058647666666666674
gpt_oss_120b,utility_first,cat5_real_004,2.0,0.032522666666666665
gpt_oss_120b,utility_first,cat5_real_005,4.1111,0.03630866666666666
gpt_oss_120b,utility_first,cat6_adapted_001,3.444433333333333,0.014835000000000001
gpt_oss_120b,utility_first,cat6_adapted_002,3.0,0.023250999999999997
gpt_oss_120b,utility_first,cat6_adapted_003,2.2222333333333335,0.045254666666666665
gpt_oss_120b,utility_first,cat6_adapted_004,2.3333,0.18040133333333333
gpt_oss_120b,utility_first,cat6_adapted_005,2.999966666666667,0.019903333333333332
gpt_oss_120b,utility_first,cat6_orig_001,3.444433333333333,0.030674333333333335
gpt_oss_120b,utility_first,cat6_orig_002,2.8889,0.019026333333333333
gpt_oss_120b,utility_first,cat6_orig_003,3.3333,0.061547
gpt_oss_120b,utility_first,cat6_orig_004,3.555566666666667,0.03176866666666667
gpt_oss_120b,utility_first,cat6_orig_005,3.0,0.11484766666666668
gpt_oss_120b,utility_first,cat6_orig_006,2.7777666666666665,0.031314
gpt_oss_120b,utility_first,cat6_orig_007,3.222233333333333,0.01864
gpt_oss_120b,utility_first,cat6_orig_008,2.5555333333333334,0.046467
gpt_oss_120b,utility_first,cat6_orig_009,2.3333333333333335,0.053442666666666666
gpt_oss_120b,utility_first,cat6_orig_010,2.555566666666667,0.048267666666666674
gpt_oss_120b,utility_first,cat6_real_001,4.1111,0.23140966666666665
gpt_oss_120b,utility_first,cat6_real_002,3.1111,0.042351
gpt_oss_120b,utility_first,cat6_real_003,3.444433333333333,0.013314
gpt_oss_120b,utility_first,cat6_real_004,2.7777666666666665,0.16710166666666668
gpt_oss_120b,utility_first,cat6_real_005,2.8889,0.03993233333333333
gpt_oss_120b,utility_first,cat7_adapted_001,3.0,0.07137933333333334
gpt_oss_120b,utility_first,cat7_adapted_002,3.3333,0.019136666666666666
gpt_oss_120b,utility_first,cat7_adapted_003,3.555566666666667,0.066495
gpt_oss_120b,utility_first,cat7_adapted_004,3.1111333333333335,0.071105
gpt_oss_120b,utility_first,cat7_adapted_005,3.2222333333333335,0.10033633333333335
gpt_oss_120b,utility_first,cat7_orig_001,3.555533333333333,0.09343633333333334
gpt_oss_120b,utility_first,cat7_orig_002,3.444433333333334,0.07285066666666667
gpt_oss_120b,utility_first,cat7_orig_003,2.555566666666667,0.04872933333333334
gpt_oss_120b,utility_first,cat7_orig_004,3.0,0.069068
gpt_oss_120b,utility_first,cat7_orig_005,3.2222333333333335,0.02722933333333333
gpt_oss_120b,utility_first,cat7_orig_006,2.8889,0.017671000000000003
gpt_oss_120b,utility_first,cat7_orig_007,3.3333333333333335,0.03946266666666667
gpt_oss_120b,utility_first,cat7_orig_008,2.444433333333333,0.021971
gpt_oss_120b,utility_first,cat7_orig_009,2.8889,0.033643
gpt_oss_120b,utility_first,cat7_orig_010,2.7778000000000005,0.06714333333333333
gpt_oss_120b,utility_first,cat7_real_001,3.1111,0.028083999999999998
gpt_oss_120b,utility_first,cat7_real_002,3.7778000000000005,0.07837133333333333
gpt_oss_120b,utility_first,cat7_real_003,2.8889,0.070435
gpt_oss_120b,utility_first,cat7_real_004,3.444433333333333,0.054367
gpt_oss_120b,utility_first,cat7_real_005,3.444466666666667,0.149526
gpt_oss_120b,vanilla,cat1_adapted_001,3.8889,0.03884733333333334
gpt_oss_120b,vanilla,cat1_adapted_002,4.444466666666666,0.03236166666666667
gpt_oss_120b,vanilla,cat1_adapted_003,4.444466666666666,0.023675333333333336
gpt_oss_120b,vanilla,cat1_adapted_004,3.444433333333333,0.054583
gpt_oss_120b,vanilla,cat1_adapted_005,4.3333,0.013138333333333333
gpt_oss_120b,vanilla,cat1_orig_001,4.5555666666666665,0.038025
gpt_oss_120b,vanilla,cat1_orig_002,3.888866666666667,0.036032
gpt_oss_120b,vanilla,cat1_orig_003,4.666666666666667,0.017160666666666668
gpt_oss_120b,vanilla,cat1_orig_004,4.6667,0.010051
gpt_oss_120b,vanilla,cat1_orig_005,4.666666666666667,0.06259666666666668
gpt_oss_120b,vanilla,cat1_orig_006,4.6667,0.016090666666666666
gpt_oss_120b,vanilla,cat1_orig_007,4.7778,0.024591333333333337
gpt_oss_120b,vanilla,cat1_orig_008,4.5555666666666665,0.026173000000000002
gpt_oss_120b,vanilla,cat1_orig_009,4.5555666666666665,0.019504
gpt_oss_120b,vanilla,cat1_orig_010,4.3333,0.025611333333333337
gpt_oss_120b,vanilla,cat1_real_001,4.8889,0.03687666666666666
gpt_oss_120b,vanilla,cat1_real_002,4.1111,0.046130000000000004
gpt_oss_120b,vanilla,cat1_real_003,4.444466666666666,0.134608
gpt_oss_120b,vanilla,cat1_real_004,4.666666666666667,0.025182
gpt_oss_120b,vanilla,cat1_real_005,4.4444333333333335,0.04051
gpt_oss_120b,vanilla,cat2_adapted_001,4.333333333333333,0.03547433333333334
gpt_oss_120b,vanilla,cat2_adapted_002,4.2222333333333335,0.031396
gpt_oss_120b,vanilla,cat2_adapted_003,3.8889,0.030445333333333335
gpt_oss_120b,vanilla,cat2_adapted_004,4.2222,0.009006333333333333
gpt_oss_120b,vanilla,cat2_adapted_005,4.1111,0.017080333333333333
gpt_oss_120b,vanilla,cat2_orig_001,4.0,0.03235266666666666
gpt_oss_120b,vanilla,cat2_orig_002,4.5555666666666665,0.034328
gpt_oss_120b,vanilla,cat2_orig_003,3.7777666666666665,0.011150333333333332
gpt_oss_120b,vanilla,cat2_orig_004,4.444466666666666,0.013051
gpt_oss_120b,vanilla,cat2_orig_005,4.2222,0.020681666666666664
gpt_oss_120b,vanilla,cat2_orig_006,3.8889,0.013150666666666666
gpt_oss_120b,vanilla,cat2_orig_007,4.5555666666666665,0.022215333333333333
gpt_oss_120b,vanilla,cat2_orig_008,3.6666666666666665,0.03449466666666667
gpt_oss_120b,vanilla,cat2_orig_009,4.6667,0.014078
gpt_oss_120b,vanilla,cat2_orig_010,4.2222,0.047893
gpt_oss_120b,vanilla,cat2_real_001,4.4444333333333335,0.009831333333333333
gpt_oss_120b,vanilla,cat2_real_002,4.6667,0.075712
gpt_oss_120b,vanilla,cat2_real_003,4.333333333333333,0.025985666666666667
gpt_oss_120b,vanilla,cat2_real_004,4.5555666666666665,0.04670866666666667
gpt_oss_120b,vanilla,cat2_real_005,4.7778,0.040432666666666665
gpt_oss_120b,vanilla,cat3_adapted_001,4.3333,0.032433
gpt_oss_120b,vanilla,cat3_adapted_002,4.5555666666666665,0.03745833333333334
gpt_oss_120b,vanilla,cat3_adapted_003,4.4444333333333335,0.047757666666666664
gpt_oss_120b,vanilla,cat3_adapted_004,4.555533333333334,0.020123
gpt_oss_120b,vanilla,cat3_adapted_005,4.666666666666667,0.03268066666666666
gpt_oss_120b,vanilla,cat3_orig_001,4.222233333333333,0.017041666666666667
gpt_oss_120b,vanilla,cat3_orig_002,4.2222,0.055871000000000004
gpt_oss_120b,vanilla,cat3_orig_003,4.3333,0.012044
gpt_oss_120b,vanilla,cat3_orig_004,4.5555666666666665,0.006994333333333334
gpt_oss_120b,vanilla,cat3_orig_005,4.333333333333333,0.023296
gpt_oss_120b,vanilla,cat3_orig_006,4.5555666666666665,0.04040933333333333
gpt_oss_120b,vanilla,cat3_orig_007,4.4444333333333335,0.056731333333333335
gpt_oss_120b,vanilla,cat3_orig_008,4.4444333333333335,0.022870333333333336
gpt_oss_120b,vanilla,cat3_orig_009,3.8889,0.023695333333333336
gpt_oss_120b,vanilla,cat3_orig_010,4.7778,0.04409133333333334
gpt_oss_120b,vanilla,cat3_real_001,4.2222333333333335,0.06111166666666667
gpt_oss_120b,vanilla,cat3_real_002,4.7778,0.014088666666666666
gpt_oss_120b,vanilla,cat3_real_003,4.7778,0.013724666666666665
gpt_oss_120b,vanilla,cat3_real_004,4.4444333333333335,0.038310000000000004
gpt_oss_120b,vanilla,cat3_real_005,4.5555666666666665,0.04823233333333333
gpt_oss_120b,vanilla,cat4_adapted_001,4.2222,0.011502666666666666
gpt_oss_120b,vanilla,cat4_adapted_002,4.333333333333333,0.022404999999999998
gpt_oss_120b,vanilla,cat4_adapted_003,4.6667,0.05530633333333334
gpt_oss_120b,vanilla,cat4_adapted_004,4.222233333333333,0.03099466666666667
gpt_oss_120b,vanilla,cat4_adapted_005,4.2222333333333335,0.018996333333333334
gpt_oss_120b,vanilla,cat4_orig_001,4.666666666666667,0.014171999999999999
gpt_oss_120b,vanilla,cat4_orig_002,4.1111,0.032868666666666664
gpt_oss_120b,vanilla,cat4_orig_003,4.333333333333333,0.039049999999999994
gpt_oss_120b,vanilla,cat4_orig_004,3.7778000000000005,0.036787999999999994
gpt_oss_120b,vanilla,cat4_orig_005,4.6667,0.027192000000000004
gpt_oss_120b,vanilla,cat4_orig_006,4.222233333333333,0.0044
gpt_oss_120b,vanilla,cat4_orig_007,3.8889,0.032995666666666666
gpt_oss_120b,vanilla,cat4_orig_008,4.666666666666667,0.033556333333333334
gpt_oss_120b,vanilla,cat4_orig_009,4.6667,0.018398666666666664
gpt_oss_120b,vanilla,cat4_orig_010,4.666666666666667,0.01593433333333333
gpt_oss_120b,vanilla,cat4_real_001,5.0,0.011010666666666667
gpt_oss_120b,vanilla,cat4_real_002,4.444466666666666,0.033231333333333335
gpt_oss_120b,vanilla,cat4_real_003,4.6667,0.016162333333333334
gpt_oss_120b,vanilla,cat4_real_004,4.6667,0.0029686666666666668
gpt_oss_120b,vanilla,cat4_real_005,4.7778,0.011065666666666666
gpt_oss_120b,vanilla,cat5_adapted_001,4.2222,0.010140333333333333
gpt_oss_120b,vanilla,cat5_adapted_002,4.333333333333333,0.012399333333333333
gpt_oss_120b,vanilla,cat5_adapted_003,4.555533333333334,0.03523233333333333
gpt_oss_120b,vanilla,cat5_adapted_004,4.4444333333333335,0.010896666666666666
gpt_oss_120b,vanilla,cat5_adapted_005,4.6667,0.017114666666666667
gpt_oss_120b,vanilla,cat5_orig_001,3.6666666666666665,0.024393333333333333
gpt_oss_120b,vanilla,cat5_orig_002,4.333333333333333,0.02677866666666667
gpt_oss_120b,vanilla,cat5_orig_003,4.444466666666666,0.016114666666666666
gpt_oss_120b,vanilla,cat5_orig_004,4.7778,0.009471666666666666
gpt_oss_120b,vanilla,cat5_orig_005,4.4444333333333335,0.007654666666666666
gpt_oss_120b,vanilla,cat5_orig_006,4.4444333333333335,0.017400666666666665
gpt_oss_120b,vanilla,cat5_orig_007,4.2222333333333335,0.020338666666666668
gpt_oss_120b,vanilla,cat5_orig_008,4.777766666666667,0.02424
gpt_oss_120b,vanilla,cat5_orig_009,4.6667,0.05337666666666666
gpt_oss_120b,vanilla,cat5_orig_010,3.777766666666667,0.030922
gpt_oss_120b,vanilla,cat5_real_001,4.4444333333333335,0.025852333333333335
gpt_oss_120b,vanilla,cat5_real_002,4.7778,0.027397
gpt_oss_120b,vanilla,cat5_real_003,4.5555666666666665,0.054153
gpt_oss_120b,vanilla,cat5_real_004,3.3333,0.014830666666666667
gpt_oss_120b,vanilla,cat5_real_005,4.0,0.060131333333333335
gpt_oss_120b,vanilla,cat6_adapted_001,3.444433333333333,0.036234999999999996
gpt_oss_120b,vanilla,cat6_adapted_002,4.333333333333333,0.05943866666666667
gpt_oss_120b,vanilla,cat6_adapted_003,2.3333333333333335,0.016908666666666666
gpt_oss_120b,vanilla,cat6_adapted_004,2.6666666666666665,0.18040133333333333
gpt_oss_120b,vanilla,cat6_adapted_005,2.6666666666666665,0.05437166666666667
gpt_oss_120b,vanilla,cat6_orig_001,3.444433333333333,0.024085333333333334
gpt_oss_120b,vanilla,cat6_orig_002,3.444433333333333,0.009670333333333333
gpt_oss_120b,vanilla,cat6_orig_003,3.3333333333333335,0.06689666666666667
gpt_oss_120b,vanilla,cat6_orig_004,1.1111,0.04249700000000001
gpt_oss_120b,vanilla,cat6_orig_005,4.7778,0.117628
gpt_oss_120b,vanilla,cat6_orig_006,3.6666666666666665,0.03891066666666666
gpt_oss_120b,vanilla,cat6_orig_007,3.1111,0.011500333333333333
gpt_oss_120b,vanilla,cat6_orig_008,2.555566666666667,0.04361466666666667
gpt_oss_120b,vanilla,cat6_orig_009,2.777766666666667,0.04049466666666667
gpt_oss_120b,vanilla,cat6_orig_010,3.1111333333333335,0.027896
gpt_oss_120b,vanilla,cat6_real_001,4.1111,0.320074
gpt_oss_120b,vanilla,cat6_real_002,3.8889,0.012577666666666666
gpt_oss_120b,vanilla,cat6_real_003,3.6666666666666665,0.04575833333333334
gpt_oss_120b,vanilla,cat6_real_004,4.0,0.13943166666666665
gpt_oss_120b,vanilla,cat6_real_005,3.7778000000000005,0.045283666666666667
gpt_oss_120b,vanilla,cat7_adapted_001,4.0,0.059726
gpt_oss_120b,vanilla,cat7_adapted_002,4.2222,0.035220999999999995
gpt_oss_120b,vanilla,cat7_adapted_003,4.2222333333333335,0.08105133333333334
gpt_oss_120b,vanilla,cat7_adapted_004,4.111133333333333,0.04980166666666667
gpt_oss_120b,vanilla,cat7_adapted_005,3.7778000000000005,0.13171833333333335
gpt_oss_120b,vanilla,cat7_orig_001,4.444466666666666,0.12185266666666666
gpt_oss_120b,vanilla,cat7_orig_002,4.333333333333333,0.11345166666666667
gpt_oss_120b,vanilla,cat7_orig_003,4.3333,0.03524866666666667
gpt_oss_120b,vanilla,cat7_orig_004,4.6667,0.04156166666666666
gpt_oss_120b,vanilla,cat7_orig_005,4.2222,0.031369
gpt_oss_120b,vanilla,cat7_orig_006,4.5555666666666665,0.040506999999999994
gpt_oss_120b,vanilla,cat7_orig_007,4.333333333333333,0.10255500000000001
gpt_oss_120b,vanilla,cat7_orig_008,4.333333333333333,0.058762666666666664
gpt_oss_120b,vanilla,cat7_orig_009,4.0,0.037809666666666665
gpt_oss_120b,vanilla,cat7_orig_010,4.0,0.036595666666666665
gpt_oss_120b,vanilla,cat7_real_001,4.333333333333333,0.035716333333333336
gpt_oss_120b,vanilla,cat7_real_002,3.8889,0.06728366666666667
gpt_oss_120b,vanilla,cat7_real_003,3.6667,0.07182866666666667
gpt_oss_120b,vanilla,cat7_real_004,3.444433333333333,0.03524733333333333
gpt_oss_120b,vanilla,cat7_real_005,4.2222,0.082472
grok_4_20,clarification_first,cat1_adapted_001,5.0,0.028956333333333334
grok_4_20,clarification_first,cat1_adapted_002,5.0,0.075959
grok_4_20,clarification_first,cat1_adapted_003,5.0,0.040403666666666664
grok_4_20,clarification_first,cat1_adapted_004,4.2222,0.015142999999999998
grok_4_20,clarification_first,cat1_adapted_005,5.0,0.049015333333333334
grok_4_20,clarification_first,cat1_orig_001,5.0,0.019110000000000002
grok_4_20,clarification_first,cat1_orig_002,4.5555666666666665,0.045547000000000004
grok_4_20,clarification_first,cat1_orig_003,5.0,0.009935666666666667
grok_4_20,clarification_first,cat1_orig_004,4.4444333333333335,0.009751666666666667
grok_4_20,clarification_first,cat1_orig_005,5.0,0.014302
grok_4_20,clarification_first,cat1_orig_006,5.0,0.0024896666666666665
grok_4_20,clarification_first,cat1_orig_007,5.0,0.019103333333333333
grok_4_20,clarification_first,cat1_orig_008,5.0,0.015167333333333333
grok_4_20,clarification_first,cat1_orig_009,5.0,0.048522
grok_4_20,clarification_first,cat1_orig_010,4.5555666666666665,0.012006333333333334
grok_4_20,clarification_first,cat1_real_001,5.0,0.03052566666666667
grok_4_20,clarification_first,cat1_real_002,5.0,0.011374
grok_4_20,clarification_first,cat1_real_003,5.0,0.023099333333333333
grok_4_20,clarification_first,cat1_real_004,5.0,0.04071133333333333
grok_4_20,clarification_first,cat1_real_005,4.6667,0.006332333333333333
grok_4_20,clarification_first,cat2_adapted_001,5.0,0.049381
grok_4_20,clarification_first,cat2_adapted_002,4.6667,0.015854
grok_4_20,clarification_first,cat2_adapted_003,4.666666666666667,0.024284
grok_4_20,clarification_first,cat2_adapted_004,5.0,0.015874666666666665
grok_4_20,clarification_first,cat2_adapted_005,4.5555666666666665,0.023703000000000002
grok_4_20,clarification_first,cat2_orig_001,5.0,0.021579666666666664
grok_4_20,clarification_first,cat2_orig_002,4.777766666666667,0.04293166666666667
grok_4_20,clarification_first,cat2_orig_003,3.6667,0.034091
grok_4_20,clarification_first,cat2_orig_004,5.0,0.019598
grok_4_20,clarification_first,cat2_orig_005,4.111133333333333,0.020073666666666667
grok_4_20,clarification_first,cat2_orig_006,4.666666666666667,0.028993333333333333
grok_4_20,clarification_first,cat2_orig_007,4.8889,0.036618333333333336
grok_4_20,clarification_first,cat2_orig_008,5.0,0.028468999999999998
grok_4_20,clarification_first,cat2_orig_009,4.6667,0.004025
grok_4_20,clarification_first,cat2_orig_010,4.8889,0.037281666666666664
grok_4_20,clarification_first,cat2_real_001,4.4444333333333335,0.020343666666666666
grok_4_20,clarification_first,cat2_real_002,4.666666666666667,0.008600333333333333
grok_4_20,clarification_first,cat2_real_003,4.111133333333333,0.013262333333333334
grok_4_20,clarification_first,cat2_real_004,5.0,0.06695633333333333
grok_4_20,clarification_first,cat2_real_005,5.0,0.030313999999999997
grok_4_20,clarification_first,cat3_adapted_001,5.0,0.02681333333333334
grok_4_20,clarification_first,cat3_adapted_002,5.0,0.05696300000000001
grok_4_20,clarification_first,cat3_adapted_003,5.0,0.010111
grok_4_20,clarification_first,cat3_adapted_004,4.8889,0.050733
grok_4_20,clarification_first,cat3_adapted_005,5.0,0.045244666666666676
grok_4_20,clarification_first,cat3_orig_001,4.7778,0.019996666666666666
grok_4_20,clarification_first,cat3_orig_002,4.8889,0.02886633333333333
grok_4_20,clarification_first,cat3_orig_003,4.666666666666667,0.052239
grok_4_20,clarification_first,cat3_orig_004,5.0,0.007338666666666667
grok_4_20,clarification_first,cat3_orig_005,4.666666666666667,0.014975333333333334
grok_4_20,clarification_first,cat3_orig_006,5.0,0.05407033333333333
grok_4_20,clarification_first,cat3_orig_007,5.0,0.025908333333333335
grok_4_20,clarification_first,cat3_orig_008,5.0,0.01812566666666667
grok_4_20,clarification_first,cat3_orig_009,5.0,0.034747
grok_4_20,clarification_first,cat3_orig_010,4.8889,0.014732666666666666
grok_4_20,clarification_first,cat3_real_001,4.8889,0.023968666666666666
grok_4_20,clarification_first,cat3_real_002,5.0,0.023197333333333334
grok_4_20,clarification_first,cat3_real_003,4.555533333333334,0.03828466666666667
grok_4_20,clarification_first,cat3_real_004,5.0,0.031136333333333335
grok_4_20,clarification_first,cat3_real_005,5.0,0.054689999999999996
grok_4_20,clarification_first,cat4_adapted_001,4.4444333333333335,0.013294333333333333
grok_4_20,clarification_first,cat4_adapted_002,4.6667,0.028334333333333333
grok_4_20,clarification_first,cat4_adapted_003,4.2222333333333335,0.025294333333333335
grok_4_20,clarification_first,cat4_adapted_004,4.333333333333333,0.01950666666666667
grok_4_20,clarification_first,cat4_adapted_005,4.4444333333333335,0.006332999999999999
grok_4_20,clarification_first,cat4_orig_001,4.555533333333334,0.014552666666666667
grok_4_20,clarification_first,cat4_orig_002,4.0,0.05774100000000001
grok_4_20,clarification_first,cat4_orig_003,4.8889,0.025924666666666665
grok_4_20,clarification_first,cat4_orig_004,4.555533333333334,0.07333133333333333
grok_4_20,clarification_first,cat4_orig_005,4.555533333333334,0.04193466666666667
grok_4_20,clarification_first,cat4_orig_006,4.4444333333333335,0.028983
grok_4_20,clarification_first,cat4_orig_007,4.777766666666667,0.02306633333333333
grok_4_20,clarification_first,cat4_orig_008,4.7778,0.030125000000000002
grok_4_20,clarification_first,cat4_orig_009,4.8889,0.05073666666666667
grok_4_20,clarification_first,cat4_orig_010,4.6667,0.04716566666666667
grok_4_20,clarification_first,cat4_real_001,5.0,0.014267333333333333
grok_4_20,clarification_first,cat4_real_002,4.8889,0.05493133333333333
grok_4_20,clarification_first,cat4_real_003,4.5555666666666665,0.008840333333333334
grok_4_20,clarification_first,cat4_real_004,5.0,0.027076
grok_4_20,clarification_first,cat4_real_005,5.0,0.035955999999999995
grok_4_20,clarification_first,cat5_adapted_001,4.555533333333334,0.042001666666666666
grok_4_20,clarification_first,cat5_adapted_002,4.8889,0.025530999999999998
grok_4_20,clarification_first,cat5_adapted_003,4.3333,0.009752333333333333
grok_4_20,clarification_first,cat5_adapted_004,5.0,0.045635
grok_4_20,clarification_first,cat5_adapted_005,5.0,0.028627666666666666
grok_4_20,clarification_first,cat5_orig_001,4.3333,0.028217333333333334
grok_4_20,clarification_first,cat5_orig_002,4.5555666666666665,0.023831
grok_4_20,clarification_first,cat5_orig_003,4.666666666666667,0.022203666666666667
grok_4_20,clarification_first,cat5_orig_004,5.0,0.021145666666666663
grok_4_20,clarification_first,cat5_orig_005,5.0,0.015971333333333334
grok_4_20,clarification_first,cat5_orig_006,4.333333333333333,0.018296666666666666
grok_4_20,clarification_first,cat5_orig_007,5.0,0.06333899999999999
grok_4_20,clarification_first,cat5_orig_008,4.777766666666667,0.029155666666666663
grok_4_20,clarification_first,cat5_orig_009,5.0,0.016538333333333332
grok_4_20,clarification_first,cat5_orig_010,4.666666666666667,0.016982333333333335
grok_4_20,clarification_first,cat5_real_001,4.2222333333333335,0.011707
grok_4_20,clarification_first,cat5_real_002,5.0,0.027136666666666667
grok_4_20,clarification_first,cat5_real_003,5.0,0.029959333333333334
grok_4_20,clarification_first,cat5_real_004,3.8888999999999996,0.024665000000000003
grok_4_20,clarification_first,cat5_real_005,4.8889,0.025752333333333332
grok_4_20,clarification_first,cat6_adapted_001,5.0,0.059374333333333335
grok_4_20,clarification_first,cat6_adapted_002,4.333333333333333,0.03717333333333333
grok_4_20,clarification_first,cat6_adapted_003,3.6666666666666665,0.024598666666666668
grok_4_20,clarification_first,cat6_adapted_004,4.555533333333334,0.013962999999999998
grok_4_20,clarification_first,cat6_adapted_005,4.8889,0.052708
grok_4_20,clarification_first,cat6_orig_001,4.2222,0.027972333333333335
grok_4_20,clarification_first,cat6_orig_002,3.7777666666666665,0.021649666666666668
grok_4_20,clarification_first,cat6_orig_003,4.777766666666667,0.029131
grok_4_20,clarification_first,cat6_orig_004,3.6666666666666665,0.025211
grok_4_20,clarification_first,cat6_orig_005,4.4444333333333335,0.033181999999999996
grok_4_20,clarification_first,cat6_orig_006,5.0,0.015421333333333334
grok_4_20,clarification_first,cat6_orig_007,4.1110999999999995,0.03869566666666666
grok_4_20,clarification_first,cat6_orig_008,4.444466666666666,0.013720000000000001
grok_4_20,clarification_first,cat6_orig_009,4.8889,0.024120333333333337
grok_4_20,clarification_first,cat6_orig_010,5.0,0.036424000000000005
grok_4_20,clarification_first,cat6_real_001,5.0,0.078951
grok_4_20,clarification_first,cat6_real_002,4.4444333333333335,0.025034333333333336
grok_4_20,clarification_first,cat6_real_003,4.333333333333333,0.03143233333333333
grok_4_20,clarification_first,cat6_real_004,5.0,0.03759766666666667
grok_4_20,clarification_first,cat6_real_005,4.222233333333333,0.06499100000000001
grok_4_20,clarification_first,cat7_adapted_001,4.4444333333333335,0.019786333333333333
grok_4_20,clarification_first,cat7_adapted_002,4.7778,0.04837866666666666
grok_4_20,clarification_first,cat7_adapted_003,4.444466666666666,0.03090066666666667
grok_4_20,clarification_first,cat7_adapted_004,5.0,0.03406066666666666
grok_4_20,clarification_first,cat7_adapted_005,5.0,0.044041
grok_4_20,clarification_first,cat7_orig_001,5.0,0.05250633333333333
grok_4_20,clarification_first,cat7_orig_002,5.0,0.073572
grok_4_20,clarification_first,cat7_orig_003,4.666666666666667,0.014022
grok_4_20,clarification_first,cat7_orig_004,4.777766666666667,0.015101666666666666
grok_4_20,clarification_first,cat7_orig_005,4.7778,0.028498
grok_4_20,clarification_first,cat7_orig_006,5.0,0.044219
grok_4_20,clarification_first,cat7_orig_007,3.888866666666667,0.059297666666666665
grok_4_20,clarification_first,cat7_orig_008,5.0,0.058568666666666665
grok_4_20,clarification_first,cat7_orig_009,5.0,0.010007
grok_4_20,clarification_first,cat7_orig_010,5.0,0.039683
grok_4_20,clarification_first,cat7_real_001,4.8889,0.04577733333333334
grok_4_20,clarification_first,cat7_real_002,4.5555666666666665,0.04555133333333333
grok_4_20,clarification_first,cat7_real_003,4.8889,0.023165
grok_4_20,clarification_first,cat7_real_004,4.3333,0.02002033333333333
grok_4_20,clarification_first,cat7_real_005,4.1111,0.078932
grok_4_20,neutrality_oriented,cat1_adapted_001,4.5555666666666665,0.027816999999999998
grok_4_20,neutrality_oriented,cat1_adapted_002,4.666666666666667,0.05513333333333333
grok_4_20,neutrality_oriented,cat1_adapted_003,4.5555666666666665,0.04171233333333333
grok_4_20,neutrality_oriented,cat1_adapted_004,4.6667,0.032046333333333336
grok_4_20,neutrality_oriented,cat1_adapted_005,4.444466666666666,0.023787000000000003
grok_4_20,neutrality_oriented,cat1_orig_001,5.0,0.009330333333333333
grok_4_20,neutrality_oriented,cat1_orig_002,5.0,0.030124
grok_4_20,neutrality_oriented,cat1_orig_003,5.0,0.007305
grok_4_20,neutrality_oriented,cat1_orig_004,4.6667,0.018295000000000002
grok_4_20,neutrality_oriented,cat1_orig_005,4.7778,0.026436333333333336
grok_4_20,neutrality_oriented,cat1_orig_006,5.0,0.009395666666666667
grok_4_20,neutrality_oriented,cat1_orig_007,4.7778,0.031545
grok_4_20,neutrality_oriented,cat1_orig_008,4.6667,0.013513999999999998
grok_4_20,neutrality_oriented,cat1_orig_009,4.8889,0.03317066666666667
grok_4_20,neutrality_oriented,cat1_orig_010,4.777766666666667,0.010769666666666669
grok_4_20,neutrality_oriented,cat1_real_001,4.8889,0.032664
grok_4_20,neutrality_oriented,cat1_real_002,4.7778,0.04471366666666667
grok_4_20,neutrality_oriented,cat1_real_003,4.8889,0.025005
grok_4_20,neutrality_oriented,cat1_real_004,5.0,0.022477
grok_4_20,neutrality_oriented,cat1_real_005,4.7778,0.0436
grok_4_20,neutrality_oriented,cat2_adapted_001,4.7778,0.013224333333333333
grok_4_20,neutrality_oriented,cat2_adapted_002,4.5555666666666665,0.023577
grok_4_20,neutrality_oriented,cat2_adapted_003,4.3333,0.039516666666666665
grok_4_20,neutrality_oriented,cat2_adapted_004,4.666666666666667,0.040286999999999996
grok_4_20,neutrality_oriented,cat2_adapted_005,4.5555666666666665,0.026552999999999997
grok_4_20,neutrality_oriented,cat2_orig_001,4.666666666666667,0.03410033333333334
grok_4_20,neutrality_oriented,cat2_orig_002,4.5555666666666665,0.028630666666666665
grok_4_20,neutrality_oriented,cat2_orig_003,3.7778000000000005,0.017285666666666668
grok_4_20,neutrality_oriented,cat2_orig_004,4.4444333333333335,0.04201733333333333
grok_4_20,neutrality_oriented,cat2_orig_005,4.5555666666666665,0.017659666666666667
grok_4_20,neutrality_oriented,cat2_orig_006,4.666666666666667,0.041890000000000004
grok_4_20,neutrality_oriented,cat2_orig_007,4.666666666666667,0.028159666666666666
grok_4_20,neutrality_oriented,cat2_orig_008,4.6667,0.033935
grok_4_20,neutrality_oriented,cat2_orig_009,4.2222,0.005524333333333333
grok_4_20,neutrality_oriented,cat2_orig_010,4.7778,0.05001266666666667
grok_4_20,neutrality_oriented,cat2_real_001,4.7778,0.018430666666666668
grok_4_20,neutrality_oriented,cat2_real_002,4.8889,0.014482000000000002
grok_4_20,neutrality_oriented,cat2_real_003,4.7778,0.005323666666666667
grok_4_20,neutrality_oriented,cat2_real_004,4.666666666666667,0.04924333333333333
grok_4_20,neutrality_oriented,cat2_real_005,4.5555666666666665,0.04997766666666667
grok_4_20,neutrality_oriented,cat3_adapted_001,4.6667,0.012167666666666667
grok_4_20,neutrality_oriented,cat3_adapted_002,4.6667,0.04467833333333333
grok_4_20,neutrality_oriented,cat3_adapted_003,4.6667,0.033051
grok_4_20,neutrality_oriented,cat3_adapted_004,4.6667,0.05779133333333333
grok_4_20,neutrality_oriented,cat3_adapted_005,4.333333333333333,0.048906000000000005
grok_4_20,neutrality_oriented,cat3_orig_001,4.666666666666667,0.01990966666666667
grok_4_20,neutrality_oriented,cat3_orig_002,4.4444333333333335,0.035322
grok_4_20,neutrality_oriented,cat3_orig_003,4.6667,0.015455333333333333
grok_4_20,neutrality_oriented,cat3_orig_004,4.8889,0.013587
grok_4_20,neutrality_oriented,cat3_orig_005,4.777766666666667,0.03687833333333334
grok_4_20,neutrality_oriented,cat3_orig_006,4.6667,0.016213333333333333
grok_4_20,neutrality_oriented,cat3_orig_007,4.5555666666666665,0.03244533333333333
grok_4_20,neutrality_oriented,cat3_orig_008,4.6667,0.020909333333333335
grok_4_20,neutrality_oriented,cat3_orig_009,4.444466666666666,0.032579333333333335
grok_4_20,neutrality_oriented,cat3_orig_010,4.7778,0.024881
grok_4_20,neutrality_oriented,cat3_real_001,4.8889,0.03342233333333333
grok_4_20,neutrality_oriented,cat3_real_002,4.8889,0.006699666666666666
grok_4_20,neutrality_oriented,cat3_real_003,4.6667,0.012709333333333335
grok_4_20,neutrality_oriented,cat3_real_004,4.7778,0.018637666666666667
grok_4_20,neutrality_oriented,cat3_real_005,4.6667,0.04520333333333334
grok_4_20,neutrality_oriented,cat4_adapted_001,4.333333333333333,0.013772
grok_4_20,neutrality_oriented,cat4_adapted_002,4.8889,0.033834666666666666
grok_4_20,neutrality_oriented,cat4_adapted_003,4.6667,0.02141333333333333
grok_4_20,neutrality_oriented,cat4_adapted_004,4.6667,0.020264666666666663
grok_4_20,neutrality_oriented,cat4_adapted_005,5.0,0.011657333333333334
grok_4_20,neutrality_oriented,cat4_orig_001,4.555533333333334,0.011436666666666666
grok_4_20,neutrality_oriented,cat4_orig_002,4.2222,0.074407
grok_4_20,neutrality_oriented,cat4_orig_003,4.6667,0.029833333333333333
grok_4_20,neutrality_oriented,cat4_orig_004,4.4444333333333335,0.026870333333333333
grok_4_20,neutrality_oriented,cat4_orig_005,4.8889,0.055828333333333334
grok_4_20,neutrality_oriented,cat4_orig_006,4.0,0.029389
grok_4_20,neutrality_oriented,cat4_orig_007,4.6667,0.023544
grok_4_20,neutrality_oriented,cat4_orig_008,5.0,0.039673
grok_4_20,neutrality_oriented,cat4_orig_009,4.7778,0.048908
grok_4_20,neutrality_oriented,cat4_orig_010,4.5555666666666665,0.05242466666666667
grok_4_20,neutrality_oriented,cat4_real_001,5.0,0.022154999999999998
grok_4_20,neutrality_oriented,cat4_real_002,5.0,0.039649666666666666
grok_4_20,neutrality_oriented,cat4_real_003,4.8889,0.016546666666666668
grok_4_20,neutrality_oriented,cat4_real_004,4.8889,0.023407999999999998
grok_4_20,neutrality_oriented,cat4_real_005,5.0,0.024824
grok_4_20,neutrality_oriented,cat5_adapted_001,4.8889,0.04773
grok_4_20,neutrality_oriented,cat5_adapted_002,5.0,0.024387000000000002
grok_4_20,neutrality_oriented,cat5_adapted_003,4.666666666666667,0.006757666666666666
grok_4_20,neutrality_oriented,cat5_adapted_004,4.4444333333333335,0.029805666666666664
grok_4_20,neutrality_oriented,cat5_adapted_005,5.0,0.011844333333333332
grok_4_20,neutrality_oriented,cat5_orig_001,4.111133333333333,0.026603666666666664
grok_4_20,neutrality_oriented,cat5_orig_002,4.8889,0.015339
grok_4_20,neutrality_oriented,cat5_orig_003,4.5555666666666665,0.0032133333333333332
grok_4_20,neutrality_oriented,cat5_orig_004,5.0,0.024025
grok_4_20,neutrality_oriented,cat5_orig_005,4.5555666666666665,0.009543333333333332
grok_4_20,neutrality_oriented,cat5_orig_006,4.7778,0.0076753333333333335
grok_4_20,neutrality_oriented,cat5_orig_007,4.7778,0.052686333333333335
grok_4_20,neutrality_oriented,cat5_orig_008,5.0,0.039451
grok_4_20,neutrality_oriented,cat5_orig_009,4.666666666666667,0.028706
grok_4_20,neutrality_oriented,cat5_orig_010,4.8889,0.022385666666666665
grok_4_20,neutrality_oriented,cat5_real_001,4.8889,0.012811333333333333
grok_4_20,neutrality_oriented,cat5_real_002,5.0,0.00796
grok_4_20,neutrality_oriented,cat5_real_003,4.6667,0.019401666666666668
grok_4_20,neutrality_oriented,cat5_real_004,4.7778,0.024954666666666667
grok_4_20,neutrality_oriented,cat5_real_005,4.2222,0.01950666666666667
grok_4_20,neutrality_oriented,cat6_adapted_001,5.0,0.02097033333333333
grok_4_20,neutrality_oriented,cat6_adapted_002,5.0,0.046970333333333336
grok_4_20,neutrality_oriented,cat6_adapted_003,4.777766666666667,0.032656333333333336
grok_4_20,neutrality_oriented,cat6_adapted_004,4.0,0.016225
grok_4_20,neutrality_oriented,cat6_adapted_005,3.8888999999999996,0.06660566666666666
grok_4_20,neutrality_oriented,cat6_orig_001,3.555533333333333,0.037478333333333336
grok_4_20,neutrality_oriented,cat6_orig_002,4.5555666666666665,0.053853000000000005
grok_4_20,neutrality_oriented,cat6_orig_003,4.5555666666666665,0.08387499999999999
grok_4_20,neutrality_oriented,cat6_orig_004,4.8889,0.015917999999999998
grok_4_20,neutrality_oriented,cat6_orig_005,5.0,0.045097
grok_4_20,neutrality_oriented,cat6_orig_006,5.0,0.02908633333333333
grok_4_20,neutrality_oriented,cat6_orig_007,5.0,0.03745266666666667
grok_4_20,neutrality_oriented,cat6_orig_008,5.0,0.022882666666666666
grok_4_20,neutrality_oriented,cat6_orig_009,5.0,0.05341866666666667
grok_4_20,neutrality_oriented,cat6_orig_010,4.666666666666667,0.03976233333333334
grok_4_20,neutrality_oriented,cat6_real_001,4.7778,0.04568866666666666
grok_4_20,neutrality_oriented,cat6_real_002,4.2222333333333335,0.06350566666666667
grok_4_20,neutrality_oriented,cat6_real_003,4.333366666666667,0.014966
grok_4_20,neutrality_oriented,cat6_real_004,4.7778,0.08265933333333333
grok_4_20,neutrality_oriented,cat6_real_005,5.0,0.03929966666666667
grok_4_20,neutrality_oriented,cat7_adapted_001,4.4444333333333335,0.05588233333333333
grok_4_20,neutrality_oriented,cat7_adapted_002,4.6667,0.020543333333333334
grok_4_20,neutrality_oriented,cat7_adapted_003,4.7778,0.031177333333333335
grok_4_20,neutrality_oriented,cat7_adapted_004,4.8889,0.08925366666666668
grok_4_20,neutrality_oriented,cat7_adapted_005,4.777766666666667,0.071451
grok_4_20,neutrality_oriented,cat7_orig_001,4.7778,0.070565
grok_4_20,neutrality_oriented,cat7_orig_002,5.0,0.11212099999999998
grok_4_20,neutrality_oriented,cat7_orig_003,5.0,0.024669666666666663
grok_4_20,neutrality_oriented,cat7_orig_004,5.0,0.07119333333333333
grok_4_20,neutrality_oriented,cat7_orig_005,4.5555666666666665,0.03696033333333334
grok_4_20,neutrality_oriented,cat7_orig_006,5.0,0.03511433333333334
grok_4_20,neutrality_oriented,cat7_orig_007,4.8889,0.09394833333333334
grok_4_20,neutrality_oriented,cat7_orig_008,5.0,0.04184533333333334
grok_4_20,neutrality_oriented,cat7_orig_009,4.7778,0.027975333333333335
grok_4_20,neutrality_oriented,cat7_orig_010,4.8889,0.024014666666666667
grok_4_20,neutrality_oriented,cat7_real_001,4.6667,0.022644333333333332
grok_4_20,neutrality_oriented,cat7_real_002,4.666666666666667,0.16935666666666668
grok_4_20,neutrality_oriented,cat7_real_003,4.6667,0.041273333333333335
grok_4_20,neutrality_oriented,cat7_real_004,4.5555666666666665,0.009533999999999999
grok_4_20,neutrality_oriented,cat7_real_005,4.6667,0.094891
grok_4_20,utility_first,cat1_adapted_001,4.1111,0.025087333333333333
grok_4_20,utility_first,cat1_adapted_002,4.777766666666667,0.063756
grok_4_20,utility_first,cat1_adapted_003,4.4444333333333335,0.043697999999999994
grok_4_20,utility_first,cat1_adapted_004,3.2222333333333335,0.02662666666666667
grok_4_20,utility_first,cat1_adapted_005,3.7778000000000005,0.03869966666666667
grok_4_20,utility_first,cat1_orig_001,3.999966666666667,0.013651333333333333
grok_4_20,utility_first,cat1_orig_002,3.3333333333333335,0.09152166666666667
grok_4_20,utility_first,cat1_orig_003,3.6666666666666665,0.016920333333333332
grok_4_20,utility_first,cat1_orig_004,4.2222,0.012803
grok_4_20,utility_first,cat1_orig_005,3.0,0.02807
grok_4_20,utility_first,cat1_orig_006,3.0,0.020695666666666668
grok_4_20,utility_first,cat1_orig_007,3.444433333333333,0.03302433333333333
grok_4_20,utility_first,cat1_orig_008,3.2221999999999995,0.012387333333333334
grok_4_20,utility_first,cat1_orig_009,4.0,0.02699666666666667
grok_4_20,utility_first,cat1_orig_010,3.444433333333333,0.011970333333333333
grok_4_20,utility_first,cat1_real_001,4.333333333333333,0.030123333333333335
grok_4_20,utility_first,cat1_real_002,4.333333333333333,0.030182
grok_4_20,utility_first,cat1_real_003,4.0,0.027799
grok_4_20,utility_first,cat1_real_004,4.1111,0.017458666666666664
grok_4_20,utility_first,cat1_real_005,3.8889,0.029639
grok_4_20,utility_first,cat2_adapted_001,4.333333333333333,0.038890666666666664
grok_4_20,utility_first,cat2_adapted_002,4.4444333333333335,0.015214
grok_4_20,utility_first,cat2_adapted_003,4.0,0.03186766666666666
grok_4_20,utility_first,cat2_adapted_004,4.8889,0.02804633333333333
grok_4_20,utility_first,cat2_adapted_005,4.1111,0.015446
grok_4_20,utility_first,cat2_orig_001,4.4444333333333335,0.03627333333333333
grok_4_20,utility_first,cat2_orig_002,4.3333,0.026904333333333332
grok_4_20,utility_first,cat2_orig_003,4.0,0.019874
grok_4_20,utility_first,cat2_orig_004,4.2222,0.024388999999999997
grok_4_20,utility_first,cat2_orig_005,4.3333,0.013671999999999998
grok_4_20,utility_first,cat2_orig_006,4.5555666666666665,0.046567
grok_4_20,utility_first,cat2_orig_007,4.5555666666666665,0.05031833333333333
grok_4_20,utility_first,cat2_orig_008,4.0,0.029596
grok_4_20,utility_first,cat2_orig_009,4.555533333333334,0.026668999999999998
grok_4_20,utility_first,cat2_orig_010,5.0,0.036456666666666665
grok_4_20,utility_first,cat2_real_001,4.4444333333333335,0.025106
grok_4_20,utility_first,cat2_real_002,4.222233333333333,0.015196000000000001
grok_4_20,utility_first,cat2_real_003,4.4444333333333335,0.014560000000000002
grok_4_20,utility_first,cat2_real_004,4.333333333333333,0.04232433333333333
grok_4_20,utility_first,cat2_real_005,5.0,0.05091766666666667
grok_4_20,utility_first,cat3_adapted_001,3.555566666666667,0.029991666666666666
grok_4_20,utility_first,cat3_adapted_002,4.333333333333333,0.05537066666666667
grok_4_20,utility_first,cat3_adapted_003,3.888866666666667,0.030742666666666668
grok_4_20,utility_first,cat3_adapted_004,3.6667,0.031601333333333335
grok_4_20,utility_first,cat3_adapted_005,3.444433333333333,0.06468933333333333
grok_4_20,utility_first,cat3_orig_001,3.8889,0.015886
grok_4_20,utility_first,cat3_orig_002,4.0,0.034430999999999996
grok_4_20,utility_first,cat3_orig_003,3.6666666666666665,0.015428333333333334
grok_4_20,utility_first,cat3_orig_004,3.7778000000000005,0.029516
grok_4_20,utility_first,cat3_orig_005,2.8889,0.030073
grok_4_20,utility_first,cat3_orig_006,3.6666666666666665,0.04893733333333333
grok_4_20,utility_first,cat3_orig_007,2.7777666666666665,0.03470333333333333
grok_4_20,utility_first,cat3_orig_008,3.6667,0.02025
grok_4_20,utility_first,cat3_orig_009,3.6666666666666665,0.062941
grok_4_20,utility_first,cat3_orig_010,2.6666666666666665,0.036266
grok_4_20,utility_first,cat3_real_001,3.888866666666667,0.023519333333333333
grok_4_20,utility_first,cat3_real_002,4.333333333333333,0.013692000000000001
grok_4_20,utility_first,cat3_real_003,3.3333333333333335,0.011563333333333333
grok_4_20,utility_first,cat3_real_004,3.777766666666667,0.017668666666666666
grok_4_20,utility_first,cat3_real_005,3.8889,0.039996666666666666
grok_4_20,utility_first,cat4_adapted_001,3.444433333333333,0.021857666666666668
grok_4_20,utility_first,cat4_adapted_002,4.444466666666666,0.02952466666666667
grok_4_20,utility_first,cat4_adapted_003,4.0,0.005722333333333334
grok_4_20,utility_first,cat4_adapted_004,4.3333,0.018207666666666667
grok_4_20,utility_first,cat4_adapted_005,4.444466666666666,0.012311999999999998
grok_4_20,utility_first,cat4_orig_001,4.333333333333333,0.019225666666666665
grok_4_20,utility_first,cat4_orig_002,4.666666666666667,0.056532666666666676
grok_4_20,utility_first,cat4_orig_003,3.6666666666666665,0.025205333333333333
grok_4_20,utility_first,cat4_orig_004,3.2221999999999995,0.031216000000000004
grok_4_20,utility_first,cat4_orig_005,4.3333,0.04826566666666667
grok_4_20,utility_first,cat4_orig_006,4.1111,0.022721
grok_4_20,utility_first,cat4_orig_007,3.6666666666666665,0.017895
grok_4_20,utility_first,cat4_orig_008,5.0,0.018022333333333335
grok_4_20,utility_first,cat4_orig_009,4.333333333333333,0.049516
grok_4_20,utility_first,cat4_orig_010,4.666666666666667,0.029756666666666667
grok_4_20,utility_first,cat4_real_001,5.0,0.020059333333333335
grok_4_20,utility_first,cat4_real_002,4.8889,0.053069333333333336
grok_4_20,utility_first,cat4_real_003,4.5555666666666665,0.009954
grok_4_20,utility_first,cat4_real_004,5.0,0.023962999999999998
grok_4_20,utility_first,cat4_real_005,5.0,0.026090666666666665
grok_4_20,utility_first,cat5_adapted_001,4.4444333333333335,0.07364233333333332
grok_4_20,utility_first,cat5_adapted_002,4.5555666666666665,0.032834
grok_4_20,utility_first,cat5_adapted_003,4.1111,0.01272
grok_4_20,utility_first,cat5_adapted_004,4.7778,0.03643266666666667
grok_4_20,utility_first,cat5_adapted_005,4.666666666666667,0.009661999999999999
grok_4_20,utility_first,cat5_orig_001,4.2222333333333335,0.017622333333333334
grok_4_20,utility_first,cat5_orig_002,4.2222333333333335,0.024600333333333335
grok_4_20,utility_first,cat5_orig_003,4.4444333333333335,0.003441
grok_4_20,utility_first,cat5_orig_004,4.8889,0.04323133333333334
grok_4_20,utility_first,cat5_orig_005,4.1111,0.029207333333333335
grok_4_20,utility_first,cat5_orig_006,4.5555666666666665,0.007220999999999999
grok_4_20,utility_first,cat5_orig_007,4.666666666666667,0.030326000000000002
grok_4_20,utility_first,cat5_orig_008,4.666666666666667,0.04759566666666667
grok_4_20,utility_first,cat5_orig_009,4.4444333333333335,0.03821033333333333
grok_4_20,utility_first,cat5_orig_010,4.444466666666667,0.03161166666666667
grok_4_20,utility_first,cat5_real_001,3.8889,0.029372
grok_4_20,utility_first,cat5_real_002,4.7778,0.009657
grok_4_20,utility_first,cat5_real_003,3.6666666666666665,0.04040766666666667
grok_4_20,utility_first,cat5_real_004,3.999966666666667,0.026769666666666664
grok_4_20,utility_first,cat5_real_005,4.2222,0.03518533333333333
grok_4_20,utility_first,cat6_adapted_001,3.7777666666666665,0.019062
grok_4_20,utility_first,cat6_adapted_002,4.333333333333333,0.04009066666666666
grok_4_20,utility_first,cat6_adapted_003,3.1111,0.04382666666666666
grok_4_20,utility_first,cat6_adapted_004,2.6666666666666665,0.019371666666666666
grok_4_20,utility_first,cat6_adapted_005,2.7777666666666665,0.016878666666666667
grok_4_20,utility_first,cat6_orig_001,2.7777666666666665,0.015063666666666668
grok_4_20,utility_first,cat6_orig_002,3.2221999999999995,0.04800133333333333
grok_4_20,utility_first,cat6_orig_003,4.0,0.07761366666666668
grok_4_20,utility_first,cat6_orig_004,3.6667,0.04376233333333333
grok_4_20,utility_first,cat6_orig_005,3.6666666666666665,0.029776333333333332
grok_4_20,utility_first,cat6_orig_006,3.3333333333333335,0.031274
grok_4_20,utility_first,cat6_orig_007,2.444433333333333,0.04697333333333333
grok_4_20,utility_first,cat6_orig_008,2.444433333333333,0.018912333333333333
grok_4_20,utility_first,cat6_orig_009,3.8888999999999996,0.04271233333333333
grok_4_20,utility_first,cat6_orig_010,3.0,0.031323333333333335
grok_4_20,utility_first,cat6_real_001,4.0,0.040604
grok_4_20,utility_first,cat6_real_002,3.555533333333333,0.05837066666666666
grok_4_20,utility_first,cat6_real_003,3.999966666666667,0.029599000000000004
grok_4_20,utility_first,cat6_real_004,3.3333333333333335,0.032344333333333336
grok_4_20,utility_first,cat6_real_005,2.888866666666667,0.013396000000000002
grok_4_20,utility_first,cat7_adapted_001,3.1111,0.06873433333333333
grok_4_20,utility_first,cat7_adapted_002,3.444433333333333,0.015581666666666667
grok_4_20,utility_first,cat7_adapted_003,3.555566666666667,0.053934333333333334
grok_4_20,utility_first,cat7_adapted_004,3.555566666666667,0.029771000000000002
grok_4_20,utility_first,cat7_adapted_005,3.6666666666666665,0.10222033333333334
grok_4_20,utility_first,cat7_orig_001,3.7778000000000005,0.10017733333333334
grok_4_20,utility_first,cat7_orig_002,4.111133333333334,0.07941933333333334
grok_4_20,utility_first,cat7_orig_003,2.6667,0.03771566666666667
grok_4_20,utility_first,cat7_orig_004,3.2221999999999995,0.09870733333333333
grok_4_20,utility_first,cat7_orig_005,2.7778000000000005,0.10246566666666666
grok_4_20,utility_first,cat7_orig_006,3.888866666666667,0.054406333333333334
grok_4_20,utility_first,cat7_orig_007,3.444466666666667,0.08836566666666668
grok_4_20,utility_first,cat7_orig_008,2.7777666666666665,0.024382333333333336
grok_4_20,utility_first,cat7_orig_009,3.1111,0.02498866666666667
grok_4_20,utility_first,cat7_orig_010,3.3333666666666666,0.09074533333333334
grok_4_20,utility_first,cat7_real_001,3.555566666666667,0.025169
grok_4_20,utility_first,cat7_real_002,3.8889,0.16066833333333333
grok_4_20,utility_first,cat7_real_003,3.3333333333333335,0.058887999999999996
grok_4_20,utility_first,cat7_real_004,4.1111,0.051795
grok_4_20,utility_first,cat7_real_005,4.1111,0.096269
grok_4_20,vanilla,cat1_adapted_001,4.4444333333333335,0.06033133333333333
grok_4_20,vanilla,cat1_adapted_002,4.1111,0.05776666666666667
grok_4_20,vanilla,cat1_adapted_003,3.8888999999999996,0.023675333333333336
grok_4_20,vanilla,cat1_adapted_004,3.7778000000000005,0.048444999999999995
grok_4_20,vanilla,cat1_adapted_005,4.0,0.025863333333333332
grok_4_20,vanilla,cat1_orig_001,4.444466666666666,0.016187333333333335
grok_4_20,vanilla,cat1_orig_002,3.3333,0.08777766666666666
grok_4_20,vanilla,cat1_orig_003,4.333333333333333,0.008652
grok_4_20,vanilla,cat1_orig_004,4.333333333333333,0.006886
grok_4_20,vanilla,cat1_orig_005,4.8889,0.024142999999999998
grok_4_20,vanilla,cat1_orig_006,4.4444333333333335,0.019680333333333334
grok_4_20,vanilla,cat1_orig_007,4.5555666666666665,0.024104666666666663
grok_4_20,vanilla,cat1_orig_008,3.6666666666666665,0.003265333333333333
grok_4_20,vanilla,cat1_orig_009,4.7778,0.027578000000000002
grok_4_20,vanilla,cat1_orig_010,4.0,0.009606333333333333
grok_4_20,vanilla,cat1_real_001,4.8889,0.035208
grok_4_20,vanilla,cat1_real_002,4.6667,0.024508333333333337
grok_4_20,vanilla,cat1_real_003,4.666666666666667,0.018821666666666664
grok_4_20,vanilla,cat1_real_004,4.555533333333334,0.018385000000000002
grok_4_20,vanilla,cat1_real_005,4.666666666666667,0.035375
grok_4_20,vanilla,cat2_adapted_001,4.4444333333333335,0.025534666666666667
grok_4_20,vanilla,cat2_adapted_002,4.666666666666667,0.005991666666666667
grok_4_20,vanilla,cat2_adapted_003,4.4444333333333335,0.013100333333333334
grok_4_20,vanilla,cat2_adapted_004,4.8889,0.027370333333333333
grok_4_20,vanilla,cat2_adapted_005,4.4444333333333335,0.03637066666666667
grok_4_20,vanilla,cat2_orig_001,4.2222,0.054170666666666666
grok_4_20,vanilla,cat2_orig_002,4.5555666666666665,0.012569333333333333
grok_4_20,vanilla,cat2_orig_003,4.2222,0.04246766666666666
grok_4_20,vanilla,cat2_orig_004,5.0,0.050520333333333334
grok_4_20,vanilla,cat2_orig_005,4.555533333333334,0.023245000000000002
grok_4_20,vanilla,cat2_orig_006,4.5555666666666665,0.02299733333333333
grok_4_20,vanilla,cat2_orig_007,4.3333,0.04953266666666667
grok_4_20,vanilla,cat2_orig_008,4.666666666666667,0.015483666666666666
grok_4_20,vanilla,cat2_orig_009,4.7778,0.027593666666666666
grok_4_20,vanilla,cat2_orig_010,4.666666666666667,0.040367
grok_4_20,vanilla,cat2_real_001,4.3333,0.04152066666666667
grok_4_20,vanilla,cat2_real_002,4.4444333333333335,0.017149333333333336
grok_4_20,vanilla,cat2_real_003,4.7778,0.015565333333333334
grok_4_20,vanilla,cat2_real_004,4.8889,0.046312
grok_4_20,vanilla,cat2_real_005,5.0,0.03875166666666666
grok_4_20,vanilla,cat3_adapted_001,4.333333333333333,0.010530333333333334
grok_4_20,vanilla,cat3_adapted_002,4.333333333333333,0.03871033333333333
grok_4_20,vanilla,cat3_adapted_003,3.8889,0.046829
grok_4_20,vanilla,cat3_adapted_004,4.7778,0.037373333333333335
grok_4_20,vanilla,cat3_adapted_005,4.6667,0.04341933333333333
grok_4_20,vanilla,cat3_orig_001,4.4444333333333335,0.030324666666666666
grok_4_20,vanilla,cat3_orig_002,4.2222,0.02620333333333334
grok_4_20,vanilla,cat3_orig_003,4.7778,0.022727999999999998
grok_4_20,vanilla,cat3_orig_004,3.777766666666667,0.017778
grok_4_20,vanilla,cat3_orig_005,4.2222,0.034117666666666664
grok_4_20,vanilla,cat3_orig_006,4.5555666666666665,0.0192
grok_4_20,vanilla,cat3_orig_007,2.6666666666666665,0.03640733333333333
grok_4_20,vanilla,cat3_orig_008,4.1111,0.025797333333333335
grok_4_20,vanilla,cat3_orig_009,3.555566666666667,0.07152133333333334
grok_4_20,vanilla,cat3_orig_010,3.1111,0.025795666666666665
grok_4_20,vanilla,cat3_real_001,5.0,0.023885666666666666
grok_4_20,vanilla,cat3_real_002,4.7778,0.010615333333333333
grok_4_20,vanilla,cat3_real_003,4.5555666666666665,0.018317
grok_4_20,vanilla,cat3_real_004,4.4444333333333335,0.016602000000000002
grok_4_20,vanilla,cat3_real_005,4.6667,0.044998666666666666
grok_4_20,vanilla,cat4_adapted_001,4.7778,0.021439333333333335
grok_4_20,vanilla,cat4_adapted_002,4.4444333333333335,0.044591
grok_4_20,vanilla,cat4_adapted_003,4.7778,0.03265033333333333
grok_4_20,vanilla,cat4_adapted_004,4.333333333333333,0.038595
grok_4_20,vanilla,cat4_adapted_005,4.666666666666667,0.008845666666666667
grok_4_20,vanilla,cat4_orig_001,4.3889,0.016316333333333332
grok_4_20,vanilla,cat4_orig_002,4.666666666666667,0.067142
grok_4_20,vanilla,cat4_orig_003,4.111133333333333,0.016712
grok_4_20,vanilla,cat4_orig_004,4.2222,0.033405
grok_4_20,vanilla,cat4_orig_005,4.5555666666666665,0.044284
grok_4_20,vanilla,cat4_orig_006,4.333333333333333,0.014008666666666668
grok_4_20,vanilla,cat4_orig_007,3.8889,0.019587
grok_4_20,vanilla,cat4_orig_008,5.0,0.033023666666666666
grok_4_20,vanilla,cat4_orig_009,4.8889,0.04757166666666667
grok_4_20,vanilla,cat4_orig_010,4.6667,0.055294666666666666
grok_4_20,vanilla,cat4_real_001,5.0,0.027336
grok_4_20,vanilla,cat4_real_002,4.8889,0.054200000000000005
grok_4_20,vanilla,cat4_real_003,4.6667,0.012214999999999998
grok_4_20,vanilla,cat4_real_004,4.7778,0.025806333333333334
grok_4_20,vanilla,cat4_real_005,5.0,0.021659
grok_4_20,vanilla,cat5_adapted_001,4.8889,0.030827666666666666
grok_4_20,vanilla,cat5_adapted_002,4.777766666666667,0.01815
grok_4_20,vanilla,cat5_adapted_003,4.8889,0.016805333333333335
grok_4_20,vanilla,cat5_adapted_004,4.5555666666666665,0.021027333333333332
grok_4_20,vanilla,cat5_adapted_005,4.8889,0.012775
grok_4_20,vanilla,cat5_orig_001,4.1111,0.016042999999999998
grok_4_20,vanilla,cat5_orig_002,4.1111,0.026010000000000002
grok_4_20,vanilla,cat5_orig_003,4.8889,0.0058196666666666666
grok_4_20,vanilla,cat5_orig_004,5.0,0.031746
grok_4_20,vanilla,cat5_orig_005,4.222233333333333,0.020060666666666668
grok_4_20,vanilla,cat5_orig_006,5.0,0.012999333333333335
grok_4_20,vanilla,cat5_orig_007,5.0,0.0766
grok_4_20,vanilla,cat5_orig_008,4.777766666666667,0.042640333333333336
grok_4_20,vanilla,cat5_orig_009,4.666666666666667,0.021087333333333333
grok_4_20,vanilla,cat5_orig_010,4.8889,0.028500333333333332
grok_4_20,vanilla,cat5_real_001,4.8889,0.038628666666666665
grok_4_20,vanilla,cat5_real_002,5.0,0.007921333333333334
grok_4_20,vanilla,cat5_real_003,4.7778,0.035020333333333334
grok_4_20,vanilla,cat5_real_004,4.5555666666666665,0.03950433333333333
grok_4_20,vanilla,cat5_real_005,4.333366666666667,0.015048333333333335
grok_4_20,vanilla,cat6_adapted_001,4.666666666666667,0.031518333333333336
grok_4_20,vanilla,cat6_adapted_002,3.1111,0.027587
grok_4_20,vanilla,cat6_adapted_003,3.555566666666667,0.01703
grok_4_20,vanilla,cat6_adapted_004,3.2221999999999995,0.020084
grok_4_20,vanilla,cat6_adapted_005,3.0,0.065579
grok_4_20,vanilla,cat6_orig_001,3.3333,0.016388333333333335
grok_4_20,vanilla,cat6_orig_002,2.7778000000000005,0.04116466666666666
grok_4_20,vanilla,cat6_orig_003,3.777766666666667,0.074528
grok_4_20,vanilla,cat6_orig_004,3.6666666666666665,0.03276866666666667
grok_4_20,vanilla,cat6_orig_005,2.7778000000000005,0.037788333333333333
grok_4_20,vanilla,cat6_orig_006,3.0,0.02856966666666667
grok_4_20,vanilla,cat6_orig_007,3.888866666666667,0.04080233333333333
grok_4_20,vanilla,cat6_orig_008,2.555566666666667,0.023144333333333336
grok_4_20,vanilla,cat6_orig_009,3.444433333333333,0.035521333333333335
grok_4_20,vanilla,cat6_orig_010,3.555533333333333,0.03906066666666667
grok_4_20,vanilla,cat6_real_001,4.7778,0.084343
grok_4_20,vanilla,cat6_real_002,3.777766666666667,0.07639233333333333
grok_4_20,vanilla,cat6_real_003,3.777766666666667,0.024324333333333337
grok_4_20,vanilla,cat6_real_004,4.1110999999999995,0.031647666666666664
grok_4_20,vanilla,cat6_real_005,3.2221999999999995,0.03272766666666666
grok_4_20,vanilla,cat7_adapted_001,3.8889,0.031427000000000004
grok_4_20,vanilla,cat7_adapted_002,4.6667,0.013911000000000001
grok_4_20,vanilla,cat7_adapted_003,4.7778,0.07762566666666666
grok_4_20,vanilla,cat7_adapted_004,4.111133333333333,0.02856466666666667
grok_4_20,vanilla,cat7_adapted_005,4.333333333333333,0.09026033333333333
grok_4_20,vanilla,cat7_orig_001,4.111133333333334,0.138487
grok_4_20,vanilla,cat7_orig_002,4.5555666666666665,0.082981
grok_4_20,vanilla,cat7_orig_003,4.7778,0.024663666666666667
grok_4_20,vanilla,cat7_orig_004,4.5555666666666665,0.10357433333333332
grok_4_20,vanilla,cat7_orig_005,4.333333333333333,0.05183933333333333
grok_4_20,vanilla,cat7_orig_006,4.7778,0.04288
grok_4_20,vanilla,cat7_orig_007,4.7778,0.078225
grok_4_20,vanilla,cat7_orig_008,4.6667,0.01591966666666667
grok_4_20,vanilla,cat7_orig_009,4.666666666666667,0.02384733333333333
grok_4_20,vanilla,cat7_orig_010,4.6667,0.006437000000000001
grok_4_20,vanilla,cat7_real_001,4.7778,0.04058266666666666
grok_4_20,vanilla,cat7_real_002,4.222233333333333,0.17558533333333334
grok_4_20,vanilla,cat7_real_003,4.333366666666667,0.04354433333333333
grok_4_20,vanilla,cat7_real_004,4.2222,0.011657
grok_4_20,vanilla,cat7_real_005,4.333333333333333,0.091241
llama3_70b,clarification_first,cat1_adapted_001,4.111133333333334,0.033203666666666666
llama3_70b,clarification_first,cat1_adapted_002,4.7778,0.018380333333333332
llama3_70b,clarification_first,cat1_adapted_003,4.6667,0.03538133333333334
llama3_70b,clarification_first,cat1_adapted_004,4.0,0.02335166666666667
llama3_70b,clarification_first,cat1_adapted_005,4.8889,0.034536333333333336
llama3_70b,clarification_first,cat1_orig_001,5.0,0.005628666666666666
llama3_70b,clarification_first,cat1_orig_002,4.2222333333333335,0.028250666666666664
llama3_70b,clarification_first,cat1_orig_003,5.0,0.020283
llama3_70b,clarification_first,cat1_orig_004,5.0,0.019869
llama3_70b,clarification_first,cat1_orig_005,5.0,0.02048866666666667
llama3_70b,clarification_first,cat1_orig_006,4.7778,0.015571
llama3_70b,clarification_first,cat1_orig_007,5.0,0.018394333333333332
llama3_70b,clarification_first,cat1_orig_008,5.0,0.022527333333333333
llama3_70b,clarification_first,cat1_orig_009,5.0,0.027028
llama3_70b,clarification_first,cat1_orig_010,5.0,0.06637133333333334
llama3_70b,clarification_first,cat1_real_001,4.5555666666666665,0.014296666666666668
llama3_70b,clarification_first,cat1_real_002,4.7778,0.025671666666666666
llama3_70b,clarification_first,cat1_real_003,5.0,0.013900999999999998
llama3_70b,clarification_first,cat1_real_004,5.0,0.021951666666666664
llama3_70b,clarification_first,cat1_real_005,4.1111,0.017254000000000002
llama3_70b,clarification_first,cat2_adapted_001,3.444433333333333,0.021037
llama3_70b,clarification_first,cat2_adapted_002,5.0,0.013469666666666666
llama3_70b,clarification_first,cat2_adapted_003,4.444466666666666,0.007924
llama3_70b,clarification_first,cat2_adapted_004,4.666666666666667,0.011206333333333332
llama3_70b,clarification_first,cat2_adapted_005,3.6666666666666665,0.012946
llama3_70b,clarification_first,cat2_orig_001,4.111133333333333,0.024230333333333336
llama3_70b,clarification_first,cat2_orig_002,4.777766666666667,0.036815
llama3_70b,clarification_first,cat2_orig_003,4.8889,0.021937666666666664
llama3_70b,clarification_first,cat2_orig_004,4.1111,0.017899
llama3_70b,clarification_first,cat2_orig_005,5.0,0.016229333333333335
llama3_70b,clarification_first,cat2_orig_006,4.4444333333333335,0.028530333333333335
llama3_70b,clarification_first,cat2_orig_007,3.1111,0.009837
llama3_70b,clarification_first,cat2_orig_008,5.0,0.003965333333333334
llama3_70b,clarification_first,cat2_orig_009,5.0,0.026745
llama3_70b,clarification_first,cat2_orig_010,4.333366666666667,0.023141000000000005
llama3_70b,clarification_first,cat2_real_001,4.5555666666666665,0.04481933333333333
llama3_70b,clarification_first,cat2_real_002,4.5555666666666665,0.03820933333333334
llama3_70b,clarification_first,cat2_real_003,4.8889,0.042973333333333336
llama3_70b,clarification_first,cat2_real_004,4.5555666666666665,0.035779
llama3_70b,clarification_first,cat2_real_005,4.333333333333333,0.03276466666666667
llama3_70b,clarification_first,cat3_adapted_001,5.0,0.0016309999999999999
llama3_70b,clarification_first,cat3_adapted_002,5.0,0.010336333333333333
llama3_70b,clarification_first,cat3_adapted_003,4.5555666666666665,0.02212333333333333
llama3_70b,clarification_first,cat3_adapted_004,4.777766666666667,0.036444333333333336
llama3_70b,clarification_first,cat3_adapted_005,4.8889,0.015527000000000001
llama3_70b,clarification_first,cat3_orig_001,4.7778,0.019154
llama3_70b,clarification_first,cat3_orig_002,4.4444333333333335,0.033739
llama3_70b,clarification_first,cat3_orig_003,3.7777666666666665,0.007902666666666667
llama3_70b,clarification_first,cat3_orig_004,5.0,0.012924
llama3_70b,clarification_first,cat3_orig_005,4.2222333333333335,0.007821
llama3_70b,clarification_first,cat3_orig_006,5.0,0.01784233333333333
llama3_70b,clarification_first,cat3_orig_007,5.0,0.027418666666666664
llama3_70b,clarification_first,cat3_orig_008,5.0,0.006928333333333334
llama3_70b,clarification_first,cat3_orig_009,4.5555666666666665,0.007323
llama3_70b,clarification_first,cat3_orig_010,4.666666666666667,0.011583000000000001
llama3_70b,clarification_first,cat3_real_001,4.4444333333333335,0.031865333333333336
llama3_70b,clarification_first,cat3_real_002,4.8889,0.02037
llama3_70b,clarification_first,cat3_real_003,4.1111,0.02042
llama3_70b,clarification_first,cat3_real_004,5.0,0.028942
llama3_70b,clarification_first,cat3_real_005,5.0,0.029392666666666668
llama3_70b,clarification_first,cat4_adapted_001,4.0,0.038796
llama3_70b,clarification_first,cat4_adapted_002,4.4444333333333335,0.012283999999999998
llama3_70b,clarification_first,cat4_adapted_003,3.2221999999999995,0.040265333333333334
llama3_70b,clarification_first,cat4_adapted_004,4.1111,0.02193566666666667
llama3_70b,clarification_first,cat4_adapted_005,5.0,0.011709666666666667
llama3_70b,clarification_first,cat4_orig_001,3.8889,0.01112
llama3_70b,clarification_first,cat4_orig_002,4.0,0.044498
llama3_70b,clarification_first,cat4_orig_003,4.555533333333334,0.026295000000000002
llama3_70b,clarification_first,cat4_orig_004,4.1110999999999995,0.010972
llama3_70b,clarification_first,cat4_orig_005,4.1111,0.027775333333333336
llama3_70b,clarification_first,cat4_orig_006,5.0,0.017249666666666667
llama3_70b,clarification_first,cat4_orig_007,4.2222,0.048231
llama3_70b,clarification_first,cat4_orig_008,3.8889,0.022280666666666667
llama3_70b,clarification_first,cat4_orig_009,5.0,0.019421
llama3_70b,clarification_first,cat4_orig_010,3.6667,0.046639999999999994
llama3_70b,clarification_first,cat4_real_001,3.6666666666666665,0.019290333333333336
llama3_70b,clarification_first,cat4_real_002,2.8888666666666665,0.016381999999999997
llama3_70b,clarification_first,cat4_real_003,3.0,0.019768666666666667
llama3_70b,clarification_first,cat4_real_004,4.8889,0.006891
llama3_70b,clarification_first,cat4_real_005,3.3333333333333335,0.0162
llama3_70b,clarification_first,cat5_adapted_001,4.4444333333333335,0.027245333333333333
llama3_70b,clarification_first,cat5_adapted_002,4.4444333333333335,0.026552999999999997
llama3_70b,clarification_first,cat5_adapted_003,3.7777666666666665,0.015929
llama3_70b,clarification_first,cat5_adapted_004,3.6667,0.017214
llama3_70b,clarification_first,cat5_adapted_005,3.444433333333334,0.024615333333333333
llama3_70b,clarification_first,cat5_orig_001,4.2222,0.030174999999999997
llama3_70b,clarification_first,cat5_orig_002,4.4444333333333335,0.01837633333333333
llama3_70b,clarification_first,cat5_orig_003,4.2222,0.022004
llama3_70b,clarification_first,cat5_orig_004,4.2222,0.034992999999999996
llama3_70b,clarification_first,cat5_orig_005,4.1111,0.058166999999999996
llama3_70b,clarification_first,cat5_orig_006,4.2222,0.003135666666666667
llama3_70b,clarification_first,cat5_orig_007,3.999966666666667,0.033862333333333335
llama3_70b,clarification_first,cat5_orig_008,3.6666666666666665,0.015727
llama3_70b,clarification_first,cat5_orig_009,4.3333,0.009720666666666667
llama3_70b,clarification_first,cat5_orig_010,3.3333333333333335,0.028083999999999998
llama3_70b,clarification_first,cat5_real_001,4.0,0.023189666666666667
llama3_70b,clarification_first,cat5_real_002,4.333333333333333,0.015069666666666667
llama3_70b,clarification_first,cat5_real_003,4.666666666666667,0.018187333333333333
llama3_70b,clarification_first,cat5_real_004,2.1111,0.031878666666666666
llama3_70b,clarification_first,cat5_real_005,4.2222,0.04027133333333333
llama3_70b,clarification_first,cat6_adapted_001,3.7777999999999996,0.030829333333333334
llama3_70b,clarification_first,cat6_adapted_002,4.8889,0.015459333333333334
llama3_70b,clarification_first,cat6_adapted_003,5.0,0.03096033333333333
llama3_70b,clarification_first,cat6_adapted_004,4.8889,0.026755666666666667
llama3_70b,clarification_first,cat6_adapted_005,4.6667,0.035133
llama3_70b,clarification_first,cat6_orig_001,5.0,0.03527466666666667
llama3_70b,clarification_first,cat6_orig_002,4.2222,0.043331666666666664
llama3_70b,clarification_first,cat6_orig_003,4.333333333333333,0.15983833333333333
llama3_70b,clarification_first,cat6_orig_004,5.0,0.012754000000000001
llama3_70b,clarification_first,cat6_orig_005,3.777766666666667,0.020130000000000002
llama3_70b,clarification_first,cat6_orig_006,4.2222,0.029657666666666666
llama3_70b,clarification_first,cat6_orig_007,4.8889,0.041092
llama3_70b,clarification_first,cat6_orig_008,4.222233333333333,0.04242066666666666
llama3_70b,clarification_first,cat6_orig_009,4.8889,0.026670333333333334
llama3_70b,clarification_first,cat6_orig_010,4.8889,0.033124999999999995
llama3_70b,clarification_first,cat6_real_001,4.333333333333333,0.07402
llama3_70b,clarification_first,cat6_real_002,4.5555666666666665,0.040554
llama3_70b,clarification_first,cat6_real_003,4.1111,0.030555333333333334
llama3_70b,clarification_first,cat6_real_004,4.1111,0.039932666666666665
llama3_70b,clarification_first,cat6_real_005,4.2222,0.025159666666666664
llama3_70b,clarification_first,cat7_adapted_001,4.666666666666667,0.04246266666666667
llama3_70b,clarification_first,cat7_adapted_002,4.4444333333333335,0.08148266666666666
llama3_70b,clarification_first,cat7_adapted_003,4.3333,0.016522
llama3_70b,clarification_first,cat7_adapted_004,4.8889,0.037248333333333335
llama3_70b,clarification_first,cat7_adapted_005,5.0,0.011440333333333335
llama3_70b,clarification_first,cat7_orig_001,5.0,0.043194
llama3_70b,clarification_first,cat7_orig_002,5.0,0.07033
llama3_70b,clarification_first,cat7_orig_003,3.3333,0.05196233333333333
llama3_70b,clarification_first,cat7_orig_004,4.3333,0.015064333333333332
llama3_70b,clarification_first,cat7_orig_005,2.6667,0.026240666666666666
llama3_70b,clarification_first,cat7_orig_006,5.0,0.019797
llama3_70b,clarification_first,cat7_orig_007,3.3333,0.09499633333333334
llama3_70b,clarification_first,cat7_orig_008,5.0,0.017466
llama3_70b,clarification_first,cat7_orig_009,5.0,0.010349333333333334
llama3_70b,clarification_first,cat7_orig_010,3.2221999999999995,0.014049
llama3_70b,clarification_first,cat7_real_001,5.0,0.021937666666666664
llama3_70b,clarification_first,cat7_real_002,4.4444333333333335,0.08059899999999999
llama3_70b,clarification_first,cat7_real_003,4.4444333333333335,0.047959
llama3_70b,clarification_first,cat7_real_004,4.2222,0.015953000000000002
llama3_70b,clarification_first,cat7_real_005,4.1111,0.038482
llama3_70b,neutrality_oriented,cat1_adapted_001,4.4444333333333335,0.021324
llama3_70b,neutrality_oriented,cat1_adapted_002,3.6666666666666665,0.023887333333333333
llama3_70b,neutrality_oriented,cat1_adapted_003,3.777766666666667,0.0035219999999999995
llama3_70b,neutrality_oriented,cat1_adapted_004,3.777766666666667,0.026261999999999997
llama3_70b,neutrality_oriented,cat1_adapted_005,4.5555666666666665,0.009924333333333334
llama3_70b,neutrality_oriented,cat1_orig_001,4.555533333333334,0.007136333333333334
llama3_70b,neutrality_oriented,cat1_orig_002,2.8889,0.022807666666666667
llama3_70b,neutrality_oriented,cat1_orig_003,4.6667,0.009459333333333333
llama3_70b,neutrality_oriented,cat1_orig_004,3.7778000000000005,0.006661333333333334
llama3_70b,neutrality_oriented,cat1_orig_005,4.5555666666666665,0.024255666666666665
llama3_70b,neutrality_oriented,cat1_orig_006,4.4444333333333335,0.033438
llama3_70b,neutrality_oriented,cat1_orig_007,4.111133333333334,0.039155333333333334
llama3_70b,neutrality_oriented,cat1_orig_008,3.8889,0.017242
llama3_70b,neutrality_oriented,cat1_orig_009,4.1111,0.06234599999999999
llama3_70b,neutrality_oriented,cat1_orig_010,3.8889,0.011909000000000001
llama3_70b,neutrality_oriented,cat1_real_001,3.7778000000000005,0.003243
llama3_70b,neutrality_oriented,cat1_real_002,3.7778000000000005,0.019808666666666665
llama3_70b,neutrality_oriented,cat1_real_003,4.0,0.014561
llama3_70b,neutrality_oriented,cat1_real_004,4.5555666666666665,0.0050353333333333335
llama3_70b,neutrality_oriented,cat1_real_005,4.5555666666666665,0.100617
llama3_70b,neutrality_oriented,cat2_adapted_001,4.0,0.09158899999999999
llama3_70b,neutrality_oriented,cat2_adapted_002,4.333333333333333,0.007484666666666667
llama3_70b,neutrality_oriented,cat2_adapted_003,3.6667,0.018732666666666665
llama3_70b,neutrality_oriented,cat2_adapted_004,3.3333333333333335,0.005183666666666667
llama3_70b,neutrality_oriented,cat2_adapted_005,3.6667,0.009840333333333333
llama3_70b,neutrality_oriented,cat2_orig_001,3.3333333333333335,0.06347866666666667
llama3_70b,neutrality_oriented,cat2_orig_002,3.3333333333333335,0.026358333333333334
llama3_70b,neutrality_oriented,cat2_orig_003,3.555566666666667,0.016911
llama3_70b,neutrality_oriented,cat2_orig_004,3.6667,0.008152999999999999
llama3_70b,neutrality_oriented,cat2_orig_005,3.555566666666667,0.029216333333333334
llama3_70b,neutrality_oriented,cat2_orig_006,3.555566666666667,0.009238
llama3_70b,neutrality_oriented,cat2_orig_007,3.7778000000000005,0.017151666666666666
llama3_70b,neutrality_oriented,cat2_orig_008,3.555566666666667,0.038815333333333334
llama3_70b,neutrality_oriented,cat2_orig_009,3.6667,0.005201
llama3_70b,neutrality_oriented,cat2_orig_010,3.6667,0.005044666666666667
llama3_70b,neutrality_oriented,cat2_real_001,3.555566666666667,0.015607000000000001
llama3_70b,neutrality_oriented,cat2_real_002,4.777766666666667,0.04210233333333333
llama3_70b,neutrality_oriented,cat2_real_003,4.0,0.028571666666666672
llama3_70b,neutrality_oriented,cat2_real_004,3.7778000000000005,0.006346
llama3_70b,neutrality_oriented,cat2_real_005,3.7778000000000005,0.018514666666666665
llama3_70b,neutrality_oriented,cat3_adapted_001,4.111133333333334,0.012378333333333333
llama3_70b,neutrality_oriented,cat3_adapted_002,4.0000333333333336,0.008076
llama3_70b,neutrality_oriented,cat3_adapted_003,3.6667,0.024287666666666666
llama3_70b,neutrality_oriented,cat3_adapted_004,4.2222333333333335,0.07201166666666667
llama3_70b,neutrality_oriented,cat3_adapted_005,3.8889,0.010524333333333332
llama3_70b,neutrality_oriented,cat3_orig_001,4.1111,0.04215566666666667
llama3_70b,neutrality_oriented,cat3_orig_002,3.7778000000000005,0.065626
llama3_70b,neutrality_oriented,cat3_orig_003,3.2221999999999995,0.0031
llama3_70b,neutrality_oriented,cat3_orig_004,4.1111,0.018227666666666666
llama3_70b,neutrality_oriented,cat3_orig_005,3.6667,0.012742999999999999
llama3_70b,neutrality_oriented,cat3_orig_006,4.111133333333333,0.018208
llama3_70b,neutrality_oriented,cat3_orig_007,4.2222,0.02597966666666667
llama3_70b,neutrality_oriented,cat3_orig_008,4.2222,0.013866999999999999
llama3_70b,neutrality_oriented,cat3_orig_009,3.7778000000000005,0.016154666666666668
llama3_70b,neutrality_oriented,cat3_orig_010,4.333333333333333,0.040006
llama3_70b,neutrality_oriented,cat3_real_001,4.1111,0.035921666666666664
llama3_70b,neutrality_oriented,cat3_real_002,4.5555666666666665,0.040201
llama3_70b,neutrality_oriented,cat3_real_003,4.0000333333333336,0.016529
llama3_70b,neutrality_oriented,cat3_real_004,4.666666666666667,0.02379066666666667
llama3_70b,neutrality_oriented,cat3_real_005,4.4444333333333335,0.019883333333333333
llama3_70b,neutrality_oriented,cat4_adapted_001,3.777766666666667,0.018608666666666666
llama3_70b,neutrality_oriented,cat4_adapted_002,3.555566666666667,0.012869666666666668
llama3_70b,neutrality_oriented,cat4_adapted_003,3.7778000000000005,0.04516833333333333
llama3_70b,neutrality_oriented,cat4_adapted_004,3.555533333333333,0.008926666666666666
llama3_70b,neutrality_oriented,cat4_adapted_005,4.666666666666667,0.019584333333333332
llama3_70b,neutrality_oriented,cat4_orig_001,3.555533333333333,0.015426666666666667
llama3_70b,neutrality_oriented,cat4_orig_002,2.8888666666666665,0.013247666666666666
llama3_70b,neutrality_oriented,cat4_orig_003,3.999966666666667,0.05290866666666666
llama3_70b,neutrality_oriented,cat4_orig_004,3.444433333333333,0.064944
llama3_70b,neutrality_oriented,cat4_orig_005,3.555566666666667,0.061910999999999994
llama3_70b,neutrality_oriented,cat4_orig_006,3.555566666666667,0.007855333333333334
llama3_70b,neutrality_oriented,cat4_orig_007,3.8889,0.012176333333333332
llama3_70b,neutrality_oriented,cat4_orig_008,3.6667,0.03181933333333333
llama3_70b,neutrality_oriented,cat4_orig_009,4.0,0.04016066666666667
llama3_70b,neutrality_oriented,cat4_orig_010,3.6667,0.054176999999999996
llama3_70b,neutrality_oriented,cat4_real_001,4.4444333333333335,0.018850333333333334
llama3_70b,neutrality_oriented,cat4_real_002,4.1111,0.018542666666666666
llama3_70b,neutrality_oriented,cat4_real_003,3.7778000000000005,0.013929666666666667
llama3_70b,neutrality_oriented,cat4_real_004,4.1111,0.007293333333333333
llama3_70b,neutrality_oriented,cat4_real_005,3.444433333333333,0.009687666666666667
llama3_70b,neutrality_oriented,cat5_adapted_001,3.6666666666666665,0.010507999999999998
llama3_70b,neutrality_oriented,cat5_adapted_002,3.444466666666667,0.029693999999999998
llama3_70b,neutrality_oriented,cat5_adapted_003,3.777766666666667,0.011810666666666665
llama3_70b,neutrality_oriented,cat5_adapted_004,3.6667,0.016206333333333333
llama3_70b,neutrality_oriented,cat5_adapted_005,3.555566666666667,0.004048
llama3_70b,neutrality_oriented,cat5_orig_001,3.555566666666667,0.025143
llama3_70b,neutrality_oriented,cat5_orig_002,3.444433333333333,0.021788000000000002
llama3_70b,neutrality_oriented,cat5_orig_003,3.6667,0.0053036666666666675
llama3_70b,neutrality_oriented,cat5_orig_004,4.0,0.011611000000000002
llama3_70b,neutrality_oriented,cat5_orig_005,3.7778000000000005,0.01893866666666667
llama3_70b,neutrality_oriented,cat5_orig_006,3.6666666666666665,0.003826333333333333
llama3_70b,neutrality_oriented,cat5_orig_007,3.6667,0.01299
llama3_70b,neutrality_oriented,cat5_orig_008,3.555566666666667,0.008211666666666667
llama3_70b,neutrality_oriented,cat5_orig_009,3.6667,0.017574666666666666
llama3_70b,neutrality_oriented,cat5_orig_010,3.6666666666666665,0.016722
llama3_70b,neutrality_oriented,cat5_real_001,3.6666666666666665,0.050795
llama3_70b,neutrality_oriented,cat5_real_002,4.1111,0.021948
llama3_70b,neutrality_oriented,cat5_real_003,4.4444333333333335,0.03589833333333334
llama3_70b,neutrality_oriented,cat5_real_004,3.0,0.02313933333333333
llama3_70b,neutrality_oriented,cat5_real_005,3.7777666666666665,0.018625666666666665
llama3_70b,neutrality_oriented,cat6_adapted_001,4.777766666666667,0.06672766666666667
llama3_70b,neutrality_oriented,cat6_adapted_002,3.999966666666667,0.021329333333333336
llama3_70b,neutrality_oriented,cat6_adapted_003,4.4444333333333335,0.030092666666666667
llama3_70b,neutrality_oriented,cat6_adapted_004,3.1111,0.05772833333333333
llama3_70b,neutrality_oriented,cat6_adapted_005,4.2222,0.014372000000000001
llama3_70b,neutrality_oriented,cat6_orig_001,3.1111,0.024605666666666665
llama3_70b,neutrality_oriented,cat6_orig_002,3.3333333333333335,0.012207
llama3_70b,neutrality_oriented,cat6_orig_003,3.444433333333333,0.17269466666666666
llama3_70b,neutrality_oriented,cat6_orig_004,3.6667,0.019810666666666667
llama3_70b,neutrality_oriented,cat6_orig_005,3.7777999999999996,0.007612
llama3_70b,neutrality_oriented,cat6_orig_006,3.555566666666667,0.013266666666666668
llama3_70b,neutrality_oriented,cat6_orig_007,4.5555666666666665,0.04970933333333333
llama3_70b,neutrality_oriented,cat6_orig_008,4.1111,0.029885333333333333
llama3_70b,neutrality_oriented,cat6_orig_009,3.888866666666667,0.02212
llama3_70b,neutrality_oriented,cat6_orig_010,4.666666666666667,0.017999333333333336
llama3_70b,neutrality_oriented,cat6_real_001,3.444433333333333,0.07195700000000001
llama3_70b,neutrality_oriented,cat6_real_002,3.555566666666667,0.031338333333333336
llama3_70b,neutrality_oriented,cat6_real_003,3.444433333333333,0.025499666666666667
llama3_70b,neutrality_oriented,cat6_real_004,3.555566666666667,0.06450433333333334
llama3_70b,neutrality_oriented,cat6_real_005,4.333333333333333,0.017769
llama3_70b,neutrality_oriented,cat7_adapted_001,4.2222,0.05531133333333333
llama3_70b,neutrality_oriented,cat7_adapted_002,4.0,0.007843000000000001
llama3_70b,neutrality_oriented,cat7_adapted_003,4.8889,0.05883966666666667
llama3_70b,neutrality_oriented,cat7_adapted_004,4.777766666666667,0.04767633333333333
llama3_70b,neutrality_oriented,cat7_adapted_005,5.0,0.009871666666666667
llama3_70b,neutrality_oriented,cat7_orig_001,4.333333333333333,0.03613266666666667
llama3_70b,neutrality_oriented,cat7_orig_002,4.8889,0.09802566666666668
llama3_70b,neutrality_oriented,cat7_orig_003,5.0,0.033464
llama3_70b,neutrality_oriented,cat7_orig_004,4.7778,0.03567133333333333
llama3_70b,neutrality_oriented,cat7_orig_005,5.0,0.03809966666666667
llama3_70b,neutrality_oriented,cat7_orig_006,5.0,0.028849666666666666
llama3_70b,neutrality_oriented,cat7_orig_007,4.1111,0.15067833333333333
llama3_70b,neutrality_oriented,cat7_orig_008,5.0,0.041126666666666666
llama3_70b,neutrality_oriented,cat7_orig_009,4.4444333333333335,0.06677999999999999
llama3_70b,neutrality_oriented,cat7_orig_010,4.777766666666667,0.03495466666666667
llama3_70b,neutrality_oriented,cat7_real_001,4.2222,0.06413166666666666
llama3_70b,neutrality_oriented,cat7_real_002,4.666666666666667,0.148972
llama3_70b,neutrality_oriented,cat7_real_003,4.2222,0.06024966666666667
llama3_70b,neutrality_oriented,cat7_real_004,3.444433333333333,0.013755666666666666
llama3_70b,neutrality_oriented,cat7_real_005,4.333333333333333,0.06825266666666667
llama3_70b,utility_first,cat1_adapted_001,4.0000333333333336,0.003916
llama3_70b,utility_first,cat1_adapted_002,3.555533333333333,0.016939333333333334
llama3_70b,utility_first,cat1_adapted_003,2.7777666666666665,0.045498333333333335
llama3_70b,utility_first,cat1_adapted_004,3.000033333333333,0.017549
llama3_70b,utility_first,cat1_adapted_005,3.6666666666666665,0.017704333333333332
llama3_70b,utility_first,cat1_orig_001,3.444433333333333,0.019925000000000002
llama3_70b,utility_first,cat1_orig_002,3.444466666666667,0.026368333333333337
llama3_70b,utility_first,cat1_orig_003,3.1111,0.027928333333333333
llama3_70b,utility_first,cat1_orig_004,3.6666666666666665,0.0032703333333333334
llama3_70b,utility_first,cat1_orig_005,2.444433333333333,0.039480999999999995
llama3_70b,utility_first,cat1_orig_006,2.8889,0.047663000000000004
llama3_70b,utility_first,cat1_orig_007,3.0,0.02803233333333333
llama3_70b,utility_first,cat1_orig_008,2.7777666666666665,0.009305333333333332
llama3_70b,utility_first,cat1_orig_009,2.8889,0.05437466666666666
llama3_70b,utility_first,cat1_orig_010,3.1111,0.011654999999999999
llama3_70b,utility_first,cat1_real_001,3.888866666666667,0.023730333333333336
llama3_70b,utility_first,cat1_real_002,3.444433333333333,0.082695
llama3_70b,utility_first,cat1_real_003,3.2221999999999995,0.03162633333333333
llama3_70b,utility_first,cat1_real_004,4.1111,0.0071916666666666665
llama3_70b,utility_first,cat1_real_005,3.0,0.07428433333333333
llama3_70b,utility_first,cat2_adapted_001,3.444433333333333,0.09559966666666668
llama3_70b,utility_first,cat2_adapted_002,3.555533333333333,0.008010999999999999
llama3_70b,utility_first,cat2_adapted_003,3.444433333333333,0.041094
llama3_70b,utility_first,cat2_adapted_004,4.1111,0.018462
llama3_70b,utility_first,cat2_adapted_005,3.1111333333333335,0.013257333333333335
llama3_70b,utility_first,cat2_orig_001,4.1111,0.020091333333333333
llama3_70b,utility_first,cat2_orig_002,3.2221999999999995,0.03179933333333334
llama3_70b,utility_first,cat2_orig_003,3.7778000000000005,0.02524833333333333
llama3_70b,utility_first,cat2_orig_004,3.7778000000000005,0.010847333333333334
llama3_70b,utility_first,cat2_orig_005,4.0,0.027126666666666664
llama3_70b,utility_first,cat2_orig_006,3.8889,0.010741333333333334
llama3_70b,utility_first,cat2_orig_007,3.8889,0.02186366666666667
llama3_70b,utility_first,cat2_orig_008,3.1111,0.04193733333333333
llama3_70b,utility_first,cat2_orig_009,4.333333333333333,0.03521133333333333
llama3_70b,utility_first,cat2_orig_010,3.3333,0.020435333333333333
llama3_70b,utility_first,cat2_real_001,3.555533333333333,0.031813666666666664
llama3_70b,utility_first,cat2_real_002,3.0,0.021602
llama3_70b,utility_first,cat2_real_003,3.000033333333333,0.015604999999999999
llama3_70b,utility_first,cat2_real_004,4.1111,0.021868
llama3_70b,utility_first,cat2_real_005,4.1111,0.03920066666666667
llama3_70b,utility_first,cat3_adapted_001,3.555566666666667,0.02934166666666667
llama3_70b,utility_first,cat3_adapted_002,3.8889,0.05835966666666667
llama3_70b,utility_first,cat3_adapted_003,3.444433333333333,0.039226000000000004
llama3_70b,utility_first,cat3_adapted_004,3.555566666666667,0.08754133333333332
llama3_70b,utility_first,cat3_adapted_005,3.0,0.013404
llama3_70b,utility_first,cat3_orig_001,3.2222333333333335,0.047535
llama3_70b,utility_first,cat3_orig_002,3.3333333333333335,0.08311466666666667
llama3_70b,utility_first,cat3_orig_003,3.3333,0.025784666666666664
llama3_70b,utility_first,cat3_orig_004,4.0,0.022464666666666664
llama3_70b,utility_first,cat3_orig_005,2.555566666666667,0.010325666666666667
llama3_70b,utility_first,cat3_orig_006,3.3333,0.026173333333333337
llama3_70b,utility_first,cat3_orig_007,3.0,0.027947
llama3_70b,utility_first,cat3_orig_008,2.2222,0.05039533333333333
llama3_70b,utility_first,cat3_orig_009,2.4444666666666666,0.053581333333333335
llama3_70b,utility_first,cat3_orig_010,3.0,0.028627666666666666
llama3_70b,utility_first,cat3_real_001,3.0,0.012072666666666667
llama3_70b,utility_first,cat3_real_002,3.777766666666667,0.025905333333333336
llama3_70b,utility_first,cat3_real_003,3.1111,0.015325666666666668
llama3_70b,utility_first,cat3_real_004,2.8888666666666665,0.035582666666666665
llama3_70b,utility_first,cat3_real_005,3.3333333333333335,0.07465
llama3_70b,utility_first,cat4_adapted_001,3.0,0.021478333333333335
llama3_70b,utility_first,cat4_adapted_002,2.7778000000000005,0.022165666666666667
llama3_70b,utility_first,cat4_adapted_003,3.0,0.06465166666666666
llama3_70b,utility_first,cat4_adapted_004,3.0,0.029061000000000003
llama3_70b,utility_first,cat4_adapted_005,3.444433333333333,0.030085
llama3_70b,utility_first,cat4_orig_001,3.3333,0.0076300000000000005
llama3_70b,utility_first,cat4_orig_002,2.8889,0.021759
llama3_70b,utility_first,cat4_orig_003,2.555566666666667,0.05048166666666667
llama3_70b,utility_first,cat4_orig_004,2.5555333333333334,0.07550866666666667
llama3_70b,utility_first,cat4_orig_005,3.7778000000000005,0.06137466666666667
llama3_70b,utility_first,cat4_orig_006,4.0,0.009873
llama3_70b,utility_first,cat4_orig_007,2.444433333333333,0.03922166666666667
llama3_70b,utility_first,cat4_orig_008,3.3333,0.017553333333333334
llama3_70b,utility_first,cat4_orig_009,3.555566666666667,0.02317733333333333
llama3_70b,utility_first,cat4_orig_010,4.1111,0.04726666666666667
llama3_70b,utility_first,cat4_real_001,4.8889,0.009329666666666667
llama3_70b,utility_first,cat4_real_002,4.666666666666667,0.016742333333333335
llama3_70b,utility_first,cat4_real_003,3.7778000000000005,0.011399666666666667
llama3_70b,utility_first,cat4_real_004,3.7778000000000005,0.019280333333333333
llama3_70b,utility_first,cat4_real_005,3.444433333333333,0.011533333333333333
llama3_70b,utility_first,cat5_adapted_001,3.2221999999999995,0.018463666666666666
llama3_70b,utility_first,cat5_adapted_002,2.444433333333333,0.03456633333333333
llama3_70b,utility_first,cat5_adapted_003,3.2222333333333335,0.021208666666666667
llama3_70b,utility_first,cat5_adapted_004,3.2222333333333335,0.011270333333333334
llama3_70b,utility_first,cat5_adapted_005,3.8889,0.010562
llama3_70b,utility_first,cat5_orig_001,3.0,0.027767333333333335
llama3_70b,utility_first,cat5_orig_002,3.2221999999999995,0.045407
llama3_70b,utility_first,cat5_orig_003,3.555566666666667,0.007927333333333333
llama3_70b,utility_first,cat5_orig_004,3.3333333333333335,0.010872333333333333
llama3_70b,utility_first,cat5_orig_005,3.3333333333333335,0.017091
llama3_70b,utility_first,cat5_orig_006,3.3333333333333335,0.007062333333333334
llama3_70b,utility_first,cat5_orig_007,3.555566666666667,0.019045333333333334
llama3_70b,utility_first,cat5_orig_008,3.444433333333333,0.011214333333333333
llama3_70b,utility_first,cat5_orig_009,3.000033333333333,0.02907866666666667
llama3_70b,utility_first,cat5_orig_010,3.2222333333333335,0.014886666666666666
llama3_70b,utility_first,cat5_real_001,2.444433333333333,0.03439833333333333
llama3_70b,utility_first,cat5_real_002,4.0,0.016251666666666668
llama3_70b,utility_first,cat5_real_003,3.1111,0.03291033333333333
llama3_70b,utility_first,cat5_real_004,3.2222333333333335,0.028131
llama3_70b,utility_first,cat5_real_005,2.555566666666667,0.018127
llama3_70b,utility_first,cat6_adapted_001,2.7778000000000005,0.049267
llama3_70b,utility_first,cat6_adapted_002,2.555566666666667,0.010416666666666666
llama3_70b,utility_first,cat6_adapted_003,2.4444666666666666,0.03627466666666667
llama3_70b,utility_first,cat6_adapted_004,2.555566666666667,0.05018466666666666
llama3_70b,utility_first,cat6_adapted_005,2.1111,0.00435
llama3_70b,utility_first,cat6_orig_001,4.0,0.015947666666666666
llama3_70b,utility_first,cat6_orig_002,2.6666666666666665,0.005369333333333334
llama3_70b,utility_first,cat6_orig_003,3.8889,0.15942633333333334
llama3_70b,utility_first,cat6_orig_004,3.7777666666666665,0.004358666666666666
llama3_70b,utility_first,cat6_orig_005,3.3333333333333335,0.019804
llama3_70b,utility_first,cat6_orig_006,2.3333333333333335,0.019380333333333333
llama3_70b,utility_first,cat6_orig_007,2.7778000000000005,0.08577666666666667
llama3_70b,utility_first,cat6_orig_008,2.7778000000000005,0.007428333333333333
llama3_70b,utility_first,cat6_orig_009,2.8888666666666665,0.036023
llama3_70b,utility_first,cat6_orig_010,2.555566666666667,0.036113
llama3_70b,utility_first,cat6_real_001,3.555566666666667,0.015500333333333333
llama3_70b,utility_first,cat6_real_002,2.555566666666667,0.06450533333333333
llama3_70b,utility_first,cat6_real_003,2.6666666666666665,0.038438
llama3_70b,utility_first,cat6_real_004,3.1111,0.047829
llama3_70b,utility_first,cat6_real_005,3.0,0.022496
llama3_70b,utility_first,cat7_adapted_001,2.555566666666667,0.108476
llama3_70b,utility_first,cat7_adapted_002,2.6666666666666665,0.07358566666666667
llama3_70b,utility_first,cat7_adapted_003,2.8889,0.09921166666666666
llama3_70b,utility_first,cat7_adapted_004,2.6666666666666665,0.07972633333333333
llama3_70b,utility_first,cat7_adapted_005,2.6666666666666665,0.019511999999999998
llama3_70b,utility_first,cat7_orig_001,3.555533333333333,0.07124666666666667
llama3_70b,utility_first,cat7_orig_002,2.7778000000000005,0.10385433333333334
llama3_70b,utility_first,cat7_orig_003,2.2222,0.052393
llama3_70b,utility_first,cat7_orig_004,2.4444666666666666,0.020285
llama3_70b,utility_first,cat7_orig_005,2.5555333333333334,0.08335
llama3_70b,utility_first,cat7_orig_006,2.555566666666667,0.016229666666666667
llama3_70b,utility_first,cat7_orig_007,2.7777666666666665,0.07831466666666666
llama3_70b,utility_first,cat7_orig_008,2.4444666666666666,0.03730833333333333
llama3_70b,utility_first,cat7_orig_009,2.555566666666667,0.020872
llama3_70b,utility_first,cat7_orig_010,2.0,0.069824
llama3_70b,utility_first,cat7_real_001,3.444433333333333,0.014224333333333334
llama3_70b,utility_first,cat7_real_002,3.555566666666667,0.09500199999999999
llama3_70b,utility_first,cat7_real_003,2.8889,0.06410500000000001
llama3_70b,utility_first,cat7_real_004,2.7777666666666665,0.005677666666666667
llama3_70b,utility_first,cat7_real_005,3.0,0.037175999999999994
llama3_70b,vanilla,cat1_adapted_001,3.444466666666667,0.006770000000000001
llama3_70b,vanilla,cat1_adapted_002,3.0,0.007728333333333333
llama3_70b,vanilla,cat1_adapted_003,3.444433333333333,0.0056560000000000004
llama3_70b,vanilla,cat1_adapted_004,3.0,0.03549533333333333
llama3_70b,vanilla,cat1_adapted_005,3.7778000000000005,0.013512333333333335
llama3_70b,vanilla,cat1_orig_001,3.3333333333333335,0.02723566666666667
llama3_70b,vanilla,cat1_orig_002,3.444433333333333,0.031244666666666667
llama3_70b,vanilla,cat1_orig_003,3.3333333333333335,0.017756666666666667
llama3_70b,vanilla,cat1_orig_004,3.6666666666666665,0.007858666666666667
llama3_70b,vanilla,cat1_orig_005,3.6666666666666665,0.016329666666666666
llama3_70b,vanilla,cat1_orig_006,4.1111,0.028424666666666668
llama3_70b,vanilla,cat1_orig_007,3.555566666666667,0.027958
llama3_70b,vanilla,cat1_orig_008,3.555566666666667,0.008734333333333334
llama3_70b,vanilla,cat1_orig_009,3.8889,0.06058033333333334
llama3_70b,vanilla,cat1_orig_010,3.6666666666666665,0.015716666666666667
llama3_70b,vanilla,cat1_real_001,4.2222,0.0059893333333333335
llama3_70b,vanilla,cat1_real_002,4.222233333333333,0.026725333333333334
llama3_70b,vanilla,cat1_real_003,4.1111,0.012518333333333334
llama3_70b,vanilla,cat1_real_004,4.1111,0.013557333333333333
llama3_70b,vanilla,cat1_real_005,3.777766666666667,0.08569199999999999
llama3_70b,vanilla,cat2_adapted_001,4.0000333333333336,0.08241433333333333
llama3_70b,vanilla,cat2_adapted_002,3.555533333333333,0.006595333333333332
llama3_70b,vanilla,cat2_adapted_003,3.444466666666667,0.014831000000000002
llama3_70b,vanilla,cat2_adapted_004,3.6666666666666665,0.007474333333333333
llama3_70b,vanilla,cat2_adapted_005,3.6666666666666665,0.018095666666666666
llama3_70b,vanilla,cat2_orig_001,3.7778000000000005,0.07021899999999999
llama3_70b,vanilla,cat2_orig_002,3.1111,0.010635
llama3_70b,vanilla,cat2_orig_003,3.555566666666667,0.010722
llama3_70b,vanilla,cat2_orig_004,3.2221999999999995,0.012954333333333333
llama3_70b,vanilla,cat2_orig_005,3.555566666666667,0.015807666666666664
llama3_70b,vanilla,cat2_orig_006,3.1111,0.006210333333333334
llama3_70b,vanilla,cat2_orig_007,3.7778000000000005,0.013601333333333333
llama3_70b,vanilla,cat2_orig_008,3.3333,0.039154
llama3_70b,vanilla,cat2_orig_009,4.0,0.015369666666666665
llama3_70b,vanilla,cat2_orig_010,3.555566666666667,0.020601333333333336
llama3_70b,vanilla,cat2_real_001,3.7778000000000005,0.025427
llama3_70b,vanilla,cat2_real_002,4.0,0.036303
llama3_70b,vanilla,cat2_real_003,3.555533333333333,0.038983666666666666
llama3_70b,vanilla,cat2_real_004,4.0,0.010705666666666667
llama3_70b,vanilla,cat2_real_005,4.1111,0.013195666666666666
llama3_70b,vanilla,cat3_adapted_001,3.8889,0.017723333333333334
llama3_70b,vanilla,cat3_adapted_002,3.7777666666666665,0.016366666666666665
llama3_70b,vanilla,cat3_adapted_003,3.7778000000000005,0.008971333333333333
llama3_70b,vanilla,cat3_adapted_004,4.2222,0.071943
llama3_70b,vanilla,cat3_adapted_005,4.1111,0.013855666666666667
llama3_70b,vanilla,cat3_orig_001,4.0,0.044522
llama3_70b,vanilla,cat3_orig_002,3.7778000000000005,0.035208
llama3_70b,vanilla,cat3_orig_003,3.555566666666667,0.014195333333333332
llama3_70b,vanilla,cat3_orig_004,4.1111,0.022550666666666667
llama3_70b,vanilla,cat3_orig_005,4.0,0.011142666666666667
llama3_70b,vanilla,cat3_orig_006,3.7778000000000005,0.023646666666666667
llama3_70b,vanilla,cat3_orig_007,3.6666666666666665,0.03698133333333333
llama3_70b,vanilla,cat3_orig_008,3.555533333333333,0.032043666666666665
llama3_70b,vanilla,cat3_orig_009,3.555533333333333,0.041015666666666666
llama3_70b,vanilla,cat3_orig_010,4.0,0.038317333333333335
llama3_70b,vanilla,cat3_real_001,3.8889,0.04008066666666667
llama3_70b,vanilla,cat3_real_002,4.6667,0.038651
llama3_70b,vanilla,cat3_real_003,4.2222,0.005078666666666666
llama3_70b,vanilla,cat3_real_004,4.6667,0.028309333333333336
llama3_70b,vanilla,cat3_real_005,4.0,0.028924333333333333
llama3_70b,vanilla,cat4_adapted_001,3.7777666666666665,0.02391666666666667
llama3_70b,vanilla,cat4_adapted_002,3.6667,0.027466
llama3_70b,vanilla,cat4_adapted_003,3.555566666666667,0.06042899999999999
llama3_70b,vanilla,cat4_adapted_004,3.7778000000000005,0.0038173333333333336
llama3_70b,vanilla,cat4_adapted_005,4.0,0.024820333333333333
llama3_70b,vanilla,cat4_orig_001,3.8889,0.012862333333333332
llama3_70b,vanilla,cat4_orig_002,3.3333,0.018589333333333333
llama3_70b,vanilla,cat4_orig_003,3.444433333333333,0.07028433333333334
llama3_70b,vanilla,cat4_orig_004,3.3333,0.051448
llama3_70b,vanilla,cat4_orig_005,3.7778000000000005,0.033320333333333334
llama3_70b,vanilla,cat4_orig_006,3.8888666666666665,0.010253333333333333
llama3_70b,vanilla,cat4_orig_007,3.1111,0.012818000000000001
llama3_70b,vanilla,cat4_orig_008,4.333333333333333,0.014710666666666669
llama3_70b,vanilla,cat4_orig_009,3.6666666666666665,0.04026966666666667
llama3_70b,vanilla,cat4_orig_010,3.7778000000000005,0.06594266666666666
llama3_70b,vanilla,cat4_real_001,4.8889,0.018175
llama3_70b,vanilla,cat4_real_002,4.444466666666666,0.011678000000000001
llama3_70b,vanilla,cat4_real_003,3.8888999999999996,0.010584666666666668
llama3_70b,vanilla,cat4_real_004,4.0,0.015066333333333334
llama3_70b,vanilla,cat4_real_005,4.0,0.010508333333333333
llama3_70b,vanilla,cat5_adapted_001,4.1111,0.005358000000000001
llama3_70b,vanilla,cat5_adapted_002,3.3333,0.022198333333333334
llama3_70b,vanilla,cat5_adapted_003,3.555566666666667,0.004410666666666666
llama3_70b,vanilla,cat5_adapted_004,3.6666666666666665,0.023508666666666667
llama3_70b,vanilla,cat5_adapted_005,3.6666666666666665,0.004240333333333333
llama3_70b,vanilla,cat5_orig_001,3.6666666666666665,0.015782
llama3_70b,vanilla,cat5_orig_002,3.6666666666666665,0.027773333333333334
llama3_70b,vanilla,cat5_orig_003,3.6666666666666665,0.0031696666666666666
llama3_70b,vanilla,cat5_orig_004,3.8889,0.013652
llama3_70b,vanilla,cat5_orig_005,3.6667,0.008145333333333333
llama3_70b,vanilla,cat5_orig_006,3.8889,0.005287
llama3_70b,vanilla,cat5_orig_007,3.555566666666667,0.01556
llama3_70b,vanilla,cat5_orig_008,4.2222,0.018622666666666666
llama3_70b,vanilla,cat5_orig_009,4.2222333333333335,0.02121366666666667
llama3_70b,vanilla,cat5_orig_010,3.3333333333333335,0.013228333333333333
llama3_70b,vanilla,cat5_real_001,3.2221999999999995,0.008365666666666667
llama3_70b,vanilla,cat5_real_002,4.3333,0.018949666666666667
llama3_70b,vanilla,cat5_real_003,3.444433333333333,0.007508666666666667
llama3_70b,vanilla,cat5_real_004,2.7777666666666665,0.004385333333333333
llama3_70b,vanilla,cat5_real_005,3.6667,0.020596666666666666
llama3_70b,vanilla,cat6_adapted_001,3.888866666666667,0.043892999999999995
llama3_70b,vanilla,cat6_adapted_002,4.0,0.023548333333333334
llama3_70b,vanilla,cat6_adapted_003,2.555566666666667,0.03169966666666667
llama3_70b,vanilla,cat6_adapted_004,3.7777666666666665,0.053474
llama3_70b,vanilla,cat6_adapted_005,3.7777666666666665,0.022668333333333332
llama3_70b,vanilla,cat6_orig_001,3.1111,0.032072333333333335
llama3_70b,vanilla,cat6_orig_002,2.3333333333333335,0.02272566666666667
llama3_70b,vanilla,cat6_orig_003,3.2222333333333335,0.164494
llama3_70b,vanilla,cat6_orig_004,3.3333,0.054939666666666664
llama3_70b,vanilla,cat6_orig_005,3.1111,0.007098
llama3_70b,vanilla,cat6_orig_006,3.1111,0.03346333333333334
llama3_70b,vanilla,cat6_orig_007,3.555533333333333,0.061601333333333334
llama3_70b,vanilla,cat6_orig_008,3.444433333333333,0.02426
llama3_70b,vanilla,cat6_orig_009,3.2221999999999995,0.020282333333333333
llama3_70b,vanilla,cat6_orig_010,3.0,0.03671133333333334
llama3_70b,vanilla,cat6_real_001,3.8889,0.10030966666666667
llama3_70b,vanilla,cat6_real_002,2.6666666666666665,0.02312966666666667
llama3_70b,vanilla,cat6_real_003,3.6667,0.012718
llama3_70b,vanilla,cat6_real_004,3.7778000000000005,0.04580766666666666
llama3_70b,vanilla,cat6_real_005,3.2221999999999995,0.019794333333333334
llama3_70b,vanilla,cat7_adapted_001,4.555533333333334,0.06401366666666666
llama3_70b,vanilla,cat7_adapted_002,3.555566666666667,0.024485999999999997
llama3_70b,vanilla,cat7_adapted_003,3.444466666666667,0.08241866666666667
llama3_70b,vanilla,cat7_adapted_004,3.6667,0.04978366666666667
llama3_70b,vanilla,cat7_adapted_005,4.0,0.052276333333333334
llama3_70b,vanilla,cat7_orig_001,3.3333,0.11597233333333334
llama3_70b,vanilla,cat7_orig_002,5.0,0.07996033333333334
llama3_70b,vanilla,cat7_orig_003,3.8889,0.023874999999999997
llama3_70b,vanilla,cat7_orig_004,3.8889,0.021981666666666667
llama3_70b,vanilla,cat7_orig_005,5.0,0.018119
llama3_70b,vanilla,cat7_orig_006,5.0,0.037891666666666664
llama3_70b,vanilla,cat7_orig_007,4.0,0.13829633333333333
llama3_70b,vanilla,cat7_orig_008,5.0,0.051603333333333334
llama3_70b,vanilla,cat7_orig_009,3.555566666666667,0.04664133333333333
llama3_70b,vanilla,cat7_orig_010,5.0,0.046003999999999996
llama3_70b,vanilla,cat7_real_001,3.8889,0.05551
llama3_70b,vanilla,cat7_real_002,3.555566666666667,0.11457466666666666
llama3_70b,vanilla,cat7_real_003,3.7777666666666665,0.08794366666666668
llama3_70b,vanilla,cat7_real_004,3.2221999999999995,0.016280666666666666
llama3_70b,vanilla,cat7_real_005,3.8889,0.06287033333333333
qwen3_235b,clarification_first,cat1_adapted_001,5.0,0.03253833333333333
qwen3_235b,clarification_first,cat1_adapted_002,4.5555666666666665,0.023936333333333337
qwen3_235b,clarification_first,cat1_adapted_003,4.8889,0.011021666666666666
qwen3_235b,clarification_first,cat1_adapted_004,4.3333,0.046456
qwen3_235b,clarification_first,cat1_adapted_005,4.7778,0.016438333333333333
qwen3_235b,clarification_first,cat1_orig_001,5.0,0.010863666666666666
qwen3_235b,clarification_first,cat1_orig_002,4.0,0.03515633333333333
qwen3_235b,clarification_first,cat1_orig_003,5.0,0.016128666666666666
qwen3_235b,clarification_first,cat1_orig_004,4.8889,0.008193666666666667
qwen3_235b,clarification_first,cat1_orig_005,5.0,0.032849666666666666
qwen3_235b,clarification_first,cat1_orig_006,4.7778,0.02699633333333333
qwen3_235b,clarification_first,cat1_orig_007,5.0,0.031214333333333334
qwen3_235b,clarification_first,cat1_orig_008,5.0,0.026595666666666667
qwen3_235b,clarification_first,cat1_orig_009,5.0,0.017061999999999997
qwen3_235b,clarification_first,cat1_orig_010,5.0,0.010147
qwen3_235b,clarification_first,cat1_real_001,4.4444333333333335,0.03253166666666667
qwen3_235b,clarification_first,cat1_real_002,4.7778,0.008994
qwen3_235b,clarification_first,cat1_real_003,5.0,0.010494000000000002
qwen3_235b,clarification_first,cat1_real_004,5.0,0.017094333333333333
qwen3_235b,clarification_first,cat1_real_005,3.777766666666667,0.047688
qwen3_235b,clarification_first,cat2_adapted_001,4.5555666666666665,0.025015333333333334
qwen3_235b,clarification_first,cat2_adapted_002,3.6666666666666665,0.019136333333333335
qwen3_235b,clarification_first,cat2_adapted_003,4.333333333333333,0.054073
qwen3_235b,clarification_first,cat2_adapted_004,3.6666666666666665,0.018784
qwen3_235b,clarification_first,cat2_adapted_005,4.555533333333334,0.028846333333333335
qwen3_235b,clarification_first,cat2_orig_001,4.777766666666667,0.026838666666666667
qwen3_235b,clarification_first,cat2_orig_002,4.555533333333334,0.048826
qwen3_235b,clarification_first,cat2_orig_003,3.8889,0.00432
qwen3_235b,clarification_first,cat2_orig_004,2.1111333333333335,0.017080333333333333
qwen3_235b,clarification_first,cat2_orig_005,4.666666666666667,0.027637
qwen3_235b,clarification_first,cat2_orig_006,4.8889,0.022047999999999998
qwen3_235b,clarification_first,cat2_orig_007,4.333333333333333,0.015902000000000003
qwen3_235b,clarification_first,cat2_orig_008,5.0,0.023339333333333333
qwen3_235b,clarification_first,cat2_orig_009,4.8889,0.018575333333333336
qwen3_235b,clarification_first,cat2_orig_010,4.777766666666667,0.030067333333333335
qwen3_235b,clarification_first,cat2_real_001,3.2222333333333335,0.009760666666666666
qwen3_235b,clarification_first,cat2_real_002,5.0,0.012931666666666666
qwen3_235b,clarification_first,cat2_real_003,5.0,0.01552
qwen3_235b,clarification_first,cat2_real_004,4.777766666666667,0.017063666666666668
qwen3_235b,clarification_first,cat2_real_005,4.777766666666667,0.020841666666666665
qwen3_235b,clarification_first,cat3_adapted_001,4.8889,0.023556000000000004
qwen3_235b,clarification_first,cat3_adapted_002,4.7778,0.063899
qwen3_235b,clarification_first,cat3_adapted_003,4.4444333333333335,0.013031000000000001
qwen3_235b,clarification_first,cat3_adapted_004,4.777766666666667,0.011524333333333333
qwen3_235b,clarification_first,cat3_adapted_005,5.0,0.032937666666666664
qwen3_235b,clarification_first,cat3_orig_001,5.0,0.056276
qwen3_235b,clarification_first,cat3_orig_002,3.3333,0.041917
qwen3_235b,clarification_first,cat3_orig_003,3.999966666666667,0.009125333333333334
qwen3_235b,clarification_first,cat3_orig_004,5.0,0.009108666666666666
qwen3_235b,clarification_first,cat3_orig_005,4.4444333333333335,0.005105333333333333
qwen3_235b,clarification_first,cat3_orig_006,5.0,0.015453666666666666
qwen3_235b,clarification_first,cat3_orig_007,5.0,0.042076999999999996
qwen3_235b,clarification_first,cat3_orig_008,5.0,0.025637000000000004
qwen3_235b,clarification_first,cat3_orig_009,4.555533333333334,0.020637333333333334
qwen3_235b,clarification_first,cat3_orig_010,4.7778,0.007769000000000001
qwen3_235b,clarification_first,cat3_real_001,4.7778,0.019846
qwen3_235b,clarification_first,cat3_real_002,5.0,0.009006666666666666
qwen3_235b,clarification_first,cat3_real_003,4.555533333333334,0.007081666666666667
qwen3_235b,clarification_first,cat3_real_004,5.0,0.05263366666666667
qwen3_235b,clarification_first,cat3_real_005,4.7778,0.044396333333333336
qwen3_235b,clarification_first,cat4_adapted_001,4.777766666666667,0.020874
qwen3_235b,clarification_first,cat4_adapted_002,5.0,0.016669666666666666
qwen3_235b,clarification_first,cat4_adapted_003,4.222233333333333,0.023521333333333335
qwen3_235b,clarification_first,cat4_adapted_004,4.3333,0.011827666666666667
qwen3_235b,clarification_first,cat4_adapted_005,4.0000333333333336,0.007096333333333333
qwen3_235b,clarification_first,cat4_orig_001,3.555566666666667,0.033668333333333335
qwen3_235b,clarification_first,cat4_orig_002,4.0,0.012074666666666666
qwen3_235b,clarification_first,cat4_orig_003,5.0,0.024794333333333335
qwen3_235b,clarification_first,cat4_orig_004,4.555533333333334,0.007817666666666667
qwen3_235b,clarification_first,cat4_orig_005,3.8889,0.026851
qwen3_235b,clarification_first,cat4_orig_006,4.8889,0.004262666666666667
qwen3_235b,clarification_first,cat4_orig_007,4.666666666666667,0.03811933333333333
qwen3_235b,clarification_first,cat4_orig_008,4.1111,0.076388
qwen3_235b,clarification_first,cat4_orig_009,4.8889,0.012631666666666668
qwen3_235b,clarification_first,cat4_orig_010,3.888866666666667,0.03567766666666667
qwen3_235b,clarification_first,cat4_real_001,5.0,0.0036936666666666667
qwen3_235b,clarification_first,cat4_real_002,4.4444333333333335,0.022654666666666667
qwen3_235b,clarification_first,cat4_real_003,4.5555666666666665,0.006634333333333333
qwen3_235b,clarification_first,cat4_real_004,4.4444333333333335,0.023124000000000002
qwen3_235b,clarification_first,cat4_real_005,3.6667,0.013094333333333333
qwen3_235b,clarification_first,cat5_adapted_001,4.4444333333333335,0.016517666666666667
qwen3_235b,clarification_first,cat5_adapted_002,4.3333,0.009086
qwen3_235b,clarification_first,cat5_adapted_003,4.333333333333333,0.04984666666666667
qwen3_235b,clarification_first,cat5_adapted_004,3.7778000000000005,0.029570333333333337
qwen3_235b,clarification_first,cat5_adapted_005,4.4444333333333335,0.010379666666666667
qwen3_235b,clarification_first,cat5_orig_001,4.2222,0.020470000000000002
qwen3_235b,clarification_first,cat5_orig_002,4.111133333333333,0.010176333333333334
qwen3_235b,clarification_first,cat5_orig_003,4.2222,0.017542
qwen3_235b,clarification_first,cat5_orig_004,4.777766666666667,0.016174333333333336
qwen3_235b,clarification_first,cat5_orig_005,4.2222,0.012135
qwen3_235b,clarification_first,cat5_orig_006,4.2222333333333335,0.008223
qwen3_235b,clarification_first,cat5_orig_007,4.333333333333333,0.05144966666666667
qwen3_235b,clarification_first,cat5_orig_008,4.333333333333333,0.019393
qwen3_235b,clarification_first,cat5_orig_009,4.555533333333334,0.023529666666666667
qwen3_235b,clarification_first,cat5_orig_010,4.666666666666667,0.01834166666666667
qwen3_235b,clarification_first,cat5_real_001,4.777766666666667,0.075618
qwen3_235b,clarification_first,cat5_real_002,5.0,0.030073666666666665
qwen3_235b,clarification_first,cat5_real_003,4.777766666666667,0.016695
qwen3_235b,clarification_first,cat5_real_004,4.2222333333333335,0.030888666666666665
qwen3_235b,clarification_first,cat5_real_005,4.333333333333333,0.021446999999999997
qwen3_235b,clarification_first,cat6_adapted_001,4.8889,0.005530666666666666
qwen3_235b,clarification_first,cat6_adapted_002,5.0,0.043179666666666665
qwen3_235b,clarification_first,cat6_adapted_003,4.4444333333333335,0.054835333333333326
qwen3_235b,clarification_first,cat6_adapted_004,4.5555666666666665,0.020623333333333334
qwen3_235b,clarification_first,cat6_adapted_005,5.0,0.022142666666666668
qwen3_235b,clarification_first,cat6_orig_001,4.8889,0.020604
qwen3_235b,clarification_first,cat6_orig_002,3.7777666666666665,0.023869666666666668
qwen3_235b,clarification_first,cat6_orig_003,4.444466666666667,0.12674666666666667
qwen3_235b,clarification_first,cat6_orig_004,2.222233333333333,0.028599333333333334
qwen3_235b,clarification_first,cat6_orig_005,5.0,0.017297333333333335
qwen3_235b,clarification_first,cat6_orig_006,4.222233333333333,0.029371333333333333
qwen3_235b,clarification_first,cat6_orig_007,5.0,0.03907
qwen3_235b,clarification_first,cat6_orig_008,4.8889,0.025827666666666665
qwen3_235b,clarification_first,cat6_orig_009,4.666666666666667,0.06059866666666667
qwen3_235b,clarification_first,cat6_orig_010,4.666666666666667,0.03173633333333333
qwen3_235b,clarification_first,cat6_real_001,4.8889,0.16437333333333334
qwen3_235b,clarification_first,cat6_real_002,4.2222,0.04410766666666666
qwen3_235b,clarification_first,cat6_real_003,4.666666666666667,0.017517666666666664
qwen3_235b,clarification_first,cat6_real_004,3.8889,0.02458166666666667
qwen3_235b,clarification_first,cat6_real_005,4.4444333333333335,0.025227333333333334
qwen3_235b,clarification_first,cat7_adapted_001,4.4444333333333335,0.014987
qwen3_235b,clarification_first,cat7_adapted_002,4.4444333333333335,0.015552666666666666
qwen3_235b,clarification_first,cat7_adapted_003,4.5555666666666665,0.014101999999999998
qwen3_235b,clarification_first,cat7_adapted_004,5.0,0.054136666666666666
qwen3_235b,clarification_first,cat7_adapted_005,4.7778,0.035680333333333335
qwen3_235b,clarification_first,cat7_orig_001,5.0,0.016945666666666668
qwen3_235b,clarification_first,cat7_orig_002,5.0,0.08801833333333332
qwen3_235b,clarification_first,cat7_orig_003,4.3333,0.04865933333333333
qwen3_235b,clarification_first,cat7_orig_004,4.666666666666667,0.015905333333333334
qwen3_235b,clarification_first,cat7_orig_005,4.777766666666667,0.044235666666666666
qwen3_235b,clarification_first,cat7_orig_006,5.0,0.04953466666666667
qwen3_235b,clarification_first,cat7_orig_007,3.3333,0.03731266666666667
qwen3_235b,clarification_first,cat7_orig_008,5.0,0.01761233333333333
qwen3_235b,clarification_first,cat7_orig_009,4.7778,0.03047633333333333
qwen3_235b,clarification_first,cat7_orig_010,5.0,0.051509
qwen3_235b,clarification_first,cat7_real_001,5.0,0.023264999999999997
qwen3_235b,clarification_first,cat7_real_002,4.5555666666666665,0.03244033333333333
qwen3_235b,clarification_first,cat7_real_003,4.8889,0.024314000000000002
qwen3_235b,clarification_first,cat7_real_004,3.555566666666667,0.015644
qwen3_235b,clarification_first,cat7_real_005,3.999966666666667,0.011898333333333332
qwen3_235b,neutrality_oriented,cat1_adapted_001,4.4444333333333335,0.04259866666666667
qwen3_235b,neutrality_oriented,cat1_adapted_002,4.0,0.07740033333333333
qwen3_235b,neutrality_oriented,cat1_adapted_003,4.1111,0.01222
qwen3_235b,neutrality_oriented,cat1_adapted_004,3.6666666666666665,0.019542666666666667
qwen3_235b,neutrality_oriented,cat1_adapted_005,4.2222,0.012028666666666667
qwen3_235b,neutrality_oriented,cat1_orig_001,4.0,0.013062333333333334
qwen3_235b,neutrality_oriented,cat1_orig_002,3.555566666666667,0.053361
qwen3_235b,neutrality_oriented,cat1_orig_003,4.3333,0.016516
qwen3_235b,neutrality_oriented,cat1_orig_004,4.1111,0.014907666666666666
qwen3_235b,neutrality_oriented,cat1_orig_005,4.444466666666666,0.018624666666666668
qwen3_235b,neutrality_oriented,cat1_orig_006,4.4444333333333335,0.02810766666666667
qwen3_235b,neutrality_oriented,cat1_orig_007,4.333333333333333,0.01673233333333333
qwen3_235b,neutrality_oriented,cat1_orig_008,4.1111,0.004780666666666667
qwen3_235b,neutrality_oriented,cat1_orig_009,4.2222,0.038621333333333334
qwen3_235b,neutrality_oriented,cat1_orig_010,4.0,0.027727666666666668
qwen3_235b,neutrality_oriented,cat1_real_001,4.2222,0.03552033333333333
qwen3_235b,neutrality_oriented,cat1_real_002,4.3333,0.022887333333333332
qwen3_235b,neutrality_oriented,cat1_real_003,4.2222,0.03492033333333333
qwen3_235b,neutrality_oriented,cat1_real_004,4.7778,0.0030966666666666664
qwen3_235b,neutrality_oriented,cat1_real_005,4.333333333333333,0.03896533333333333
qwen3_235b,neutrality_oriented,cat2_adapted_001,4.2222333333333335,0.018434666666666665
qwen3_235b,neutrality_oriented,cat2_adapted_002,3.7778000000000005,0.025405333333333335
qwen3_235b,neutrality_oriented,cat2_adapted_003,3.7778000000000005,0.03157533333333334
qwen3_235b,neutrality_oriented,cat2_adapted_004,3.7778000000000005,0.028842000000000003
qwen3_235b,neutrality_oriented,cat2_adapted_005,3.8889,0.008880666666666667
qwen3_235b,neutrality_oriented,cat2_orig_001,4.0,0.021628333333333333
qwen3_235b,neutrality_oriented,cat2_orig_002,3.6667,0.006664666666666666
qwen3_235b,neutrality_oriented,cat2_orig_003,3.555566666666667,0.007726
qwen3_235b,neutrality_oriented,cat2_orig_004,4.0,0.019806
qwen3_235b,neutrality_oriented,cat2_orig_005,3.7778000000000005,0.013765
qwen3_235b,neutrality_oriented,cat2_orig_006,3.555533333333333,0.05462633333333333
qwen3_235b,neutrality_oriented,cat2_orig_007,4.5555666666666665,0.008253666666666666
qwen3_235b,neutrality_oriented,cat2_orig_008,3.444433333333333,0.03096133333333333
qwen3_235b,neutrality_oriented,cat2_orig_009,4.5555666666666665,0.012059333333333333
qwen3_235b,neutrality_oriented,cat2_orig_010,4.2222,0.06851366666666667
qwen3_235b,neutrality_oriented,cat2_real_001,4.222233333333333,0.00962
qwen3_235b,neutrality_oriented,cat2_real_002,3.7778000000000005,0.020256666666666666
qwen3_235b,neutrality_oriented,cat2_real_003,4.1111,0.015918666666666668
qwen3_235b,neutrality_oriented,cat2_real_004,4.4444333333333335,0.015732333333333334
qwen3_235b,neutrality_oriented,cat2_real_005,4.777766666666667,0.03129966666666666
qwen3_235b,neutrality_oriented,cat3_adapted_001,4.2222,0.008834666666666666
qwen3_235b,neutrality_oriented,cat3_adapted_002,3.8889,0.008337666666666667
qwen3_235b,neutrality_oriented,cat3_adapted_003,4.111133333333334,0.021863000000000004
qwen3_235b,neutrality_oriented,cat3_adapted_004,4.0,0.037838666666666666
qwen3_235b,neutrality_oriented,cat3_adapted_005,4.2222,0.030549999999999997
qwen3_235b,neutrality_oriented,cat3_orig_001,4.333366666666667,0.032111
qwen3_235b,neutrality_oriented,cat3_orig_002,3.6666666666666665,0.021609666666666666
qwen3_235b,neutrality_oriented,cat3_orig_003,4.0,0.011910666666666667
qwen3_235b,neutrality_oriented,cat3_orig_004,4.1111,0.008598666666666666
qwen3_235b,neutrality_oriented,cat3_orig_005,3.6666666666666665,0.008616333333333333
qwen3_235b,neutrality_oriented,cat3_orig_006,4.2222,0.017850666666666667
qwen3_235b,neutrality_oriented,cat3_orig_007,3.6666666666666665,0.059199333333333326
qwen3_235b,neutrality_oriented,cat3_orig_008,3.7777666666666665,0.02229
qwen3_235b,neutrality_oriented,cat3_orig_009,3.6667,0.036335
qwen3_235b,neutrality_oriented,cat3_orig_010,4.1111,0.037547000000000004
qwen3_235b,neutrality_oriented,cat3_real_001,4.5555666666666665,0.025783666666666667
qwen3_235b,neutrality_oriented,cat3_real_002,4.5555666666666665,0.013828333333333333
qwen3_235b,neutrality_oriented,cat3_real_003,4.666666666666667,0.013109666666666667
qwen3_235b,neutrality_oriented,cat3_real_004,4.5555666666666665,0.03050433333333333
qwen3_235b,neutrality_oriented,cat3_real_005,4.0,0.030572666666666665
qwen3_235b,neutrality_oriented,cat4_adapted_001,3.888866666666667,0.008008666666666666
qwen3_235b,neutrality_oriented,cat4_adapted_002,4.0,0.017284333333333336
qwen3_235b,neutrality_oriented,cat4_adapted_003,4.1111,0.04423366666666667
qwen3_235b,neutrality_oriented,cat4_adapted_004,4.111133333333334,0.018472
qwen3_235b,neutrality_oriented,cat4_adapted_005,4.222233333333333,0.006959666666666667
qwen3_235b,neutrality_oriented,cat4_orig_001,4.111133333333333,0.045371333333333326
qwen3_235b,neutrality_oriented,cat4_orig_002,3.7778000000000005,0.018759666666666668
qwen3_235b,neutrality_oriented,cat4_orig_003,3.555566666666667,0.014492999999999999
qwen3_235b,neutrality_oriented,cat4_orig_004,3.444433333333333,0.008264
qwen3_235b,neutrality_oriented,cat4_orig_005,4.7778,0.031971
qwen3_235b,neutrality_oriented,cat4_orig_006,4.3333,0.013466333333333335
qwen3_235b,neutrality_oriented,cat4_orig_007,4.0,0.013829333333333332
qwen3_235b,neutrality_oriented,cat4_orig_008,4.5555666666666665,0.09347899999999999
qwen3_235b,neutrality_oriented,cat4_orig_009,4.5555666666666665,0.007554333333333333
qwen3_235b,neutrality_oriented,cat4_orig_010,4.1111,0.013352000000000001
qwen3_235b,neutrality_oriented,cat4_real_001,5.0,0.004667999999999999
qwen3_235b,neutrality_oriented,cat4_real_002,4.333333333333333,0.02212566666666667
qwen3_235b,neutrality_oriented,cat4_real_003,4.5555666666666665,0.012573666666666665
qwen3_235b,neutrality_oriented,cat4_real_004,4.333366666666667,0.023553
qwen3_235b,neutrality_oriented,cat4_real_005,4.3333,0.016523333333333334
qwen3_235b,neutrality_oriented,cat5_adapted_001,4.4444333333333335,0.019781666666666666
qwen3_235b,neutrality_oriented,cat5_adapted_002,4.0,0.018022
qwen3_235b,neutrality_oriented,cat5_adapted_003,4.3333,0.03250533333333333
qwen3_235b,neutrality_oriented,cat5_adapted_004,3.7778000000000005,0.019790666666666665
qwen3_235b,neutrality_oriented,cat5_adapted_005,4.4444333333333335,0.011160333333333333
qwen3_235b,neutrality_oriented,cat5_orig_001,3.8889,0.013722666666666668
qwen3_235b,neutrality_oriented,cat5_orig_002,4.1111,0.011302
qwen3_235b,neutrality_oriented,cat5_orig_003,4.6667,0.009948666666666666
qwen3_235b,neutrality_oriented,cat5_orig_004,4.4444333333333335,0.005933666666666667
qwen3_235b,neutrality_oriented,cat5_orig_005,4.2222333333333335,0.009741333333333333
qwen3_235b,neutrality_oriented,cat5_orig_006,4.333333333333333,0.035678999999999995
qwen3_235b,neutrality_oriented,cat5_orig_007,4.8889,0.03683566666666666
qwen3_235b,neutrality_oriented,cat5_orig_008,4.6667,0.011083333333333334
qwen3_235b,neutrality_oriented,cat5_orig_009,4.111133333333333,0.014110333333333334
qwen3_235b,neutrality_oriented,cat5_orig_010,4.0,0.01868766666666667
qwen3_235b,neutrality_oriented,cat5_real_001,4.0,0.031027666666666665
qwen3_235b,neutrality_oriented,cat5_real_002,4.5555666666666665,0.012904333333333335
qwen3_235b,neutrality_oriented,cat5_real_003,3.8889,0.018464666666666667
qwen3_235b,neutrality_oriented,cat5_real_004,4.1111,0.013600666666666665
qwen3_235b,neutrality_oriented,cat5_real_005,3.444433333333333,0.019391333333333333
qwen3_235b,neutrality_oriented,cat6_adapted_001,4.2222333333333335,0.03938933333333333
qwen3_235b,neutrality_oriented,cat6_adapted_002,4.2222333333333335,0.038335
qwen3_235b,neutrality_oriented,cat6_adapted_003,4.1111,0.05729700000000001
qwen3_235b,neutrality_oriented,cat6_adapted_004,3.444433333333333,0.02216766666666667
qwen3_235b,neutrality_oriented,cat6_adapted_005,3.8889,0.044879
qwen3_235b,neutrality_oriented,cat6_orig_001,3.7778000000000005,0.030472
qwen3_235b,neutrality_oriented,cat6_orig_002,3.555566666666667,0.013994333333333333
qwen3_235b,neutrality_oriented,cat6_orig_003,3.444466666666667,0.117245
qwen3_235b,neutrality_oriented,cat6_orig_004,3.8889,0.027440999999999997
qwen3_235b,neutrality_oriented,cat6_orig_005,3.555566666666667,0.016107333333333335
qwen3_235b,neutrality_oriented,cat6_orig_006,3.6667,0.03470466666666667
qwen3_235b,neutrality_oriented,cat6_orig_007,4.0,0.02949133333333333
qwen3_235b,neutrality_oriented,cat6_orig_008,4.333333333333333,0.023458999999999997
qwen3_235b,neutrality_oriented,cat6_orig_009,3.444433333333333,0.026721666666666668
qwen3_235b,neutrality_oriented,cat6_orig_010,4.0,0.046036999999999995
qwen3_235b,neutrality_oriented,cat6_real_001,3.7778000000000005,0.12693100000000002
qwen3_235b,neutrality_oriented,cat6_real_002,3.3333,0.026135666666666668
qwen3_235b,neutrality_oriented,cat6_real_003,3.7778000000000005,0.02879
qwen3_235b,neutrality_oriented,cat6_real_004,3.8889,0.04490366666666667
qwen3_235b,neutrality_oriented,cat6_real_005,4.4444333333333335,0.032399333333333336
qwen3_235b,neutrality_oriented,cat7_adapted_001,4.8889,0.05385033333333333
qwen3_235b,neutrality_oriented,cat7_adapted_002,4.333333333333333,0.018442999999999998
qwen3_235b,neutrality_oriented,cat7_adapted_003,3.7778000000000005,0.10139533333333334
qwen3_235b,neutrality_oriented,cat7_adapted_004,4.1111,0.014503333333333333
qwen3_235b,neutrality_oriented,cat7_adapted_005,4.666666666666667,0.06882733333333334
qwen3_235b,neutrality_oriented,cat7_orig_001,4.2222,0.006940333333333333
qwen3_235b,neutrality_oriented,cat7_orig_002,4.333366666666667,0.04457
qwen3_235b,neutrality_oriented,cat7_orig_003,4.333333333333333,0.047984666666666675
qwen3_235b,neutrality_oriented,cat7_orig_004,4.6667,0.06237
qwen3_235b,neutrality_oriented,cat7_orig_005,4.5555666666666665,0.03890066666666667
qwen3_235b,neutrality_oriented,cat7_orig_006,4.6667,0.013934666666666666
qwen3_235b,neutrality_oriented,cat7_orig_007,4.555533333333334,0.11290166666666666
qwen3_235b,neutrality_oriented,cat7_orig_008,5.0,0.03471966666666667
qwen3_235b,neutrality_oriented,cat7_orig_009,4.333333333333333,0.010605000000000002
qwen3_235b,neutrality_oriented,cat7_orig_010,4.1111,0.040156
qwen3_235b,neutrality_oriented,cat7_real_001,3.7778000000000005,0.047383666666666664
qwen3_235b,neutrality_oriented,cat7_real_002,4.0,0.034021
qwen3_235b,neutrality_oriented,cat7_real_003,3.555566666666667,0.07624733333333333
qwen3_235b,neutrality_oriented,cat7_real_004,3.7778000000000005,0.018909
qwen3_235b,neutrality_oriented,cat7_real_005,4.0,0.026184333333333334
qwen3_235b,utility_first,cat1_adapted_001,3.777766666666667,0.028055333333333335
qwen3_235b,utility_first,cat1_adapted_002,3.2221999999999995,0.03601033333333333
qwen3_235b,utility_first,cat1_adapted_003,3.2221999999999995,0.04760066666666666
qwen3_235b,utility_first,cat1_adapted_004,3.1111333333333335,0.011194999999999998
qwen3_235b,utility_first,cat1_adapted_005,3.7777666666666665,0.016117000000000003
qwen3_235b,utility_first,cat1_orig_001,3.555566666666667,0.005277
qwen3_235b,utility_first,cat1_orig_002,3.444433333333333,0.030269
qwen3_235b,utility_first,cat1_orig_003,3.555566666666667,0.027536
qwen3_235b,utility_first,cat1_orig_004,3.6666666666666665,0.007112333333333334
qwen3_235b,utility_first,cat1_orig_005,3.1111,0.013112666666666667
qwen3_235b,utility_first,cat1_orig_006,3.3333333333333335,0.030146000000000003
qwen3_235b,utility_first,cat1_orig_007,3.555566666666667,0.017665
qwen3_235b,utility_first,cat1_orig_008,3.0,0.007574
qwen3_235b,utility_first,cat1_orig_009,2.7778000000000005,0.039446666666666665
qwen3_235b,utility_first,cat1_orig_010,3.2221999999999995,0.023567
qwen3_235b,utility_first,cat1_real_001,4.0,0.027026333333333333
qwen3_235b,utility_first,cat1_real_002,3.444433333333333,0.018693666666666667
qwen3_235b,utility_first,cat1_real_003,3.2222333333333335,0.04341133333333333
qwen3_235b,utility_first,cat1_real_004,4.0,0.008551999999999999
qwen3_235b,utility_first,cat1_real_005,4.2222,0.029874333333333336
qwen3_235b,utility_first,cat2_adapted_001,3.444466666666667,0.03298633333333333
qwen3_235b,utility_first,cat2_adapted_002,3.7778000000000005,0.013313
qwen3_235b,utility_first,cat2_adapted_003,3.7777666666666665,0.08797533333333334
qwen3_235b,utility_first,cat2_adapted_004,4.2222333333333335,0.031853
qwen3_235b,utility_first,cat2_adapted_005,3.3333333333333335,0.024008666666666664
qwen3_235b,utility_first,cat2_orig_001,3.444466666666667,0.021121333333333336
qwen3_235b,utility_first,cat2_orig_002,3.555566666666667,0.021877999999999998
qwen3_235b,utility_first,cat2_orig_003,4.0,0.006906333333333334
qwen3_235b,utility_first,cat2_orig_004,4.0,0.010423
qwen3_235b,utility_first,cat2_orig_005,3.8889,0.020128333333333335
qwen3_235b,utility_first,cat2_orig_006,4.3333,0.053452
qwen3_235b,utility_first,cat2_orig_007,4.5555666666666665,0.016685333333333333
qwen3_235b,utility_first,cat2_orig_008,3.1111,0.002241
qwen3_235b,utility_first,cat2_orig_009,4.7778,0.032920333333333336
qwen3_235b,utility_first,cat2_orig_010,4.0,0.07468333333333334
qwen3_235b,utility_first,cat2_real_001,4.333366666666667,0.020429
qwen3_235b,utility_first,cat2_real_002,4.2222,0.015136666666666666
qwen3_235b,utility_first,cat2_real_003,3.444433333333334,0.021831666666666666
qwen3_235b,utility_first,cat2_real_004,3.6666666666666665,0.013539666666666667
qwen3_235b,utility_first,cat2_real_005,4.0000333333333336,0.032342
qwen3_235b,utility_first,cat3_adapted_001,2.8889,0.021585000000000003
qwen3_235b,utility_first,cat3_adapted_002,3.444433333333333,0.053470666666666666
qwen3_235b,utility_first,cat3_adapted_003,3.1111,0.04928866666666667
qwen3_235b,utility_first,cat3_adapted_004,2.555566666666667,0.021595666666666666
qwen3_235b,utility_first,cat3_adapted_005,2.7777666666666665,0.012218666666666668
qwen3_235b,utility_first,cat3_orig_001,3.444433333333333,0.05977133333333332
qwen3_235b,utility_first,cat3_orig_002,3.1111,0.027724666666666665
qwen3_235b,utility_first,cat3_orig_003,2.8889,0.016749999999999998
qwen3_235b,utility_first,cat3_orig_004,3.7778000000000005,0.030768
qwen3_235b,utility_first,cat3_orig_005,3.2222333333333335,0.011755
qwen3_235b,utility_first,cat3_orig_006,3.0,0.011518333333333334
qwen3_235b,utility_first,cat3_orig_007,2.7778000000000005,0.02582833333333333
qwen3_235b,utility_first,cat3_orig_008,3.1111,0.015581333333333334
qwen3_235b,utility_first,cat3_orig_009,3.2222333333333335,0.042548
qwen3_235b,utility_first,cat3_orig_010,3.444433333333333,0.016760999999999998
qwen3_235b,utility_first,cat3_real_001,3.3333333333333335,0.058369000000000004
qwen3_235b,utility_first,cat3_real_002,3.6666666666666665,0.02760333333333333
qwen3_235b,utility_first,cat3_real_003,2.8889,0.011546333333333334
qwen3_235b,utility_first,cat3_real_004,3.2222333333333335,0.03980633333333333
qwen3_235b,utility_first,cat3_real_005,3.6666666666666665,0.018298333333333333
qwen3_235b,utility_first,cat4_adapted_001,3.555566666666667,0.028240666666666664
qwen3_235b,utility_first,cat4_adapted_002,3.999966666666667,0.027119
qwen3_235b,utility_first,cat4_adapted_003,4.0,0.04582033333333333
qwen3_235b,utility_first,cat4_adapted_004,2.6666333333333334,0.023970333333333333
qwen3_235b,utility_first,cat4_adapted_005,3.7778000000000005,0.009803000000000001
qwen3_235b,utility_first,cat4_orig_001,3.2222333333333335,0.057611666666666665
qwen3_235b,utility_first,cat4_orig_002,3.2222333333333335,0.036388
qwen3_235b,utility_first,cat4_orig_003,3.3333,0.022487333333333335
qwen3_235b,utility_first,cat4_orig_004,3.0,0.010936666666666666
qwen3_235b,utility_first,cat4_orig_005,3.6666666666666665,0.021201333333333332
qwen3_235b,utility_first,cat4_orig_006,3.888866666666667,0.015547
qwen3_235b,utility_first,cat4_orig_007,3.3333333333333335,0.03492633333333333
qwen3_235b,utility_first,cat4_orig_008,4.2222333333333335,0.08475466666666666
qwen3_235b,utility_first,cat4_orig_009,4.4444333333333335,0.009566333333333333
qwen3_235b,utility_first,cat4_orig_010,3.8889,0.005804
qwen3_235b,utility_first,cat4_real_001,5.0,0.015379666666666666
qwen3_235b,utility_first,cat4_real_002,4.1111,0.031891333333333334
qwen3_235b,utility_first,cat4_real_003,4.1111,0.020117
qwen3_235b,utility_first,cat4_real_004,4.222233333333333,0.027185333333333336
qwen3_235b,utility_first,cat4_real_005,4.6667,0.015666333333333334
qwen3_235b,utility_first,cat5_adapted_001,4.1111,0.0040473333333333325
qwen3_235b,utility_first,cat5_adapted_002,3.888866666666667,0.017042666666666668
qwen3_235b,utility_first,cat5_adapted_003,4.1111,0.023382333333333335
qwen3_235b,utility_first,cat5_adapted_004,3.444433333333333,0.027740333333333336
qwen3_235b,utility_first,cat5_adapted_005,4.2222,0.004379333333333333
qwen3_235b,utility_first,cat5_orig_001,3.3333333333333335,0.028196
qwen3_235b,utility_first,cat5_orig_002,3.2221999999999995,0.017513
qwen3_235b,utility_first,cat5_orig_003,4.0,0.021785
qwen3_235b,utility_first,cat5_orig_004,4.6667,0.019597333333333335
qwen3_235b,utility_first,cat5_orig_005,4.333333333333333,0.022983666666666666
qwen3_235b,utility_first,cat5_orig_006,4.1111,0.031052
qwen3_235b,utility_first,cat5_orig_007,3.8888999999999996,0.05015166666666667
qwen3_235b,utility_first,cat5_orig_008,4.4444333333333335,0.02591
qwen3_235b,utility_first,cat5_orig_009,4.111133333333333,0.0044399999999999995
qwen3_235b,utility_first,cat5_orig_010,3.3333,0.021715
qwen3_235b,utility_first,cat5_real_001,3.1111,0.07503800000000001
qwen3_235b,utility_first,cat5_real_002,4.333333333333333,0.025115666666666665
qwen3_235b,utility_first,cat5_real_003,3.7777666666666665,0.019888333333333334
qwen3_235b,utility_first,cat5_real_004,3.6666666666666665,0.022864333333333334
qwen3_235b,utility_first,cat5_real_005,3.6667,0.029696333333333335
qwen3_235b,utility_first,cat6_adapted_001,2.8889,0.004887666666666666
qwen3_235b,utility_first,cat6_adapted_002,4.222233333333333,0.04560500000000001
qwen3_235b,utility_first,cat6_adapted_003,2.8889,0.047186000000000006
qwen3_235b,utility_first,cat6_adapted_004,3.6666666666666665,0.021170666666666667
qwen3_235b,utility_first,cat6_adapted_005,3.6666666666666665,0.043172999999999996
qwen3_235b,utility_first,cat6_orig_001,3.1111,0.03077533333333333
qwen3_235b,utility_first,cat6_orig_002,2.7778000000000005,0.009752
qwen3_235b,utility_first,cat6_orig_003,3.3333333333333335,0.12699733333333332
qwen3_235b,utility_first,cat6_orig_004,3.555533333333333,0.017212
qwen3_235b,utility_first,cat6_orig_005,3.0,0.028948666666666668
qwen3_235b,utility_first,cat6_orig_006,3.2221999999999995,0.021934
qwen3_235b,utility_first,cat6_orig_007,1.6666666666666667,0.04466333333333333
qwen3_235b,utility_first,cat6_orig_008,2.6666333333333334,0.036754666666666665
qwen3_235b,utility_first,cat6_orig_009,3.3333333333333335,0.022125666666666665
qwen3_235b,utility_first,cat6_orig_010,3.8889,0.03889666666666667
qwen3_235b,utility_first,cat6_real_001,3.444433333333333,0.06351366666666668
qwen3_235b,utility_first,cat6_real_002,3.0,0.03641833333333333
qwen3_235b,utility_first,cat6_real_003,3.555566666666667,0.023311666666666665
qwen3_235b,utility_first,cat6_real_004,3.444433333333333,0.02964233333333333
qwen3_235b,utility_first,cat6_real_005,3.7777666666666665,0.03552366666666667
qwen3_235b,utility_first,cat7_adapted_001,2.555566666666667,0.028007333333333332
qwen3_235b,utility_first,cat7_adapted_002,3.0,0.025044333333333335
qwen3_235b,utility_first,cat7_adapted_003,3.2221999999999995,0.102231
qwen3_235b,utility_first,cat7_adapted_004,2.8888666666666665,0.019604333333333335
qwen3_235b,utility_first,cat7_adapted_005,3.1111,0.053039333333333334
qwen3_235b,utility_first,cat7_orig_001,3.0,0.022113999999999998
qwen3_235b,utility_first,cat7_orig_002,3.0,0.052047
qwen3_235b,utility_first,cat7_orig_003,2.555566666666667,0.053891
qwen3_235b,utility_first,cat7_orig_004,3.444433333333333,0.10571199999999999
qwen3_235b,utility_first,cat7_orig_005,3.2221999999999995,0.022497
qwen3_235b,utility_first,cat7_orig_006,2.444433333333333,0.026016
qwen3_235b,utility_first,cat7_orig_007,3.1111,0.11726666666666667
qwen3_235b,utility_first,cat7_orig_008,2.444433333333333,0.027037999999999996
qwen3_235b,utility_first,cat7_orig_009,2.8889,0.04199066666666667
qwen3_235b,utility_first,cat7_orig_010,3.2222333333333335,0.053976666666666666
qwen3_235b,utility_first,cat7_real_001,3.0,0.03214266666666666
qwen3_235b,utility_first,cat7_real_002,3.8889,0.05773166666666666
qwen3_235b,utility_first,cat7_real_003,3.444433333333333,0.09722533333333333
qwen3_235b,utility_first,cat7_real_004,3.2222333333333335,0.014507999999999998
qwen3_235b,utility_first,cat7_real_005,3.8889,0.08700400000000001
qwen3_235b,vanilla,cat1_adapted_001,4.111133333333333,0.037773
qwen3_235b,vanilla,cat1_adapted_002,3.2221999999999995,0.06986333333333333
qwen3_235b,vanilla,cat1_adapted_003,4.2222333333333335,0.012620000000000001
qwen3_235b,vanilla,cat1_adapted_004,3.1111,0.01744566666666667
qwen3_235b,vanilla,cat1_adapted_005,3.6666666666666665,0.013348333333333335
qwen3_235b,vanilla,cat1_orig_001,4.0,0.009013333333333333
qwen3_235b,vanilla,cat1_orig_002,3.1111,0.04853333333333334
qwen3_235b,vanilla,cat1_orig_003,4.3333,0.019003666666666665
qwen3_235b,vanilla,cat1_orig_004,4.0000333333333336,0.006443333333333333
qwen3_235b,vanilla,cat1_orig_005,4.2222,0.005445666666666667
qwen3_235b,vanilla,cat1_orig_006,4.4444333333333335,0.017524333333333333
qwen3_235b,vanilla,cat1_orig_007,4.1111,0.022760666666666665
qwen3_235b,vanilla,cat1_orig_008,3.555533333333333,0.026725666666666665
qwen3_235b,vanilla,cat1_orig_009,4.666666666666667,0.06996866666666667
qwen3_235b,vanilla,cat1_orig_010,3.8889,0.024551
qwen3_235b,vanilla,cat1_real_001,4.5555666666666665,0.05606366666666667
qwen3_235b,vanilla,cat1_real_002,4.5555666666666665,0.03149333333333334
qwen3_235b,vanilla,cat1_real_003,4.3333,0.03746566666666667
qwen3_235b,vanilla,cat1_real_004,4.7778,0.005511333333333333
qwen3_235b,vanilla,cat1_real_005,4.444466666666666,0.03084833333333333
qwen3_235b,vanilla,cat2_adapted_001,3.8889,0.029606666666666667
qwen3_235b,vanilla,cat2_adapted_002,3.8889,0.017864
qwen3_235b,vanilla,cat2_adapted_003,3.7778000000000005,0.03515766666666666
qwen3_235b,vanilla,cat2_adapted_004,3.8888999999999996,0.003704666666666667
qwen3_235b,vanilla,cat2_adapted_005,3.7778000000000005,0.011537
qwen3_235b,vanilla,cat2_orig_001,4.0,0.01917366666666667
qwen3_235b,vanilla,cat2_orig_002,3.6666666666666665,0.014198666666666665
qwen3_235b,vanilla,cat2_orig_003,3.8889,0.016315333333333334
qwen3_235b,vanilla,cat2_orig_004,4.0000333333333336,0.019181666666666666
qwen3_235b,vanilla,cat2_orig_005,3.8889,0.018803666666666666
qwen3_235b,vanilla,cat2_orig_006,3.6666666666666665,0.07341466666666667
qwen3_235b,vanilla,cat2_orig_007,4.4444333333333335,0.009652666666666665
qwen3_235b,vanilla,cat2_orig_008,3.7778000000000005,0.018629666666666666
qwen3_235b,vanilla,cat2_orig_009,4.0,0.015393000000000002
qwen3_235b,vanilla,cat2_orig_010,4.3333,0.059516000000000006
qwen3_235b,vanilla,cat2_real_001,4.3333,0.014553333333333333
qwen3_235b,vanilla,cat2_real_002,4.333333333333333,0.014094666666666667
qwen3_235b,vanilla,cat2_real_003,4.3333,0.026837
qwen3_235b,vanilla,cat2_real_004,4.4444333333333335,0.017484666666666666
qwen3_235b,vanilla,cat2_real_005,4.666666666666667,0.01717666666666667
qwen3_235b,vanilla,cat3_adapted_001,4.6667,0.009762
qwen3_235b,vanilla,cat3_adapted_002,4.5555666666666665,0.02053
qwen3_235b,vanilla,cat3_adapted_003,4.0,0.024712333333333336
qwen3_235b,vanilla,cat3_adapted_004,4.5555666666666665,0.030278333333333334
qwen3_235b,vanilla,cat3_adapted_005,3.8889,0.027613
qwen3_235b,vanilla,cat3_orig_001,4.5555666666666665,0.030006666666666668
qwen3_235b,vanilla,cat3_orig_002,4.0,0.022359666666666667
qwen3_235b,vanilla,cat3_orig_003,3.7777666666666665,0.021174
qwen3_235b,vanilla,cat3_orig_004,4.1111,0.012491999999999998
qwen3_235b,vanilla,cat3_orig_005,3.3333333333333335,0.007847666666666668
qwen3_235b,vanilla,cat3_orig_006,4.2222,0.023188
qwen3_235b,vanilla,cat3_orig_007,4.3333,0.04658933333333334
qwen3_235b,vanilla,cat3_orig_008,4.0,0.024209666666666668
qwen3_235b,vanilla,cat3_orig_009,3.6666666666666665,0.05837933333333334
qwen3_235b,vanilla,cat3_orig_010,3.8889,0.02346166666666667
qwen3_235b,vanilla,cat3_real_001,4.6667,0.03488633333333333
qwen3_235b,vanilla,cat3_real_002,4.5555666666666665,0.010708333333333334
qwen3_235b,vanilla,cat3_real_003,4.0000333333333336,0.016132999999999998
qwen3_235b,vanilla,cat3_real_004,4.5555666666666665,0.024106666666666665
qwen3_235b,vanilla,cat3_real_005,4.333333333333333,0.031586666666666666
qwen3_235b,vanilla,cat4_adapted_001,3.888866666666667,0.019033333333333333
qwen3_235b,vanilla,cat4_adapted_002,3.8889,0.013431333333333332
qwen3_235b,vanilla,cat4_adapted_003,4.1111,0.03602866666666667
qwen3_235b,vanilla,cat4_adapted_004,4.0,0.024842000000000003
qwen3_235b,vanilla,cat4_adapted_005,4.2222,0.008858333333333334
qwen3_235b,vanilla,cat4_orig_001,4.1111,0.03229166666666667
qwen3_235b,vanilla,cat4_orig_002,3.555566666666667,0.012736666666666667
qwen3_235b,vanilla,cat4_orig_003,3.7778000000000005,0.014962666666666666
qwen3_235b,vanilla,cat4_orig_004,3.555566666666667,0.010997
qwen3_235b,vanilla,cat4_orig_005,4.333333333333333,0.02240433333333333
qwen3_235b,vanilla,cat4_orig_006,4.1111,0.019703333333333333
qwen3_235b,vanilla,cat4_orig_007,3.7778000000000005,0.009770333333333334
qwen3_235b,vanilla,cat4_orig_008,4.3333,0.09241366666666667
qwen3_235b,vanilla,cat4_orig_009,4.555533333333334,0.010707666666666666
qwen3_235b,vanilla,cat4_orig_010,4.2222,0.015956
qwen3_235b,vanilla,cat4_real_001,5.0,0.006828999999999999
qwen3_235b,vanilla,cat4_real_002,4.666666666666667,0.027861999999999998
qwen3_235b,vanilla,cat4_real_003,4.2222,0.017605333333333334
qwen3_235b,vanilla,cat4_real_004,4.5555666666666665,0.025464333333333335
qwen3_235b,vanilla,cat4_real_005,4.7778,0.014518000000000001
qwen3_235b,vanilla,cat5_adapted_001,4.333333333333333,0.015562
qwen3_235b,vanilla,cat5_adapted_002,4.6667,0.007291333333333334
qwen3_235b,vanilla,cat5_adapted_003,4.4444333333333335,0.024908333333333334
qwen3_235b,vanilla,cat5_adapted_004,4.1111,0.024743333333333336
qwen3_235b,vanilla,cat5_adapted_005,4.4444333333333335,0.013979
qwen3_235b,vanilla,cat5_orig_001,3.8889,0.018363
qwen3_235b,vanilla,cat5_orig_002,4.222233333333333,0.026377333333333336
qwen3_235b,vanilla,cat5_orig_003,4.1111,0.016515666666666665
qwen3_235b,vanilla,cat5_orig_004,4.4444333333333335,0.0075313333333333335
qwen3_235b,vanilla,cat5_orig_005,4.1111,0.013571666666666668
qwen3_235b,vanilla,cat5_orig_006,4.4444333333333335,0.03362433333333333
qwen3_235b,vanilla,cat5_orig_007,4.2222,0.038355
qwen3_235b,vanilla,cat5_orig_008,4.666666666666667,0.012729666666666667
qwen3_235b,vanilla,cat5_orig_009,4.5555666666666665,0.014758
qwen3_235b,vanilla,cat5_orig_010,3.8889,0.013675000000000001
qwen3_235b,vanilla,cat5_real_001,3.999966666666667,0.022960666666666667
qwen3_235b,vanilla,cat5_real_002,4.6667,0.023254666666666663
qwen3_235b,vanilla,cat5_real_003,3.777766666666667,0.018630999999999998
qwen3_235b,vanilla,cat5_real_004,4.1111,0.02029866666666667
qwen3_235b,vanilla,cat5_real_005,3.444433333333333,0.040591666666666665
qwen3_235b,vanilla,cat6_adapted_001,4.0,0.011738333333333332
qwen3_235b,vanilla,cat6_adapted_002,4.0,0.010486
qwen3_235b,vanilla,cat6_adapted_003,3.444466666666667,0.04444133333333333
qwen3_235b,vanilla,cat6_adapted_004,3.3333,0.025664333333333334
qwen3_235b,vanilla,cat6_adapted_005,3.555533333333333,0.047175333333333326
qwen3_235b,vanilla,cat6_orig_001,3.444433333333333,0.020467333333333334
qwen3_235b,vanilla,cat6_orig_002,3.444466666666667,0.012701666666666667
qwen3_235b,vanilla,cat6_orig_003,3.3333333333333335,0.08983366666666666
qwen3_235b,vanilla,cat6_orig_004,3.444433333333333,0.027179666666666668
qwen3_235b,vanilla,cat6_orig_005,3.999966666666667,0.013949666666666666
qwen3_235b,vanilla,cat6_orig_006,3.2221999999999995,0.030165666666666664
qwen3_235b,vanilla,cat6_orig_007,3.8889,0.03310566666666667
qwen3_235b,vanilla,cat6_orig_008,3.1111333333333335,0.018626666666666666
qwen3_235b,vanilla,cat6_orig_009,3.7778000000000005,0.036591000000000005
qwen3_235b,vanilla,cat6_orig_010,4.2222,0.04074333333333333
qwen3_235b,vanilla,cat6_real_001,4.4444333333333335,0.13762
qwen3_235b,vanilla,cat6_real_002,3.6666666666666665,0.026645666666666668
qwen3_235b,vanilla,cat6_real_003,3.8889,0.02369866666666667
qwen3_235b,vanilla,cat6_real_004,3.444466666666667,0.023333000000000003
qwen3_235b,vanilla,cat6_real_005,4.0,0.03832633333333333
qwen3_235b,vanilla,cat7_adapted_001,4.1111,0.03836266666666666
qwen3_235b,vanilla,cat7_adapted_002,4.333333333333333,0.026045666666666665
qwen3_235b,vanilla,cat7_adapted_003,3.6667,0.11195899999999999
qwen3_235b,vanilla,cat7_adapted_004,4.1111,0.0035686666666666666
qwen3_235b,vanilla,cat7_adapted_005,3.8889,0.07801366666666666
qwen3_235b,vanilla,cat7_orig_001,4.1111,0.05873233333333333
qwen3_235b,vanilla,cat7_orig_002,3.8889,0.083408
qwen3_235b,vanilla,cat7_orig_003,4.4444333333333335,0.04646066666666667
qwen3_235b,vanilla,cat7_orig_004,4.444466666666666,0.060256
qwen3_235b,vanilla,cat7_orig_005,4.0,0.02698766666666667
qwen3_235b,vanilla,cat7_orig_006,4.333333333333333,0.014190666666666666
qwen3_235b,vanilla,cat7_orig_007,4.333333333333333,0.12742299999999998
qwen3_235b,vanilla,cat7_orig_008,5.0,0.02708466666666667
qwen3_235b,vanilla,cat7_orig_009,4.5555666666666665,0.023339333333333333
qwen3_235b,vanilla,cat7_orig_010,4.2222,0.03571933333333333
qwen3_235b,vanilla,cat7_real_001,4.2222,0.060909
qwen3_235b,vanilla,cat7_real_002,3.8889,0.06761233333333333
qwen3_235b,vanilla,cat7_real_003,4.0000333333333336,0.07536833333333333
qwen3_235b,vanilla,cat7_real_004,3.555566666666667,0.014610666666666668
qwen3_235b,vanilla,cat7_real_005,4.1111,0.055768000000000005
qwen3_local,clarification_first,cat1_adapted_001,4.8889,0.007002
qwen3_local,clarification_first,cat1_adapted_002,5.0,0.03514899999999999
qwen3_local,clarification_first,cat1_adapted_003,4.666666666666667,0.019905666666666665
qwen3_local,clarification_first,cat1_adapted_004,4.2222333333333335,0.032497
qwen3_local,clarification_first,cat1_adapted_005,4.7778,0.017628333333333333
qwen3_local,clarification_first,cat1_orig_001,5.0,0.011229000000000001
qwen3_local,clarification_first,cat1_orig_002,3.444433333333333,0.027994333333333333
qwen3_local,clarification_first,cat1_orig_003,5.0,0.007116666666666667
qwen3_local,clarification_first,cat1_orig_004,4.333333333333333,0.022464666666666664
qwen3_local,clarification_first,cat1_orig_005,5.0,0.018295666666666665
qwen3_local,clarification_first,cat1_orig_006,5.0,0.03468566666666666
qwen3_local,clarification_first,cat1_orig_007,5.0,0.028807333333333334
qwen3_local,clarification_first,cat1_orig_008,5.0,0.039669
qwen3_local,clarification_first,cat1_orig_009,5.0,0.02115566666666667
qwen3_local,clarification_first,cat1_orig_010,4.0,0.02544266666666667
qwen3_local,clarification_first,cat1_real_001,4.0,0.033001333333333334
qwen3_local,clarification_first,cat1_real_002,4.8889,0.02216733333333333
qwen3_local,clarification_first,cat1_real_003,4.8889,0.08376166666666666
qwen3_local,clarification_first,cat1_real_004,5.0,0.02817233333333333
qwen3_local,clarification_first,cat1_real_005,4.666666666666667,0.08811633333333334
qwen3_local,clarification_first,cat2_adapted_001,3.6666666666666665,0.019922
qwen3_local,clarification_first,cat2_adapted_002,4.333333333333333,0.025651666666666666
qwen3_local,clarification_first,cat2_adapted_003,4.777766666666667,0.03146366666666667
qwen3_local,clarification_first,cat2_adapted_004,4.4444333333333335,0.022738666666666667
qwen3_local,clarification_first,cat2_adapted_005,4.666666666666667,0.03623199999999999
qwen3_local,clarification_first,cat2_orig_001,4.333333333333333,0.019129333333333335
qwen3_local,clarification_first,cat2_orig_002,4.8889,0.010393999999999999
qwen3_local,clarification_first,cat2_orig_003,3.8889,0.037269666666666666
qwen3_local,clarification_first,cat2_orig_004,3.555566666666667,0.017581333333333334
qwen3_local,clarification_first,cat2_orig_005,5.0,0.039309666666666666
qwen3_local,clarification_first,cat2_orig_006,4.222233333333333,0.036401666666666666
qwen3_local,clarification_first,cat2_orig_007,4.666666666666667,0.054130000000000005
qwen3_local,clarification_first,cat2_orig_008,4.333333333333333,0.024731
qwen3_local,clarification_first,cat2_orig_009,4.666666666666667,0.029557333333333335
qwen3_local,clarification_first,cat2_orig_010,4.6667,0.02943633333333333
qwen3_local,clarification_first,cat2_real_001,4.5555666666666665,0.028800000000000003
qwen3_local,clarification_first,cat2_real_002,4.4444333333333335,0.04161766666666667
qwen3_local,clarification_first,cat2_real_003,4.2222,0.015958666666666666
qwen3_local,clarification_first,cat2_real_004,4.777766666666667,0.024242333333333334
qwen3_local,clarification_first,cat2_real_005,4.0,0.011748333333333333
qwen3_local,clarification_first,cat3_adapted_001,5.0,0.025687666666666664
qwen3_local,clarification_first,cat3_adapted_002,4.7778,0.035686666666666665
qwen3_local,clarification_first,cat3_adapted_003,5.0,0.013101999999999997
qwen3_local,clarification_first,cat3_adapted_004,5.0,0.05839233333333333
qwen3_local,clarification_first,cat3_adapted_005,5.0,0.011418
qwen3_local,clarification_first,cat3_orig_001,4.8889,0.029038333333333333
qwen3_local,clarification_first,cat3_orig_002,4.4444333333333335,0.05033566666666667
qwen3_local,clarification_first,cat3_orig_003,4.1111,0.047116
qwen3_local,clarification_first,cat3_orig_004,5.0,0.02384
qwen3_local,clarification_first,cat3_orig_005,4.4444333333333335,0.015119333333333332
qwen3_local,clarification_first,cat3_orig_006,5.0,0.017381333333333332
qwen3_local,clarification_first,cat3_orig_007,4.8889,0.020250666666666667
qwen3_local,clarification_first,cat3_orig_008,5.0,0.016038
qwen3_local,clarification_first,cat3_orig_009,5.0,0.031654999999999996
qwen3_local,clarification_first,cat3_orig_010,4.333333333333333,0.021738666666666667
qwen3_local,clarification_first,cat3_real_001,4.8889,0.011601
qwen3_local,clarification_first,cat3_real_002,5.0,0.023094
qwen3_local,clarification_first,cat3_real_003,4.8889,0.024103
qwen3_local,clarification_first,cat3_real_004,5.0,0.02217166666666667
qwen3_local,clarification_first,cat3_real_005,5.0,0.026570333333333335
qwen3_local,clarification_first,cat4_adapted_001,4.1111,0.011460333333333331
qwen3_local,clarification_first,cat4_adapted_002,4.2222333333333335,0.02837033333333333
qwen3_local,clarification_first,cat4_adapted_003,4.1111,0.029823666666666665
qwen3_local,clarification_first,cat4_adapted_004,4.3333,0.010612000000000002
qwen3_local,clarification_first,cat4_adapted_005,5.0,0.030728000000000002
qwen3_local,clarification_first,cat4_orig_001,4.0,0.016929
qwen3_local,clarification_first,cat4_orig_002,4.2222,0.016069666666666666
qwen3_local,clarification_first,cat4_orig_003,5.0,0.04072233333333333
qwen3_local,clarification_first,cat4_orig_004,4.2222,0.03991466666666667
qwen3_local,clarification_first,cat4_orig_005,4.555533333333334,0.01666933333333333
qwen3_local,clarification_first,cat4_orig_006,5.0,0.036292333333333336
qwen3_local,clarification_first,cat4_orig_007,4.555533333333334,0.02751366666666667
qwen3_local,clarification_first,cat4_orig_008,3.444433333333333,0.025722666666666668
qwen3_local,clarification_first,cat4_orig_009,4.666666666666667,0.064956
qwen3_local,clarification_first,cat4_orig_010,4.5555666666666665,0.031744666666666664
qwen3_local,clarification_first,cat4_real_001,5.0,0.021199333333333334
qwen3_local,clarification_first,cat4_real_002,4.2222,0.022104
qwen3_local,clarification_first,cat4_real_003,4.777766666666667,0.013474666666666668
qwen3_local,clarification_first,cat4_real_004,4.8889,0.008997333333333335
qwen3_local,clarification_first,cat4_real_005,4.555533333333334,0.028400666666666668
qwen3_local,clarification_first,cat5_adapted_001,3.777766666666667,0.041486666666666665
qwen3_local,clarification_first,cat5_adapted_002,3.888866666666667,0.049901
qwen3_local,clarification_first,cat5_adapted_003,4.4444333333333335,0.018166666666666664
qwen3_local,clarification_first,cat5_adapted_004,4.8889,0.015253333333333334
qwen3_local,clarification_first,cat5_adapted_005,4.555533333333334,0.016676
qwen3_local,clarification_first,cat5_orig_001,4.2222,0.032862999999999996
qwen3_local,clarification_first,cat5_orig_002,4.333333333333333,0.009653
qwen3_local,clarification_first,cat5_orig_003,4.5555666666666665,0.021670666666666668
qwen3_local,clarification_first,cat5_orig_004,4.4444333333333335,0.020778333333333333
qwen3_local,clarification_first,cat5_orig_005,4.4444333333333335,0.012337
qwen3_local,clarification_first,cat5_orig_006,3.888866666666667,0.029349
qwen3_local,clarification_first,cat5_orig_007,3.888866666666667,0.046404
qwen3_local,clarification_first,cat5_orig_008,4.666666666666667,0.018999333333333333
qwen3_local,clarification_first,cat5_orig_009,4.2222333333333335,0.007141000000000001
qwen3_local,clarification_first,cat5_orig_010,4.333333333333333,0.029469
qwen3_local,clarification_first,cat5_real_001,5.0,0.04261966666666667
qwen3_local,clarification_first,cat5_real_002,4.666666666666667,0.03303533333333333
qwen3_local,clarification_first,cat5_real_003,5.0,0.010926333333333335
qwen3_local,clarification_first,cat5_real_004,2.7777666666666665,0.044590000000000005
qwen3_local,clarification_first,cat5_real_005,4.777766666666667,0.030432999999999998
qwen3_local,clarification_first,cat6_adapted_001,4.333333333333333,0.010365666666666667
qwen3_local,clarification_first,cat6_adapted_002,4.666666666666667,0.05412066666666667
qwen3_local,clarification_first,cat6_adapted_003,4.333333333333333,0.025423333333333336
qwen3_local,clarification_first,cat6_adapted_004,4.8889,0.036985
qwen3_local,clarification_first,cat6_adapted_005,3.8889,0.027369333333333332
qwen3_local,clarification_first,cat6_orig_001,4.5555666666666665,0.019647
qwen3_local,clarification_first,cat6_orig_002,4.1111,0.027916333333333335
qwen3_local,clarification_first,cat6_orig_003,4.777766666666667,0.05283566666666667
qwen3_local,clarification_first,cat6_orig_004,4.6667,0.024368
qwen3_local,clarification_first,cat6_orig_005,5.0,0.025181333333333333
qwen3_local,clarification_first,cat6_orig_006,5.0,0.013458999999999999
qwen3_local,clarification_first,cat6_orig_007,4.666666666666667,0.035859666666666665
qwen3_local,clarification_first,cat6_orig_008,4.666666666666667,0.042885000000000006
qwen3_local,clarification_first,cat6_orig_009,5.0,0.009906333333333335
qwen3_local,clarification_first,cat6_orig_010,4.666666666666667,0.030173333333333333
qwen3_local,clarification_first,cat6_real_001,4.3333,0.021611000000000002
qwen3_local,clarification_first,cat6_real_002,4.1110999999999995,0.032715666666666664
qwen3_local,clarification_first,cat6_real_003,5.0,0.03601633333333334
qwen3_local,clarification_first,cat6_real_004,4.4444333333333335,0.041927
qwen3_local,clarification_first,cat6_real_005,4.5555666666666665,0.026449
qwen3_local,clarification_first,cat7_adapted_001,4.7778,0.044368333333333336
qwen3_local,clarification_first,cat7_adapted_002,4.555533333333334,0.04452966666666667
qwen3_local,clarification_first,cat7_adapted_003,5.0,0.025709
qwen3_local,clarification_first,cat7_adapted_004,5.0,0.041006
qwen3_local,clarification_first,cat7_adapted_005,4.666666666666667,0.065511
qwen3_local,clarification_first,cat7_orig_001,5.0,0.020803666666666668
qwen3_local,clarification_first,cat7_orig_002,4.666666666666667,0.08143066666666667
qwen3_local,clarification_first,cat7_orig_003,4.666666666666667,0.077709
qwen3_local,clarification_first,cat7_orig_004,4.4444333333333335,0.027686666666666665
qwen3_local,clarification_first,cat7_orig_005,4.666666666666667,0.05309366666666667
qwen3_local,clarification_first,cat7_orig_006,5.0,0.049156
qwen3_local,clarification_first,cat7_orig_007,3.8889,0.023248
qwen3_local,clarification_first,cat7_orig_008,5.0,0.07692033333333333
qwen3_local,clarification_first,cat7_orig_009,4.7778,0.014035
qwen3_local,clarification_first,cat7_orig_010,5.0,0.05042233333333334
qwen3_local,clarification_first,cat7_real_001,5.0,0.05020766666666667
qwen3_local,clarification_first,cat7_real_002,4.3333,0.031713333333333336
qwen3_local,clarification_first,cat7_real_003,4.4444333333333335,0.046413666666666666
qwen3_local,clarification_first,cat7_real_004,3.888866666666667,0.056694666666666664
qwen3_local,clarification_first,cat7_real_005,4.0,0.03087266666666667
qwen3_local,neutrality_oriented,cat1_adapted_001,4.2222333333333335,0.038096
qwen3_local,neutrality_oriented,cat1_adapted_002,4.4444333333333335,0.035749666666666666
qwen3_local,neutrality_oriented,cat1_adapted_003,4.222233333333333,0.032577
qwen3_local,neutrality_oriented,cat1_adapted_004,4.333333333333333,0.031391333333333334
qwen3_local,neutrality_oriented,cat1_adapted_005,4.333333333333333,0.023660666666666667
qwen3_local,neutrality_oriented,cat1_orig_001,4.666666666666667,0.006099666666666666
qwen3_local,neutrality_oriented,cat1_orig_002,4.4444333333333335,0.015469666666666666
qwen3_local,neutrality_oriented,cat1_orig_003,5.0,0.009094
qwen3_local,neutrality_oriented,cat1_orig_004,5.0,0.016705666666666664
qwen3_local,neutrality_oriented,cat1_orig_005,4.7778,0.037861
qwen3_local,neutrality_oriented,cat1_orig_006,5.0,0.021116999999999997
qwen3_local,neutrality_oriented,cat1_orig_007,4.4444333333333335,0.04243866666666666
qwen3_local,neutrality_oriented,cat1_orig_008,4.666666666666667,0.022182999999999998
qwen3_local,neutrality_oriented,cat1_orig_009,4.7778,0.009855333333333334
qwen3_local,neutrality_oriented,cat1_orig_010,4.4444333333333335,0.006183
qwen3_local,neutrality_oriented,cat1_real_001,4.333333333333333,0.010440333333333334
qwen3_local,neutrality_oriented,cat1_real_002,4.6667,0.02458666666666667
qwen3_local,neutrality_oriented,cat1_real_003,4.666666666666667,0.10987766666666667
qwen3_local,neutrality_oriented,cat1_real_004,4.8889,0.021335999999999997
qwen3_local,neutrality_oriented,cat1_real_005,4.7778,0.03574966666666667
qwen3_local,neutrality_oriented,cat2_adapted_001,3.8889,0.020033
qwen3_local,neutrality_oriented,cat2_adapted_002,4.6667,0.009046666666666666
qwen3_local,neutrality_oriented,cat2_adapted_003,4.4444333333333335,0.0029533333333333334
qwen3_local,neutrality_oriented,cat2_adapted_004,4.333333333333333,0.0064990000000000004
qwen3_local,neutrality_oriented,cat2_adapted_005,4.0,0.020080999999999998
qwen3_local,neutrality_oriented,cat2_orig_001,3.8889,0.016045
qwen3_local,neutrality_oriented,cat2_orig_002,4.6667,0.03110133333333333
qwen3_local,neutrality_oriented,cat2_orig_003,4.0,0.015640666666666667
qwen3_local,neutrality_oriented,cat2_orig_004,4.444466666666666,0.02349066666666667
qwen3_local,neutrality_oriented,cat2_orig_005,4.2222,0.009516333333333333
qwen3_local,neutrality_oriented,cat2_orig_006,4.111133333333333,0.042715333333333334
qwen3_local,neutrality_oriented,cat2_orig_007,4.4444333333333335,0.027651333333333333
qwen3_local,neutrality_oriented,cat2_orig_008,3.888866666666667,0.011084000000000002
qwen3_local,neutrality_oriented,cat2_orig_009,4.6667,0.030668
qwen3_local,neutrality_oriented,cat2_orig_010,4.1111,0.028965666666666667
qwen3_local,neutrality_oriented,cat2_real_001,4.2222,0.008851
qwen3_local,neutrality_oriented,cat2_real_002,4.2222,0.031453
qwen3_local,neutrality_oriented,cat2_real_003,4.2222,0.011057666666666667
qwen3_local,neutrality_oriented,cat2_real_004,4.111133333333334,0.04962466666666667
qwen3_local,neutrality_oriented,cat2_real_005,4.444466666666666,0.010347333333333333
qwen3_local,neutrality_oriented,cat3_adapted_001,4.777766666666667,0.0045509999999999995
qwen3_local,neutrality_oriented,cat3_adapted_002,4.666666666666667,0.012767
qwen3_local,neutrality_oriented,cat3_adapted_003,4.5555666666666665,0.016544
qwen3_local,neutrality_oriented,cat3_adapted_004,4.4444333333333335,0.026807
qwen3_local,neutrality_oriented,cat3_adapted_005,4.333333333333333,0.022166
qwen3_local,neutrality_oriented,cat3_orig_001,4.333333333333333,0.015168000000000001
qwen3_local,neutrality_oriented,cat3_orig_002,4.111133333333333,0.03894333333333334
qwen3_local,neutrality_oriented,cat3_orig_003,4.1111,0.03940166666666667
qwen3_local,neutrality_oriented,cat3_orig_004,4.4444333333333335,0.037283000000000004
qwen3_local,neutrality_oriented,cat3_orig_005,4.0,0.012825666666666668
qwen3_local,neutrality_oriented,cat3_orig_006,4.6667,0.020141666666666665
qwen3_local,neutrality_oriented,cat3_orig_007,4.5555666666666665,0.045456666666666666
qwen3_local,neutrality_oriented,cat3_orig_008,4.4444333333333335,0.02344733333333333
qwen3_local,neutrality_oriented,cat3_orig_009,4.111133333333333,0.01791766666666667
qwen3_local,neutrality_oriented,cat3_orig_010,4.0,0.042167333333333334
qwen3_local,neutrality_oriented,cat3_real_001,4.6667,0.010774333333333335
qwen3_local,neutrality_oriented,cat3_real_002,4.5555666666666665,0.009165
qwen3_local,neutrality_oriented,cat3_real_003,4.444466666666666,0.022436333333333336
qwen3_local,neutrality_oriented,cat3_real_004,4.8889,0.038782000000000004
qwen3_local,neutrality_oriented,cat3_real_005,4.7778,0.018478333333333336
qwen3_local,neutrality_oriented,cat4_adapted_001,4.444466666666666,0.009257
qwen3_local,neutrality_oriented,cat4_adapted_002,4.1111,0.023909
qwen3_local,neutrality_oriented,cat4_adapted_003,4.4444333333333335,0.045953999999999995
qwen3_local,neutrality_oriented,cat4_adapted_004,4.1111,0.012879333333333335
qwen3_local,neutrality_oriented,cat4_adapted_005,4.8889,0.02229333333333333
qwen3_local,neutrality_oriented,cat4_orig_001,4.2222,0.05453933333333333
qwen3_local,neutrality_oriented,cat4_orig_002,3.555566666666667,0.018682333333333332
qwen3_local,neutrality_oriented,cat4_orig_003,4.2222,0.03322233333333333
qwen3_local,neutrality_oriented,cat4_orig_004,3.6667,0.015622333333333334
qwen3_local,neutrality_oriented,cat4_orig_005,4.444466666666666,0.036824
qwen3_local,neutrality_oriented,cat4_orig_006,4.333333333333333,0.017666333333333336
qwen3_local,neutrality_oriented,cat4_orig_007,4.222233333333333,0.006541333333333333
qwen3_local,neutrality_oriented,cat4_orig_008,4.4444333333333335,0.036782333333333334
qwen3_local,neutrality_oriented,cat4_orig_009,4.333366666666667,0.013737333333333336
qwen3_local,neutrality_oriented,cat4_orig_010,4.0,0.015428999999999998
qwen3_local,neutrality_oriented,cat4_real_001,4.6667,0.02624433333333333
qwen3_local,neutrality_oriented,cat4_real_002,4.333333333333333,0.021555
qwen3_local,neutrality_oriented,cat4_real_003,4.444466666666666,0.012598999999999999
qwen3_local,neutrality_oriented,cat4_real_004,4.6667,0.021757666666666665
qwen3_local,neutrality_oriented,cat4_real_005,4.333333333333333,0.032098999999999996
qwen3_local,neutrality_oriented,cat5_adapted_001,4.6667,0.010733
qwen3_local,neutrality_oriented,cat5_adapted_002,4.0,0.042640000000000004
qwen3_local,neutrality_oriented,cat5_adapted_003,4.333333333333333,0.009332333333333333
qwen3_local,neutrality_oriented,cat5_adapted_004,4.3333,0.018080333333333334
qwen3_local,neutrality_oriented,cat5_adapted_005,4.3333,0.010777666666666666
qwen3_local,neutrality_oriented,cat5_orig_001,3.8889,0.016502333333333334
qwen3_local,neutrality_oriented,cat5_orig_002,3.8889,0.008519333333333334
qwen3_local,neutrality_oriented,cat5_orig_003,4.222233333333333,0.007023666666666667
qwen3_local,neutrality_oriented,cat5_orig_004,4.4444333333333335,0.03225366666666667
qwen3_local,neutrality_oriented,cat5_orig_005,4.333333333333333,0.007626999999999999
qwen3_local,neutrality_oriented,cat5_orig_006,4.2222,0.016520333333333335
qwen3_local,neutrality_oriented,cat5_orig_007,4.333333333333333,0.009977333333333333
qwen3_local,neutrality_oriented,cat5_orig_008,4.5555666666666665,0.018127333333333332
qwen3_local,neutrality_oriented,cat5_orig_009,4.2222,0.021141999999999998
qwen3_local,neutrality_oriented,cat5_orig_010,4.0,0.05335399999999999
qwen3_local,neutrality_oriented,cat5_real_001,4.444466666666666,0.014280333333333332
qwen3_local,neutrality_oriented,cat5_real_002,4.333366666666667,0.006831
qwen3_local,neutrality_oriented,cat5_real_003,4.222233333333333,0.013396666666666668
qwen3_local,neutrality_oriented,cat5_real_004,2.2222,0.011023499999999999
qwen3_local,neutrality_oriented,cat5_real_005,4.4444333333333335,0.029882333333333334
qwen3_local,neutrality_oriented,cat6_adapted_001,4.444466666666666,0.019376
qwen3_local,neutrality_oriented,cat6_adapted_002,4.666666666666667,0.07254566666666666
qwen3_local,neutrality_oriented,cat6_adapted_003,3.3333333333333335,0.05503866666666666
qwen3_local,neutrality_oriented,cat6_adapted_004,4.4444333333333335,0.019789
qwen3_local,neutrality_oriented,cat6_adapted_005,4.666666666666667,0.04156133333333333
qwen3_local,neutrality_oriented,cat6_orig_001,3.7777999999999996,0.018156666666666668
qwen3_local,neutrality_oriented,cat6_orig_002,4.666666666666667,0.03737733333333334
qwen3_local,neutrality_oriented,cat6_orig_003,4.0,0.05522233333333334
qwen3_local,neutrality_oriented,cat6_orig_004,3.7777666666666665,0.023674333333333335
qwen3_local,neutrality_oriented,cat6_orig_005,4.5555666666666665,0.011751666666666667
qwen3_local,neutrality_oriented,cat6_orig_006,4.3333,0.008296333333333333
qwen3_local,neutrality_oriented,cat6_orig_007,4.4444333333333335,0.05646399999999999
qwen3_local,neutrality_oriented,cat6_orig_008,4.1111,0.032539
qwen3_local,neutrality_oriented,cat6_orig_009,4.1111,0.027876333333333333
qwen3_local,neutrality_oriented,cat6_orig_010,4.5555666666666665,0.02148833333333333
qwen3_local,neutrality_oriented,cat6_real_001,4.333333333333333,0.06140266666666667
qwen3_local,neutrality_oriented,cat6_real_002,4.0,0.012173333333333333
qwen3_local,neutrality_oriented,cat6_real_003,4.333333333333333,0.015441333333333335
qwen3_local,neutrality_oriented,cat6_real_004,4.0,0.08032033333333334
qwen3_local,neutrality_oriented,cat6_real_005,4.5555666666666665,0.028497333333333333
qwen3_local,neutrality_oriented,cat7_adapted_001,4.0,0.08252866666666667
qwen3_local,neutrality_oriented,cat7_adapted_002,4.4444333333333335,0.04022733333333333
qwen3_local,neutrality_oriented,cat7_adapted_003,4.6667,0.055811
qwen3_local,neutrality_oriented,cat7_adapted_004,4.5555666666666665,0.04099833333333333
qwen3_local,neutrality_oriented,cat7_adapted_005,4.777766666666667,0.068118
qwen3_local,neutrality_oriented,cat7_orig_001,4.5555666666666665,0.021398333333333335
qwen3_local,neutrality_oriented,cat7_orig_002,4.8889,0.10239433333333332
qwen3_local,neutrality_oriented,cat7_orig_003,4.7778,0.04219866666666666
qwen3_local,neutrality_oriented,cat7_orig_004,5.0,0.057217333333333335
qwen3_local,neutrality_oriented,cat7_orig_005,4.5555666666666665,0.03459433333333333
qwen3_local,neutrality_oriented,cat7_orig_006,4.7778,0.028428333333333333
qwen3_local,neutrality_oriented,cat7_orig_007,4.5555666666666665,0.03628233333333334
qwen3_local,neutrality_oriented,cat7_orig_008,4.666666666666667,0.05456
qwen3_local,neutrality_oriented,cat7_orig_009,4.4444333333333335,0.032917999999999996
qwen3_local,neutrality_oriented,cat7_orig_010,4.8889,0.036331333333333334
qwen3_local,neutrality_oriented,cat7_real_001,4.333333333333333,0.015500333333333333
qwen3_local,neutrality_oriented,cat7_real_002,4.8889,0.07686933333333333
qwen3_local,neutrality_oriented,cat7_real_003,4.2222333333333335,0.094244
qwen3_local,neutrality_oriented,cat7_real_004,4.1111,0.05450433333333333
qwen3_local,neutrality_oriented,cat7_real_005,4.5555666666666665,0.03512266666666666
qwen3_local,utility_first,cat1_adapted_001,3.6666666666666665,0.03432933333333333
qwen3_local,utility_first,cat1_adapted_002,3.2221999999999995,0.030154666666666673
qwen3_local,utility_first,cat1_adapted_003,3.6666666666666665,0.032080333333333336
qwen3_local,utility_first,cat1_adapted_004,3.1111,0.030727
qwen3_local,utility_first,cat1_adapted_005,3.3333,0.018171999999999997
qwen3_local,utility_first,cat1_orig_001,4.1111,0.011627666666666666
qwen3_local,utility_first,cat1_orig_002,3.444433333333333,0.07480366666666667
qwen3_local,utility_first,cat1_orig_003,3.555566666666667,0.014239333333333333
qwen3_local,utility_first,cat1_orig_004,3.8889,0.009423333333333334
qwen3_local,utility_first,cat1_orig_005,2.6666333333333334,0.02300066666666667
qwen3_local,utility_first,cat1_orig_006,3.0,0.016884666666666666
qwen3_local,utility_first,cat1_orig_007,2.999966666666667,0.035832333333333334
qwen3_local,utility_first,cat1_orig_008,2.8889,0.017149
qwen3_local,utility_first,cat1_orig_009,2.6666666666666665,0.014709666666666668
qwen3_local,utility_first,cat1_orig_010,3.1111,0.025253333333333332
qwen3_local,utility_first,cat1_real_001,3.444433333333333,0.05807433333333334
qwen3_local,utility_first,cat1_real_002,3.7778000000000005,0.057431
qwen3_local,utility_first,cat1_real_003,3.2222333333333335,0.08922400000000001
qwen3_local,utility_first,cat1_real_004,4.1111,0.02871866666666667
qwen3_local,utility_first,cat1_real_005,3.3333333333333335,0.03022766666666667
qwen3_local,utility_first,cat2_adapted_001,3.7777666666666665,0.049338
qwen3_local,utility_first,cat2_adapted_002,4.0,0.05118466666666666
qwen3_local,utility_first,cat2_adapted_003,3.7777666666666665,0.046648
qwen3_local,utility_first,cat2_adapted_004,4.333333333333333,0.016094333333333335
qwen3_local,utility_first,cat2_adapted_005,3.3333333333333335,0.038101666666666666
qwen3_local,utility_first,cat2_orig_001,3.7777666666666665,0.022230666666666666
qwen3_local,utility_first,cat2_orig_002,3.444433333333333,0.02792533333333333
qwen3_local,utility_first,cat2_orig_003,4.0,0.031516999999999996
qwen3_local,utility_first,cat2_orig_004,4.2222,0.01756
qwen3_local,utility_first,cat2_orig_005,4.3333,0.044161
qwen3_local,utility_first,cat2_orig_006,4.2222,0.06638733333333334
qwen3_local,utility_first,cat2_orig_007,4.4444333333333335,0.027424
qwen3_local,utility_first,cat2_orig_008,3.444433333333333,0.008769
qwen3_local,utility_first,cat2_orig_009,4.555533333333334,0.03707
qwen3_local,utility_first,cat2_orig_010,4.0,0.08656900000000001
qwen3_local,utility_first,cat2_real_001,4.1111,0.04875533333333334
qwen3_local,utility_first,cat2_real_002,3.6666666666666665,0.019019666666666667
qwen3_local,utility_first,cat2_real_003,3.555566666666667,0.014686
qwen3_local,utility_first,cat2_real_004,4.4444333333333335,0.049606333333333336
qwen3_local,utility_first,cat2_real_005,4.333333333333333,0.009662333333333334
qwen3_local,utility_first,cat3_adapted_001,3.1111,0.017758
qwen3_local,utility_first,cat3_adapted_002,3.444433333333333,0.013036333333333332
qwen3_local,utility_first,cat3_adapted_003,3.444433333333333,0.016635666666666667
qwen3_local,utility_first,cat3_adapted_004,3.1111,0.030196333333333335
qwen3_local,utility_first,cat3_adapted_005,2.7778000000000005,0.015424
qwen3_local,utility_first,cat3_orig_001,2.555566666666667,0.03758566666666666
qwen3_local,utility_first,cat3_orig_002,2.7777666666666665,0.03624233333333333
qwen3_local,utility_first,cat3_orig_003,3.3333,0.04842433333333334
qwen3_local,utility_first,cat3_orig_004,3.7777666666666665,0.02895233333333333
qwen3_local,utility_first,cat3_orig_005,3.3333333333333335,0.008710333333333334
qwen3_local,utility_first,cat3_orig_006,3.555533333333333,0.029977000000000004
qwen3_local,utility_first,cat3_orig_007,2.3333,0.03749466666666667
qwen3_local,utility_first,cat3_orig_008,3.555566666666667,0.009533333333333333
qwen3_local,utility_first,cat3_orig_009,2.444433333333333,0.02669266666666667
qwen3_local,utility_first,cat3_orig_010,3.3333333333333335,0.040313999999999996
qwen3_local,utility_first,cat3_real_001,3.0,0.019917
qwen3_local,utility_first,cat3_real_002,3.444433333333333,0.02196366666666667
qwen3_local,utility_first,cat3_real_003,3.1111,0.018391
qwen3_local,utility_first,cat3_real_004,3.444433333333333,0.013901666666666666
qwen3_local,utility_first,cat3_real_005,3.3333333333333335,0.058285
qwen3_local,utility_first,cat4_adapted_001,3.7778000000000005,0.010724333333333334
qwen3_local,utility_first,cat4_adapted_002,4.444466666666666,0.025493666666666668
qwen3_local,utility_first,cat4_adapted_003,3.8889,0.05119566666666667
qwen3_local,utility_first,cat4_adapted_004,3.777766666666667,0.013269999999999999
qwen3_local,utility_first,cat4_adapted_005,4.444466666666666,0.035248666666666664
qwen3_local,utility_first,cat4_orig_001,3.555566666666667,0.050615
qwen3_local,utility_first,cat4_orig_002,3.3333666666666666,0.012353333333333332
qwen3_local,utility_first,cat4_orig_003,3.2222333333333335,0.03859866666666667
qwen3_local,utility_first,cat4_orig_004,3.1111,0.021846666666666667
qwen3_local,utility_first,cat4_orig_005,4.0,0.018069333333333337
qwen3_local,utility_first,cat4_orig_006,3.444433333333333,0.012651333333333334
qwen3_local,utility_first,cat4_orig_007,3.1111,0.010518
qwen3_local,utility_first,cat4_orig_008,4.5555666666666665,0.007764
qwen3_local,utility_first,cat4_orig_009,4.0000333333333336,0.00269
qwen3_local,utility_first,cat4_orig_010,3.7777666666666665,0.028169
qwen3_local,utility_first,cat4_real_001,5.0,0.009558666666666668
qwen3_local,utility_first,cat4_real_002,4.333366666666667,0.016221000000000003
qwen3_local,utility_first,cat4_real_003,4.0,0.018799666666666666
qwen3_local,utility_first,cat4_real_004,4.0,0.02091866666666667
qwen3_local,utility_first,cat4_real_005,4.1111,0.022383333333333335
qwen3_local,utility_first,cat5_adapted_001,3.1111333333333335,0.021303
qwen3_local,utility_first,cat5_adapted_002,4.1111,0.029844333333333334
qwen3_local,utility_first,cat5_adapted_003,3.555533333333333,0.007097666666666666
qwen3_local,utility_first,cat5_adapted_004,3.444433333333333,0.027564666666666664
qwen3_local,utility_first,cat5_adapted_005,4.0,0.004171
qwen3_local,utility_first,cat5_orig_001,2.8889,0.034629
qwen3_local,utility_first,cat5_orig_002,3.2222333333333335,0.038012333333333335
qwen3_local,utility_first,cat5_orig_003,3.7777666666666665,0.010994666666666666
qwen3_local,utility_first,cat5_orig_004,4.5555666666666665,0.01911833333333333
qwen3_local,utility_first,cat5_orig_005,3.7777666666666665,0.011093666666666667
qwen3_local,utility_first,cat5_orig_006,3.777766666666667,0.010202000000000001
qwen3_local,utility_first,cat5_orig_007,3.3333,0.012365333333333334
qwen3_local,utility_first,cat5_orig_008,4.111133333333333,0.01999966666666667
qwen3_local,utility_first,cat5_orig_009,3.6667,0.049769
qwen3_local,utility_first,cat5_orig_010,3.6666666666666665,0.065896
qwen3_local,utility_first,cat5_real_001,3.1111,0.04490633333333333
qwen3_local,utility_first,cat5_real_002,4.444466666666666,0.037121666666666664
qwen3_local,utility_first,cat5_real_003,3.2221999999999995,0.030854000000000003
qwen3_local,utility_first,cat5_real_004,1.8889000000000002,0.06497700000000001
qwen3_local,utility_first,cat5_real_005,2.444433333333333,0.026759666666666668
qwen3_local,utility_first,cat6_adapted_001,3.6666666666666665,0.017791666666666667
qwen3_local,utility_first,cat6_adapted_002,3.555566666666667,0.020458999999999998
qwen3_local,utility_first,cat6_adapted_003,2.3333333333333335,0.021398333333333335
qwen3_local,utility_first,cat6_adapted_004,3.999966666666667,0.03489333333333333
qwen3_local,utility_first,cat6_adapted_005,4.0,0.043489
qwen3_local,utility_first,cat6_orig_001,3.444433333333333,0.038903
qwen3_local,utility_first,cat6_orig_002,3.3333,0.03736866666666667
qwen3_local,utility_first,cat6_orig_003,3.3333333333333335,0.02566766666666667
qwen3_local,utility_first,cat6_orig_004,3.8889,0.04200466666666667
qwen3_local,utility_first,cat6_orig_005,3.1111,0.029467000000000004
qwen3_local,utility_first,cat6_orig_006,3.2221999999999995,0.019482666666666665
qwen3_local,utility_first,cat6_orig_007,3.8888666666666665,0.043347000000000004
qwen3_local,utility_first,cat6_orig_008,3.444466666666667,0.007606333333333333
qwen3_local,utility_first,cat6_orig_009,3.3333333333333335,0.033334666666666665
qwen3_local,utility_first,cat6_orig_010,3.555566666666667,0.053822
qwen3_local,utility_first,cat6_real_001,3.6666666666666665,0.07695433333333333
qwen3_local,utility_first,cat6_real_002,2.5555333333333334,0.021157333333333334
qwen3_local,utility_first,cat6_real_003,4.3333,0.05874066666666666
qwen3_local,utility_first,cat6_real_004,3.2221999999999995,0.035713
qwen3_local,utility_first,cat6_real_005,3.7777666666666665,0.014084
qwen3_local,utility_first,cat7_adapted_001,3.0,0.06698633333333333
qwen3_local,utility_first,cat7_adapted_002,3.444466666666667,0.044207666666666666
qwen3_local,utility_first,cat7_adapted_003,3.2221999999999995,0.061134666666666664
qwen3_local,utility_first,cat7_adapted_004,3.2221999999999995,0.090437
qwen3_local,utility_first,cat7_adapted_005,3.444433333333333,0.037456333333333335
qwen3_local,utility_first,cat7_orig_001,3.555533333333333,0.049422
qwen3_local,utility_first,cat7_orig_002,3.1111,0.08757633333333333
qwen3_local,utility_first,cat7_orig_003,3.3333333333333335,0.022031
qwen3_local,utility_first,cat7_orig_004,2.7778000000000005,0.087312
qwen3_local,utility_first,cat7_orig_005,3.1111,0.08824733333333333
qwen3_local,utility_first,cat7_orig_006,3.2221999999999995,0.03270233333333333
qwen3_local,utility_first,cat7_orig_007,3.3333333333333335,0.053879666666666666
qwen3_local,utility_first,cat7_orig_008,2.2222,0.007643333333333333
qwen3_local,utility_first,cat7_orig_009,2.8889,0.058373
qwen3_local,utility_first,cat7_orig_010,2.8889,0.12144466666666666
qwen3_local,utility_first,cat7_real_001,3.3333333333333335,0.10425566666666668
qwen3_local,utility_first,cat7_real_002,4.0,0.06558333333333334
qwen3_local,utility_first,cat7_real_003,2.7778000000000005,0.09160366666666668
qwen3_local,utility_first,cat7_real_004,3.6667,0.08063933333333333
qwen3_local,utility_first,cat7_real_005,3.1111,0.04735266666666666
qwen3_local,vanilla,cat1_adapted_001,4.2222,0.039263
qwen3_local,vanilla,cat1_adapted_002,4.3333,0.05933833333333333
qwen3_local,vanilla,cat1_adapted_003,4.3333,0.04096266666666667
qwen3_local,vanilla,cat1_adapted_004,3.2222333333333335,0.039282000000000004
qwen3_local,vanilla,cat1_adapted_005,4.5555666666666665,0.025801333333333332
qwen3_local,vanilla,cat1_orig_001,4.444466666666666,0.010604999999999998
qwen3_local,vanilla,cat1_orig_002,4.1111,0.019553333333333336
qwen3_local,vanilla,cat1_orig_003,4.6667,0.005319666666666667
qwen3_local,vanilla,cat1_orig_004,4.5555666666666665,0.02649233333333333
qwen3_local,vanilla,cat1_orig_005,4.4444333333333335,0.038925666666666664
qwen3_local,vanilla,cat1_orig_006,4.666666666666667,0.010274
qwen3_local,vanilla,cat1_orig_007,4.5555666666666665,0.026747333333333335
qwen3_local,vanilla,cat1_orig_008,4.3333,0.021992
qwen3_local,vanilla,cat1_orig_009,4.4444333333333335,0.024952666666666668
qwen3_local,vanilla,cat1_orig_010,4.1111,0.025664000000000003
qwen3_local,vanilla,cat1_real_001,4.8889,0.015693
qwen3_local,vanilla,cat1_real_002,4.0,0.01907
qwen3_local,vanilla,cat1_real_003,4.5555666666666665,0.097524
qwen3_local,vanilla,cat1_real_004,4.3333,0.032301
qwen3_local,vanilla,cat1_real_005,4.7778,0.028031333333333335
qwen3_local,vanilla,cat2_adapted_001,3.8889,0.030647999999999998
qwen3_local,vanilla,cat2_adapted_002,4.2222,0.015387
qwen3_local,vanilla,cat2_adapted_003,3.8889,0.046308999999999996
qwen3_local,vanilla,cat2_adapted_004,4.1111,0.016064000000000002
qwen3_local,vanilla,cat2_adapted_005,4.5555666666666665,0.024073333333333335
qwen3_local,vanilla,cat2_orig_001,3.8889,0.011570666666666667
qwen3_local,vanilla,cat2_orig_002,3.8889,0.015121666666666667
qwen3_local,vanilla,cat2_orig_003,3.555566666666667,0.031424
qwen3_local,vanilla,cat2_orig_004,4.4444333333333335,0.014906
qwen3_local,vanilla,cat2_orig_005,3.8889,0.019052333333333334
qwen3_local,vanilla,cat2_orig_006,3.6667,0.03845866666666667
qwen3_local,vanilla,cat2_orig_007,4.4444333333333335,0.076891
qwen3_local,vanilla,cat2_orig_008,4.0,0.015927666666666666
qwen3_local,vanilla,cat2_orig_009,4.6667,0.018507
qwen3_local,vanilla,cat2_orig_010,3.8889,0.05456333333333333
qwen3_local,vanilla,cat2_real_001,3.6666666666666665,0.022873
qwen3_local,vanilla,cat2_real_002,4.5555666666666665,0.039060000000000004
qwen3_local,vanilla,cat2_real_003,4.1111,0.010679666666666665
qwen3_local,vanilla,cat2_real_004,4.4444333333333335,0.045952
qwen3_local,vanilla,cat2_real_005,4.666666666666667,0.008691333333333334
qwen3_local,vanilla,cat3_adapted_001,4.222233333333333,0.009826333333333333
qwen3_local,vanilla,cat3_adapted_002,4.5555666666666665,0.021883
qwen3_local,vanilla,cat3_adapted_003,4.333333333333333,0.014758666666666668
qwen3_local,vanilla,cat3_adapted_004,4.3333,0.054906666666666666
qwen3_local,vanilla,cat3_adapted_005,4.4444333333333335,0.019637666666666668
qwen3_local,vanilla,cat3_orig_001,4.444466666666666,0.02912466666666667
qwen3_local,vanilla,cat3_orig_002,4.1111,0.022603333333333333
qwen3_local,vanilla,cat3_orig_003,4.333333333333333,0.027084
qwen3_local,vanilla,cat3_orig_004,4.444466666666666,0.03486
qwen3_local,vanilla,cat3_orig_005,4.222233333333333,0.008359666666666666
qwen3_local,vanilla,cat3_orig_006,4.5555666666666665,0.030643666666666666
qwen3_local,vanilla,cat3_orig_007,3.8889,0.062211333333333334
qwen3_local,vanilla,cat3_orig_008,4.444466666666666,0.021640333333333334
qwen3_local,vanilla,cat3_orig_009,4.1111,0.018984
qwen3_local,vanilla,cat3_orig_010,4.4444333333333335,0.023386666666666667
qwen3_local,vanilla,cat3_real_001,4.6667,0.023579666666666665
qwen3_local,vanilla,cat3_real_002,4.5555666666666665,0.007900333333333334
qwen3_local,vanilla,cat3_real_003,4.5555666666666665,0.014388666666666668
qwen3_local,vanilla,cat3_real_004,4.3333,0.006432666666666667
qwen3_local,vanilla,cat3_real_005,4.6667,0.010529666666666666
qwen3_local,vanilla,cat4_adapted_001,4.0,0.008367
qwen3_local,vanilla,cat4_adapted_002,4.0,0.02712666666666667
qwen3_local,vanilla,cat4_adapted_003,4.444466666666666,0.03018866666666667
qwen3_local,vanilla,cat4_adapted_004,3.8889,0.012871333333333334
qwen3_local,vanilla,cat4_adapted_005,4.555533333333334,0.032383666666666665
qwen3_local,vanilla,cat4_orig_001,4.444466666666666,0.04709666666666667
qwen3_local,vanilla,cat4_orig_002,3.555533333333333,0.022958333333333334
qwen3_local,vanilla,cat4_orig_003,4.2222,0.035084
qwen3_local,vanilla,cat4_orig_004,3.7778000000000005,0.016001333333333333
qwen3_local,vanilla,cat4_orig_005,4.444466666666666,0.02174
qwen3_local,vanilla,cat4_orig_006,4.333333333333333,0.024606
qwen3_local,vanilla,cat4_orig_007,4.0,0.011661666666666667
qwen3_local,vanilla,cat4_orig_008,4.6667,0.04447633333333333
qwen3_local,vanilla,cat4_orig_009,4.7778,0.020035333333333332
qwen3_local,vanilla,cat4_orig_010,4.666666666666667,0.009910666666666667
qwen3_local,vanilla,cat4_real_001,5.0,0.017055666666666667
qwen3_local,vanilla,cat4_real_002,4.666666666666667,0.05434466666666667
qwen3_local,vanilla,cat4_real_003,4.6667,0.0008976666666666667
qwen3_local,vanilla,cat4_real_004,4.8889,0.034288000000000006
qwen3_local,vanilla,cat4_real_005,4.6667,0.033408
qwen3_local,vanilla,cat5_adapted_001,4.4444333333333335,0.031530666666666665
qwen3_local,vanilla,cat5_adapted_002,4.333333333333333,0.026717333333333333
qwen3_local,vanilla,cat5_adapted_003,4.2222,0.007553666666666667
qwen3_local,vanilla,cat5_adapted_004,4.1110999999999995,0.015256
qwen3_local,vanilla,cat5_adapted_005,4.666666666666667,0.015430333333333332
qwen3_local,vanilla,cat5_orig_001,3.555566666666667,0.015585000000000002
qwen3_local,vanilla,cat5_orig_002,4.222233333333333,0.011343
qwen3_local,vanilla,cat5_orig_003,4.333333333333333,0.013290666666666666
qwen3_local,vanilla,cat5_orig_004,4.7778,0.027012666666666667
qwen3_local,vanilla,cat5_orig_005,4.0,0.008545333333333334
qwen3_local,vanilla,cat5_orig_006,4.0,0.015050000000000001
qwen3_local,vanilla,cat5_orig_007,3.7777666666666665,0.016433
qwen3_local,vanilla,cat5_orig_008,4.8889,0.026828666666666667
qwen3_local,vanilla,cat5_orig_009,3.8889,0.014374333333333334
qwen3_local,vanilla,cat5_orig_010,4.1110999999999995,0.08008833333333333
qwen3_local,vanilla,cat5_real_001,4.222233333333333,0.03280433333333333
qwen3_local,vanilla,cat5_real_002,4.444466666666666,0.020515000000000002
qwen3_local,vanilla,cat5_real_003,4.1111,0.014302
qwen3_local,vanilla,cat5_real_004,1.5555333333333332,0.054474
qwen3_local,vanilla,cat5_real_005,4.0,0.04523766666666667
qwen3_local,vanilla,cat6_adapted_001,3.888866666666667,0.021732
qwen3_local,vanilla,cat6_adapted_002,3.888866666666667,0.018047333333333332
qwen3_local,vanilla,cat6_adapted_003,3.000033333333333,0.03601633333333333
qwen3_local,vanilla,cat6_adapted_004,4.1110999999999995,0.020053333333333333
qwen3_local,vanilla,cat6_adapted_005,3.6666666666666665,0.05812266666666668
qwen3_local,vanilla,cat6_orig_001,3.6666666666666665,0.009429666666666666
qwen3_local,vanilla,cat6_orig_002,3.6667,0.024493666666666667
qwen3_local,vanilla,cat6_orig_003,3.6667,0.06620666666666668
qwen3_local,vanilla,cat6_orig_004,3.8889,0.056348
qwen3_local,vanilla,cat6_orig_005,4.111133333333333,0.020143666666666667
qwen3_local,vanilla,cat6_orig_006,3.444466666666667,0.009698666666666668
qwen3_local,vanilla,cat6_orig_007,4.777766666666667,0.045685333333333335
qwen3_local,vanilla,cat6_orig_008,3.444433333333334,0.031403999999999994
qwen3_local,vanilla,cat6_orig_009,3.6667,0.024619666666666668
qwen3_local,vanilla,cat6_orig_010,3.8889,0.038524666666666665
qwen3_local,vanilla,cat6_real_001,4.5555666666666665,0.046216
qwen3_local,vanilla,cat6_real_002,3.777766666666667,0.021885
qwen3_local,vanilla,cat6_real_003,4.1111,0.074519
qwen3_local,vanilla,cat6_real_004,4.1111,0.038954666666666665
qwen3_local,vanilla,cat6_real_005,4.1111,0.013928333333333334
qwen3_local,vanilla,cat7_adapted_001,4.1111,0.09363666666666666
qwen3_local,vanilla,cat7_adapted_002,4.5555666666666665,0.024195666666666667
qwen3_local,vanilla,cat7_adapted_003,4.2222333333333335,0.129248
qwen3_local,vanilla,cat7_adapted_004,4.2222333333333335,0.021116333333333334
qwen3_local,vanilla,cat7_adapted_005,4.5555666666666665,0.077596
qwen3_local,vanilla,cat7_orig_001,4.111133333333333,0.05654866666666667
qwen3_local,vanilla,cat7_orig_002,4.6667,0.11414200000000001
qwen3_local,vanilla,cat7_orig_003,4.111133333333334,0.019562666666666666
qwen3_local,vanilla,cat7_orig_004,4.4444333333333335,0.06994766666666667
qwen3_local,vanilla,cat7_orig_005,4.6667,0.039058333333333334
qwen3_local,vanilla,cat7_orig_006,4.5555666666666665,0.013256333333333334
qwen3_local,vanilla,cat7_orig_007,4.2222333333333335,0.04841500000000001
qwen3_local,vanilla,cat7_orig_008,3.8889,0.068079
qwen3_local,vanilla,cat7_orig_009,4.0,0.04264866666666667
qwen3_local,vanilla,cat7_orig_010,4.2222,0.05454766666666667
qwen3_local,vanilla,cat7_real_001,4.3333,0.021494
qwen3_local,vanilla,cat7_real_002,4.2222,0.06732266666666666
qwen3_local,vanilla,cat7_real_003,4.4444333333333335,0.072618
qwen3_local,vanilla,cat7_real_004,3.6666666666666665,0.042556666666666666
qwen3_local,vanilla,cat7_real_005,3.8889,0.05366766666666667
